date,bitcoin_close
2023-06-04 16:00:00+00:00,27218.0
2023-06-04 17:00:00+00:00,27259.0
2023-06-04 18:00:00+00:00,27242.0
2023-06-04 19:00:00+00:00,27190.0
2023-06-04 20:00:00+00:00,27181.0
2023-06-04 21:00:00+00:00,27188.0
2023-06-04 22:00:00+00:00,27203.0
2023-06-04 23:00:00+00:00,27223.0
2023-06-05 00:00:00+00:00,27252.0
2023-06-05 01:00:00+00:00,27204.0
2023-06-05 02:00:00+00:00,27237.0
2023-06-05 03:00:00+00:00,27125.0
2023-06-05 04:00:00+00:00,27033.0
2023-06-05 05:00:00+00:00,27060.0
2023-06-05 06:00:00+00:00,26936.0
2023-06-05 07:00:00+00:00,26853.0
2023-06-05 08:00:00+00:00,26847.0
2023-06-05 09:00:00+00:00,26826.0
2023-06-05 10:00:00+00:00,26777.0
2023-06-05 11:00:00+00:00,26844.0
2023-06-05 12:00:00+00:00,26813.0
2023-06-05 13:00:00+00:00,26782.0
2023-06-05 14:00:00+00:00,26726.0
2023-06-05 15:00:00+00:00,26777.0
2023-06-05 16:00:00+00:00,26689.0
2023-06-05 17:00:00+00:00,26733.0
2023-06-05 18:00:00+00:00,26808.0
2023-06-05 19:00:00+00:00,25999.0
2023-06-05 20:00:00+00:00,25813.0
2023-06-05 21:00:00+00:00,25763.0
2023-06-05 22:00:00+00:00,25571.0
2023-06-05 23:00:00+00:00,25625.0
2023-06-06 00:00:00+00:00,25644.0
2023-06-06 01:00:00+00:00,25667.0
2023-06-06 02:00:00+00:00,25719.0
2023-06-06 03:00:00+00:00,25739.0
2023-06-06 04:00:00+00:00,25703.0
2023-06-06 05:00:00+00:00,25648.0
2023-06-06 06:00:00+00:00,25774.0
2023-06-06 07:00:00+00:00,25734.0
2023-06-06 08:00:00+00:00,25805.0
2023-06-06 09:00:00+00:00,25782.0
2023-06-06 10:00:00+00:00,25782.0
2023-06-06 11:00:00+00:00,25739.0
2023-06-06 12:00:00+00:00,25725.0
2023-06-06 13:00:00+00:00,25759.0
2023-06-06 14:00:00+00:00,25753.0
2023-06-06 15:00:00+00:00,25694.0
2023-06-06 16:00:00+00:00,25543.0
2023-06-06 17:00:00+00:00,25744.0
2023-06-06 18:00:00+00:00,26031.0
2023-06-06 19:00:00+00:00,26074.0
2023-06-06 20:00:00+00:00,26368.0
2023-06-06 21:00:00+00:00,26670.0
2023-06-06 22:00:00+00:00,26713.0
2023-06-06 23:00:00+00:00,27099.0
2023-06-07 00:00:00+00:00,26955.0
2023-06-07 01:00:00+00:00,27058.0
2023-06-07 02:00:00+00:00,27165.0
2023-06-07 03:00:00+00:00,27236.0
2023-06-07 04:00:00+00:00,27199.0
2023-06-07 05:00:00+00:00,27093.0
2023-06-07 06:00:00+00:00,26946.0
2023-06-07 07:00:00+00:00,26904.0
2023-06-07 08:00:00+00:00,26946.0
2023-06-07 09:00:00+00:00,26925.0
2023-06-07 10:00:00+00:00,26838.0
2023-06-07 11:00:00+00:00,26795.0
2023-06-07 12:00:00+00:00,26827.0
2023-06-07 13:00:00+00:00,26511.0
2023-06-07 14:00:00+00:00,26609.0
2023-06-07 15:00:00+00:00,26898.0
2023-06-07 16:00:00+00:00,26814.0
2023-06-07 17:00:00+00:00,26825.0
2023-06-07 18:00:00+00:00,26455.0
2023-06-07 19:00:00+00:00,26346.0
2023-06-07 20:00:00+00:00,26333.0
2023-06-07 21:00:00+00:00,26519.0
2023-06-07 22:00:00+00:00,26468.0
2023-06-07 23:00:00+00:00,26474.0
2023-06-08 00:00:00+00:00,26361.0
2023-06-08 01:00:00+00:00,26153.0
2023-06-08 02:00:00+00:00,26279.0
2023-06-08 03:00:00+00:00,26348.0
2023-06-08 04:00:00+00:00,26394.0
2023-06-08 05:00:00+00:00,26447.0
2023-06-08 06:00:00+00:00,26392.0
2023-06-08 07:00:00+00:00,26348.0
2023-06-08 08:00:00+00:00,26401.0
2023-06-08 09:00:00+00:00,26380.0
2023-06-08 10:00:00+00:00,26427.0
2023-06-08 11:00:00+00:00,26444.0
2023-06-08 12:00:00+00:00,26448.0
2023-06-08 13:00:00+00:00,26387.0
2023-06-08 14:00:00+00:00,26483.0
2023-06-08 15:00:00+00:00,26438.0
2023-06-08 16:00:00+00:00,26472.0
2023-06-08 17:00:00+00:00,26406.0
2023-06-08 18:00:00+00:00,26648.0
2023-06-08 19:00:00+00:00,26729.0
2023-06-08 20:00:00+00:00,26509.0
2023-06-08 21:00:00+00:00,26491.0
2023-06-08 22:00:00+00:00,26553.0
2023-06-08 23:00:00+00:00,26546.0
2023-06-09 00:00:00+00:00,26643.0
2023-06-09 01:00:00+00:00,26577.0
2023-06-09 02:00:00+00:00,26554.0
2023-06-09 03:00:00+00:00,26510.0
2023-06-09 04:00:00+00:00,26467.0
2023-06-09 05:00:00+00:00,26511.0
2023-06-09 06:00:00+00:00,26468.0
2023-06-09 07:00:00+00:00,26492.0
2023-06-09 08:00:00+00:00,26494.0
2023-06-09 09:00:00+00:00,26505.0
2023-06-09 10:00:00+00:00,26493.0
2023-06-09 11:00:00+00:00,26502.0
2023-06-09 12:00:00+00:00,26647.0
2023-06-09 13:00:00+00:00,26646.0
2023-06-09 14:00:00+00:00,26639.0
2023-06-09 15:00:00+00:00,26615.0
2023-06-09 16:00:00+00:00,26675.0
2023-06-09 17:00:00+00:00,26650.0
2023-06-09 18:00:00+00:00,26585.0
2023-06-09 19:00:00+00:00,26473.0
2023-06-09 20:00:00+00:00,26474.0
2023-06-09 21:00:00+00:00,26498.0
2023-06-09 22:00:00+00:00,26453.0
2023-06-09 23:00:00+00:00,26405.0
2023-06-10 00:00:00+00:00,26443.0
2023-06-10 01:00:00+00:00,26476.0
2023-06-10 02:00:00+00:00,26495.0
2023-06-10 03:00:00+00:00,26484.0
2023-06-10 04:00:00+00:00,26463.0
2023-06-10 05:00:00+00:00,26394.0
2023-06-10 06:00:00+00:00,26332.0
2023-06-10 07:00:00+00:00,26325.0
2023-06-10 08:00:00+00:00,25783.0
2023-06-10 09:00:00+00:00,25511.0
2023-06-10 10:00:00+00:00,25557.0
2023-06-10 11:00:00+00:00,25662.0
2023-06-10 12:00:00+00:00,25690.0
2023-06-10 13:00:00+00:00,25669.0
2023-06-10 14:00:00+00:00,25712.0
2023-06-10 15:00:00+00:00,25749.0
2023-06-10 16:00:00+00:00,25632.0
2023-06-10 17:00:00+00:00,25678.0
2023-06-10 18:00:00+00:00,25682.0
2023-06-10 19:00:00+00:00,25647.0
2023-06-10 20:00:00+00:00,25600.0
2023-06-10 21:00:00+00:00,26028.0
2023-06-10 22:00:00+00:00,25580.0
2023-06-10 23:00:00+00:00,25761.0
2023-06-11 00:00:00+00:00,25766.0
2023-06-11 01:00:00+00:00,25783.0
2023-06-11 02:00:00+00:00,25892.0
2023-06-11 03:00:00+00:00,25857.0
2023-06-11 04:00:00+00:00,25768.0
2023-06-11 05:00:00+00:00,25843.0
2023-06-11 06:00:00+00:00,25783.0
2023-06-11 07:00:00+00:00,25745.0
2023-06-11 08:00:00+00:00,25747.0
2023-06-11 09:00:00+00:00,25838.0
2023-06-11 10:00:00+00:00,25803.0
2023-06-11 11:00:00+00:00,25753.0
2023-06-11 12:00:00+00:00,25752.0
2023-06-11 13:00:00+00:00,25722.0
2023-06-11 14:00:00+00:00,25791.0
2023-06-11 15:00:00+00:00,25815.0
2023-06-11 16:00:00+00:00,25764.0
2023-06-11 17:00:00+00:00,25727.0
2023-06-11 18:00:00+00:00,25764.0
2023-06-11 19:00:00+00:00,25770.0
2023-06-11 20:00:00+00:00,25873.0
2023-06-11 21:00:00+00:00,25952.0
2023-06-11 22:00:00+00:00,25988.0
2023-06-11 23:00:00+00:00,26046.0
2023-06-12 00:00:00+00:00,26139.0
2023-06-12 01:00:00+00:00,26060.0
2023-06-12 02:00:00+00:00,25899.0
2023-06-12 03:00:00+00:00,25941.0
2023-06-12 04:00:00+00:00,25979.0
2023-06-12 05:00:00+00:00,25949.0
2023-06-12 06:00:00+00:00,25795.0
2023-06-12 07:00:00+00:00,25800.0
2023-06-12 08:00:00+00:00,25819.0
2023-06-12 09:00:00+00:00,25781.0
2023-06-12 10:00:00+00:00,25857.0
2023-06-12 11:00:00+00:00,25816.0
2023-06-12 12:00:00+00:00,25947.0
2023-06-12 13:00:00+00:00,25975.0
2023-06-12 14:00:00+00:00,25974.0
2023-06-12 15:00:00+00:00,25997.0
2023-06-12 16:00:00+00:00,25936.0
2023-06-12 17:00:00+00:00,25797.0
2023-06-12 18:00:00+00:00,25844.0
2023-06-12 19:00:00+00:00,25826.0
2023-06-12 20:00:00+00:00,25827.0
2023-06-12 21:00:00+00:00,25807.0
2023-06-12 22:00:00+00:00,25832.0
2023-06-12 23:00:00+00:00,25821.0
2023-06-13 00:00:00+00:00,25895.0
2023-06-13 01:00:00+00:00,25928.0
2023-06-13 02:00:00+00:00,25931.0
2023-06-13 03:00:00+00:00,25906.0
2023-06-13 04:00:00+00:00,25867.0
2023-06-13 05:00:00+00:00,25975.0
2023-06-13 06:00:00+00:00,26118.0
2023-06-13 07:00:00+00:00,26055.0
2023-06-13 08:00:00+00:00,26055.0
2023-06-13 09:00:00+00:00,26080.0
2023-06-13 10:00:00+00:00,26083.0
2023-06-13 11:00:00+00:00,26073.0
2023-06-13 12:00:00+00:00,26179.0
2023-06-13 13:00:00+00:00,26148.0
2023-06-13 14:00:00+00:00,26163.0
2023-06-13 15:00:00+00:00,26193.0
2023-06-13 16:00:00+00:00,26086.0
2023-06-13 17:00:00+00:00,26040.0
2023-06-13 18:00:00+00:00,25978.0
2023-06-13 19:00:00+00:00,25753.0
2023-06-13 20:00:00+00:00,25855.0
2023-06-13 21:00:00+00:00,25818.0
2023-06-13 22:00:00+00:00,25892.0
2023-06-13 23:00:00+00:00,25896.0
2023-06-14 00:00:00+00:00,25849.0
2023-06-14 01:00:00+00:00,25857.0
2023-06-14 02:00:00+00:00,25837.0
2023-06-14 03:00:00+00:00,25934.0
2023-06-14 04:00:00+00:00,25982.0
2023-06-14 05:00:00+00:00,26036.0
2023-06-14 06:00:00+00:00,26025.0
2023-06-14 07:00:00+00:00,25977.0
2023-06-14 08:00:00+00:00,25980.0
2023-06-14 09:00:00+00:00,25845.0
2023-06-14 10:00:00+00:00,25895.0
2023-06-14 11:00:00+00:00,25900.0
2023-06-14 12:00:00+00:00,25925.0
2023-06-14 13:00:00+00:00,25980.0
2023-06-14 14:00:00+00:00,25957.0
2023-06-14 15:00:00+00:00,25979.0
2023-06-14 16:00:00+00:00,26022.0
2023-06-14 17:00:00+00:00,25978.0
2023-06-14 18:00:00+00:00,26001.0
2023-06-14 19:00:00+00:00,25981.0
2023-06-14 20:00:00+00:00,25963.0
2023-06-14 21:00:00+00:00,25984.0
2023-06-14 22:00:00+00:00,25913.0
2023-06-14 23:00:00+00:00,25871.0
2023-06-15 00:00:00+00:00,24933.0
2023-06-15 01:00:00+00:00,25122.0
2023-06-15 02:00:00+00:00,25035.0
2023-06-15 03:00:00+00:00,25127.0
2023-06-15 04:00:00+00:00,25199.0
2023-06-15 05:00:00+00:00,25061.0
2023-06-15 06:00:00+00:00,25080.0
2023-06-15 07:00:00+00:00,25053.0
2023-06-15 08:00:00+00:00,25011.0
2023-06-15 09:00:00+00:00,24981.0
2023-06-15 10:00:00+00:00,24858.0
2023-06-15 11:00:00+00:00,24919.0
2023-06-15 12:00:00+00:00,24870.0
2023-06-15 13:00:00+00:00,24882.0
2023-06-15 14:00:00+00:00,24871.0
2023-06-15 15:00:00+00:00,24968.0
2023-06-15 16:00:00+00:00,24890.0
2023-06-15 17:00:00+00:00,24999.0
2023-06-15 18:00:00+00:00,24977.0
2023-06-15 19:00:00+00:00,24929.0
2023-06-15 20:00:00+00:00,24973.0
2023-06-15 21:00:00+00:00,25118.0
2023-06-15 22:00:00+00:00,25364.0
2023-06-15 23:00:00+00:00,25439.0
2023-06-16 00:00:00+00:00,25559.0
2023-06-16 01:00:00+00:00,25566.0
2023-06-16 02:00:00+00:00,25615.0
2023-06-16 03:00:00+00:00,25573.0
2023-06-16 04:00:00+00:00,25476.0
2023-06-16 05:00:00+00:00,25503.0
2023-06-16 06:00:00+00:00,25533.0
2023-06-16 07:00:00+00:00,25538.0
2023-06-16 08:00:00+00:00,25505.0
2023-06-16 09:00:00+00:00,25534.0
2023-06-16 10:00:00+00:00,25559.0
2023-06-16 11:00:00+00:00,25509.0
2023-06-16 12:00:00+00:00,25524.0
2023-06-16 13:00:00+00:00,25569.0
2023-06-16 14:00:00+00:00,25542.0
2023-06-16 15:00:00+00:00,25449.0
2023-06-16 16:00:00+00:00,25544.0
2023-06-16 17:00:00+00:00,25465.0
2023-06-16 18:00:00+00:00,25580.0
2023-06-16 19:00:00+00:00,25785.0
2023-06-16 20:00:00+00:00,25939.0
2023-06-16 21:00:00+00:00,26296.0
2023-06-16 22:00:00+00:00,26339.0
2023-06-16 23:00:00+00:00,26364.0
2023-06-17 00:00:00+00:00,26395.0
2023-06-17 01:00:00+00:00,26284.0
2023-06-17 02:00:00+00:00,26355.0
2023-06-17 03:00:00+00:00,26333.0
2023-06-17 04:00:00+00:00,26306.0
2023-06-17 05:00:00+00:00,26184.0
2023-06-17 06:00:00+00:00,26261.0
2023-06-17 07:00:00+00:00,26250.0
2023-06-17 08:00:00+00:00,26341.0
2023-06-17 09:00:00+00:00,26673.0
2023-06-17 10:00:00+00:00,26646.0
2023-06-17 11:00:00+00:00,26582.0
2023-06-17 12:00:00+00:00,26585.0
2023-06-17 13:00:00+00:00,26583.0
2023-06-17 14:00:00+00:00,26574.0
2023-06-17 15:00:00+00:00,26492.0
2023-06-17 16:00:00+00:00,26510.0
2023-06-17 17:00:00+00:00,26543.0
2023-06-17 18:00:00+00:00,26488.0
2023-06-17 19:00:00+00:00,26407.0
2023-06-17 20:00:00+00:00,26468.0
2023-06-17 21:00:00+00:00,26418.0
2023-06-17 22:00:00+00:00,26515.0
2023-06-17 23:00:00+00:00,26465.0
2023-06-18 00:00:00+00:00,26533.0
2023-06-18 01:00:00+00:00,26507.0
2023-06-18 02:00:00+00:00,26553.0
2023-06-18 03:00:00+00:00,26507.0
2023-06-18 04:00:00+00:00,26443.0
2023-06-18 05:00:00+00:00,26484.0
2023-06-18 06:00:00+00:00,26474.0
2023-06-18 07:00:00+00:00,26535.0
2023-06-18 08:00:00+00:00,26528.0
2023-06-18 09:00:00+00:00,26537.0
2023-06-18 10:00:00+00:00,26538.0
2023-06-18 11:00:00+00:00,26578.0
2023-06-18 12:00:00+00:00,26496.0
2023-06-18 13:00:00+00:00,26520.0
2023-06-18 14:00:00+00:00,26501.0
2023-06-18 15:00:00+00:00,26496.0
2023-06-18 16:00:00+00:00,26533.0
2023-06-18 17:00:00+00:00,26484.0
2023-06-18 18:00:00+00:00,26536.0
2023-06-18 19:00:00+00:00,26555.0
2023-06-18 20:00:00+00:00,26619.0
2023-06-18 21:00:00+00:00,26629.0
2023-06-18 22:00:00+00:00,26617.0
2023-06-18 23:00:00+00:00,26643.0
2023-06-19 00:00:00+00:00,26473.0
2023-06-19 01:00:00+00:00,26406.0
2023-06-19 02:00:00+00:00,26404.0
2023-06-19 03:00:00+00:00,26340.0
2023-06-19 04:00:00+00:00,26362.0
2023-06-19 05:00:00+00:00,26439.0
2023-06-19 06:00:00+00:00,26448.0
2023-06-19 07:00:00+00:00,26393.0
2023-06-19 08:00:00+00:00,26424.0
2023-06-19 09:00:00+00:00,26462.0
2023-06-19 10:00:00+00:00,26421.0
2023-06-19 11:00:00+00:00,26421.0
2023-06-19 12:00:00+00:00,26409.0
2023-06-19 13:00:00+00:00,26385.0
2023-06-19 14:00:00+00:00,26370.0
2023-06-19 15:00:00+00:00,26439.0
2023-06-19 16:00:00+00:00,26526.0
2023-06-19 17:00:00+00:00,26524.0
2023-06-19 18:00:00+00:00,26410.0
2023-06-19 19:00:00+00:00,26432.0
2023-06-19 20:00:00+00:00,26488.0
2023-06-19 21:00:00+00:00,26659.0
2023-06-19 22:00:00+00:00,26488.0
2023-06-19 23:00:00+00:00,26668.0
2023-06-20 00:00:00+00:00,26718.0
2023-06-20 01:00:00+00:00,26762.0
2023-06-20 02:00:00+00:00,26751.0
2023-06-20 03:00:00+00:00,26842.0
2023-06-20 04:00:00+00:00,26982.0
2023-06-20 05:00:00+00:00,26890.0
2023-06-20 06:00:00+00:00,26906.0
2023-06-20 07:00:00+00:00,26891.0
2023-06-20 08:00:00+00:00,26959.0
2023-06-20 09:00:00+00:00,26814.0
2023-06-20 10:00:00+00:00,26784.0
2023-06-20 11:00:00+00:00,26827.0
2023-06-20 12:00:00+00:00,26745.0
2023-06-20 13:00:00+00:00,26764.0
2023-06-20 14:00:00+00:00,26762.0
2023-06-20 15:00:00+00:00,26881.0
2023-06-20 16:00:00+00:00,26839.0
2023-06-20 17:00:00+00:00,26813.0
2023-06-20 18:00:00+00:00,26775.0
2023-06-20 19:00:00+00:00,27071.0
2023-06-20 20:00:00+00:00,27378.0
2023-06-20 21:00:00+00:00,27777.0
2023-06-20 22:00:00+00:00,28090.0
2023-06-20 23:00:00+00:00,28002.0
2023-06-21 00:00:00+00:00,28163.0
2023-06-21 01:00:00+00:00,28137.0
2023-06-21 02:00:00+00:00,28224.0
2023-06-21 03:00:00+00:00,28315.0
2023-06-21 04:00:00+00:00,28419.0
2023-06-21 05:00:00+00:00,28781.0
2023-06-21 06:00:00+00:00,28789.0
2023-06-21 07:00:00+00:00,28723.0
2023-06-21 08:00:00+00:00,28787.0
2023-06-21 09:00:00+00:00,28976.0
2023-06-21 10:00:00+00:00,28851.0
2023-06-21 11:00:00+00:00,28872.0
2023-06-21 12:00:00+00:00,28817.0
2023-06-21 13:00:00+00:00,28927.0
2023-06-21 14:00:00+00:00,28830.0
2023-06-21 15:00:00+00:00,28940.0
2023-06-21 16:00:00+00:00,28899.0
2023-06-21 17:00:00+00:00,29321.0
2023-06-21 18:00:00+00:00,29560.0
2023-06-21 19:00:00+00:00,29850.0
2023-06-21 20:00:00+00:00,30148.0
2023-06-21 21:00:00+00:00,30075.0
2023-06-21 22:00:00+00:00,30127.0
2023-06-21 23:00:00+00:00,30127.0
2023-06-22 00:00:00+00:00,29997.0
2023-06-22 01:00:00+00:00,29894.0
2023-06-22 02:00:00+00:00,30126.0
2023-06-22 03:00:00+00:00,30009.0
2023-06-22 04:00:00+00:00,30144.0
2023-06-22 05:00:00+00:00,30169.0
2023-06-22 06:00:00+00:00,30481.0
2023-06-22 07:00:00+00:00,30304.0
2023-06-22 08:00:00+00:00,30357.0
2023-06-22 09:00:00+00:00,30288.0
2023-06-22 10:00:00+00:00,30134.0
2023-06-22 11:00:00+00:00,30103.0
2023-06-22 12:00:00+00:00,30104.0
2023-06-22 13:00:00+00:00,30141.0
2023-06-22 14:00:00+00:00,30185.0
2023-06-22 15:00:00+00:00,29933.0
2023-06-22 16:00:00+00:00,30121.0
2023-06-22 17:00:00+00:00,30245.0
2023-06-22 18:00:00+00:00,29753.0
2023-06-22 19:00:00+00:00,29866.0
2023-06-22 20:00:00+00:00,29985.0
2023-06-22 21:00:00+00:00,30158.0
2023-06-22 22:00:00+00:00,30149.0
2023-06-22 23:00:00+00:00,30224.0
2023-06-23 00:00:00+00:00,30159.0
2023-06-23 01:00:00+00:00,30060.0
2023-06-23 02:00:00+00:00,29939.0
2023-06-23 03:00:00+00:00,29889.0
2023-06-23 04:00:00+00:00,30022.0
2023-06-23 05:00:00+00:00,29936.0
2023-06-23 06:00:00+00:00,29990.0
2023-06-23 07:00:00+00:00,30018.0
2023-06-23 08:00:00+00:00,30011.0
2023-06-23 09:00:00+00:00,30049.0
2023-06-23 10:00:00+00:00,30016.0
2023-06-23 11:00:00+00:00,29948.0
2023-06-23 12:00:00+00:00,30025.0
2023-06-23 13:00:00+00:00,30141.0
2023-06-23 14:00:00+00:00,30083.0
2023-06-23 15:00:00+00:00,30154.0
2023-06-23 16:00:00+00:00,30110.0
2023-06-23 17:00:00+00:00,30088.0
2023-06-23 18:00:00+00:00,30291.0
2023-06-23 19:00:00+00:00,31243.0
2023-06-23 20:00:00+00:00,31109.0
2023-06-23 21:00:00+00:00,31259.0
2023-06-23 22:00:00+00:00,30964.0
2023-06-23 23:00:00+00:00,30905.0
2023-06-24 00:00:00+00:00,30932.0
2023-06-24 01:00:00+00:00,30681.0
2023-06-24 02:00:00+00:00,30671.0
2023-06-24 03:00:00+00:00,30716.0
2023-06-24 04:00:00+00:00,30506.0
2023-06-24 05:00:00+00:00,30642.0
2023-06-24 06:00:00+00:00,30783.0
2023-06-24 07:00:00+00:00,30752.0
2023-06-24 08:00:00+00:00,30725.0
2023-06-24 09:00:00+00:00,30745.0
2023-06-24 10:00:00+00:00,30715.0
2023-06-24 11:00:00+00:00,30581.0
2023-06-24 12:00:00+00:00,30625.0
2023-06-24 13:00:00+00:00,30638.0
2023-06-24 14:00:00+00:00,30762.0
2023-06-24 15:00:00+00:00,30694.0
2023-06-24 16:00:00+00:00,30709.0
2023-06-24 17:00:00+00:00,30670.0
2023-06-24 18:00:00+00:00,30707.0
2023-06-24 19:00:00+00:00,30415.0
2023-06-24 20:00:00+00:00,30523.0
2023-06-24 21:00:00+00:00,30589.0
2023-06-24 22:00:00+00:00,30656.0
2023-06-24 23:00:00+00:00,30646.0
2023-06-25 00:00:00+00:00,30528.0
2023-06-25 01:00:00+00:00,30532.0
2023-06-25 02:00:00+00:00,30543.0
2023-06-25 03:00:00+00:00,30548.0
2023-06-25 04:00:00+00:00,30533.0
2023-06-25 05:00:00+00:00,30618.0
2023-06-25 06:00:00+00:00,30644.0
2023-06-25 07:00:00+00:00,30761.0
2023-06-25 08:00:00+00:00,30901.0
2023-06-25 09:00:00+00:00,30869.0
2023-06-25 10:00:00+00:00,30896.0
2023-06-25 11:00:00+00:00,30743.0
2023-06-25 12:00:00+00:00,30748.0
2023-06-25 13:00:00+00:00,30693.0
2023-06-25 14:00:00+00:00,30641.0
2023-06-25 15:00:00+00:00,30721.0
2023-06-25 16:00:00+00:00,30677.0
2023-06-25 17:00:00+00:00,30686.0
2023-06-25 18:00:00+00:00,30564.0
2023-06-25 19:00:00+00:00,30596.0
2023-06-25 20:00:00+00:00,30605.0
2023-06-25 21:00:00+00:00,30542.0
2023-06-25 22:00:00+00:00,30473.0
2023-06-25 23:00:00+00:00,30443.0
2023-06-26 00:00:00+00:00,30390.0
2023-06-26 01:00:00+00:00,30454.0
2023-06-26 02:00:00+00:00,30511.0
2023-06-26 03:00:00+00:00,30477.0
2023-06-26 04:00:00+00:00,30417.0
2023-06-26 05:00:00+00:00,30190.0
2023-06-26 06:00:00+00:00,30235.0
2023-06-26 07:00:00+00:00,30301.0
2023-06-26 08:00:00+00:00,30252.0
2023-06-26 09:00:00+00:00,30221.0
2023-06-26 10:00:00+00:00,30476.0
2023-06-26 11:00:00+00:00,30410.0
2023-06-26 12:00:00+00:00,30405.0
2023-06-26 13:00:00+00:00,30266.0
2023-06-26 14:00:00+00:00,30270.0
2023-06-26 15:00:00+00:00,30327.0
2023-06-26 16:00:00+00:00,30355.0
2023-06-26 17:00:00+00:00,30648.0
2023-06-26 18:00:00+00:00,30399.0
2023-06-26 19:00:00+00:00,30425.0
2023-06-26 20:00:00+00:00,30105.0
2023-06-26 21:00:00+00:00,30090.0
2023-06-26 22:00:00+00:00,30213.0
2023-06-26 23:00:00+00:00,30254.0
2023-06-27 00:00:00+00:00,30156.0
2023-06-27 01:00:00+00:00,30178.0
2023-06-27 02:00:00+00:00,30235.0
2023-06-27 03:00:00+00:00,30274.0
2023-06-27 04:00:00+00:00,30356.0
2023-06-27 05:00:00+00:00,30380.0
2023-06-27 06:00:00+00:00,30491.0
2023-06-27 07:00:00+00:00,30374.0
2023-06-27 08:00:00+00:00,30354.0
2023-06-27 09:00:00+00:00,30325.0
2023-06-27 10:00:00+00:00,30328.0
2023-06-27 11:00:00+00:00,30410.0
2023-06-27 12:00:00+00:00,30394.0
2023-06-27 13:00:00+00:00,30375.0
2023-06-27 14:00:00+00:00,30652.0
2023-06-27 15:00:00+00:00,30726.0
2023-06-27 16:00:00+00:00,30714.0
2023-06-27 17:00:00+00:00,30612.0
2023-06-27 18:00:00+00:00,30823.0
2023-06-27 19:00:00+00:00,30500.0
2023-06-27 20:00:00+00:00,30716.0
2023-06-27 21:00:00+00:00,30736.0
2023-06-27 22:00:00+00:00,30691.0
2023-06-27 23:00:00+00:00,30679.0
2023-06-28 00:00:00+00:00,30662.0
2023-06-28 01:00:00+00:00,30720.0
2023-06-28 02:00:00+00:00,30596.0
2023-06-28 03:00:00+00:00,30696.0
2023-06-28 04:00:00+00:00,30618.0
2023-06-28 05:00:00+00:00,30506.0
2023-06-28 06:00:00+00:00,30430.0
2023-06-28 07:00:00+00:00,30458.0
2023-06-28 08:00:00+00:00,30486.0
2023-06-28 09:00:00+00:00,30456.0
2023-06-28 10:00:00+00:00,30378.0
2023-06-28 11:00:00+00:00,30186.0
2023-06-28 12:00:00+00:00,30283.0
2023-06-28 13:00:00+00:00,30297.0
2023-06-28 14:00:00+00:00,30335.0
2023-06-28 15:00:00+00:00,30314.0
2023-06-28 16:00:00+00:00,30103.0
2023-06-28 17:00:00+00:00,30203.0
2023-06-28 18:00:00+00:00,30312.0
2023-06-28 19:00:00+00:00,30415.0
2023-06-28 20:00:00+00:00,30264.0
2023-06-28 21:00:00+00:00,30151.0
2023-06-28 22:00:00+00:00,30182.0
2023-06-28 23:00:00+00:00,30095.0
2023-06-29 00:00:00+00:00,30109.0
2023-06-29 01:00:00+00:00,30140.0
2023-06-29 02:00:00+00:00,30105.0
2023-06-29 03:00:00+00:00,30079.0
2023-06-29 04:00:00+00:00,30077.0
2023-06-29 05:00:00+00:00,30163.0
2023-06-29 06:00:00+00:00,30112.0
2023-06-29 07:00:00+00:00,30164.0
2023-06-29 08:00:00+00:00,30214.0
2023-06-29 09:00:00+00:00,30182.0
2023-06-29 10:00:00+00:00,30230.0
2023-06-29 11:00:00+00:00,30330.0
2023-06-29 12:00:00+00:00,30382.0
2023-06-29 13:00:00+00:00,30432.0
2023-06-29 14:00:00+00:00,30697.0
2023-06-29 15:00:00+00:00,30664.0
2023-06-29 16:00:00+00:00,30620.0
2023-06-29 17:00:00+00:00,30554.0
2023-06-29 18:00:00+00:00,30457.0
2023-06-29 19:00:00+00:00,30473.0
2023-06-29 20:00:00+00:00,30497.0
2023-06-29 21:00:00+00:00,30533.0
2023-06-29 22:00:00+00:00,30553.0
2023-06-29 23:00:00+00:00,30585.0
2023-06-30 00:00:00+00:00,30400.0
2023-06-30 01:00:00+00:00,30418.0
2023-06-30 02:00:00+00:00,30398.0
2023-06-30 03:00:00+00:00,30444.0
2023-06-30 04:00:00+00:00,30442.0
2023-06-30 05:00:00+00:00,30386.0
2023-06-30 06:00:00+00:00,30660.0
2023-06-30 07:00:00+00:00,30734.0
2023-06-30 08:00:00+00:00,30840.0
2023-06-30 09:00:00+00:00,30728.0
2023-06-30 10:00:00+00:00,30661.0
2023-06-30 11:00:00+00:00,30760.0
2023-06-30 12:00:00+00:00,30843.0
2023-06-30 13:00:00+00:00,30770.0
2023-06-30 14:00:00+00:00,30806.0
2023-06-30 15:00:00+00:00,30906.0
2023-06-30 16:00:00+00:00,31002.0
2023-06-30 17:00:00+00:00,30139.0
2023-06-30 18:00:00+00:00,30069.0
2023-06-30 19:00:00+00:00,30066.0
2023-06-30 20:00:00+00:00,30393.0
2023-06-30 21:00:00+00:00,30431.0
2023-06-30 22:00:00+00:00,30346.0
2023-06-30 23:00:00+00:00,30368.0
2023-07-01 00:00:00+00:00,30393.0
2023-07-01 01:00:00+00:00,30473.0
2023-07-01 02:00:00+00:00,30478.0
2023-07-01 03:00:00+00:00,30469.0
2023-07-01 04:00:00+00:00,30474.0
2023-07-01 05:00:00+00:00,30441.0
2023-07-01 06:00:00+00:00,30427.0
2023-07-01 07:00:00+00:00,30393.0
2023-07-01 08:00:00+00:00,30387.0
2023-07-01 09:00:00+00:00,30422.0
2023-07-01 10:00:00+00:00,30444.0
2023-07-01 11:00:00+00:00,30459.0
2023-07-01 12:00:00+00:00,30436.0
2023-07-01 13:00:00+00:00,30439.0
2023-07-01 14:00:00+00:00,30457.0
2023-07-01 15:00:00+00:00,30523.0
2023-07-01 16:00:00+00:00,30561.0
2023-07-01 17:00:00+00:00,30565.0
2023-07-01 18:00:00+00:00,30608.0
2023-07-01 19:00:00+00:00,30572.0
2023-07-01 20:00:00+00:00,30573.0
2023-07-01 21:00:00+00:00,30576.0
2023-07-01 22:00:00+00:00,30612.0
2023-07-01 23:00:00+00:00,30617.0
2023-07-02 00:00:00+00:00,30585.0
2023-07-02 01:00:00+00:00,30593.0
2023-07-02 02:00:00+00:00,30584.0
2023-07-02 03:00:00+00:00,30592.0
2023-07-02 04:00:00+00:00,30578.0
2023-07-02 05:00:00+00:00,30568.0
2023-07-02 06:00:00+00:00,30543.0
2023-07-02 07:00:00+00:00,30514.0
2023-07-02 08:00:00+00:00,30531.0
2023-07-02 09:00:00+00:00,30485.0
2023-07-02 10:00:00+00:00,30481.0
2023-07-02 11:00:00+00:00,30507.0
2023-07-02 12:00:00+00:00,30488.0
2023-07-02 13:00:00+00:00,30522.0
2023-07-02 14:00:00+00:00,30514.0
2023-07-02 15:00:00+00:00,30538.0
2023-07-02 16:00:00+00:00,30519.0
2023-07-02 17:00:00+00:00,30520.0
2023-07-02 18:00:00+00:00,30601.0
2023-07-02 19:00:00+00:00,30495.0
2023-07-02 20:00:00+00:00,30568.0
2023-07-02 21:00:00+00:00,30450.0
2023-07-02 22:00:00+00:00,30530.0
2023-07-02 23:00:00+00:00,30564.0
2023-07-03 00:00:00+00:00,30592.0
2023-07-03 01:00:00+00:00,30561.0
2023-07-03 02:00:00+00:00,30650.0
2023-07-03 03:00:00+00:00,30616.0
2023-07-03 04:00:00+00:00,30642.0
2023-07-03 05:00:00+00:00,30661.0
2023-07-03 06:00:00+00:00,30759.0
2023-07-03 07:00:00+00:00,30760.0
2023-07-03 08:00:00+00:00,30674.0
2023-07-03 09:00:00+00:00,30671.0
2023-07-03 10:00:00+00:00,30649.0
2023-07-03 11:00:00+00:00,30676.0
2023-07-03 12:00:00+00:00,30646.0
2023-07-03 13:00:00+00:00,30611.0
2023-07-03 14:00:00+00:00,30623.0
2023-07-03 15:00:00+00:00,30624.0
2023-07-03 16:00:00+00:00,30624.0
2023-07-03 17:00:00+00:00,30654.0
2023-07-03 18:00:00+00:00,30737.0
2023-07-03 19:00:00+00:00,31064.0
2023-07-03 20:00:00+00:00,31048.0
2023-07-03 21:00:00+00:00,31009.0
2023-07-03 22:00:00+00:00,31212.0
2023-07-03 23:00:00+00:00,31258.0
2023-07-04 00:00:00+00:00,31128.0
2023-07-04 01:00:00+00:00,31051.0
2023-07-04 02:00:00+00:00,31128.0
2023-07-04 03:00:00+00:00,31158.0
2023-07-04 04:00:00+00:00,31122.0
2023-07-04 05:00:00+00:00,31293.0
2023-07-04 06:00:00+00:00,31268.0
2023-07-04 07:00:00+00:00,31198.0
2023-07-04 08:00:00+00:00,31057.0
2023-07-04 09:00:00+00:00,30983.0
2023-07-04 10:00:00+00:00,31011.0
2023-07-04 11:00:00+00:00,30915.0
2023-07-04 12:00:00+00:00,30940.0
2023-07-04 13:00:00+00:00,31027.0
2023-07-04 14:00:00+00:00,31032.0
2023-07-04 15:00:00+00:00,31074.0
2023-07-04 16:00:00+00:00,31057.0
2023-07-04 17:00:00+00:00,31008.0
2023-07-04 18:00:00+00:00,30979.0
2023-07-04 19:00:00+00:00,30962.0
2023-07-04 20:00:00+00:00,30955.0
2023-07-04 21:00:00+00:00,30897.0
2023-07-04 22:00:00+00:00,30905.0
2023-07-04 23:00:00+00:00,30708.0
2023-07-05 00:00:00+00:00,30807.0
2023-07-05 01:00:00+00:00,30803.0
2023-07-05 02:00:00+00:00,30822.0
2023-07-05 03:00:00+00:00,30771.0
2023-07-05 04:00:00+00:00,30758.0
2023-07-05 05:00:00+00:00,30795.0
2023-07-05 06:00:00+00:00,30836.0
2023-07-05 07:00:00+00:00,30853.0
2023-07-05 08:00:00+00:00,30836.0
2023-07-05 09:00:00+00:00,30810.0
2023-07-05 10:00:00+00:00,30812.0
2023-07-05 11:00:00+00:00,30770.0
2023-07-05 12:00:00+00:00,30765.0
2023-07-05 13:00:00+00:00,30683.0
2023-07-05 14:00:00+00:00,30435.0
2023-07-05 15:00:00+00:00,30406.0
2023-07-05 16:00:00+00:00,30320.0
2023-07-05 17:00:00+00:00,30360.0
2023-07-05 18:00:00+00:00,30415.0
2023-07-05 19:00:00+00:00,30356.0
2023-07-05 20:00:00+00:00,30462.0
2023-07-05 21:00:00+00:00,30530.0
2023-07-05 22:00:00+00:00,30499.0
2023-07-05 23:00:00+00:00,30439.0
2023-07-06 00:00:00+00:00,30468.0
2023-07-06 01:00:00+00:00,30474.0
2023-07-06 02:00:00+00:00,30446.0
2023-07-06 03:00:00+00:00,30501.0
2023-07-06 04:00:00+00:00,30419.0
2023-07-06 05:00:00+00:00,30475.0
2023-07-06 06:00:00+00:00,30476.0
2023-07-06 07:00:00+00:00,30499.0
2023-07-06 08:00:00+00:00,30463.0
2023-07-06 09:00:00+00:00,30588.0
2023-07-06 10:00:00+00:00,30700.0
2023-07-06 11:00:00+00:00,30807.0
2023-07-06 12:00:00+00:00,31323.0
2023-07-06 13:00:00+00:00,31065.0
2023-07-06 14:00:00+00:00,31235.0
2023-07-06 15:00:00+00:00,30850.0
2023-07-06 16:00:00+00:00,30608.0
2023-07-06 17:00:00+00:00,30374.0
2023-07-06 18:00:00+00:00,30221.0
2023-07-06 19:00:00+00:00,30411.0
2023-07-06 20:00:00+00:00,30309.0
2023-07-06 21:00:00+00:00,30287.0
2023-07-06 22:00:00+00:00,30372.0
2023-07-06 23:00:00+00:00,30313.0
2023-07-07 00:00:00+00:00,30314.0
2023-07-07 01:00:00+00:00,30225.0
2023-07-07 02:00:00+00:00,30163.0
2023-07-07 03:00:00+00:00,29912.0
2023-07-07 04:00:00+00:00,30056.0
2023-07-07 05:00:00+00:00,30091.0
2023-07-07 06:00:00+00:00,30100.0
2023-07-07 07:00:00+00:00,30143.0
2023-07-07 08:00:00+00:00,30091.0
2023-07-07 09:00:00+00:00,30218.0
2023-07-07 10:00:00+00:00,30132.0
2023-07-07 11:00:00+00:00,30013.0
2023-07-07 12:00:00+00:00,30058.0
2023-07-07 13:00:00+00:00,30140.0
2023-07-07 14:00:00+00:00,30166.0
2023-07-07 15:00:00+00:00,30125.0
2023-07-07 16:00:00+00:00,30212.0
2023-07-07 17:00:00+00:00,30381.0
2023-07-07 18:00:00+00:00,30427.0
2023-07-07 19:00:00+00:00,30396.0
2023-07-07 20:00:00+00:00,30361.0
2023-07-07 21:00:00+00:00,30239.0
2023-07-07 22:00:00+00:00,30169.0
2023-07-07 23:00:00+00:00,30244.0
2023-07-08 00:00:00+00:00,30273.0
2023-07-08 01:00:00+00:00,30297.0
2023-07-08 02:00:00+00:00,30321.0
2023-07-08 03:00:00+00:00,30348.0
2023-07-08 04:00:00+00:00,30296.0
2023-07-08 05:00:00+00:00,30308.0
2023-07-08 06:00:00+00:00,30360.0
2023-07-08 07:00:00+00:00,30281.0
2023-07-08 08:00:00+00:00,30237.0
2023-07-08 09:00:00+00:00,30245.0
2023-07-08 10:00:00+00:00,30183.0
2023-07-08 11:00:00+00:00,30201.0
2023-07-08 12:00:00+00:00,30278.0
2023-07-08 13:00:00+00:00,30253.0
2023-07-08 14:00:00+00:00,30229.0
2023-07-08 15:00:00+00:00,30200.0
2023-07-08 16:00:00+00:00,30179.0
2023-07-08 17:00:00+00:00,30217.0
2023-07-08 18:00:00+00:00,30214.0
2023-07-08 19:00:00+00:00,30213.0
2023-07-08 20:00:00+00:00,30260.0
2023-07-08 21:00:00+00:00,30262.0
2023-07-08 22:00:00+00:00,30206.0
2023-07-08 23:00:00+00:00,30117.0
2023-07-09 00:00:00+00:00,30162.0
2023-07-09 01:00:00+00:00,30191.0
2023-07-09 02:00:00+00:00,30224.0
2023-07-09 03:00:00+00:00,30293.0
2023-07-09 04:00:00+00:00,30343.0
2023-07-09 05:00:00+00:00,30338.0
2023-07-09 06:00:00+00:00,30308.0
2023-07-09 07:00:00+00:00,30292.0
2023-07-09 08:00:00+00:00,30291.0
2023-07-09 09:00:00+00:00,30269.0
2023-07-09 10:00:00+00:00,30263.0
2023-07-09 11:00:00+00:00,30273.0
2023-07-09 12:00:00+00:00,30312.0
2023-07-09 13:00:00+00:00,30282.0
2023-07-09 14:00:00+00:00,30277.0
2023-07-09 15:00:00+00:00,30280.0
2023-07-09 16:00:00+00:00,30342.0
2023-07-09 17:00:00+00:00,30272.0
2023-07-09 18:00:00+00:00,30350.0
2023-07-09 19:00:00+00:00,30359.0
2023-07-09 20:00:00+00:00,30297.0
2023-07-09 21:00:00+00:00,30299.0
2023-07-09 22:00:00+00:00,30269.0
2023-07-09 23:00:00+00:00,30249.0
2023-07-10 00:00:00+00:00,30202.0
2023-07-10 01:00:00+00:00,30151.0
2023-07-10 02:00:00+00:00,30175.0
2023-07-10 03:00:00+00:00,30167.0
2023-07-10 04:00:00+00:00,30097.0
2023-07-10 05:00:00+00:00,30055.0
2023-07-10 06:00:00+00:00,30206.0
2023-07-10 07:00:00+00:00,30156.0
2023-07-10 08:00:00+00:00,30119.0
2023-07-10 09:00:00+00:00,30092.0
2023-07-10 10:00:00+00:00,30096.0
2023-07-10 11:00:00+00:00,30116.0
2023-07-10 12:00:00+00:00,30102.0
2023-07-10 13:00:00+00:00,30143.0
2023-07-10 14:00:00+00:00,30186.0
2023-07-10 15:00:00+00:00,30238.0
2023-07-10 16:00:00+00:00,30161.0
2023-07-10 17:00:00+00:00,30213.0
2023-07-10 18:00:00+00:00,30310.0
2023-07-10 19:00:00+00:00,30317.0
2023-07-10 20:00:00+00:00,30356.0
2023-07-10 21:00:00+00:00,30283.0
2023-07-10 22:00:00+00:00,30525.0
2023-07-10 23:00:00+00:00,30840.0
2023-07-11 00:00:00+00:00,30786.0
2023-07-11 01:00:00+00:00,30334.0
2023-07-11 02:00:00+00:00,30338.0
2023-07-11 03:00:00+00:00,30421.0
2023-07-11 04:00:00+00:00,30429.0
2023-07-11 05:00:00+00:00,30591.0
2023-07-11 06:00:00+00:00,30491.0
2023-07-11 07:00:00+00:00,30482.0
2023-07-11 08:00:00+00:00,30448.0
2023-07-11 09:00:00+00:00,30460.0
2023-07-11 10:00:00+00:00,30641.0
2023-07-11 11:00:00+00:00,30533.0
2023-07-11 12:00:00+00:00,30500.0
2023-07-11 13:00:00+00:00,30452.0
2023-07-11 14:00:00+00:00,30401.0
2023-07-11 15:00:00+00:00,30414.0
2023-07-11 16:00:00+00:00,30434.0
2023-07-11 17:00:00+00:00,30448.0
2023-07-11 18:00:00+00:00,30524.0
2023-07-11 19:00:00+00:00,30599.0
2023-07-11 20:00:00+00:00,30644.0
2023-07-11 21:00:00+00:00,30583.0
2023-07-11 22:00:00+00:00,30486.0
2023-07-11 23:00:00+00:00,30582.0
2023-07-12 00:00:00+00:00,30570.0
2023-07-12 01:00:00+00:00,30569.0
2023-07-12 02:00:00+00:00,30585.0
2023-07-12 03:00:00+00:00,30621.0
2023-07-12 04:00:00+00:00,30513.0
2023-07-12 05:00:00+00:00,30539.0
2023-07-12 06:00:00+00:00,30615.0
2023-07-12 07:00:00+00:00,30598.0
2023-07-12 08:00:00+00:00,30643.0
2023-07-12 09:00:00+00:00,30656.0
2023-07-12 10:00:00+00:00,30719.0
2023-07-12 11:00:00+00:00,30740.0
2023-07-12 12:00:00+00:00,30736.0
2023-07-12 13:00:00+00:00,30729.0
2023-07-12 14:00:00+00:00,30683.0
2023-07-12 15:00:00+00:00,30779.0
2023-07-12 16:00:00+00:00,30723.0
2023-07-12 17:00:00+00:00,30661.0
2023-07-12 18:00:00+00:00,30738.0
2023-07-12 19:00:00+00:00,30509.0
2023-07-12 20:00:00+00:00,30475.0
2023-07-12 21:00:00+00:00,30441.0
2023-07-12 22:00:00+00:00,30519.0
2023-07-12 23:00:00+00:00,30278.0
2023-07-13 00:00:00+00:00,30350.0
2023-07-13 01:00:00+00:00,30355.0
2023-07-13 02:00:00+00:00,30370.0
2023-07-13 03:00:00+00:00,30382.0
2023-07-13 04:00:00+00:00,30359.0
2023-07-13 05:00:00+00:00,30384.0
2023-07-13 06:00:00+00:00,30338.0
2023-07-13 07:00:00+00:00,30298.0
2023-07-13 08:00:00+00:00,30294.0
2023-07-13 09:00:00+00:00,30315.0
2023-07-13 10:00:00+00:00,30384.0
2023-07-13 11:00:00+00:00,30364.0
2023-07-13 12:00:00+00:00,30415.0
2023-07-13 13:00:00+00:00,30575.0
2023-07-13 14:00:00+00:00,30577.0
2023-07-13 15:00:00+00:00,30546.0
2023-07-13 16:00:00+00:00,30522.0
2023-07-13 17:00:00+00:00,30673.0
2023-07-13 18:00:00+00:00,30577.0
2023-07-13 19:00:00+00:00,30920.0
2023-07-13 20:00:00+00:00,30839.0
2023-07-13 21:00:00+00:00,31079.0
2023-07-13 22:00:00+00:00,31281.0
2023-07-13 23:00:00+00:00,31637.0
2023-07-14 00:00:00+00:00,31396.0
2023-07-14 01:00:00+00:00,31267.0
2023-07-14 02:00:00+00:00,31324.0
2023-07-14 03:00:00+00:00,31471.0
2023-07-14 04:00:00+00:00,31461.0
2023-07-14 05:00:00+00:00,31435.0
2023-07-14 06:00:00+00:00,31472.0
2023-07-14 07:00:00+00:00,31474.0
2023-07-14 08:00:00+00:00,31408.0
2023-07-14 09:00:00+00:00,31371.0
2023-07-14 10:00:00+00:00,31307.0
2023-07-14 11:00:00+00:00,31109.0
2023-07-14 12:00:00+00:00,31260.0
2023-07-14 13:00:00+00:00,31200.0
2023-07-14 14:00:00+00:00,31184.0
2023-07-14 15:00:00+00:00,31220.0
2023-07-14 16:00:00+00:00,31142.0
2023-07-14 17:00:00+00:00,31264.0
2023-07-14 18:00:00+00:00,31328.0
2023-07-14 19:00:00+00:00,31258.0
2023-07-14 20:00:00+00:00,31225.0
2023-07-14 21:00:00+00:00,30725.0
2023-07-14 22:00:00+00:00,30138.0
2023-07-14 23:00:00+00:00,30122.0
2023-07-15 00:00:00+00:00,30212.0
2023-07-15 01:00:00+00:00,30262.0
2023-07-15 02:00:00+00:00,30248.0
2023-07-15 03:00:00+00:00,30331.0
2023-07-15 04:00:00+00:00,30350.0
2023-07-15 05:00:00+00:00,30355.0
2023-07-15 06:00:00+00:00,30310.0
2023-07-15 07:00:00+00:00,30310.0
2023-07-15 08:00:00+00:00,30309.0
2023-07-15 09:00:00+00:00,30311.0
2023-07-15 10:00:00+00:00,30325.0
2023-07-15 11:00:00+00:00,30349.0
2023-07-15 12:00:00+00:00,30328.0
2023-07-15 13:00:00+00:00,30360.0
2023-07-15 14:00:00+00:00,30338.0
2023-07-15 15:00:00+00:00,30323.0
2023-07-15 16:00:00+00:00,30363.0
2023-07-15 17:00:00+00:00,30340.0
2023-07-15 18:00:00+00:00,30295.0
2023-07-15 19:00:00+00:00,30316.0
2023-07-15 20:00:00+00:00,30294.0
2023-07-15 21:00:00+00:00,30297.0
2023-07-15 22:00:00+00:00,30335.0
2023-07-15 23:00:00+00:00,30340.0
2023-07-16 00:00:00+00:00,30311.0
2023-07-16 01:00:00+00:00,30312.0
2023-07-16 02:00:00+00:00,30295.0
2023-07-16 03:00:00+00:00,30301.0
2023-07-16 04:00:00+00:00,30312.0
2023-07-16 05:00:00+00:00,30278.0
2023-07-16 06:00:00+00:00,30264.0
2023-07-16 07:00:00+00:00,30198.0
2023-07-16 08:00:00+00:00,30169.0
2023-07-16 09:00:00+00:00,30246.0
2023-07-16 10:00:00+00:00,30276.0
2023-07-16 11:00:00+00:00,30277.0
2023-07-16 12:00:00+00:00,30308.0
2023-07-16 13:00:00+00:00,30316.0
2023-07-16 14:00:00+00:00,30299.0
2023-07-16 15:00:00+00:00,30319.0
2023-07-16 16:00:00+00:00,30301.0
2023-07-16 17:00:00+00:00,30319.0
2023-07-16 18:00:00+00:00,30410.0
2023-07-16 19:00:00+00:00,30393.0
2023-07-16 20:00:00+00:00,30379.0
2023-07-16 21:00:00+00:00,30398.0
2023-07-16 22:00:00+00:00,30291.0
2023-07-16 23:00:00+00:00,30260.0
2023-07-17 00:00:00+00:00,30286.0
2023-07-17 01:00:00+00:00,30310.0
2023-07-17 02:00:00+00:00,30341.0
2023-07-17 03:00:00+00:00,30253.0
2023-07-17 04:00:00+00:00,30228.0
2023-07-17 05:00:00+00:00,30306.0
2023-07-17 06:00:00+00:00,30275.0
2023-07-17 07:00:00+00:00,30320.0
2023-07-17 08:00:00+00:00,30308.0
2023-07-17 09:00:00+00:00,30272.0
2023-07-17 10:00:00+00:00,30288.0
2023-07-17 11:00:00+00:00,30297.0
2023-07-17 12:00:00+00:00,30276.0
2023-07-17 13:00:00+00:00,30191.0
2023-07-17 14:00:00+00:00,30177.0
2023-07-17 15:00:00+00:00,30175.0
2023-07-17 16:00:00+00:00,30211.0
2023-07-17 17:00:00+00:00,30289.0
2023-07-17 18:00:00+00:00,30276.0
2023-07-17 19:00:00+00:00,30181.0
2023-07-17 20:00:00+00:00,30142.0
2023-07-17 21:00:00+00:00,30040.0
2023-07-17 22:00:00+00:00,29813.0
2023-07-17 23:00:00+00:00,29901.0
2023-07-18 00:00:00+00:00,29937.0
2023-07-18 01:00:00+00:00,30256.0
2023-07-18 02:00:00+00:00,30107.0
2023-07-18 03:00:00+00:00,30154.0
2023-07-18 04:00:00+00:00,30179.0
2023-07-18 05:00:00+00:00,30223.0
2023-07-18 06:00:00+00:00,30130.0
2023-07-18 07:00:00+00:00,30084.0
2023-07-18 08:00:00+00:00,30123.0
2023-07-18 09:00:00+00:00,30054.0
2023-07-18 10:00:00+00:00,29990.0
2023-07-18 11:00:00+00:00,29972.0
2023-07-18 12:00:00+00:00,30025.0
2023-07-18 13:00:00+00:00,29964.0
2023-07-18 14:00:00+00:00,30000.0
2023-07-18 15:00:00+00:00,29888.0
2023-07-18 16:00:00+00:00,29782.0
2023-07-18 17:00:00+00:00,29831.0
2023-07-18 18:00:00+00:00,29919.0
2023-07-18 19:00:00+00:00,29903.0
2023-07-18 20:00:00+00:00,29705.0
2023-07-18 21:00:00+00:00,29824.0
2023-07-18 22:00:00+00:00,29911.0
2023-07-18 23:00:00+00:00,29719.0
2023-07-19 00:00:00+00:00,29786.0
2023-07-19 01:00:00+00:00,29809.0
2023-07-19 02:00:00+00:00,29826.0
2023-07-19 03:00:00+00:00,29868.0
2023-07-19 04:00:00+00:00,30064.0
2023-07-19 05:00:00+00:00,30014.0
2023-07-19 06:00:00+00:00,30020.0
2023-07-19 07:00:00+00:00,30066.0
2023-07-19 08:00:00+00:00,30108.0
2023-07-19 09:00:00+00:00,30114.0
2023-07-19 10:00:00+00:00,30052.0
2023-07-19 11:00:00+00:00,30011.0
2023-07-19 12:00:00+00:00,29931.0
2023-07-19 13:00:00+00:00,30013.0
2023-07-19 14:00:00+00:00,29992.0
2023-07-19 15:00:00+00:00,30012.0
2023-07-19 16:00:00+00:00,29948.0
2023-07-19 17:00:00+00:00,29999.0
2023-07-19 18:00:00+00:00,29821.0
2023-07-19 19:00:00+00:00,29952.0
2023-07-19 20:00:00+00:00,29906.0
2023-07-19 21:00:00+00:00,29992.0
2023-07-19 22:00:00+00:00,30080.0
2023-07-19 23:00:00+00:00,30047.0
2023-07-20 00:00:00+00:00,29965.0
2023-07-20 01:00:00+00:00,29936.0
2023-07-20 02:00:00+00:00,29881.0
2023-07-20 03:00:00+00:00,29919.0
2023-07-20 04:00:00+00:00,30006.0
2023-07-20 05:00:00+00:00,29999.0
2023-07-20 06:00:00+00:00,29986.0
2023-07-20 07:00:00+00:00,29952.0
2023-07-20 08:00:00+00:00,29965.0
2023-07-20 09:00:00+00:00,30136.0
2023-07-20 10:00:00+00:00,30124.0
2023-07-20 11:00:00+00:00,30209.0
2023-07-20 12:00:00+00:00,30269.0
2023-07-20 13:00:00+00:00,30331.0
2023-07-20 14:00:00+00:00,30295.0
2023-07-20 15:00:00+00:00,30289.0
2023-07-20 16:00:00+00:00,30224.0
2023-07-20 17:00:00+00:00,30230.0
2023-07-20 18:00:00+00:00,29780.0
2023-07-20 19:00:00+00:00,29807.0
2023-07-20 20:00:00+00:00,29712.0
2023-07-20 21:00:00+00:00,29752.0
2023-07-20 22:00:00+00:00,29684.0
2023-07-20 23:00:00+00:00,29752.0
2023-07-21 00:00:00+00:00,29734.0
2023-07-21 01:00:00+00:00,29881.0
2023-07-21 02:00:00+00:00,29811.0
2023-07-21 03:00:00+00:00,29806.0
2023-07-21 04:00:00+00:00,29788.0
2023-07-21 05:00:00+00:00,29877.0
2023-07-21 06:00:00+00:00,29904.0
2023-07-21 07:00:00+00:00,29896.0
2023-07-21 08:00:00+00:00,29863.0
2023-07-21 09:00:00+00:00,29821.0
2023-07-21 10:00:00+00:00,29860.0
2023-07-21 11:00:00+00:00,29765.0
2023-07-21 12:00:00+00:00,29795.0
2023-07-21 13:00:00+00:00,29757.0
2023-07-21 14:00:00+00:00,29798.0
2023-07-21 15:00:00+00:00,29779.0
2023-07-21 16:00:00+00:00,29877.0
2023-07-21 17:00:00+00:00,29810.0
2023-07-21 18:00:00+00:00,29874.0
2023-07-21 19:00:00+00:00,29860.0
2023-07-21 20:00:00+00:00,29825.0
2023-07-21 21:00:00+00:00,29924.0
2023-07-21 22:00:00+00:00,29980.0
2023-07-21 23:00:00+00:00,29874.0
2023-07-22 00:00:00+00:00,29885.0
2023-07-22 01:00:00+00:00,29908.0
2023-07-22 02:00:00+00:00,29933.0
2023-07-22 03:00:00+00:00,29908.0
2023-07-22 04:00:00+00:00,29990.0
2023-07-22 05:00:00+00:00,29932.0
2023-07-22 06:00:00+00:00,29940.0
2023-07-22 07:00:00+00:00,29908.0
2023-07-22 08:00:00+00:00,29886.0
2023-07-22 09:00:00+00:00,29872.0
2023-07-22 10:00:00+00:00,29898.0
2023-07-22 11:00:00+00:00,29946.0
2023-07-22 12:00:00+00:00,29946.0
2023-07-22 13:00:00+00:00,29934.0
2023-07-22 14:00:00+00:00,29908.0
2023-07-22 15:00:00+00:00,29896.0
2023-07-22 16:00:00+00:00,29851.0
2023-07-22 17:00:00+00:00,29853.0
2023-07-22 18:00:00+00:00,29889.0
2023-07-22 19:00:00+00:00,29909.0
2023-07-22 20:00:00+00:00,29902.0
2023-07-22 21:00:00+00:00,29839.0
2023-07-22 22:00:00+00:00,29819.0
2023-07-22 23:00:00+00:00,29841.0
2023-07-23 00:00:00+00:00,29833.0
2023-07-23 01:00:00+00:00,29829.0
2023-07-23 02:00:00+00:00,29810.0
2023-07-23 03:00:00+00:00,29789.0
2023-07-23 04:00:00+00:00,29778.0
2023-07-23 05:00:00+00:00,29836.0
2023-07-23 06:00:00+00:00,29889.0
2023-07-23 07:00:00+00:00,29852.0
2023-07-23 08:00:00+00:00,29910.0
2023-07-23 09:00:00+00:00,29922.0
2023-07-23 10:00:00+00:00,29923.0
2023-07-23 11:00:00+00:00,29917.0
2023-07-23 12:00:00+00:00,29953.0
2023-07-23 13:00:00+00:00,29911.0
2023-07-23 14:00:00+00:00,29899.0
2023-07-23 15:00:00+00:00,29894.0
2023-07-23 16:00:00+00:00,29919.0
2023-07-23 17:00:00+00:00,29892.0
2023-07-23 18:00:00+00:00,29895.0
2023-07-23 19:00:00+00:00,29901.0
2023-07-23 20:00:00+00:00,29953.0
2023-07-23 21:00:00+00:00,30119.0
2023-07-23 22:00:00+00:00,30249.0
2023-07-23 23:00:00+00:00,30089.0
2023-07-24 00:00:00+00:00,30138.0
2023-07-24 01:00:00+00:00,29939.0
2023-07-24 02:00:00+00:00,30015.0
2023-07-24 03:00:00+00:00,30085.0
2023-07-24 04:00:00+00:00,30011.0
2023-07-24 05:00:00+00:00,29914.0
2023-07-24 06:00:00+00:00,29797.0
2023-07-24 07:00:00+00:00,29712.0
2023-07-24 08:00:00+00:00,29794.0
2023-07-24 09:00:00+00:00,29794.0
2023-07-24 10:00:00+00:00,29780.0
2023-07-24 11:00:00+00:00,29821.0
2023-07-24 12:00:00+00:00,29757.0
2023-07-24 13:00:00+00:00,29176.0
2023-07-24 14:00:00+00:00,29318.0
2023-07-24 15:00:00+00:00,29264.0
2023-07-24 16:00:00+00:00,29226.0
2023-07-24 17:00:00+00:00,29179.0
2023-07-24 18:00:00+00:00,29006.0
2023-07-24 19:00:00+00:00,29084.0
2023-07-24 20:00:00+00:00,29100.0
2023-07-24 21:00:00+00:00,29036.0
2023-07-24 22:00:00+00:00,29119.0
2023-07-24 23:00:00+00:00,29107.0
2023-07-25 00:00:00+00:00,29140.0
2023-07-25 01:00:00+00:00,29167.0
2023-07-25 02:00:00+00:00,29160.0
2023-07-25 03:00:00+00:00,29177.0
2023-07-25 04:00:00+00:00,29113.0
2023-07-25 05:00:00+00:00,29079.0
2023-07-25 06:00:00+00:00,29130.0
2023-07-25 07:00:00+00:00,29111.0
2023-07-25 08:00:00+00:00,29085.0
2023-07-25 09:00:00+00:00,29121.0
2023-07-25 10:00:00+00:00,29143.0
2023-07-25 11:00:00+00:00,29142.0
2023-07-25 12:00:00+00:00,29184.0
2023-07-25 13:00:00+00:00,29162.0
2023-07-25 14:00:00+00:00,29160.0
2023-07-25 15:00:00+00:00,29122.0
2023-07-25 16:00:00+00:00,29115.0
2023-07-25 17:00:00+00:00,29268.0
2023-07-25 18:00:00+00:00,29180.0
2023-07-25 19:00:00+00:00,29181.0
2023-07-25 20:00:00+00:00,29226.0
2023-07-25 21:00:00+00:00,29271.0
2023-07-25 22:00:00+00:00,29262.0
2023-07-25 23:00:00+00:00,29195.0
2023-07-26 00:00:00+00:00,29231.0
2023-07-26 01:00:00+00:00,29226.0
2023-07-26 02:00:00+00:00,29205.0
2023-07-26 03:00:00+00:00,29224.0
2023-07-26 04:00:00+00:00,29166.0
2023-07-26 05:00:00+00:00,29129.0
2023-07-26 06:00:00+00:00,29281.0
2023-07-26 07:00:00+00:00,29246.0
2023-07-26 08:00:00+00:00,29199.0
2023-07-26 09:00:00+00:00,29264.0
2023-07-26 10:00:00+00:00,29204.0
2023-07-26 11:00:00+00:00,29215.0
2023-07-26 12:00:00+00:00,29216.0
2023-07-26 13:00:00+00:00,29190.0
2023-07-26 14:00:00+00:00,29192.0
2023-07-26 15:00:00+00:00,29171.0
2023-07-26 16:00:00+00:00,29227.0
2023-07-26 17:00:00+00:00,29302.0
2023-07-26 18:00:00+00:00,29263.0
2023-07-26 19:00:00+00:00,29321.0
2023-07-26 20:00:00+00:00,29298.0
2023-07-26 21:00:00+00:00,29271.0
2023-07-26 22:00:00+00:00,29380.0
2023-07-26 23:00:00+00:00,29403.0
2023-07-27 00:00:00+00:00,29580.0
2023-07-27 01:00:00+00:00,29467.0
2023-07-27 02:00:00+00:00,29474.0
2023-07-27 03:00:00+00:00,29354.0
2023-07-27 04:00:00+00:00,29354.0
2023-07-27 05:00:00+00:00,29400.0
2023-07-27 06:00:00+00:00,29432.0
2023-07-27 07:00:00+00:00,29402.0
2023-07-27 08:00:00+00:00,29480.0
2023-07-27 09:00:00+00:00,29459.0
2023-07-27 10:00:00+00:00,29378.0
2023-07-27 11:00:00+00:00,29417.0
2023-07-27 12:00:00+00:00,29469.0
2023-07-27 13:00:00+00:00,29546.0
2023-07-27 14:00:00+00:00,29478.0
2023-07-27 15:00:00+00:00,29505.0
2023-07-27 16:00:00+00:00,29497.0
2023-07-27 17:00:00+00:00,29446.0
2023-07-27 18:00:00+00:00,29349.0
2023-07-27 19:00:00+00:00,29293.0
2023-07-27 20:00:00+00:00,29261.0
2023-07-27 21:00:00+00:00,29216.0
2023-07-27 22:00:00+00:00,29137.0
2023-07-27 23:00:00+00:00,29158.0
2023-07-28 00:00:00+00:00,29141.0
2023-07-28 01:00:00+00:00,29179.0
2023-07-28 02:00:00+00:00,29196.0
2023-07-28 03:00:00+00:00,29219.0
2023-07-28 04:00:00+00:00,29277.0
2023-07-28 05:00:00+00:00,29256.0
2023-07-28 06:00:00+00:00,29227.0
2023-07-28 07:00:00+00:00,29245.0
2023-07-28 08:00:00+00:00,29254.0
2023-07-28 09:00:00+00:00,29178.0
2023-07-28 10:00:00+00:00,29185.0
2023-07-28 11:00:00+00:00,29135.0
2023-07-28 12:00:00+00:00,29142.0
2023-07-28 13:00:00+00:00,29203.0
2023-07-28 14:00:00+00:00,29212.0
2023-07-28 15:00:00+00:00,29202.0
2023-07-28 16:00:00+00:00,29296.0
2023-07-28 17:00:00+00:00,29284.0
2023-07-28 18:00:00+00:00,29478.0
2023-07-28 19:00:00+00:00,29384.0
2023-07-28 20:00:00+00:00,29355.0
2023-07-28 21:00:00+00:00,29257.0
2023-07-28 22:00:00+00:00,29311.0
2023-07-28 23:00:00+00:00,29319.0
2023-07-29 00:00:00+00:00,29341.0
2023-07-29 01:00:00+00:00,29310.0
2023-07-29 02:00:00+00:00,29295.0
2023-07-29 03:00:00+00:00,29317.0
2023-07-29 04:00:00+00:00,29325.0
2023-07-29 05:00:00+00:00,29373.0
2023-07-29 06:00:00+00:00,29379.0
2023-07-29 07:00:00+00:00,29373.0
2023-07-29 08:00:00+00:00,29385.0
2023-07-29 09:00:00+00:00,29369.0
2023-07-29 10:00:00+00:00,29345.0
2023-07-29 11:00:00+00:00,29296.0
2023-07-29 12:00:00+00:00,29290.0
2023-07-29 13:00:00+00:00,29281.0
2023-07-29 14:00:00+00:00,29274.0
2023-07-29 15:00:00+00:00,29269.0
2023-07-29 16:00:00+00:00,29296.0
2023-07-29 17:00:00+00:00,29297.0
2023-07-29 18:00:00+00:00,29283.0
2023-07-29 19:00:00+00:00,29298.0
2023-07-29 20:00:00+00:00,29308.0
2023-07-29 21:00:00+00:00,29326.0
2023-07-29 22:00:00+00:00,29307.0
2023-07-29 23:00:00+00:00,29339.0
2023-07-30 00:00:00+00:00,29356.0
2023-07-30 01:00:00+00:00,29354.0
2023-07-30 02:00:00+00:00,29355.0
2023-07-30 03:00:00+00:00,29360.0
2023-07-30 04:00:00+00:00,29345.0
2023-07-30 05:00:00+00:00,29329.0
2023-07-30 06:00:00+00:00,29316.0
2023-07-30 07:00:00+00:00,29319.0
2023-07-30 08:00:00+00:00,29327.0
2023-07-30 09:00:00+00:00,29315.0
2023-07-30 10:00:00+00:00,29287.0
2023-07-30 11:00:00+00:00,29291.0
2023-07-30 12:00:00+00:00,29300.0
2023-07-30 13:00:00+00:00,29281.0
2023-07-30 14:00:00+00:00,29274.0
2023-07-30 15:00:00+00:00,29313.0
2023-07-30 16:00:00+00:00,29322.0
2023-07-30 17:00:00+00:00,29283.0
2023-07-30 18:00:00+00:00,29387.0
2023-07-30 19:00:00+00:00,29349.0
2023-07-30 20:00:00+00:00,29377.0
2023-07-30 21:00:00+00:00,29394.0
2023-07-30 22:00:00+00:00,29353.0
2023-07-30 23:00:00+00:00,29197.0
2023-07-31 00:00:00+00:00,29252.0
2023-07-31 01:00:00+00:00,29212.0
2023-07-31 02:00:00+00:00,29157.0
2023-07-31 03:00:00+00:00,29279.0
2023-07-31 04:00:00+00:00,29460.0
2023-07-31 05:00:00+00:00,29446.0
2023-07-31 06:00:00+00:00,29458.0
2023-07-31 07:00:00+00:00,29423.0
2023-07-31 08:00:00+00:00,29401.0
2023-07-31 09:00:00+00:00,29381.0
2023-07-31 10:00:00+00:00,29407.0
2023-07-31 11:00:00+00:00,29377.0
2023-07-31 12:00:00+00:00,29392.0
2023-07-31 13:00:00+00:00,29370.0
2023-07-31 14:00:00+00:00,29382.0
2023-07-31 15:00:00+00:00,29393.0
2023-07-31 16:00:00+00:00,29469.0
2023-07-31 17:00:00+00:00,29356.0
2023-07-31 18:00:00+00:00,29292.0
2023-07-31 19:00:00+00:00,29240.0
2023-07-31 20:00:00+00:00,29223.0
2023-07-31 21:00:00+00:00,29214.0
2023-07-31 22:00:00+00:00,29190.0
2023-07-31 23:00:00+00:00,29157.0
2023-08-01 00:00:00+00:00,29211.0
2023-08-01 01:00:00+00:00,29240.0
2023-08-01 02:00:00+00:00,29207.0
2023-08-01 03:00:00+00:00,29231.0
2023-08-01 04:00:00+00:00,29285.0
2023-08-01 05:00:00+00:00,29197.0
2023-08-01 06:00:00+00:00,28928.0
2023-08-01 07:00:00+00:00,28830.0
2023-08-01 08:00:00+00:00,28857.0
2023-08-01 09:00:00+00:00,28914.0
2023-08-01 10:00:00+00:00,28910.0
2023-08-01 11:00:00+00:00,28931.0
2023-08-01 12:00:00+00:00,28981.0
2023-08-01 13:00:00+00:00,28919.0
2023-08-01 14:00:00+00:00,28916.0
2023-08-01 15:00:00+00:00,28847.0
2023-08-01 16:00:00+00:00,28865.0
2023-08-01 17:00:00+00:00,28860.0
2023-08-01 18:00:00+00:00,28819.0
2023-08-01 19:00:00+00:00,28938.0
2023-08-01 20:00:00+00:00,28919.0
2023-08-01 21:00:00+00:00,28934.0
2023-08-01 22:00:00+00:00,29249.0
2023-08-01 23:00:00+00:00,29258.0
2023-08-02 00:00:00+00:00,29213.0
2023-08-02 01:00:00+00:00,29228.0
2023-08-02 02:00:00+00:00,29244.0
2023-08-02 03:00:00+00:00,29696.0
2023-08-02 04:00:00+00:00,29807.0
2023-08-02 05:00:00+00:00,29841.0
2023-08-02 06:00:00+00:00,29799.0
2023-08-02 07:00:00+00:00,29613.0
2023-08-02 08:00:00+00:00,29660.0
2023-08-02 09:00:00+00:00,29630.0
2023-08-02 10:00:00+00:00,29552.0
2023-08-02 11:00:00+00:00,29559.0
2023-08-02 12:00:00+00:00,29468.0
2023-08-02 13:00:00+00:00,29443.0
2023-08-02 14:00:00+00:00,29515.0
2023-08-02 15:00:00+00:00,29551.0
2023-08-02 16:00:00+00:00,29456.0
2023-08-02 17:00:00+00:00,29395.0
2023-08-02 18:00:00+00:00,29267.0
2023-08-02 19:00:00+00:00,29308.0
2023-08-02 20:00:00+00:00,29004.0
2023-08-02 21:00:00+00:00,29129.0
2023-08-02 22:00:00+00:00,29141.0
2023-08-02 23:00:00+00:00,29136.0
2023-08-03 00:00:00+00:00,29117.0
2023-08-03 01:00:00+00:00,29163.0
2023-08-03 02:00:00+00:00,29166.0
2023-08-03 03:00:00+00:00,29164.0
2023-08-03 04:00:00+00:00,29157.0
2023-08-03 05:00:00+00:00,29237.0
2023-08-03 06:00:00+00:00,29159.0
2023-08-03 07:00:00+00:00,29161.0
2023-08-03 08:00:00+00:00,29114.0
2023-08-03 09:00:00+00:00,29129.0
2023-08-03 10:00:00+00:00,29068.0
2023-08-03 11:00:00+00:00,29018.0
2023-08-03 12:00:00+00:00,29093.0
2023-08-03 13:00:00+00:00,29119.0
2023-08-03 14:00:00+00:00,29144.0
2023-08-03 15:00:00+00:00,29118.0
2023-08-03 16:00:00+00:00,29077.0
2023-08-03 17:00:00+00:00,29173.0
2023-08-03 18:00:00+00:00,29365.0
2023-08-03 19:00:00+00:00,29231.0
2023-08-03 20:00:00+00:00,29280.0
2023-08-03 21:00:00+00:00,29209.0
2023-08-03 22:00:00+00:00,29243.0
2023-08-03 23:00:00+00:00,29260.0
2023-08-04 00:00:00+00:00,29280.0
2023-08-04 01:00:00+00:00,29234.0
2023-08-04 02:00:00+00:00,29215.0
2023-08-04 03:00:00+00:00,29176.0
2023-08-04 04:00:00+00:00,29213.0
2023-08-04 05:00:00+00:00,29180.0
2023-08-04 06:00:00+00:00,29150.0
2023-08-04 07:00:00+00:00,29140.0
2023-08-04 08:00:00+00:00,29175.0
2023-08-04 09:00:00+00:00,29212.0
2023-08-04 10:00:00+00:00,29170.0
2023-08-04 11:00:00+00:00,29187.0
2023-08-04 12:00:00+00:00,29161.0
2023-08-04 13:00:00+00:00,29169.0
2023-08-04 14:00:00+00:00,29134.0
2023-08-04 15:00:00+00:00,29143.0
2023-08-04 16:00:00+00:00,29202.0
2023-08-04 17:00:00+00:00,29221.0
2023-08-04 18:00:00+00:00,29232.0
2023-08-04 19:00:00+00:00,29253.0
2023-08-04 20:00:00+00:00,29249.0
2023-08-04 21:00:00+00:00,29186.0
2023-08-04 22:00:00+00:00,29030.0
2023-08-04 23:00:00+00:00,28986.0
2023-08-05 00:00:00+00:00,28939.0
2023-08-05 01:00:00+00:00,29019.0
2023-08-05 02:00:00+00:00,29021.0
2023-08-05 03:00:00+00:00,29077.0
2023-08-05 04:00:00+00:00,29078.0
2023-08-05 05:00:00+00:00,29036.0
2023-08-05 06:00:00+00:00,29039.0
2023-08-05 07:00:00+00:00,29051.0
2023-08-05 08:00:00+00:00,29012.0
2023-08-05 09:00:00+00:00,29054.0
2023-08-05 10:00:00+00:00,29024.0
2023-08-05 11:00:00+00:00,29009.0
2023-08-05 12:00:00+00:00,29048.0
2023-08-05 13:00:00+00:00,29024.0
2023-08-05 14:00:00+00:00,29021.0
2023-08-05 15:00:00+00:00,29014.0
2023-08-05 16:00:00+00:00,28981.0
2023-08-05 17:00:00+00:00,28994.0
2023-08-05 18:00:00+00:00,29041.0
2023-08-05 19:00:00+00:00,29011.0
2023-08-05 20:00:00+00:00,29001.0
2023-08-05 21:00:00+00:00,29037.0
2023-08-05 22:00:00+00:00,29046.0
2023-08-05 23:00:00+00:00,29037.0
2023-08-06 00:00:00+00:00,29030.0
2023-08-06 01:00:00+00:00,29051.0
2023-08-06 02:00:00+00:00,29065.0
2023-08-06 03:00:00+00:00,29049.0
2023-08-06 04:00:00+00:00,29044.0
2023-08-06 05:00:00+00:00,29014.0
2023-08-06 06:00:00+00:00,29040.0
2023-08-06 07:00:00+00:00,29031.0
2023-08-06 08:00:00+00:00,29044.0
2023-08-06 09:00:00+00:00,29066.0
2023-08-06 10:00:00+00:00,29034.0
2023-08-06 11:00:00+00:00,29061.0
2023-08-06 12:00:00+00:00,29080.0
2023-08-06 13:00:00+00:00,29046.0
2023-08-06 14:00:00+00:00,29030.0
2023-08-06 15:00:00+00:00,29043.0
2023-08-06 16:00:00+00:00,28997.0
2023-08-06 17:00:00+00:00,28982.0
2023-08-06 18:00:00+00:00,29002.0
2023-08-06 19:00:00+00:00,28976.0
2023-08-06 20:00:00+00:00,29048.0
2023-08-06 21:00:00+00:00,29053.0
2023-08-06 22:00:00+00:00,29048.0
2023-08-06 23:00:00+00:00,29051.0
2023-08-07 00:00:00+00:00,29083.0
2023-08-07 01:00:00+00:00,29042.0
2023-08-07 02:00:00+00:00,29052.0
2023-08-07 03:00:00+00:00,29042.0
2023-08-07 04:00:00+00:00,29010.0
2023-08-07 05:00:00+00:00,29097.0
2023-08-07 06:00:00+00:00,29148.0
2023-08-07 07:00:00+00:00,29113.0
2023-08-07 08:00:00+00:00,29134.0
2023-08-07 09:00:00+00:00,29079.0
2023-08-07 10:00:00+00:00,29005.0
2023-08-07 11:00:00+00:00,29043.0
2023-08-07 12:00:00+00:00,29012.0
2023-08-07 13:00:00+00:00,29037.0
2023-08-07 14:00:00+00:00,29090.0
2023-08-07 15:00:00+00:00,29040.0
2023-08-07 16:00:00+00:00,29017.0
2023-08-07 17:00:00+00:00,28989.0
2023-08-07 18:00:00+00:00,28980.0
2023-08-07 19:00:00+00:00,28819.0
2023-08-07 20:00:00+00:00,28892.0
2023-08-07 21:00:00+00:00,28944.0
2023-08-07 22:00:00+00:00,29058.0
2023-08-07 23:00:00+00:00,29119.0
2023-08-08 00:00:00+00:00,29159.0
2023-08-08 01:00:00+00:00,29161.0
2023-08-08 02:00:00+00:00,29144.0
2023-08-08 03:00:00+00:00,29181.0
2023-08-08 04:00:00+00:00,29219.0
2023-08-08 05:00:00+00:00,29113.0
2023-08-08 06:00:00+00:00,29144.0
2023-08-08 07:00:00+00:00,29161.0
2023-08-08 08:00:00+00:00,29186.0
2023-08-08 09:00:00+00:00,29215.0
2023-08-08 10:00:00+00:00,29188.0
2023-08-08 11:00:00+00:00,29151.0
2023-08-08 12:00:00+00:00,29148.0
2023-08-08 13:00:00+00:00,29165.0
2023-08-08 14:00:00+00:00,29263.0
2023-08-08 15:00:00+00:00,29404.0
2023-08-08 16:00:00+00:00,29556.0
2023-08-08 17:00:00+00:00,29340.0
2023-08-08 18:00:00+00:00,29416.0
2023-08-08 19:00:00+00:00,29518.0
2023-08-08 20:00:00+00:00,29735.0
2023-08-08 21:00:00+00:00,29788.0
2023-08-08 22:00:00+00:00,29853.0
2023-08-08 23:00:00+00:00,29884.0
2023-08-09 00:00:00+00:00,29984.0
2023-08-09 01:00:00+00:00,29861.0
2023-08-09 02:00:00+00:00,29766.0
2023-08-09 03:00:00+00:00,29764.0
2023-08-09 04:00:00+00:00,29772.0
2023-08-09 05:00:00+00:00,29850.0
2023-08-09 06:00:00+00:00,29683.0
2023-08-09 07:00:00+00:00,29704.0
2023-08-09 08:00:00+00:00,29754.0
2023-08-09 09:00:00+00:00,29725.0
2023-08-09 10:00:00+00:00,29714.0
2023-08-09 11:00:00+00:00,29808.0
2023-08-09 12:00:00+00:00,29829.0
2023-08-09 13:00:00+00:00,29772.0
2023-08-09 14:00:00+00:00,29826.0
2023-08-09 15:00:00+00:00,29875.0
2023-08-09 16:00:00+00:00,30053.0
2023-08-09 17:00:00+00:00,29870.0
2023-08-09 18:00:00+00:00,29746.0
2023-08-09 19:00:00+00:00,29745.0
2023-08-09 20:00:00+00:00,29500.0
2023-08-09 21:00:00+00:00,29493.0
2023-08-09 22:00:00+00:00,29502.0
2023-08-09 23:00:00+00:00,29399.0
2023-08-10 00:00:00+00:00,29469.0
2023-08-10 01:00:00+00:00,29504.0
2023-08-10 02:00:00+00:00,29575.0
2023-08-10 03:00:00+00:00,29565.0
2023-08-10 04:00:00+00:00,29601.0
2023-08-10 05:00:00+00:00,29591.0
2023-08-10 06:00:00+00:00,29564.0
2023-08-10 07:00:00+00:00,29556.0
2023-08-10 08:00:00+00:00,29520.0
2023-08-10 09:00:00+00:00,29563.0
2023-08-10 10:00:00+00:00,29490.0
2023-08-10 11:00:00+00:00,29481.0
2023-08-10 12:00:00+00:00,29490.0
2023-08-10 13:00:00+00:00,29504.0
2023-08-10 14:00:00+00:00,29521.0
2023-08-10 15:00:00+00:00,29473.0
2023-08-10 16:00:00+00:00,29526.0
2023-08-10 17:00:00+00:00,29656.0
2023-08-10 18:00:00+00:00,29463.0
2023-08-10 19:00:00+00:00,29440.0
2023-08-10 20:00:00+00:00,29399.0
2023-08-10 21:00:00+00:00,29379.0
2023-08-10 22:00:00+00:00,29405.0
2023-08-10 23:00:00+00:00,29399.0
2023-08-11 00:00:00+00:00,29414.0
2023-08-11 01:00:00+00:00,29439.0
2023-08-11 02:00:00+00:00,29433.0
2023-08-11 03:00:00+00:00,29423.0
2023-08-11 04:00:00+00:00,29454.0
2023-08-11 05:00:00+00:00,29423.0
2023-08-11 06:00:00+00:00,29341.0
2023-08-11 07:00:00+00:00,29370.0
2023-08-11 08:00:00+00:00,29377.0
2023-08-11 09:00:00+00:00,29412.0
2023-08-11 10:00:00+00:00,29420.0
2023-08-11 11:00:00+00:00,29373.0
2023-08-11 12:00:00+00:00,29372.0
2023-08-11 13:00:00+00:00,29346.0
2023-08-11 14:00:00+00:00,29363.0
2023-08-11 15:00:00+00:00,29409.0
2023-08-11 16:00:00+00:00,29396.0
2023-08-11 17:00:00+00:00,29438.0
2023-08-11 18:00:00+00:00,29461.0
2023-08-11 19:00:00+00:00,29363.0
2023-08-11 20:00:00+00:00,29326.0
2023-08-11 21:00:00+00:00,29308.0
2023-08-11 22:00:00+00:00,29339.0
2023-08-11 23:00:00+00:00,29364.0
2023-08-12 00:00:00+00:00,29387.0
2023-08-12 01:00:00+00:00,29379.0
2023-08-12 02:00:00+00:00,29404.0
2023-08-12 03:00:00+00:00,29398.0
2023-08-12 04:00:00+00:00,29430.0
2023-08-12 05:00:00+00:00,29383.0
2023-08-12 06:00:00+00:00,29368.0
2023-08-12 07:00:00+00:00,29374.0
2023-08-12 08:00:00+00:00,29387.0
2023-08-12 09:00:00+00:00,29380.0
2023-08-12 10:00:00+00:00,29387.0
2023-08-12 11:00:00+00:00,29394.0
2023-08-12 12:00:00+00:00,29374.0
2023-08-12 13:00:00+00:00,29395.0
2023-08-12 14:00:00+00:00,29412.0
2023-08-12 15:00:00+00:00,29403.0
2023-08-12 16:00:00+00:00,29407.0
2023-08-12 17:00:00+00:00,29390.0
2023-08-12 18:00:00+00:00,29430.0
2023-08-12 19:00:00+00:00,29425.0
2023-08-12 20:00:00+00:00,29446.0
2023-08-12 21:00:00+00:00,29420.0
2023-08-12 22:00:00+00:00,29412.0
2023-08-12 23:00:00+00:00,29403.0
2023-08-13 00:00:00+00:00,29407.0
2023-08-13 01:00:00+00:00,29400.0
2023-08-13 02:00:00+00:00,29412.0
2023-08-13 03:00:00+00:00,29415.0
2023-08-13 04:00:00+00:00,29430.0
2023-08-13 05:00:00+00:00,29436.0
2023-08-13 06:00:00+00:00,29434.0
2023-08-13 07:00:00+00:00,29398.0
2023-08-13 08:00:00+00:00,29378.0
2023-08-13 09:00:00+00:00,29369.0
2023-08-13 10:00:00+00:00,29376.0
2023-08-13 11:00:00+00:00,29381.0
2023-08-13 12:00:00+00:00,29384.0
2023-08-13 13:00:00+00:00,29388.0
2023-08-13 14:00:00+00:00,29388.0
2023-08-13 15:00:00+00:00,29363.0
2023-08-13 16:00:00+00:00,29372.0
2023-08-13 17:00:00+00:00,29359.0
2023-08-13 18:00:00+00:00,29355.0
2023-08-13 19:00:00+00:00,29352.0
2023-08-13 20:00:00+00:00,29336.0
2023-08-13 21:00:00+00:00,29380.0
2023-08-13 22:00:00+00:00,29399.0
2023-08-13 23:00:00+00:00,29422.0
2023-08-14 00:00:00+00:00,29400.0
2023-08-14 01:00:00+00:00,29347.0
2023-08-14 02:00:00+00:00,29294.0
2023-08-14 03:00:00+00:00,29284.0
2023-08-14 04:00:00+00:00,29239.0
2023-08-14 05:00:00+00:00,29241.0
2023-08-14 06:00:00+00:00,29272.0
2023-08-14 07:00:00+00:00,29363.0
2023-08-14 08:00:00+00:00,29381.0
2023-08-14 09:00:00+00:00,29416.0
2023-08-14 10:00:00+00:00,29382.0
2023-08-14 11:00:00+00:00,29386.0
2023-08-14 12:00:00+00:00,29392.0
2023-08-14 13:00:00+00:00,29375.0
2023-08-14 14:00:00+00:00,29395.0
2023-08-14 15:00:00+00:00,29379.0
2023-08-14 16:00:00+00:00,29341.0
2023-08-14 17:00:00+00:00,29343.0
2023-08-14 18:00:00+00:00,29498.0
2023-08-14 19:00:00+00:00,29565.0
2023-08-14 20:00:00+00:00,29619.0
2023-08-14 21:00:00+00:00,29463.0
2023-08-14 22:00:00+00:00,29300.0
2023-08-14 23:00:00+00:00,29323.0
2023-08-15 00:00:00+00:00,29369.0
2023-08-15 01:00:00+00:00,29368.0
2023-08-15 02:00:00+00:00,29414.0
2023-08-15 03:00:00+00:00,29408.0
2023-08-15 04:00:00+00:00,29409.0
2023-08-15 05:00:00+00:00,29380.0
2023-08-15 06:00:00+00:00,29344.0
2023-08-15 07:00:00+00:00,29364.0
2023-08-15 08:00:00+00:00,29342.0
2023-08-15 09:00:00+00:00,29327.0
2023-08-15 10:00:00+00:00,29338.0
2023-08-15 11:00:00+00:00,29373.0
2023-08-15 12:00:00+00:00,29384.0
2023-08-15 13:00:00+00:00,29381.0
2023-08-15 14:00:00+00:00,29368.0
2023-08-15 15:00:00+00:00,29328.0
2023-08-15 16:00:00+00:00,29330.0
2023-08-15 17:00:00+00:00,29331.0
2023-08-15 18:00:00+00:00,29418.0
2023-08-15 19:00:00+00:00,29292.0
2023-08-15 20:00:00+00:00,29241.0
2023-08-15 21:00:00+00:00,29300.0
2023-08-15 22:00:00+00:00,29290.0
2023-08-15 23:00:00+00:00,29149.0
2023-08-16 00:00:00+00:00,29170.0
2023-08-16 01:00:00+00:00,29198.0
2023-08-16 02:00:00+00:00,29158.0
2023-08-16 03:00:00+00:00,29172.0
2023-08-16 04:00:00+00:00,29192.0
2023-08-16 05:00:00+00:00,29212.0
2023-08-16 06:00:00+00:00,29216.0
2023-08-16 07:00:00+00:00,29188.0
2023-08-16 08:00:00+00:00,29171.0
2023-08-16 09:00:00+00:00,29108.0
2023-08-16 10:00:00+00:00,29156.0
2023-08-16 11:00:00+00:00,29160.0
2023-08-16 12:00:00+00:00,29147.0
2023-08-16 13:00:00+00:00,29131.0
2023-08-16 14:00:00+00:00,29167.0
2023-08-16 15:00:00+00:00,29132.0
2023-08-16 16:00:00+00:00,29123.0
2023-08-16 17:00:00+00:00,29059.0
2023-08-16 18:00:00+00:00,29124.0
2023-08-16 19:00:00+00:00,29075.0
2023-08-16 20:00:00+00:00,29046.0
2023-08-16 21:00:00+00:00,29135.0
2023-08-16 22:00:00+00:00,29137.0
2023-08-16 23:00:00+00:00,29078.0
2023-08-17 00:00:00+00:00,28938.0
2023-08-17 01:00:00+00:00,28900.0
2023-08-17 02:00:00+00:00,28876.0
2023-08-17 03:00:00+00:00,28701.0
2023-08-17 04:00:00+00:00,28552.0
2023-08-17 05:00:00+00:00,28605.0
2023-08-17 06:00:00+00:00,28560.0
2023-08-17 07:00:00+00:00,28625.0
2023-08-17 08:00:00+00:00,28615.0
2023-08-17 09:00:00+00:00,28639.0
2023-08-17 10:00:00+00:00,28649.0
2023-08-17 11:00:00+00:00,28582.0
2023-08-17 12:00:00+00:00,28520.0
2023-08-17 13:00:00+00:00,28553.0
2023-08-17 14:00:00+00:00,28507.0
2023-08-17 15:00:00+00:00,28503.0
2023-08-17 16:00:00+00:00,28463.0
2023-08-17 17:00:00+00:00,28358.0
2023-08-17 18:00:00+00:00,28349.0
2023-08-17 19:00:00+00:00,27896.0
2023-08-17 20:00:00+00:00,27894.0
2023-08-17 21:00:00+00:00,27948.0
2023-08-17 22:00:00+00:00,27836.0
2023-08-17 23:00:00+00:00,27852.0
2023-08-18 00:00:00+00:00,27644.0
2023-08-18 01:00:00+00:00,26401.0
2023-08-18 02:00:00+00:00,26788.0
2023-08-18 03:00:00+00:00,26642.0
2023-08-18 04:00:00+00:00,26741.0
2023-08-18 05:00:00+00:00,26618.0
2023-08-18 06:00:00+00:00,26484.0
2023-08-18 07:00:00+00:00,26403.0
2023-08-18 08:00:00+00:00,26261.0
2023-08-18 09:00:00+00:00,26442.0
2023-08-18 10:00:00+00:00,26502.0
2023-08-18 11:00:00+00:00,26413.0
2023-08-18 12:00:00+00:00,26586.0
2023-08-18 13:00:00+00:00,26445.0
2023-08-18 14:00:00+00:00,26439.0
2023-08-18 15:00:00+00:00,26478.0
2023-08-18 16:00:00+00:00,26320.0
2023-08-18 17:00:00+00:00,26221.0
2023-08-18 18:00:00+00:00,25996.0
2023-08-18 19:00:00+00:00,25970.0
2023-08-18 20:00:00+00:00,25892.0
2023-08-18 21:00:00+00:00,25997.0
2023-08-18 22:00:00+00:00,26110.0
2023-08-18 23:00:00+00:00,26046.0
2023-08-19 00:00:00+00:00,26070.0
2023-08-19 01:00:00+00:00,26053.0
2023-08-19 02:00:00+00:00,26067.0
2023-08-19 03:00:00+00:00,26051.0
2023-08-19 04:00:00+00:00,26093.0
2023-08-19 05:00:00+00:00,26011.0
2023-08-19 06:00:00+00:00,25998.0
2023-08-19 07:00:00+00:00,25959.0
2023-08-19 08:00:00+00:00,25986.0
2023-08-19 09:00:00+00:00,25884.0
2023-08-19 10:00:00+00:00,25826.0
2023-08-19 11:00:00+00:00,25908.0
2023-08-19 12:00:00+00:00,25927.0
2023-08-19 13:00:00+00:00,25939.0
2023-08-19 14:00:00+00:00,25906.0
2023-08-19 15:00:00+00:00,25898.0
2023-08-19 16:00:00+00:00,25909.0
2023-08-19 17:00:00+00:00,25917.0
2023-08-19 18:00:00+00:00,25975.0
2023-08-19 19:00:00+00:00,26210.0
2023-08-19 20:00:00+00:00,26245.0
2023-08-19 21:00:00+00:00,26084.0
2023-08-19 22:00:00+00:00,26125.0
2023-08-19 23:00:00+00:00,26126.0
2023-08-20 00:00:00+00:00,26056.0
2023-08-20 01:00:00+00:00,26083.0
2023-08-20 02:00:00+00:00,26055.0
2023-08-20 03:00:00+00:00,26097.0
2023-08-20 04:00:00+00:00,26181.0
2023-08-20 05:00:00+00:00,26071.0
2023-08-20 06:00:00+00:00,26092.0
2023-08-20 07:00:00+00:00,26104.0
2023-08-20 08:00:00+00:00,26122.0
2023-08-20 09:00:00+00:00,26090.0
2023-08-20 10:00:00+00:00,26064.0
2023-08-20 11:00:00+00:00,26089.0
2023-08-20 12:00:00+00:00,26108.0
2023-08-20 13:00:00+00:00,26140.0
2023-08-20 14:00:00+00:00,26149.0
2023-08-20 15:00:00+00:00,26179.0
2023-08-20 16:00:00+00:00,26180.0
2023-08-20 17:00:00+00:00,26138.0
2023-08-20 18:00:00+00:00,26066.0
2023-08-20 19:00:00+00:00,26107.0
2023-08-20 20:00:00+00:00,26057.0
2023-08-20 21:00:00+00:00,26116.0
2023-08-20 22:00:00+00:00,26114.0
2023-08-20 23:00:00+00:00,26138.0
2023-08-21 00:00:00+00:00,26228.0
2023-08-21 01:00:00+00:00,26179.0
2023-08-21 02:00:00+00:00,26208.0
2023-08-21 03:00:00+00:00,26192.0
2023-08-21 04:00:00+00:00,26139.0
2023-08-21 05:00:00+00:00,26121.0
2023-08-21 06:00:00+00:00,26094.0
2023-08-21 07:00:00+00:00,26090.0
2023-08-21 08:00:00+00:00,26055.0
2023-08-21 09:00:00+00:00,26095.0
2023-08-21 10:00:00+00:00,26032.0
2023-08-21 11:00:00+00:00,26016.0
2023-08-21 12:00:00+00:00,26044.0
2023-08-21 13:00:00+00:00,26018.0
2023-08-21 14:00:00+00:00,25935.0
2023-08-21 15:00:00+00:00,26026.0
2023-08-21 16:00:00+00:00,25999.0
2023-08-21 17:00:00+00:00,26123.0
2023-08-21 18:00:00+00:00,26105.0
2023-08-21 19:00:00+00:00,25941.0
2023-08-21 20:00:00+00:00,26016.0
2023-08-21 21:00:00+00:00,26051.0
2023-08-21 22:00:00+00:00,26033.0
2023-08-21 23:00:00+00:00,26100.0
2023-08-22 00:00:00+00:00,26110.0
2023-08-22 01:00:00+00:00,26196.0
2023-08-22 02:00:00+00:00,26130.0
2023-08-22 03:00:00+00:00,26125.0
2023-08-22 04:00:00+00:00,26097.0
2023-08-22 05:00:00+00:00,26040.0
2023-08-22 06:00:00+00:00,26058.0
2023-08-22 07:00:00+00:00,26050.0
2023-08-22 08:00:00+00:00,26009.0
2023-08-22 09:00:00+00:00,26038.0
2023-08-22 10:00:00+00:00,26057.0
2023-08-22 11:00:00+00:00,26093.0
2023-08-22 12:00:00+00:00,26055.0
2023-08-22 13:00:00+00:00,26044.0
2023-08-22 14:00:00+00:00,26036.0
2023-08-22 15:00:00+00:00,26047.0
2023-08-22 16:00:00+00:00,26041.0
2023-08-22 17:00:00+00:00,25995.0
2023-08-22 18:00:00+00:00,25984.0
2023-08-22 19:00:00+00:00,25929.0
2023-08-22 20:00:00+00:00,26012.0
2023-08-22 21:00:00+00:00,25822.0
2023-08-22 22:00:00+00:00,25901.0
2023-08-22 23:00:00+00:00,25770.0
2023-08-23 00:00:00+00:00,25857.0
2023-08-23 01:00:00+00:00,25674.0
2023-08-23 02:00:00+00:00,25803.0
2023-08-23 03:00:00+00:00,26042.0
2023-08-23 04:00:00+00:00,26029.0
2023-08-23 05:00:00+00:00,26041.0
2023-08-23 06:00:00+00:00,26031.0
2023-08-23 07:00:00+00:00,25999.0
2023-08-23 08:00:00+00:00,26044.0
2023-08-23 09:00:00+00:00,26041.0
2023-08-23 10:00:00+00:00,26043.0
2023-08-23 11:00:00+00:00,26051.0
2023-08-23 12:00:00+00:00,26021.0
2023-08-23 13:00:00+00:00,26031.0
2023-08-23 14:00:00+00:00,25959.0
2023-08-23 15:00:00+00:00,25926.0
2023-08-23 16:00:00+00:00,25832.0
2023-08-23 17:00:00+00:00,26006.0
2023-08-23 18:00:00+00:00,26031.0
2023-08-23 19:00:00+00:00,26130.0
2023-08-23 20:00:00+00:00,26383.0
2023-08-23 21:00:00+00:00,26539.0
2023-08-23 22:00:00+00:00,26458.0
2023-08-23 23:00:00+00:00,26626.0
2023-08-24 00:00:00+00:00,26590.0
2023-08-24 01:00:00+00:00,26322.0
2023-08-24 02:00:00+00:00,26454.0
2023-08-24 03:00:00+00:00,26431.0
2023-08-24 04:00:00+00:00,26509.0
2023-08-24 05:00:00+00:00,26348.0
2023-08-24 06:00:00+00:00,26371.0
2023-08-24 07:00:00+00:00,26438.0
2023-08-24 08:00:00+00:00,26455.0
2023-08-24 09:00:00+00:00,26416.0
2023-08-24 10:00:00+00:00,26447.0
2023-08-24 11:00:00+00:00,26472.0
2023-08-24 12:00:00+00:00,26491.0
2023-08-24 13:00:00+00:00,26432.0
2023-08-24 14:00:00+00:00,26469.0
2023-08-24 15:00:00+00:00,26436.0
2023-08-24 16:00:00+00:00,26377.0
2023-08-24 17:00:00+00:00,26341.0
2023-08-24 18:00:00+00:00,26102.0
2023-08-24 19:00:00+00:00,25980.0
2023-08-24 20:00:00+00:00,26097.0
2023-08-24 21:00:00+00:00,26041.0
2023-08-24 22:00:00+00:00,26010.0
2023-08-24 23:00:00+00:00,26016.0
2023-08-25 00:00:00+00:00,26013.0
2023-08-25 01:00:00+00:00,26086.0
2023-08-25 02:00:00+00:00,26111.0
2023-08-25 03:00:00+00:00,26168.0
2023-08-25 04:00:00+00:00,26130.0
2023-08-25 05:00:00+00:00,26138.0
2023-08-25 06:00:00+00:00,26122.0
2023-08-25 07:00:00+00:00,26101.0
2023-08-25 08:00:00+00:00,26023.0
2023-08-25 09:00:00+00:00,26056.0
2023-08-25 10:00:00+00:00,26009.0
2023-08-25 11:00:00+00:00,25962.0
2023-08-25 12:00:00+00:00,26088.0
2023-08-25 13:00:00+00:00,26074.0
2023-08-25 14:00:00+00:00,26079.0
2023-08-25 15:00:00+00:00,26091.0
2023-08-25 16:00:00+00:00,26104.0
2023-08-25 17:00:00+00:00,26054.0
2023-08-25 18:00:00+00:00,25791.0
2023-08-25 19:00:00+00:00,25930.0
2023-08-25 20:00:00+00:00,25923.0
2023-08-25 21:00:00+00:00,25872.0
2023-08-25 22:00:00+00:00,26035.0
2023-08-25 23:00:00+00:00,25956.0
2023-08-26 00:00:00+00:00,26045.0
2023-08-26 01:00:00+00:00,26068.0
2023-08-26 02:00:00+00:00,26046.0
2023-08-26 03:00:00+00:00,26048.0
2023-08-26 04:00:00+00:00,26034.0
2023-08-26 05:00:00+00:00,26037.0
2023-08-26 06:00:00+00:00,26064.0
2023-08-26 07:00:00+00:00,26073.0
2023-08-26 08:00:00+00:00,26061.0
2023-08-26 09:00:00+00:00,26050.0
2023-08-26 10:00:00+00:00,26070.0
2023-08-26 11:00:00+00:00,26039.0
2023-08-26 12:00:00+00:00,26024.0
2023-08-26 13:00:00+00:00,26002.0
2023-08-26 14:00:00+00:00,26010.0
2023-08-26 15:00:00+00:00,26030.0
2023-08-26 16:00:00+00:00,26011.0
2023-08-26 17:00:00+00:00,26024.0
2023-08-26 18:00:00+00:00,26046.0
2023-08-26 19:00:00+00:00,26042.0
2023-08-26 20:00:00+00:00,26032.0
2023-08-26 21:00:00+00:00,26021.0
2023-08-26 22:00:00+00:00,26011.0
2023-08-26 23:00:00+00:00,26028.0
2023-08-27 00:00:00+00:00,26023.0
2023-08-27 01:00:00+00:00,26027.0
2023-08-27 02:00:00+00:00,26022.0
2023-08-27 03:00:00+00:00,26008.0
2023-08-27 04:00:00+00:00,25992.0
2023-08-27 05:00:00+00:00,25983.0
2023-08-27 06:00:00+00:00,25990.0
2023-08-27 07:00:00+00:00,26007.0
2023-08-27 08:00:00+00:00,26024.0
2023-08-27 09:00:00+00:00,26022.0
2023-08-27 10:00:00+00:00,26030.0
2023-08-27 11:00:00+00:00,26030.0
2023-08-27 12:00:00+00:00,26044.0
2023-08-27 13:00:00+00:00,26058.0
2023-08-27 14:00:00+00:00,26073.0
2023-08-27 15:00:00+00:00,26053.0
2023-08-27 16:00:00+00:00,26064.0
2023-08-27 17:00:00+00:00,26070.0
2023-08-27 18:00:00+00:00,26139.0
2023-08-27 19:00:00+00:00,26106.0
2023-08-27 20:00:00+00:00,26156.0
2023-08-27 21:00:00+00:00,26053.0
2023-08-27 22:00:00+00:00,26096.0
2023-08-27 23:00:00+00:00,26115.0
2023-08-28 00:00:00+00:00,26088.0
2023-08-28 01:00:00+00:00,26060.0
2023-08-28 02:00:00+00:00,26081.0
2023-08-28 03:00:00+00:00,26090.0
2023-08-28 04:00:00+00:00,26021.0
2023-08-28 05:00:00+00:00,26014.0
2023-08-28 06:00:00+00:00,26020.0
2023-08-28 07:00:00+00:00,26000.0
2023-08-28 08:00:00+00:00,26014.0
2023-08-28 09:00:00+00:00,25953.0
2023-08-28 10:00:00+00:00,25932.0
2023-08-28 11:00:00+00:00,25921.0
2023-08-28 12:00:00+00:00,25953.0
2023-08-28 13:00:00+00:00,25917.0
2023-08-28 14:00:00+00:00,25933.0
2023-08-28 15:00:00+00:00,25984.0
2023-08-28 16:00:00+00:00,26122.0
2023-08-28 17:00:00+00:00,26088.0
2023-08-28 18:00:00+00:00,26122.0
2023-08-28 19:00:00+00:00,26085.0
2023-08-28 20:00:00+00:00,26134.0
2023-08-28 21:00:00+00:00,26130.0
2023-08-28 22:00:00+00:00,26134.0
2023-08-28 23:00:00+00:00,25976.0
2023-08-29 00:00:00+00:00,25979.0
2023-08-29 01:00:00+00:00,25973.0
2023-08-29 02:00:00+00:00,26045.0
2023-08-29 03:00:00+00:00,26103.0
2023-08-29 04:00:00+00:00,26124.0
2023-08-29 05:00:00+00:00,26092.0
2023-08-29 06:00:00+00:00,26087.0
2023-08-29 07:00:00+00:00,26070.0
2023-08-29 08:00:00+00:00,26033.0
2023-08-29 09:00:00+00:00,26047.0
2023-08-29 10:00:00+00:00,25996.0
2023-08-29 11:00:00+00:00,25995.0
2023-08-29 12:00:00+00:00,25943.0
2023-08-29 13:00:00+00:00,25974.0
2023-08-29 14:00:00+00:00,25963.0
2023-08-29 15:00:00+00:00,25961.0
2023-08-29 16:00:00+00:00,26028.0
2023-08-29 17:00:00+00:00,26034.0
2023-08-29 18:00:00+00:00,27527.0
2023-08-29 19:00:00+00:00,27421.0
2023-08-29 20:00:00+00:00,28003.0
2023-08-29 21:00:00+00:00,27886.0
2023-08-29 22:00:00+00:00,27985.0
2023-08-29 23:00:00+00:00,27847.0
2023-08-30 00:00:00+00:00,27598.0
2023-08-30 01:00:00+00:00,27666.0
2023-08-30 02:00:00+00:00,27642.0
2023-08-30 03:00:00+00:00,27726.0
2023-08-30 04:00:00+00:00,27631.0
2023-08-30 05:00:00+00:00,27554.0
2023-08-30 06:00:00+00:00,27405.0
2023-08-30 07:00:00+00:00,27400.0
2023-08-30 08:00:00+00:00,27441.0
2023-08-30 09:00:00+00:00,27468.0
2023-08-30 10:00:00+00:00,27387.0
2023-08-30 11:00:00+00:00,27437.0
2023-08-30 12:00:00+00:00,27471.0
2023-08-30 13:00:00+00:00,27421.0
2023-08-30 14:00:00+00:00,27436.0
2023-08-30 15:00:00+00:00,27341.0
2023-08-30 16:00:00+00:00,27350.0
2023-08-30 17:00:00+00:00,27365.0
2023-08-30 18:00:00+00:00,27108.0
2023-08-30 19:00:00+00:00,27204.0
2023-08-30 20:00:00+00:00,27152.0
2023-08-30 21:00:00+00:00,27168.0
2023-08-30 22:00:00+00:00,27275.0
2023-08-30 23:00:00+00:00,27178.0
2023-08-31 00:00:00+00:00,27250.0
2023-08-31 01:00:00+00:00,27263.0
2023-08-31 02:00:00+00:00,27240.0
2023-08-31 03:00:00+00:00,27300.0
2023-08-31 04:00:00+00:00,27220.0
2023-08-31 05:00:00+00:00,27195.0
2023-08-31 06:00:00+00:00,27191.0
2023-08-31 07:00:00+00:00,27210.0
2023-08-31 08:00:00+00:00,27253.0
2023-08-31 09:00:00+00:00,27243.0
2023-08-31 10:00:00+00:00,27249.0
2023-08-31 11:00:00+00:00,27255.0
2023-08-31 12:00:00+00:00,27230.0
2023-08-31 13:00:00+00:00,27199.0
2023-08-31 14:00:00+00:00,27205.0
2023-08-31 15:00:00+00:00,27307.0
2023-08-31 16:00:00+00:00,27194.0
2023-08-31 17:00:00+00:00,27146.0
2023-08-31 18:00:00+00:00,27175.0
2023-08-31 19:00:00+00:00,26918.0
2023-08-31 20:00:00+00:00,26238.0
2023-08-31 21:00:00+00:00,26322.0
2023-08-31 22:00:00+00:00,26285.0
2023-08-31 23:00:00+00:00,26181.0
2023-09-01 00:00:00+00:00,26007.0
2023-09-01 01:00:00+00:00,26022.0
2023-09-01 02:00:00+00:00,26037.0
2023-09-01 03:00:00+00:00,25932.0
2023-09-01 04:00:00+00:00,26035.0
2023-09-01 05:00:00+00:00,25978.0
2023-09-01 06:00:00+00:00,26049.0
2023-09-01 07:00:00+00:00,26071.0
2023-09-01 08:00:00+00:00,26033.0
2023-09-01 09:00:00+00:00,26019.0
2023-09-01 10:00:00+00:00,25988.0
2023-09-01 11:00:00+00:00,25982.0
2023-09-01 12:00:00+00:00,25972.0
2023-09-01 13:00:00+00:00,26020.0
2023-09-01 14:00:00+00:00,25992.0
2023-09-01 15:00:00+00:00,26039.0
2023-09-01 16:00:00+00:00,26049.0
2023-09-01 17:00:00+00:00,25989.0
2023-09-01 18:00:00+00:00,25711.0
2023-09-01 19:00:00+00:00,25799.0
2023-09-01 20:00:00+00:00,25768.0
2023-09-01 21:00:00+00:00,25467.0
2023-09-01 22:00:00+00:00,25637.0
2023-09-01 23:00:00+00:00,25622.0
2023-09-02 00:00:00+00:00,25758.0
2023-09-02 01:00:00+00:00,25794.0
2023-09-02 02:00:00+00:00,25759.0
2023-09-02 03:00:00+00:00,25798.0
2023-09-02 04:00:00+00:00,25783.0
2023-09-02 05:00:00+00:00,25770.0
2023-09-02 06:00:00+00:00,25753.0
2023-09-02 07:00:00+00:00,25786.0
2023-09-02 08:00:00+00:00,25769.0
2023-09-02 09:00:00+00:00,25810.0
2023-09-02 10:00:00+00:00,25794.0
2023-09-02 11:00:00+00:00,25789.0
2023-09-02 12:00:00+00:00,25779.0
2023-09-02 13:00:00+00:00,25802.0
2023-09-02 14:00:00+00:00,25829.0
2023-09-02 15:00:00+00:00,25810.0
2023-09-02 16:00:00+00:00,25809.0
2023-09-02 17:00:00+00:00,25826.0
2023-09-02 18:00:00+00:00,25864.0
2023-09-02 19:00:00+00:00,25906.0
2023-09-02 20:00:00+00:00,25859.0
2023-09-02 21:00:00+00:00,25813.0
2023-09-02 22:00:00+00:00,25812.0
2023-09-02 23:00:00+00:00,25836.0
2023-09-03 00:00:00+00:00,25844.0
2023-09-03 01:00:00+00:00,25860.0
2023-09-03 02:00:00+00:00,25863.0
2023-09-03 03:00:00+00:00,25870.0
2023-09-03 04:00:00+00:00,25865.0
2023-09-03 05:00:00+00:00,25864.0
2023-09-03 06:00:00+00:00,25861.0
2023-09-03 07:00:00+00:00,25864.0
2023-09-03 08:00:00+00:00,25878.0
2023-09-03 09:00:00+00:00,25896.0
2023-09-03 10:00:00+00:00,25906.0
2023-09-03 11:00:00+00:00,25946.0
2023-09-03 12:00:00+00:00,25885.0
2023-09-03 13:00:00+00:00,25908.0
2023-09-03 14:00:00+00:00,25930.0
2023-09-03 15:00:00+00:00,25938.0
2023-09-03 16:00:00+00:00,25901.0
2023-09-03 17:00:00+00:00,25894.0
2023-09-03 18:00:00+00:00,25926.0
2023-09-03 19:00:00+00:00,25872.0
2023-09-03 20:00:00+00:00,25848.0
2023-09-03 21:00:00+00:00,25887.0
2023-09-03 22:00:00+00:00,25930.0
2023-09-03 23:00:00+00:00,26002.0
2023-09-04 00:00:00+00:00,26044.0
2023-09-04 01:00:00+00:00,25967.0
2023-09-04 02:00:00+00:00,25951.0
2023-09-04 03:00:00+00:00,25970.0
2023-09-04 04:00:00+00:00,25906.0
2023-09-04 05:00:00+00:00,25902.0
2023-09-04 06:00:00+00:00,25981.0
2023-09-04 07:00:00+00:00,25988.0
2023-09-04 08:00:00+00:00,25981.0
2023-09-04 09:00:00+00:00,25937.0
2023-09-04 10:00:00+00:00,25960.0
2023-09-04 11:00:00+00:00,25952.0
2023-09-04 12:00:00+00:00,25972.0
2023-09-04 13:00:00+00:00,25944.0
2023-09-04 14:00:00+00:00,25903.0
2023-09-04 15:00:00+00:00,25882.0
2023-09-04 16:00:00+00:00,25851.0
2023-09-04 17:00:00+00:00,25877.0
2023-09-04 18:00:00+00:00,25845.0
2023-09-04 19:00:00+00:00,25808.0
2023-09-04 20:00:00+00:00,25850.0
2023-09-04 21:00:00+00:00,25892.0
2023-09-04 22:00:00+00:00,25907.0
2023-09-04 23:00:00+00:00,25886.0
2023-09-05 00:00:00+00:00,25828.0
2023-09-05 01:00:00+00:00,25673.0
2023-09-05 02:00:00+00:00,25769.0
2023-09-05 03:00:00+00:00,25819.0
2023-09-05 04:00:00+00:00,25760.0
2023-09-05 05:00:00+00:00,25740.0
2023-09-05 06:00:00+00:00,25656.0
2023-09-05 07:00:00+00:00,25670.0
2023-09-05 08:00:00+00:00,25682.0
2023-09-05 09:00:00+00:00,25722.0
2023-09-05 10:00:00+00:00,25673.0
2023-09-05 11:00:00+00:00,25719.0
2023-09-05 12:00:00+00:00,25696.0
2023-09-05 13:00:00+00:00,25741.0
2023-09-05 14:00:00+00:00,25738.0
2023-09-05 15:00:00+00:00,25762.0
2023-09-05 16:00:00+00:00,25807.0
2023-09-05 17:00:00+00:00,25724.0
2023-09-05 18:00:00+00:00,25694.0
2023-09-05 19:00:00+00:00,25738.0
2023-09-05 20:00:00+00:00,25742.0
2023-09-05 21:00:00+00:00,25730.0
2023-09-05 22:00:00+00:00,25731.0
2023-09-05 23:00:00+00:00,25672.0
2023-09-06 00:00:00+00:00,25703.0
2023-09-06 01:00:00+00:00,25723.0
2023-09-06 02:00:00+00:00,25758.0
2023-09-06 03:00:00+00:00,25783.0
2023-09-06 04:00:00+00:00,25793.0
2023-09-06 05:00:00+00:00,25774.0
2023-09-06 06:00:00+00:00,25835.0
2023-09-06 07:00:00+00:00,25771.0
2023-09-06 08:00:00+00:00,25745.0
2023-09-06 09:00:00+00:00,25734.0
2023-09-06 10:00:00+00:00,25761.0
2023-09-06 11:00:00+00:00,25713.0
2023-09-06 12:00:00+00:00,25739.0
2023-09-06 13:00:00+00:00,25738.0
2023-09-06 14:00:00+00:00,25719.0
2023-09-06 15:00:00+00:00,25722.0
2023-09-06 16:00:00+00:00,25711.0
2023-09-06 17:00:00+00:00,25724.0
2023-09-06 18:00:00+00:00,25598.0
2023-09-06 19:00:00+00:00,25578.0
2023-09-06 20:00:00+00:00,25583.0
2023-09-06 21:00:00+00:00,25859.0
2023-09-06 22:00:00+00:00,25617.0
2023-09-06 23:00:00+00:00,25659.0
2023-09-07 00:00:00+00:00,25665.0
2023-09-07 01:00:00+00:00,25715.0
2023-09-07 02:00:00+00:00,25733.0
2023-09-07 03:00:00+00:00,25748.0
2023-09-07 04:00:00+00:00,25743.0
2023-09-07 05:00:00+00:00,25736.0
2023-09-07 06:00:00+00:00,25739.0
2023-09-07 07:00:00+00:00,25816.0
2023-09-07 08:00:00+00:00,25807.0
2023-09-07 09:00:00+00:00,25777.0
2023-09-07 10:00:00+00:00,25754.0
2023-09-07 11:00:00+00:00,25758.0
2023-09-07 12:00:00+00:00,25731.0
2023-09-07 13:00:00+00:00,25725.0
2023-09-07 14:00:00+00:00,25732.0
2023-09-07 15:00:00+00:00,25692.0
2023-09-07 16:00:00+00:00,25642.0
2023-09-07 17:00:00+00:00,25624.0
2023-09-07 18:00:00+00:00,25748.0
2023-09-07 19:00:00+00:00,25760.0
2023-09-07 20:00:00+00:00,25813.0
2023-09-07 21:00:00+00:00,25918.0
2023-09-07 22:00:00+00:00,25887.0
2023-09-07 23:00:00+00:00,25886.0
2023-09-08 00:00:00+00:00,25994.0
2023-09-08 01:00:00+00:00,26157.0
2023-09-08 02:00:00+00:00,26327.0
2023-09-08 03:00:00+00:00,26245.0
2023-09-08 04:00:00+00:00,26360.0
2023-09-08 05:00:00+00:00,26244.0
2023-09-08 06:00:00+00:00,26259.0
2023-09-08 07:00:00+00:00,26252.0
2023-09-08 08:00:00+00:00,26342.0
2023-09-08 09:00:00+00:00,26234.0
2023-09-08 10:00:00+00:00,26211.0
2023-09-08 11:00:00+00:00,26249.0
2023-09-08 12:00:00+00:00,26188.0
2023-09-08 13:00:00+00:00,26040.0
2023-09-08 14:00:00+00:00,25823.0
2023-09-08 15:00:00+00:00,25829.0
2023-09-08 16:00:00+00:00,25844.0
2023-09-08 17:00:00+00:00,25875.0
2023-09-08 18:00:00+00:00,25826.0
2023-09-08 19:00:00+00:00,25836.0
2023-09-08 20:00:00+00:00,25787.0
2023-09-08 21:00:00+00:00,25822.0
2023-09-08 22:00:00+00:00,25793.0
2023-09-08 23:00:00+00:00,25885.0
2023-09-09 00:00:00+00:00,25900.0
2023-09-09 01:00:00+00:00,25891.0
2023-09-09 02:00:00+00:00,25904.0
2023-09-09 03:00:00+00:00,25908.0
2023-09-09 04:00:00+00:00,25863.0
2023-09-09 05:00:00+00:00,25866.0
2023-09-09 06:00:00+00:00,25883.0
2023-09-09 07:00:00+00:00,25867.0
2023-09-09 08:00:00+00:00,25864.0
2023-09-09 09:00:00+00:00,25836.0
2023-09-09 10:00:00+00:00,25871.0
2023-09-09 11:00:00+00:00,25876.0
2023-09-09 12:00:00+00:00,25864.0
2023-09-09 13:00:00+00:00,25879.0
2023-09-09 14:00:00+00:00,25861.0
2023-09-09 15:00:00+00:00,25859.0
2023-09-09 16:00:00+00:00,25851.0
2023-09-09 17:00:00+00:00,25818.0
2023-09-09 18:00:00+00:00,25849.0
2023-09-09 19:00:00+00:00,25886.0
2023-09-09 20:00:00+00:00,25892.0
2023-09-09 21:00:00+00:00,25879.0
2023-09-09 22:00:00+00:00,25860.0
2023-09-09 23:00:00+00:00,25867.0
2023-09-10 00:00:00+00:00,25851.0
2023-09-10 01:00:00+00:00,25887.0
2023-09-10 02:00:00+00:00,25903.0
2023-09-10 03:00:00+00:00,25899.0
2023-09-10 04:00:00+00:00,25867.0
2023-09-10 05:00:00+00:00,25847.0
2023-09-10 06:00:00+00:00,25851.0
2023-09-10 07:00:00+00:00,25857.0
2023-09-10 08:00:00+00:00,25825.0
2023-09-10 09:00:00+00:00,25845.0
2023-09-10 10:00:00+00:00,25847.0
2023-09-10 11:00:00+00:00,25851.0
2023-09-10 12:00:00+00:00,25857.0
2023-09-10 13:00:00+00:00,25825.0
2023-09-10 14:00:00+00:00,25806.0
2023-09-10 15:00:00+00:00,25797.0
2023-09-10 16:00:00+00:00,25796.0
2023-09-10 17:00:00+00:00,25808.0
2023-09-10 18:00:00+00:00,25768.0
2023-09-10 19:00:00+00:00,25768.0
2023-09-10 20:00:00+00:00,25782.0
2023-09-10 21:00:00+00:00,25693.0
2023-09-10 22:00:00+00:00,25722.0
2023-09-10 23:00:00+00:00,25793.0
2023-09-11 00:00:00+00:00,25810.0
2023-09-11 01:00:00+00:00,25889.0
2023-09-11 02:00:00+00:00,25846.0
2023-09-11 03:00:00+00:00,25836.0
2023-09-11 04:00:00+00:00,25721.0
2023-09-11 05:00:00+00:00,25690.0
2023-09-11 06:00:00+00:00,25731.0
2023-09-11 07:00:00+00:00,25731.0
2023-09-11 08:00:00+00:00,25770.0
2023-09-11 09:00:00+00:00,25875.0
2023-09-11 10:00:00+00:00,25829.0
2023-09-11 11:00:00+00:00,25807.0
2023-09-11 12:00:00+00:00,25797.0
2023-09-11 13:00:00+00:00,25730.0
2023-09-11 14:00:00+00:00,25700.0
2023-09-11 15:00:00+00:00,25595.0
2023-09-11 16:00:00+00:00,25705.0
2023-09-11 17:00:00+00:00,25609.0
2023-09-11 18:00:00+00:00,25122.0
2023-09-11 19:00:00+00:00,25106.0
2023-09-11 20:00:00+00:00,25175.0
2023-09-11 21:00:00+00:00,25210.0
2023-09-11 22:00:00+00:00,25156.0
2023-09-11 23:00:00+00:00,25005.0
2023-09-12 00:00:00+00:00,25088.0
2023-09-12 01:00:00+00:00,25137.0
2023-09-12 02:00:00+00:00,25138.0
2023-09-12 03:00:00+00:00,25155.0
2023-09-12 04:00:00+00:00,25199.0
2023-09-12 05:00:00+00:00,25146.0
2023-09-12 06:00:00+00:00,25206.0
2023-09-12 07:00:00+00:00,25788.0
2023-09-12 08:00:00+00:00,25747.0
2023-09-12 09:00:00+00:00,25765.0
2023-09-12 10:00:00+00:00,25758.0
2023-09-12 11:00:00+00:00,25820.0
2023-09-12 12:00:00+00:00,25763.0
2023-09-12 13:00:00+00:00,25854.0
2023-09-12 14:00:00+00:00,26155.0
2023-09-12 15:00:00+00:00,26086.0
2023-09-12 16:00:00+00:00,26120.0
2023-09-12 17:00:00+00:00,26288.0
2023-09-12 18:00:00+00:00,26129.0
2023-09-12 19:00:00+00:00,26208.0
2023-09-12 20:00:00+00:00,26105.0
2023-09-12 21:00:00+00:00,25909.0
2023-09-12 22:00:00+00:00,25983.0
2023-09-12 23:00:00+00:00,26071.0
2023-09-13 00:00:00+00:00,26073.0
2023-09-13 01:00:00+00:00,26105.0
2023-09-13 02:00:00+00:00,25972.0
2023-09-13 03:00:00+00:00,25844.0
2023-09-13 04:00:00+00:00,25917.0
2023-09-13 05:00:00+00:00,25949.0
2023-09-13 06:00:00+00:00,25904.0
2023-09-13 07:00:00+00:00,25874.0
2023-09-13 08:00:00+00:00,25926.0
2023-09-13 09:00:00+00:00,25895.0
2023-09-13 10:00:00+00:00,25955.0
2023-09-13 11:00:00+00:00,25871.0
2023-09-13 12:00:00+00:00,25949.0
2023-09-13 13:00:00+00:00,26151.0
2023-09-13 14:00:00+00:00,26145.0
2023-09-13 15:00:00+00:00,26186.0
2023-09-13 16:00:00+00:00,26211.0
2023-09-13 17:00:00+00:00,26129.0
2023-09-13 18:00:00+00:00,26220.0
2023-09-13 19:00:00+00:00,26252.0
2023-09-13 20:00:00+00:00,26287.0
2023-09-13 21:00:00+00:00,26099.0
2023-09-13 22:00:00+00:00,26116.0
2023-09-13 23:00:00+00:00,26146.0
2023-09-14 00:00:00+00:00,26224.0
2023-09-14 01:00:00+00:00,26239.0
2023-09-14 02:00:00+00:00,26251.0
2023-09-14 03:00:00+00:00,26226.0
2023-09-14 04:00:00+00:00,26522.0
2023-09-14 05:00:00+00:00,26181.0
2023-09-14 06:00:00+00:00,26283.0
2023-09-14 07:00:00+00:00,26270.0
2023-09-14 08:00:00+00:00,26218.0
2023-09-14 09:00:00+00:00,26194.0
2023-09-14 10:00:00+00:00,26292.0
2023-09-14 11:00:00+00:00,26343.0
2023-09-14 12:00:00+00:00,26312.0
2023-09-14 13:00:00+00:00,26286.0
2023-09-14 14:00:00+00:00,26332.0
2023-09-14 15:00:00+00:00,26450.0
2023-09-14 16:00:00+00:00,26464.0
2023-09-14 17:00:00+00:00,26598.0
2023-09-14 18:00:00+00:00,26736.0
2023-09-14 19:00:00+00:00,26697.0
2023-09-14 20:00:00+00:00,26625.0
2023-09-14 21:00:00+00:00,26654.0
2023-09-14 22:00:00+00:00,26591.0
2023-09-14 23:00:00+00:00,26689.0
2023-09-15 00:00:00+00:00,26579.0
2023-09-15 01:00:00+00:00,26543.0
2023-09-15 02:00:00+00:00,26617.0
2023-09-15 03:00:00+00:00,26529.0
2023-09-15 04:00:00+00:00,26492.0
2023-09-15 05:00:00+00:00,26510.0
2023-09-15 06:00:00+00:00,26611.0
2023-09-15 07:00:00+00:00,26621.0
2023-09-15 08:00:00+00:00,26644.0
2023-09-15 09:00:00+00:00,26591.0
2023-09-15 10:00:00+00:00,26583.0
2023-09-15 11:00:00+00:00,26574.0
2023-09-15 12:00:00+00:00,26639.0
2023-09-15 13:00:00+00:00,26623.0
2023-09-15 14:00:00+00:00,26645.0
2023-09-15 15:00:00+00:00,26427.0
2023-09-15 16:00:00+00:00,26369.0
2023-09-15 17:00:00+00:00,26376.0
2023-09-15 18:00:00+00:00,26238.0
2023-09-15 19:00:00+00:00,26322.0
2023-09-15 20:00:00+00:00,26382.0
2023-09-15 21:00:00+00:00,26344.0
2023-09-15 22:00:00+00:00,26352.0
2023-09-15 23:00:00+00:00,26404.0
2023-09-16 00:00:00+00:00,26419.0
2023-09-16 01:00:00+00:00,26472.0
2023-09-16 02:00:00+00:00,26775.0
2023-09-16 03:00:00+00:00,26607.0
2023-09-16 04:00:00+00:00,26642.0
2023-09-16 05:00:00+00:00,26660.0
2023-09-16 06:00:00+00:00,26681.0
2023-09-16 07:00:00+00:00,26627.0
2023-09-16 08:00:00+00:00,26562.0
2023-09-16 09:00:00+00:00,26550.0
2023-09-16 10:00:00+00:00,26492.0
2023-09-16 11:00:00+00:00,26503.0
2023-09-16 12:00:00+00:00,26516.0
2023-09-16 13:00:00+00:00,26511.0
2023-09-16 14:00:00+00:00,26548.0
2023-09-16 15:00:00+00:00,26520.0
2023-09-16 16:00:00+00:00,26549.0
2023-09-16 17:00:00+00:00,26561.0
2023-09-16 18:00:00+00:00,26512.0
2023-09-16 19:00:00+00:00,26519.0
2023-09-16 20:00:00+00:00,26539.0
2023-09-16 21:00:00+00:00,26577.0
2023-09-16 22:00:00+00:00,26581.0
2023-09-16 23:00:00+00:00,26545.0
2023-09-17 00:00:00+00:00,26538.0
2023-09-17 01:00:00+00:00,26580.0
2023-09-17 02:00:00+00:00,26570.0
2023-09-17 03:00:00+00:00,26571.0
2023-09-17 04:00:00+00:00,26480.0
2023-09-17 05:00:00+00:00,26504.0
2023-09-17 06:00:00+00:00,26515.0
2023-09-17 07:00:00+00:00,26535.0
2023-09-17 08:00:00+00:00,26561.0
2023-09-17 09:00:00+00:00,26544.0
2023-09-17 10:00:00+00:00,26551.0
2023-09-17 11:00:00+00:00,26508.0
2023-09-17 12:00:00+00:00,26554.0
2023-09-17 13:00:00+00:00,26581.0
2023-09-17 14:00:00+00:00,26603.0
2023-09-17 15:00:00+00:00,26577.0
2023-09-17 16:00:00+00:00,26587.0
2023-09-17 17:00:00+00:00,26546.0
2023-09-17 18:00:00+00:00,26551.0
2023-09-17 19:00:00+00:00,26559.0
2023-09-17 20:00:00+00:00,26523.0
2023-09-17 21:00:00+00:00,26494.0
2023-09-17 22:00:00+00:00,26507.0
2023-09-17 23:00:00+00:00,26512.0
2023-09-18 00:00:00+00:00,26446.0
2023-09-18 01:00:00+00:00,26492.0
2023-09-18 02:00:00+00:00,26495.0
2023-09-18 03:00:00+00:00,26535.0
2023-09-18 04:00:00+00:00,26480.0
2023-09-18 05:00:00+00:00,26469.0
2023-09-18 06:00:00+00:00,26672.0
2023-09-18 07:00:00+00:00,26662.0
2023-09-18 08:00:00+00:00,26632.0
2023-09-18 09:00:00+00:00,26657.0
2023-09-18 10:00:00+00:00,26643.0
2023-09-18 11:00:00+00:00,26715.0
2023-09-18 12:00:00+00:00,26728.0
2023-09-18 13:00:00+00:00,26888.0
2023-09-18 14:00:00+00:00,27136.0
2023-09-18 15:00:00+00:00,27206.0
2023-09-18 16:00:00+00:00,27389.0
2023-09-18 17:00:00+00:00,27262.0
2023-09-18 18:00:00+00:00,27278.0
2023-09-18 19:00:00+00:00,27284.0
2023-09-18 20:00:00+00:00,27262.0
2023-09-18 21:00:00+00:00,26770.0
2023-09-18 22:00:00+00:00,26723.0
2023-09-18 23:00:00+00:00,26831.0
2023-09-19 00:00:00+00:00,26771.0
2023-09-19 01:00:00+00:00,26845.0
2023-09-19 02:00:00+00:00,26880.0
2023-09-19 03:00:00+00:00,26770.0
2023-09-19 04:00:00+00:00,26689.0
2023-09-19 05:00:00+00:00,26713.0
2023-09-19 06:00:00+00:00,26823.0
2023-09-19 07:00:00+00:00,26829.0
2023-09-19 08:00:00+00:00,26865.0
2023-09-19 09:00:00+00:00,26805.0
2023-09-19 10:00:00+00:00,26829.0
2023-09-19 11:00:00+00:00,26854.0
2023-09-19 12:00:00+00:00,27075.0
2023-09-19 13:00:00+00:00,27292.0
2023-09-19 14:00:00+00:00,27177.0
2023-09-19 15:00:00+00:00,27235.0
2023-09-19 16:00:00+00:00,27153.0
2023-09-19 17:00:00+00:00,26983.0
2023-09-19 18:00:00+00:00,27181.0
2023-09-19 19:00:00+00:00,27429.0
2023-09-19 20:00:00+00:00,27295.0
2023-09-19 21:00:00+00:00,27158.0
2023-09-19 22:00:00+00:00,27137.0
2023-09-19 23:00:00+00:00,27199.0
2023-09-20 00:00:00+00:00,27193.0
2023-09-20 01:00:00+00:00,27157.0
2023-09-20 02:00:00+00:00,27204.0
2023-09-20 03:00:00+00:00,27214.0
2023-09-20 04:00:00+00:00,27219.0
2023-09-20 05:00:00+00:00,27341.0
2023-09-20 06:00:00+00:00,27174.0
2023-09-20 07:00:00+00:00,27127.0
2023-09-20 08:00:00+00:00,27082.0
2023-09-20 09:00:00+00:00,27034.0
2023-09-20 10:00:00+00:00,27075.0
2023-09-20 11:00:00+00:00,27114.0
2023-09-20 12:00:00+00:00,27190.0
2023-09-20 13:00:00+00:00,27044.0
2023-09-20 14:00:00+00:00,27072.0
2023-09-20 15:00:00+00:00,27106.0
2023-09-20 16:00:00+00:00,27075.0
2023-09-20 17:00:00+00:00,27168.0
2023-09-20 18:00:00+00:00,27131.0
2023-09-20 19:00:00+00:00,27188.0
2023-09-20 20:00:00+00:00,27165.0
2023-09-20 21:00:00+00:00,27201.0
2023-09-20 22:00:00+00:00,27172.0
2023-09-20 23:00:00+00:00,26945.0
2023-09-21 00:00:00+00:00,27089.0
2023-09-21 01:00:00+00:00,27107.0
2023-09-21 02:00:00+00:00,27101.0
2023-09-21 03:00:00+00:00,27128.0
2023-09-21 04:00:00+00:00,27042.0
2023-09-21 05:00:00+00:00,27030.0
2023-09-21 06:00:00+00:00,26973.0
2023-09-21 07:00:00+00:00,27035.0
2023-09-21 08:00:00+00:00,27098.0
2023-09-21 09:00:00+00:00,27078.0
2023-09-21 10:00:00+00:00,27076.0
2023-09-21 11:00:00+00:00,26992.0
2023-09-21 12:00:00+00:00,26932.0
2023-09-21 13:00:00+00:00,26741.0
2023-09-21 14:00:00+00:00,26643.0
2023-09-21 15:00:00+00:00,26732.0
2023-09-21 16:00:00+00:00,26639.0
2023-09-21 17:00:00+00:00,26416.0
2023-09-21 18:00:00+00:00,26578.0
2023-09-21 19:00:00+00:00,26583.0
2023-09-21 20:00:00+00:00,26580.0
2023-09-21 21:00:00+00:00,26652.0
2023-09-21 22:00:00+00:00,26613.0
2023-09-21 23:00:00+00:00,26602.0
2023-09-22 00:00:00+00:00,26602.0
2023-09-22 01:00:00+00:00,26615.0
2023-09-22 02:00:00+00:00,26592.0
2023-09-22 03:00:00+00:00,26563.0
2023-09-22 04:00:00+00:00,26642.0
2023-09-22 05:00:00+00:00,26635.0
2023-09-22 06:00:00+00:00,26567.0
2023-09-22 07:00:00+00:00,26629.0
2023-09-22 08:00:00+00:00,26646.0
2023-09-22 09:00:00+00:00,26657.0
2023-09-22 10:00:00+00:00,26615.0
2023-09-22 11:00:00+00:00,26670.0
2023-09-22 12:00:00+00:00,26675.0
2023-09-22 13:00:00+00:00,26638.0
2023-09-22 14:00:00+00:00,26595.0
2023-09-22 15:00:00+00:00,26640.0
2023-09-22 16:00:00+00:00,26588.0
2023-09-22 17:00:00+00:00,26605.0
2023-09-22 18:00:00+00:00,26675.0
2023-09-22 19:00:00+00:00,26631.0
2023-09-22 20:00:00+00:00,26597.0
2023-09-22 21:00:00+00:00,26578.0
2023-09-22 22:00:00+00:00,26598.0
2023-09-22 23:00:00+00:00,26536.0
2023-09-23 00:00:00+00:00,26527.0
2023-09-23 01:00:00+00:00,26572.0
2023-09-23 02:00:00+00:00,26581.0
2023-09-23 03:00:00+00:00,26581.0
2023-09-23 04:00:00+00:00,26607.0
2023-09-23 05:00:00+00:00,26583.0
2023-09-23 06:00:00+00:00,26550.0
2023-09-23 07:00:00+00:00,26537.0
2023-09-23 08:00:00+00:00,26547.0
2023-09-23 09:00:00+00:00,26545.0
2023-09-23 10:00:00+00:00,26579.0
2023-09-23 11:00:00+00:00,26579.0
2023-09-23 12:00:00+00:00,26575.0
2023-09-23 13:00:00+00:00,26579.0
2023-09-23 14:00:00+00:00,26578.0
2023-09-23 15:00:00+00:00,26578.0
2023-09-23 16:00:00+00:00,26582.0
2023-09-23 17:00:00+00:00,26581.0
2023-09-23 18:00:00+00:00,26572.0
2023-09-23 19:00:00+00:00,26579.0
2023-09-23 20:00:00+00:00,26605.0
2023-09-23 21:00:00+00:00,26601.0
2023-09-23 22:00:00+00:00,26620.0
2023-09-23 23:00:00+00:00,26613.0
2023-09-24 00:00:00+00:00,26593.0
2023-09-24 01:00:00+00:00,26575.0
2023-09-24 02:00:00+00:00,26568.0
2023-09-24 03:00:00+00:00,26583.0
2023-09-24 04:00:00+00:00,26574.0
2023-09-24 05:00:00+00:00,26588.0
2023-09-24 06:00:00+00:00,26589.0
2023-09-24 07:00:00+00:00,26574.0
2023-09-24 08:00:00+00:00,26573.0
2023-09-24 09:00:00+00:00,26563.0
2023-09-24 10:00:00+00:00,26557.0
2023-09-24 11:00:00+00:00,26567.0
2023-09-24 12:00:00+00:00,26589.0
2023-09-24 13:00:00+00:00,26591.0
2023-09-24 14:00:00+00:00,26583.0
2023-09-24 15:00:00+00:00,26600.0
2023-09-24 16:00:00+00:00,26610.0
2023-09-24 17:00:00+00:00,26598.0
2023-09-24 18:00:00+00:00,26592.0
2023-09-24 19:00:00+00:00,26582.0
2023-09-24 20:00:00+00:00,26580.0
2023-09-24 21:00:00+00:00,26677.0
2023-09-24 22:00:00+00:00,26595.0
2023-09-24 23:00:00+00:00,26458.0
2023-09-25 00:00:00+00:00,26507.0
2023-09-25 01:00:00+00:00,26520.0
2023-09-25 02:00:00+00:00,26496.0
2023-09-25 03:00:00+00:00,26248.0
2023-09-25 04:00:00+00:00,26244.0
2023-09-25 05:00:00+00:00,26168.0
2023-09-25 06:00:00+00:00,26210.0
2023-09-25 07:00:00+00:00,26155.0
2023-09-25 08:00:00+00:00,26143.0
2023-09-25 09:00:00+00:00,26105.0
2023-09-25 10:00:00+00:00,26133.0
2023-09-25 11:00:00+00:00,26181.0
2023-09-25 12:00:00+00:00,26130.0
2023-09-25 13:00:00+00:00,26063.0
2023-09-25 14:00:00+00:00,26091.0
2023-09-25 15:00:00+00:00,26067.0
2023-09-25 16:00:00+00:00,26093.0
2023-09-25 17:00:00+00:00,26150.0
2023-09-25 18:00:00+00:00,26128.0
2023-09-25 19:00:00+00:00,26235.0
2023-09-25 20:00:00+00:00,26326.0
2023-09-25 21:00:00+00:00,26358.0
2023-09-25 22:00:00+00:00,26332.0
2023-09-25 23:00:00+00:00,26331.0
2023-09-26 00:00:00+00:00,26284.0
2023-09-26 01:00:00+00:00,26279.0
2023-09-26 02:00:00+00:00,26280.0
2023-09-26 03:00:00+00:00,26297.0
2023-09-26 04:00:00+00:00,26260.0
2023-09-26 05:00:00+00:00,26288.0
2023-09-26 06:00:00+00:00,26356.0
2023-09-26 07:00:00+00:00,26354.0
2023-09-26 08:00:00+00:00,26340.0
2023-09-26 09:00:00+00:00,26319.0
2023-09-26 10:00:00+00:00,26285.0
2023-09-26 11:00:00+00:00,26264.0
2023-09-26 12:00:00+00:00,26268.0
2023-09-26 13:00:00+00:00,26265.0
2023-09-26 14:00:00+00:00,26241.0
2023-09-26 15:00:00+00:00,26266.0
2023-09-26 16:00:00+00:00,26207.0
2023-09-26 17:00:00+00:00,26170.0
2023-09-26 18:00:00+00:00,26185.0
2023-09-26 19:00:00+00:00,26116.0
2023-09-26 20:00:00+00:00,26209.0
2023-09-26 21:00:00+00:00,26164.0
2023-09-26 22:00:00+00:00,26173.0
2023-09-26 23:00:00+00:00,26240.0
2023-09-27 00:00:00+00:00,26154.0
2023-09-27 01:00:00+00:00,26151.0
2023-09-27 02:00:00+00:00,26146.0
2023-09-27 03:00:00+00:00,26208.0
2023-09-27 04:00:00+00:00,26244.0
2023-09-27 05:00:00+00:00,26247.0
2023-09-27 06:00:00+00:00,26214.0
2023-09-27 07:00:00+00:00,26266.0
2023-09-27 08:00:00+00:00,26235.0
2023-09-27 09:00:00+00:00,26241.0
2023-09-27 10:00:00+00:00,26246.0
2023-09-27 11:00:00+00:00,26232.0
2023-09-27 12:00:00+00:00,26245.0
2023-09-27 13:00:00+00:00,26376.0
2023-09-27 14:00:00+00:00,26427.0
2023-09-27 15:00:00+00:00,26749.0
2023-09-27 16:00:00+00:00,26702.0
2023-09-27 17:00:00+00:00,26610.0
2023-09-27 18:00:00+00:00,26178.0
2023-09-27 19:00:00+00:00,26277.0
2023-09-27 20:00:00+00:00,26221.0
2023-09-27 21:00:00+00:00,26204.0
2023-09-27 22:00:00+00:00,26233.0
2023-09-27 23:00:00+00:00,26241.0
2023-09-28 00:00:00+00:00,26238.0
2023-09-28 01:00:00+00:00,26261.0
2023-09-28 02:00:00+00:00,26322.0
2023-09-28 03:00:00+00:00,26361.0
2023-09-28 04:00:00+00:00,26429.0
2023-09-28 05:00:00+00:00,26430.0
2023-09-28 06:00:00+00:00,26364.0
2023-09-28 07:00:00+00:00,26360.0
2023-09-28 08:00:00+00:00,26426.0
2023-09-28 09:00:00+00:00,26428.0
2023-09-28 10:00:00+00:00,26451.0
2023-09-28 11:00:00+00:00,26434.0
2023-09-28 12:00:00+00:00,26388.0
2023-09-28 13:00:00+00:00,26410.0
2023-09-28 14:00:00+00:00,26537.0
2023-09-28 15:00:00+00:00,26454.0
2023-09-28 16:00:00+00:00,26458.0
2023-09-28 17:00:00+00:00,26560.0
2023-09-28 18:00:00+00:00,26788.0
2023-09-28 19:00:00+00:00,27006.0
2023-09-28 20:00:00+00:00,27060.0
2023-09-28 21:00:00+00:00,27159.0
2023-09-28 22:00:00+00:00,26971.0
2023-09-28 23:00:00+00:00,27103.0
2023-09-29 00:00:00+00:00,27098.0
2023-09-29 01:00:00+00:00,27019.0
2023-09-29 02:00:00+00:00,27016.0
2023-09-29 03:00:00+00:00,27026.0
2023-09-29 04:00:00+00:00,27070.0
2023-09-29 05:00:00+00:00,27059.0
2023-09-29 06:00:00+00:00,26902.0
2023-09-29 07:00:00+00:00,26961.0
2023-09-29 08:00:00+00:00,26972.0
2023-09-29 09:00:00+00:00,26978.0
2023-09-29 10:00:00+00:00,27072.0
2023-09-29 11:00:00+00:00,27179.0
2023-09-29 12:00:00+00:00,27000.0
2023-09-29 13:00:00+00:00,27035.0
2023-09-29 14:00:00+00:00,27034.0
2023-09-29 15:00:00+00:00,26968.0
2023-09-29 16:00:00+00:00,26996.0
2023-09-29 17:00:00+00:00,26891.0
2023-09-29 18:00:00+00:00,26903.0
2023-09-29 19:00:00+00:00,26878.0
2023-09-29 20:00:00+00:00,26867.0
2023-09-29 21:00:00+00:00,26841.0
2023-09-29 22:00:00+00:00,26920.0
2023-09-29 23:00:00+00:00,26918.0
2023-09-30 00:00:00+00:00,26907.0
2023-09-30 01:00:00+00:00,26875.0
2023-09-30 02:00:00+00:00,26886.0
2023-09-30 03:00:00+00:00,26911.0
2023-09-30 04:00:00+00:00,26938.0
2023-09-30 05:00:00+00:00,26901.0
2023-09-30 06:00:00+00:00,26914.0
2023-09-30 07:00:00+00:00,26924.0
2023-09-30 08:00:00+00:00,26927.0
2023-09-30 09:00:00+00:00,26935.0
2023-09-30 10:00:00+00:00,26932.0
2023-09-30 11:00:00+00:00,26935.0
2023-09-30 12:00:00+00:00,26937.0
2023-09-30 13:00:00+00:00,26956.0
2023-09-30 14:00:00+00:00,26981.0
2023-09-30 15:00:00+00:00,26937.0
2023-09-30 16:00:00+00:00,26934.0
2023-09-30 17:00:00+00:00,26978.0
2023-09-30 18:00:00+00:00,26998.0
2023-09-30 19:00:00+00:00,27001.0
2023-09-30 20:00:00+00:00,27029.0
2023-09-30 21:00:00+00:00,27026.0
2023-09-30 22:00:00+00:00,27011.0
2023-09-30 23:00:00+00:00,27031.0
2023-10-01 00:00:00+00:00,27072.0
2023-10-01 01:00:00+00:00,27008.0
2023-10-01 02:00:00+00:00,27019.0
2023-10-01 03:00:00+00:00,26966.0
2023-10-01 04:00:00+00:00,26998.0
2023-10-01 05:00:00+00:00,27028.0
2023-10-01 06:00:00+00:00,27030.0
2023-10-01 07:00:00+00:00,27049.0
2023-10-01 08:00:00+00:00,27049.0
2023-10-01 09:00:00+00:00,27075.0
2023-10-01 10:00:00+00:00,27137.0
2023-10-01 11:00:00+00:00,27119.0
2023-10-01 12:00:00+00:00,27142.0
2023-10-01 13:00:00+00:00,27226.0
2023-10-01 14:00:00+00:00,27214.0
2023-10-01 15:00:00+00:00,27200.0
2023-10-01 16:00:00+00:00,27198.0
2023-10-01 17:00:00+00:00,27191.0
2023-10-01 18:00:00+00:00,27126.0
2023-10-01 19:00:00+00:00,27153.0
2023-10-01 20:00:00+00:00,27114.0
2023-10-01 21:00:00+00:00,27079.0
2023-10-01 22:00:00+00:00,27101.0
2023-10-01 23:00:00+00:00,27109.0
2023-10-02 00:00:00+00:00,27114.0
2023-10-02 01:00:00+00:00,27186.0
2023-10-02 02:00:00+00:00,27984.0
2023-10-02 03:00:00+00:00,27995.0
2023-10-02 04:00:00+00:00,27932.0
2023-10-02 05:00:00+00:00,27923.0
2023-10-02 06:00:00+00:00,27993.0
2023-10-02 07:00:00+00:00,28126.0
2023-10-02 08:00:00+00:00,28072.0
2023-10-02 09:00:00+00:00,27994.0
2023-10-02 10:00:00+00:00,28100.0
2023-10-02 11:00:00+00:00,28317.0
2023-10-02 12:00:00+00:00,28299.0
2023-10-02 13:00:00+00:00,28301.0
2023-10-02 14:00:00+00:00,28320.0
2023-10-02 15:00:00+00:00,28216.0
2023-10-02 16:00:00+00:00,28349.0
2023-10-02 17:00:00+00:00,28550.0
2023-10-02 18:00:00+00:00,28316.0
2023-10-02 19:00:00+00:00,28071.0
2023-10-02 20:00:00+00:00,28005.0
2023-10-02 21:00:00+00:00,28062.0
2023-10-02 22:00:00+00:00,27801.0
2023-10-02 23:00:00+00:00,27975.0
2023-10-03 00:00:00+00:00,27844.0
2023-10-03 01:00:00+00:00,27487.0
2023-10-03 02:00:00+00:00,27566.0
2023-10-03 03:00:00+00:00,27507.0
2023-10-03 04:00:00+00:00,27436.0
2023-10-03 05:00:00+00:00,27561.0
2023-10-03 06:00:00+00:00,27587.0
2023-10-03 07:00:00+00:00,27597.0
2023-10-03 08:00:00+00:00,27632.0
2023-10-03 09:00:00+00:00,27576.0
2023-10-03 10:00:00+00:00,27640.0
2023-10-03 11:00:00+00:00,27542.0
2023-10-03 12:00:00+00:00,27600.0
2023-10-03 13:00:00+00:00,27555.0
2023-10-03 14:00:00+00:00,27628.0
2023-10-03 15:00:00+00:00,27565.0
2023-10-03 16:00:00+00:00,27470.0
2023-10-03 17:00:00+00:00,27555.0
2023-10-03 18:00:00+00:00,27350.0
2023-10-03 19:00:00+00:00,27349.0
2023-10-03 20:00:00+00:00,27384.0
2023-10-03 21:00:00+00:00,27437.0
2023-10-03 22:00:00+00:00,27300.0
2023-10-03 23:00:00+00:00,27267.0
2023-10-04 00:00:00+00:00,27398.0
2023-10-04 01:00:00+00:00,27405.0
2023-10-04 02:00:00+00:00,27411.0
2023-10-04 03:00:00+00:00,27435.0
2023-10-04 04:00:00+00:00,27315.0
2023-10-04 05:00:00+00:00,27343.0
2023-10-04 06:00:00+00:00,27413.0
2023-10-04 07:00:00+00:00,27433.0
2023-10-04 08:00:00+00:00,27404.0
2023-10-04 09:00:00+00:00,27409.0
2023-10-04 10:00:00+00:00,27416.0
2023-10-04 11:00:00+00:00,27449.0
2023-10-04 12:00:00+00:00,27520.0
2023-10-04 13:00:00+00:00,27633.0
2023-10-04 14:00:00+00:00,27534.0
2023-10-04 15:00:00+00:00,27577.0
2023-10-04 16:00:00+00:00,27577.0
2023-10-04 17:00:00+00:00,27418.0
2023-10-04 18:00:00+00:00,27381.0
2023-10-04 19:00:00+00:00,27402.0
2023-10-04 20:00:00+00:00,27519.0
2023-10-04 21:00:00+00:00,27543.0
2023-10-04 22:00:00+00:00,27627.0
2023-10-04 23:00:00+00:00,27631.0
2023-10-05 00:00:00+00:00,27660.0
2023-10-05 01:00:00+00:00,27693.0
2023-10-05 02:00:00+00:00,27754.0
2023-10-05 03:00:00+00:00,27790.0
2023-10-05 04:00:00+00:00,27816.0
2023-10-05 05:00:00+00:00,27742.0
2023-10-05 06:00:00+00:00,27687.0
2023-10-05 07:00:00+00:00,27661.0
2023-10-05 08:00:00+00:00,27690.0
2023-10-05 09:00:00+00:00,27647.0
2023-10-05 10:00:00+00:00,27665.0
2023-10-05 11:00:00+00:00,27611.0
2023-10-05 12:00:00+00:00,27654.0
2023-10-05 13:00:00+00:00,27690.0
2023-10-05 14:00:00+00:00,27738.0
2023-10-05 15:00:00+00:00,27732.0
2023-10-05 16:00:00+00:00,27733.0
2023-10-05 17:00:00+00:00,28004.0
2023-10-05 18:00:00+00:00,27979.0
2023-10-05 19:00:00+00:00,27565.0
2023-10-05 20:00:00+00:00,27450.0
2023-10-05 21:00:00+00:00,27488.0
2023-10-05 22:00:00+00:00,27507.0
2023-10-05 23:00:00+00:00,27483.0
2023-10-06 00:00:00+00:00,27478.0
2023-10-06 01:00:00+00:00,27458.0
2023-10-06 02:00:00+00:00,27444.0
2023-10-06 03:00:00+00:00,27417.0
2023-10-06 04:00:00+00:00,27461.0
2023-10-06 05:00:00+00:00,27526.0
2023-10-06 06:00:00+00:00,27546.0
2023-10-06 07:00:00+00:00,27568.0
2023-10-06 08:00:00+00:00,27531.0
2023-10-06 09:00:00+00:00,27513.0
2023-10-06 10:00:00+00:00,27497.0
2023-10-06 11:00:00+00:00,27648.0
2023-10-06 12:00:00+00:00,27629.0
2023-10-06 13:00:00+00:00,27699.0
2023-10-06 14:00:00+00:00,27681.0
2023-10-06 15:00:00+00:00,27768.0
2023-10-06 16:00:00+00:00,27249.0
2023-10-06 17:00:00+00:00,27532.0
2023-10-06 18:00:00+00:00,27676.0
2023-10-06 19:00:00+00:00,27958.0
2023-10-06 20:00:00+00:00,27891.0
2023-10-06 21:00:00+00:00,27979.0
2023-10-06 22:00:00+00:00,27924.0
2023-10-06 23:00:00+00:00,27968.0
2023-10-07 00:00:00+00:00,27998.0
2023-10-07 01:00:00+00:00,28064.0
2023-10-07 02:00:00+00:00,27987.0
2023-10-07 03:00:00+00:00,27948.0
2023-10-07 04:00:00+00:00,27937.0
2023-10-07 05:00:00+00:00,27917.0
2023-10-07 06:00:00+00:00,27892.0
2023-10-07 07:00:00+00:00,27921.0
2023-10-07 08:00:00+00:00,27933.0
2023-10-07 09:00:00+00:00,27921.0
2023-10-07 10:00:00+00:00,27912.0
2023-10-07 11:00:00+00:00,27913.0
2023-10-07 12:00:00+00:00,28024.0
2023-10-07 13:00:00+00:00,27972.0
2023-10-07 14:00:00+00:00,27968.0
2023-10-07 15:00:00+00:00,27957.0
2023-10-07 16:00:00+00:00,27977.0
2023-10-07 17:00:00+00:00,27958.0
2023-10-07 18:00:00+00:00,27970.0
2023-10-07 19:00:00+00:00,27959.0
2023-10-07 20:00:00+00:00,27960.0
2023-10-07 21:00:00+00:00,27957.0
2023-10-07 22:00:00+00:00,27903.0
2023-10-07 23:00:00+00:00,27882.0
2023-10-08 00:00:00+00:00,27937.0
2023-10-08 01:00:00+00:00,27949.0
2023-10-08 02:00:00+00:00,27971.0
2023-10-08 03:00:00+00:00,27971.0
2023-10-08 04:00:00+00:00,27983.0
2023-10-08 05:00:00+00:00,28034.0
2023-10-08 06:00:00+00:00,28033.0
2023-10-08 07:00:00+00:00,28088.0
2023-10-08 08:00:00+00:00,27962.0
2023-10-08 09:00:00+00:00,27957.0
2023-10-08 10:00:00+00:00,27916.0
2023-10-08 11:00:00+00:00,27922.0
2023-10-08 12:00:00+00:00,27932.0
2023-10-08 13:00:00+00:00,27898.0
2023-10-08 14:00:00+00:00,27837.0
2023-10-08 15:00:00+00:00,27827.0
2023-10-08 16:00:00+00:00,27830.0
2023-10-08 17:00:00+00:00,27929.0
2023-10-08 18:00:00+00:00,27953.0
2023-10-08 19:00:00+00:00,27909.0
2023-10-08 20:00:00+00:00,27931.0
2023-10-08 21:00:00+00:00,27899.0
2023-10-08 22:00:00+00:00,27893.0
2023-10-08 23:00:00+00:00,27913.0
2023-10-09 00:00:00+00:00,27923.0
2023-10-09 01:00:00+00:00,27927.0
2023-10-09 02:00:00+00:00,27931.0
2023-10-09 03:00:00+00:00,27933.0
2023-10-09 04:00:00+00:00,27850.0
2023-10-09 05:00:00+00:00,27964.0
2023-10-09 06:00:00+00:00,27954.0
2023-10-09 07:00:00+00:00,27930.0
2023-10-09 08:00:00+00:00,27947.0
2023-10-09 09:00:00+00:00,27877.0
2023-10-09 10:00:00+00:00,27918.0
2023-10-09 11:00:00+00:00,27829.0
2023-10-09 12:00:00+00:00,27761.0
2023-10-09 13:00:00+00:00,27551.0
2023-10-09 14:00:00+00:00,27538.0
2023-10-09 15:00:00+00:00,27493.0
2023-10-09 16:00:00+00:00,27451.0
2023-10-09 17:00:00+00:00,27532.0
2023-10-09 18:00:00+00:00,27497.0
2023-10-09 19:00:00+00:00,27450.0
2023-10-09 20:00:00+00:00,27403.0
2023-10-09 21:00:00+00:00,27590.0
2023-10-09 22:00:00+00:00,27574.0
2023-10-09 23:00:00+00:00,27616.0
2023-10-10 00:00:00+00:00,27577.0
2023-10-10 01:00:00+00:00,27633.0
2023-10-10 02:00:00+00:00,27599.0
2023-10-10 03:00:00+00:00,27594.0
2023-10-10 04:00:00+00:00,27569.0
2023-10-10 05:00:00+00:00,27609.0
2023-10-10 06:00:00+00:00,27687.0
2023-10-10 07:00:00+00:00,27642.0
2023-10-10 08:00:00+00:00,27609.0
2023-10-10 09:00:00+00:00,27612.0
2023-10-10 10:00:00+00:00,27663.0
2023-10-10 11:00:00+00:00,27658.0
2023-10-10 12:00:00+00:00,27679.0
2023-10-10 13:00:00+00:00,27668.0
2023-10-10 14:00:00+00:00,27615.0
2023-10-10 15:00:00+00:00,27518.0
2023-10-10 16:00:00+00:00,27429.0
2023-10-10 17:00:00+00:00,27397.0
2023-10-10 18:00:00+00:00,27445.0
2023-10-10 19:00:00+00:00,27413.0
2023-10-10 20:00:00+00:00,27446.0
2023-10-10 21:00:00+00:00,27366.0
2023-10-10 22:00:00+00:00,27347.0
2023-10-10 23:00:00+00:00,27404.0
2023-10-11 00:00:00+00:00,27407.0
2023-10-11 01:00:00+00:00,27430.0
2023-10-11 02:00:00+00:00,27446.0
2023-10-11 03:00:00+00:00,27395.0
2023-10-11 04:00:00+00:00,27466.0
2023-10-11 05:00:00+00:00,27441.0
2023-10-11 06:00:00+00:00,27127.0
2023-10-11 07:00:00+00:00,27023.0
2023-10-11 08:00:00+00:00,27130.0
2023-10-11 09:00:00+00:00,27118.0
2023-10-11 10:00:00+00:00,27068.0
2023-10-11 11:00:00+00:00,27029.0
2023-10-11 12:00:00+00:00,27108.0
2023-10-11 13:00:00+00:00,27284.0
2023-10-11 14:00:00+00:00,27280.0
2023-10-11 15:00:00+00:00,27198.0
2023-10-11 16:00:00+00:00,27162.0
2023-10-11 17:00:00+00:00,27147.0
2023-10-11 18:00:00+00:00,27084.0
2023-10-11 19:00:00+00:00,26782.0
2023-10-11 20:00:00+00:00,26669.0
2023-10-11 21:00:00+00:00,26628.0
2023-10-11 22:00:00+00:00,26679.0
2023-10-11 23:00:00+00:00,26753.0
2023-10-12 00:00:00+00:00,26715.0
2023-10-12 01:00:00+00:00,26722.0
2023-10-12 02:00:00+00:00,26780.0
2023-10-12 03:00:00+00:00,26874.0
2023-10-12 04:00:00+00:00,26798.0
2023-10-12 05:00:00+00:00,26773.0
2023-10-12 06:00:00+00:00,26899.0
2023-10-12 07:00:00+00:00,26845.0
2023-10-12 08:00:00+00:00,26816.0
2023-10-12 09:00:00+00:00,26869.0
2023-10-12 10:00:00+00:00,26868.0
2023-10-12 11:00:00+00:00,26805.0
2023-10-12 12:00:00+00:00,26796.0
2023-10-12 13:00:00+00:00,26733.0
2023-10-12 14:00:00+00:00,26753.0
2023-10-12 15:00:00+00:00,26831.0
2023-10-12 16:00:00+00:00,26823.0
2023-10-12 17:00:00+00:00,26757.0
2023-10-12 18:00:00+00:00,26694.0
2023-10-12 19:00:00+00:00,26665.0
2023-10-12 20:00:00+00:00,26668.0
2023-10-12 21:00:00+00:00,26625.0
2023-10-12 22:00:00+00:00,26646.0
2023-10-12 23:00:00+00:00,26705.0
2023-10-13 00:00:00+00:00,26737.0
2023-10-13 01:00:00+00:00,26748.0
2023-10-13 02:00:00+00:00,26751.0
2023-10-13 03:00:00+00:00,26756.0
2023-10-13 04:00:00+00:00,26825.0
2023-10-13 05:00:00+00:00,26784.0
2023-10-13 06:00:00+00:00,26801.0
2023-10-13 07:00:00+00:00,26777.0
2023-10-13 08:00:00+00:00,26799.0
2023-10-13 09:00:00+00:00,26813.0
2023-10-13 10:00:00+00:00,26800.0
2023-10-13 11:00:00+00:00,26867.0
2023-10-13 12:00:00+00:00,26788.0
2023-10-13 13:00:00+00:00,26733.0
2023-10-13 14:00:00+00:00,26766.0
2023-10-13 15:00:00+00:00,26810.0
2023-10-13 16:00:00+00:00,26920.0
2023-10-13 17:00:00+00:00,26853.0
2023-10-13 18:00:00+00:00,26750.0
2023-10-13 19:00:00+00:00,26701.0
2023-10-13 20:00:00+00:00,26787.0
2023-10-13 21:00:00+00:00,26758.0
2023-10-13 22:00:00+00:00,26741.0
2023-10-13 23:00:00+00:00,26771.0
2023-10-14 00:00:00+00:00,26975.0
2023-10-14 01:00:00+00:00,27016.0
2023-10-14 02:00:00+00:00,26835.0
2023-10-14 03:00:00+00:00,26867.0
2023-10-14 04:00:00+00:00,26895.0
2023-10-14 05:00:00+00:00,26917.0
2023-10-14 06:00:00+00:00,26903.0
2023-10-14 07:00:00+00:00,26934.0
2023-10-14 08:00:00+00:00,26908.0
2023-10-14 09:00:00+00:00,26892.0
2023-10-14 10:00:00+00:00,26863.0
2023-10-14 11:00:00+00:00,26869.0
2023-10-14 12:00:00+00:00,26869.0
2023-10-14 13:00:00+00:00,26880.0
2023-10-14 14:00:00+00:00,26881.0
2023-10-14 15:00:00+00:00,26868.0
2023-10-14 16:00:00+00:00,26891.0
2023-10-14 17:00:00+00:00,26910.0
2023-10-14 18:00:00+00:00,26887.0
2023-10-14 19:00:00+00:00,26942.0
2023-10-14 20:00:00+00:00,26930.0
2023-10-14 21:00:00+00:00,26892.0
2023-10-14 22:00:00+00:00,26876.0
2023-10-14 23:00:00+00:00,26869.0
2023-10-15 00:00:00+00:00,26850.0
2023-10-15 01:00:00+00:00,26822.0
2023-10-15 02:00:00+00:00,26852.0
2023-10-15 03:00:00+00:00,26855.0
2023-10-15 04:00:00+00:00,26853.0
2023-10-15 05:00:00+00:00,26894.0
2023-10-15 06:00:00+00:00,26884.0
2023-10-15 07:00:00+00:00,26883.0
2023-10-15 08:00:00+00:00,26888.0
2023-10-15 09:00:00+00:00,26885.0
2023-10-15 10:00:00+00:00,26882.0
2023-10-15 11:00:00+00:00,26886.0
2023-10-15 12:00:00+00:00,26907.0
2023-10-15 13:00:00+00:00,26900.0
2023-10-15 14:00:00+00:00,26897.0
2023-10-15 15:00:00+00:00,26859.0
2023-10-15 16:00:00+00:00,26842.0
2023-10-15 17:00:00+00:00,26865.0
2023-10-15 18:00:00+00:00,26878.0
2023-10-15 19:00:00+00:00,26901.0
2023-10-15 20:00:00+00:00,26926.0
2023-10-15 21:00:00+00:00,26984.0
2023-10-15 22:00:00+00:00,27055.0
2023-10-15 23:00:00+00:00,27044.0
2023-10-16 00:00:00+00:00,27205.0
2023-10-16 01:00:00+00:00,27187.0
2023-10-16 02:00:00+00:00,27113.0
2023-10-16 03:00:00+00:00,27174.0
2023-10-16 04:00:00+00:00,27137.0
2023-10-16 05:00:00+00:00,27198.0
2023-10-16 06:00:00+00:00,27197.0
2023-10-16 07:00:00+00:00,27246.0
2023-10-16 08:00:00+00:00,27259.0
2023-10-16 09:00:00+00:00,27925.0
2023-10-16 10:00:00+00:00,27827.0
2023-10-16 11:00:00+00:00,27855.0
2023-10-16 12:00:00+00:00,27820.0
2023-10-16 13:00:00+00:00,27779.0
2023-10-16 14:00:00+00:00,27780.0
2023-10-16 15:00:00+00:00,27756.0
2023-10-16 16:00:00+00:00,27900.0
2023-10-16 17:00:00+00:00,28013.0
2023-10-16 18:00:00+00:00,28192.0
2023-10-16 19:00:00+00:00,28075.0
2023-10-16 20:00:00+00:00,28099.0
2023-10-16 21:00:00+00:00,28241.0
2023-10-16 22:00:00+00:00,28575.0
2023-10-16 23:00:00+00:00,28482.0
2023-10-17 00:00:00+00:00,28410.0
2023-10-17 01:00:00+00:00,28439.0
2023-10-17 02:00:00+00:00,28527.0
2023-10-17 03:00:00+00:00,28518.0
2023-10-17 04:00:00+00:00,28297.0
2023-10-17 05:00:00+00:00,28372.0
2023-10-17 06:00:00+00:00,28388.0
2023-10-17 07:00:00+00:00,28283.0
2023-10-17 08:00:00+00:00,28200.0
2023-10-17 09:00:00+00:00,28236.0
2023-10-17 10:00:00+00:00,28252.0
2023-10-17 11:00:00+00:00,28426.0
2023-10-17 12:00:00+00:00,28447.0
2023-10-17 13:00:00+00:00,28460.0
2023-10-17 14:00:00+00:00,28522.0
2023-10-17 15:00:00+00:00,28437.0
2023-10-17 16:00:00+00:00,28223.0
2023-10-17 17:00:00+00:00,28311.0
2023-10-17 18:00:00+00:00,28485.0
2023-10-17 19:00:00+00:00,28487.0
2023-10-17 20:00:00+00:00,28608.0
2023-10-17 21:00:00+00:00,28446.0
2023-10-17 22:00:00+00:00,28378.0
2023-10-17 23:00:00+00:00,28529.0
2023-10-18 00:00:00+00:00,28460.0
2023-10-18 01:00:00+00:00,28501.0
2023-10-18 02:00:00+00:00,28426.0
2023-10-18 03:00:00+00:00,28408.0
2023-10-18 04:00:00+00:00,28392.0
2023-10-18 05:00:00+00:00,28375.0
2023-10-18 06:00:00+00:00,28491.0
2023-10-18 07:00:00+00:00,28522.0
2023-10-18 08:00:00+00:00,28735.0
2023-10-18 09:00:00+00:00,28702.0
2023-10-18 10:00:00+00:00,28690.0
2023-10-18 11:00:00+00:00,28513.0
2023-10-18 12:00:00+00:00,28570.0
2023-10-18 13:00:00+00:00,28273.0
2023-10-18 14:00:00+00:00,28390.0
2023-10-18 15:00:00+00:00,28363.0
2023-10-18 16:00:00+00:00,28344.0
2023-10-18 17:00:00+00:00,28355.0
2023-10-18 18:00:00+00:00,28200.0
2023-10-18 19:00:00+00:00,28259.0
2023-10-18 20:00:00+00:00,28360.0
2023-10-18 21:00:00+00:00,28341.0
2023-10-18 22:00:00+00:00,28308.0
2023-10-18 23:00:00+00:00,28259.0
2023-10-19 00:00:00+00:00,28262.0
2023-10-19 01:00:00+00:00,28278.0
2023-10-19 02:00:00+00:00,28355.0
2023-10-19 03:00:00+00:00,28328.0
2023-10-19 04:00:00+00:00,28394.0
2023-10-19 05:00:00+00:00,28249.0
2023-10-19 06:00:00+00:00,28215.0
2023-10-19 07:00:00+00:00,28250.0
2023-10-19 08:00:00+00:00,28290.0
2023-10-19 09:00:00+00:00,28317.0
2023-10-19 10:00:00+00:00,28289.0
2023-10-19 11:00:00+00:00,28341.0
2023-10-19 12:00:00+00:00,28337.0
2023-10-19 13:00:00+00:00,28411.0
2023-10-19 14:00:00+00:00,28486.0
2023-10-19 15:00:00+00:00,28455.0
2023-10-19 16:00:00+00:00,28504.0
2023-10-19 17:00:00+00:00,28491.0
2023-10-19 18:00:00+00:00,28699.0
2023-10-19 19:00:00+00:00,28700.0
2023-10-19 20:00:00+00:00,28636.0
2023-10-19 21:00:00+00:00,28565.0
2023-10-19 22:00:00+00:00,28661.0
2023-10-19 23:00:00+00:00,28780.0
2023-10-20 00:00:00+00:00,28725.0
2023-10-20 01:00:00+00:00,28620.0
2023-10-20 02:00:00+00:00,28668.0
2023-10-20 03:00:00+00:00,28733.0
2023-10-20 04:00:00+00:00,28659.0
2023-10-20 05:00:00+00:00,28675.0
2023-10-20 06:00:00+00:00,28987.0
2023-10-20 07:00:00+00:00,29258.0
2023-10-20 08:00:00+00:00,29331.0
2023-10-20 09:00:00+00:00,29240.0
2023-10-20 10:00:00+00:00,29300.0
2023-10-20 11:00:00+00:00,29256.0
2023-10-20 12:00:00+00:00,29747.0
2023-10-20 13:00:00+00:00,29818.0
2023-10-20 14:00:00+00:00,29885.0
2023-10-20 15:00:00+00:00,29863.0
2023-10-20 16:00:00+00:00,29536.0
2023-10-20 17:00:00+00:00,29680.0
2023-10-20 18:00:00+00:00,29615.0
2023-10-20 19:00:00+00:00,29567.0
2023-10-20 20:00:00+00:00,29505.0
2023-10-20 21:00:00+00:00,29531.0
2023-10-20 22:00:00+00:00,29501.0
2023-10-20 23:00:00+00:00,29581.0
2023-10-21 00:00:00+00:00,29604.0
2023-10-21 01:00:00+00:00,29628.0
2023-10-21 02:00:00+00:00,29682.0
2023-10-21 03:00:00+00:00,29688.0
2023-10-21 04:00:00+00:00,29648.0
2023-10-21 05:00:00+00:00,29553.0
2023-10-21 06:00:00+00:00,29503.0
2023-10-21 07:00:00+00:00,29616.0
2023-10-21 08:00:00+00:00,29569.0
2023-10-21 09:00:00+00:00,29592.0
2023-10-21 10:00:00+00:00,29722.0
2023-10-21 11:00:00+00:00,29713.0
2023-10-21 12:00:00+00:00,29682.0
2023-10-21 13:00:00+00:00,29852.0
2023-10-21 14:00:00+00:00,29784.0
2023-10-21 15:00:00+00:00,29807.0
2023-10-21 16:00:00+00:00,29782.0
2023-10-21 17:00:00+00:00,29787.0
2023-10-21 18:00:00+00:00,29894.0
2023-10-21 19:00:00+00:00,29946.0
2023-10-21 20:00:00+00:00,29882.0
2023-10-21 21:00:00+00:00,30163.0
2023-10-21 22:00:00+00:00,30221.0
2023-10-21 23:00:00+00:00,30177.0
2023-10-22 00:00:00+00:00,30017.0
2023-10-22 01:00:00+00:00,30008.0
2023-10-22 02:00:00+00:00,30016.0
2023-10-22 03:00:00+00:00,29927.0
2023-10-22 04:00:00+00:00,29984.0
2023-10-22 05:00:00+00:00,29943.0
2023-10-22 06:00:00+00:00,29885.0
2023-10-22 07:00:00+00:00,29924.0
2023-10-22 08:00:00+00:00,29972.0
2023-10-22 09:00:00+00:00,30128.0
2023-10-22 10:00:00+00:00,30091.0
2023-10-22 11:00:00+00:00,29835.0
2023-10-22 12:00:00+00:00,29860.0
2023-10-22 13:00:00+00:00,29907.0
2023-10-22 14:00:00+00:00,29918.0
2023-10-22 15:00:00+00:00,29925.0
2023-10-22 16:00:00+00:00,29915.0
2023-10-22 17:00:00+00:00,29962.0
2023-10-22 18:00:00+00:00,29894.0
2023-10-22 19:00:00+00:00,29848.0
2023-10-22 20:00:00+00:00,29885.0
2023-10-22 21:00:00+00:00,29933.0
2023-10-22 22:00:00+00:00,29900.0
2023-10-22 23:00:00+00:00,29861.0
2023-10-23 00:00:00+00:00,29863.0
2023-10-23 01:00:00+00:00,29768.0
2023-10-23 02:00:00+00:00,30040.0
2023-10-23 03:00:00+00:00,30002.0
2023-10-23 04:00:00+00:00,30131.0
2023-10-23 05:00:00+00:00,30353.0
2023-10-23 06:00:00+00:00,30390.0
2023-10-23 07:00:00+00:00,30725.0
2023-10-23 08:00:00+00:00,30683.0
2023-10-23 09:00:00+00:00,30806.0
2023-10-23 10:00:00+00:00,30689.0
2023-10-23 11:00:00+00:00,30518.0
2023-10-23 12:00:00+00:00,30700.0
2023-10-23 13:00:00+00:00,30489.0
2023-10-23 14:00:00+00:00,30574.0
2023-10-23 15:00:00+00:00,30673.0
2023-10-23 16:00:00+00:00,30671.0
2023-10-23 17:00:00+00:00,30622.0
2023-10-23 18:00:00+00:00,30778.0
2023-10-23 19:00:00+00:00,30900.0
2023-10-23 20:00:00+00:00,31234.0
2023-10-23 21:00:00+00:00,31000.0
2023-10-23 22:00:00+00:00,31189.0
2023-10-23 23:00:00+00:00,31379.0
2023-10-24 00:00:00+00:00,31546.0
2023-10-24 01:00:00+00:00,31631.0
2023-10-24 02:00:00+00:00,33308.0
2023-10-24 03:00:00+00:00,33074.0
2023-10-24 04:00:00+00:00,33525.0
2023-10-24 05:00:00+00:00,34165.0
2023-10-24 06:00:00+00:00,34554.0
2023-10-24 07:00:00+00:00,34001.0
2023-10-24 08:00:00+00:00,34401.0
2023-10-24 09:00:00+00:00,33879.0
2023-10-24 10:00:00+00:00,33966.0
2023-10-24 11:00:00+00:00,34023.0
2023-10-24 12:00:00+00:00,34132.0
2023-10-24 13:00:00+00:00,34327.0
2023-10-24 14:00:00+00:00,34446.0
2023-10-24 15:00:00+00:00,34537.0
2023-10-24 16:00:00+00:00,34587.0
2023-10-24 17:00:00+00:00,34445.0
2023-10-24 18:00:00+00:00,34426.0
2023-10-24 19:00:00+00:00,33659.0
2023-10-24 20:00:00+00:00,33932.0
2023-10-24 21:00:00+00:00,33785.0
2023-10-24 22:00:00+00:00,33850.0
2023-10-24 23:00:00+00:00,33819.0
2023-10-25 00:00:00+00:00,33662.0
2023-10-25 01:00:00+00:00,34137.0
2023-10-25 02:00:00+00:00,34155.0
2023-10-25 03:00:00+00:00,33917.0
2023-10-25 04:00:00+00:00,34026.0
2023-10-25 05:00:00+00:00,34179.0
2023-10-25 06:00:00+00:00,34010.0
2023-10-25 07:00:00+00:00,34006.0
2023-10-25 08:00:00+00:00,34198.0
2023-10-25 09:00:00+00:00,34008.0
2023-10-25 10:00:00+00:00,34133.0
2023-10-25 11:00:00+00:00,33864.0
2023-10-25 12:00:00+00:00,33955.0
2023-10-25 13:00:00+00:00,34098.0
2023-10-25 14:00:00+00:00,34248.0
2023-10-25 15:00:00+00:00,34208.0
2023-10-25 16:00:00+00:00,34340.0
2023-10-25 17:00:00+00:00,34497.0
2023-10-25 18:00:00+00:00,34787.0
2023-10-25 19:00:00+00:00,34845.0
2023-10-25 20:00:00+00:00,34497.0
2023-10-25 21:00:00+00:00,34675.0
2023-10-25 22:00:00+00:00,34675.0
2023-10-25 23:00:00+00:00,34758.0
2023-10-26 00:00:00+00:00,34685.0
2023-10-26 01:00:00+00:00,34562.0
2023-10-26 02:00:00+00:00,34607.0
2023-10-26 03:00:00+00:00,34498.0
2023-10-26 04:00:00+00:00,34676.0
2023-10-26 05:00:00+00:00,34694.0
2023-10-26 06:00:00+00:00,34756.0
2023-10-26 07:00:00+00:00,34806.0
2023-10-26 08:00:00+00:00,34703.0
2023-10-26 09:00:00+00:00,34537.0
2023-10-26 10:00:00+00:00,34634.0
2023-10-26 11:00:00+00:00,34655.0
2023-10-26 12:00:00+00:00,34537.0
2023-10-26 13:00:00+00:00,34442.0
2023-10-26 14:00:00+00:00,34294.0
2023-10-26 15:00:00+00:00,34117.0
2023-10-26 16:00:00+00:00,34271.0
2023-10-26 17:00:00+00:00,34196.0
2023-10-26 18:00:00+00:00,34204.0
2023-10-26 19:00:00+00:00,34049.0
2023-10-26 20:00:00+00:00,33748.0
2023-10-26 21:00:00+00:00,33952.0
2023-10-26 22:00:00+00:00,33979.0
2023-10-26 23:00:00+00:00,34068.0
2023-10-27 00:00:00+00:00,34203.0
2023-10-27 01:00:00+00:00,34120.0
2023-10-27 02:00:00+00:00,34243.0
2023-10-27 03:00:00+00:00,34165.0
2023-10-27 04:00:00+00:00,34028.0
2023-10-27 05:00:00+00:00,33846.0
2023-10-27 06:00:00+00:00,34087.0
2023-10-27 07:00:00+00:00,34115.0
2023-10-27 08:00:00+00:00,34104.0
2023-10-27 09:00:00+00:00,34092.0
2023-10-27 10:00:00+00:00,34245.0
2023-10-27 11:00:00+00:00,33957.0
2023-10-27 12:00:00+00:00,34094.0
2023-10-27 13:00:00+00:00,34160.0
2023-10-27 14:00:00+00:00,34080.0
2023-10-27 15:00:00+00:00,34047.0
2023-10-27 16:00:00+00:00,34132.0
2023-10-27 17:00:00+00:00,34157.0
2023-10-27 18:00:00+00:00,33906.0
2023-10-27 19:00:00+00:00,34004.0
2023-10-27 20:00:00+00:00,33876.0
2023-10-27 21:00:00+00:00,33598.0
2023-10-27 22:00:00+00:00,33600.0
2023-10-27 23:00:00+00:00,33708.0
2023-10-28 00:00:00+00:00,33840.0
2023-10-28 01:00:00+00:00,33860.0
2023-10-28 02:00:00+00:00,33823.0
2023-10-28 03:00:00+00:00,33906.0
2023-10-28 04:00:00+00:00,33904.0
2023-10-28 05:00:00+00:00,33924.0
2023-10-28 06:00:00+00:00,34081.0
2023-10-28 07:00:00+00:00,34071.0
2023-10-28 08:00:00+00:00,34094.0
2023-10-28 09:00:00+00:00,34098.0
2023-10-28 10:00:00+00:00,34063.0
2023-10-28 11:00:00+00:00,34048.0
2023-10-28 12:00:00+00:00,34100.0
2023-10-28 13:00:00+00:00,34093.0
2023-10-28 14:00:00+00:00,34104.0
2023-10-28 15:00:00+00:00,34184.0
2023-10-28 16:00:00+00:00,34028.0
2023-10-28 17:00:00+00:00,34134.0
2023-10-28 18:00:00+00:00,34101.0
2023-10-28 19:00:00+00:00,34208.0
2023-10-28 20:00:00+00:00,34151.0
2023-10-28 21:00:00+00:00,34146.0
2023-10-28 22:00:00+00:00,34173.0
2023-10-28 23:00:00+00:00,34125.0
2023-10-29 00:00:00+00:00,34135.0
2023-10-29 01:00:00+00:00,34196.0
2023-10-29 02:00:00+00:00,34118.0
2023-10-29 03:00:00+00:00,34091.0
2023-10-29 04:00:00+00:00,34081.0
2023-10-29 05:00:00+00:00,34015.0
2023-10-29 06:00:00+00:00,34033.0
2023-10-29 07:00:00+00:00,33983.0
2023-10-29 08:00:00+00:00,34028.0
2023-10-29 09:00:00+00:00,34044.0
2023-10-29 10:00:00+00:00,34097.0
2023-10-29 11:00:00+00:00,34091.0
2023-10-29 12:00:00+00:00,34251.0
2023-10-29 13:00:00+00:00,34221.0
2023-10-29 14:00:00+00:00,34175.0
2023-10-29 15:00:00+00:00,34266.0
2023-10-29 16:00:00+00:00,34420.0
2023-10-29 17:00:00+00:00,34388.0
2023-10-29 18:00:00+00:00,34498.0
2023-10-29 19:00:00+00:00,34452.0
2023-10-29 20:00:00+00:00,34409.0
2023-10-29 21:00:00+00:00,34566.0
2023-10-29 22:00:00+00:00,34698.0
2023-10-29 23:00:00+00:00,34583.0
2023-10-30 00:00:00+00:00,34587.0
2023-10-30 01:00:00+00:00,34449.0
2023-10-30 02:00:00+00:00,34724.0
2023-10-30 03:00:00+00:00,34538.0
2023-10-30 04:00:00+00:00,34477.0
2023-10-30 05:00:00+00:00,34446.0
2023-10-30 06:00:00+00:00,34338.0
2023-10-30 07:00:00+00:00,34281.0
2023-10-30 08:00:00+00:00,34330.0
2023-10-30 09:00:00+00:00,34269.0
2023-10-30 10:00:00+00:00,34298.0
2023-10-30 11:00:00+00:00,34209.0
2023-10-30 12:00:00+00:00,34406.0
2023-10-30 13:00:00+00:00,34546.0
2023-10-30 14:00:00+00:00,34551.0
2023-10-30 15:00:00+00:00,34622.0
2023-10-30 16:00:00+00:00,34617.0
2023-10-30 17:00:00+00:00,34668.0
2023-10-30 18:00:00+00:00,34627.0
2023-10-30 19:00:00+00:00,34669.0
2023-10-30 20:00:00+00:00,34475.0
2023-10-30 21:00:00+00:00,34328.0
2023-10-30 22:00:00+00:00,34329.0
2023-10-30 23:00:00+00:00,34439.0
2023-10-31 00:00:00+00:00,34438.0
2023-10-31 01:00:00+00:00,34526.0
2023-10-31 02:00:00+00:00,34485.0
2023-10-31 03:00:00+00:00,34495.0
2023-10-31 04:00:00+00:00,34525.0
2023-10-31 05:00:00+00:00,34471.0
2023-10-31 06:00:00+00:00,34365.0
2023-10-31 07:00:00+00:00,34223.0
2023-10-31 08:00:00+00:00,34252.0
2023-10-31 09:00:00+00:00,34301.0
2023-10-31 10:00:00+00:00,34263.0
2023-10-31 11:00:00+00:00,34158.0
2023-10-31 12:00:00+00:00,34419.0
2023-10-31 13:00:00+00:00,34433.0
2023-10-31 14:00:00+00:00,34444.0
2023-10-31 15:00:00+00:00,34510.0
2023-10-31 16:00:00+00:00,34308.0
2023-10-31 17:00:00+00:00,34223.0
2023-10-31 18:00:00+00:00,34330.0
2023-10-31 19:00:00+00:00,34279.0
2023-10-31 20:00:00+00:00,34439.0
2023-10-31 21:00:00+00:00,34392.0
2023-10-31 22:00:00+00:00,34487.0
2023-10-31 23:00:00+00:00,34553.0
2023-11-01 00:00:00+00:00,34652.0
2023-11-01 01:00:00+00:00,34497.0
2023-11-01 02:00:00+00:00,34577.0
2023-11-01 03:00:00+00:00,34661.0
2023-11-01 04:00:00+00:00,34528.0
2023-11-01 05:00:00+00:00,34507.0
2023-11-01 06:00:00+00:00,34471.0
2023-11-01 07:00:00+00:00,34437.0
2023-11-01 08:00:00+00:00,34452.0
2023-11-01 09:00:00+00:00,34360.0
2023-11-01 10:00:00+00:00,34414.0
2023-11-01 11:00:00+00:00,34459.0
2023-11-01 12:00:00+00:00,34452.0
2023-11-01 13:00:00+00:00,34489.0
2023-11-01 14:00:00+00:00,34387.0
2023-11-01 15:00:00+00:00,34419.0
2023-11-01 16:00:00+00:00,34793.0
2023-11-01 17:00:00+00:00,34597.0
2023-11-01 18:00:00+00:00,34211.0
2023-11-01 19:00:00+00:00,34297.0
2023-11-01 20:00:00+00:00,34478.0
2023-11-01 21:00:00+00:00,34521.0
2023-11-01 22:00:00+00:00,34592.0
2023-11-01 23:00:00+00:00,34575.0
2023-11-02 00:00:00+00:00,35428.0
2023-11-02 01:00:00+00:00,35402.0
2023-11-02 02:00:00+00:00,35292.0
2023-11-02 03:00:00+00:00,35440.0
2023-11-02 04:00:00+00:00,35451.0
2023-11-02 05:00:00+00:00,35588.0
2023-11-02 06:00:00+00:00,35708.0
2023-11-02 07:00:00+00:00,35602.0
2023-11-02 08:00:00+00:00,35498.0
2023-11-02 09:00:00+00:00,35220.0
2023-11-02 10:00:00+00:00,35256.0
2023-11-02 11:00:00+00:00,35311.0
2023-11-02 12:00:00+00:00,35335.0
2023-11-02 13:00:00+00:00,35401.0
2023-11-02 14:00:00+00:00,35392.0
2023-11-02 15:00:00+00:00,35395.0
2023-11-02 16:00:00+00:00,35375.0
2023-11-02 17:00:00+00:00,34948.0
2023-11-02 18:00:00+00:00,34952.0
2023-11-02 19:00:00+00:00,34647.0
2023-11-02 20:00:00+00:00,34656.0
2023-11-02 21:00:00+00:00,34782.0
2023-11-02 22:00:00+00:00,34853.0
2023-11-02 23:00:00+00:00,34996.0
2023-11-03 00:00:00+00:00,34906.0
2023-11-03 01:00:00+00:00,34915.0
2023-11-03 02:00:00+00:00,34792.0
2023-11-03 03:00:00+00:00,34937.0
2023-11-03 04:00:00+00:00,34514.0
2023-11-03 05:00:00+00:00,34620.0
2023-11-03 06:00:00+00:00,34680.0
2023-11-03 07:00:00+00:00,34692.0
2023-11-03 08:00:00+00:00,34421.0
2023-11-03 09:00:00+00:00,34551.0
2023-11-03 10:00:00+00:00,34459.0
2023-11-03 11:00:00+00:00,34463.0
2023-11-03 12:00:00+00:00,34454.0
2023-11-03 13:00:00+00:00,34253.0
2023-11-03 14:00:00+00:00,34282.0
2023-11-03 15:00:00+00:00,34258.0
2023-11-03 16:00:00+00:00,34405.0
2023-11-03 17:00:00+00:00,34586.0
2023-11-03 18:00:00+00:00,34725.0
2023-11-03 19:00:00+00:00,34776.0
2023-11-03 20:00:00+00:00,34686.0
2023-11-03 21:00:00+00:00,34451.0
2023-11-03 22:00:00+00:00,34546.0
2023-11-03 23:00:00+00:00,34543.0
2023-11-04 00:00:00+00:00,34613.0
2023-11-04 01:00:00+00:00,34619.0
2023-11-04 02:00:00+00:00,34635.0
2023-11-04 03:00:00+00:00,34727.0
2023-11-04 04:00:00+00:00,34716.0
2023-11-04 05:00:00+00:00,34786.0
2023-11-04 06:00:00+00:00,34695.0
2023-11-04 07:00:00+00:00,34725.0
2023-11-04 08:00:00+00:00,34687.0
2023-11-04 09:00:00+00:00,34763.0
2023-11-04 10:00:00+00:00,34780.0
2023-11-04 11:00:00+00:00,34785.0
2023-11-04 12:00:00+00:00,34865.0
2023-11-04 13:00:00+00:00,34777.0
2023-11-04 14:00:00+00:00,34747.0
2023-11-04 15:00:00+00:00,34730.0
2023-11-04 16:00:00+00:00,34776.0
2023-11-04 17:00:00+00:00,34722.0
2023-11-04 18:00:00+00:00,34756.0
2023-11-04 19:00:00+00:00,34735.0
2023-11-04 20:00:00+00:00,34711.0
2023-11-04 21:00:00+00:00,34787.0
2023-11-04 22:00:00+00:00,34801.0
2023-11-04 23:00:00+00:00,34754.0
2023-11-05 00:00:00+00:00,34782.0
2023-11-05 01:00:00+00:00,34832.0
2023-11-05 02:00:00+00:00,35168.0
2023-11-05 03:00:00+00:00,35086.0
2023-11-05 04:00:00+00:00,35013.0
2023-11-05 05:00:00+00:00,35073.0
2023-11-05 06:00:00+00:00,35087.0
2023-11-05 07:00:00+00:00,35084.0
2023-11-05 08:00:00+00:00,35301.0
2023-11-05 09:00:00+00:00,35184.0
2023-11-05 10:00:00+00:00,35191.0
2023-11-05 11:00:00+00:00,35087.0
2023-11-05 12:00:00+00:00,35190.0
2023-11-05 13:00:00+00:00,35056.0
2023-11-05 14:00:00+00:00,35118.0
2023-11-05 15:00:00+00:00,35148.0
2023-11-05 16:00:00+00:00,35099.0
2023-11-05 17:00:00+00:00,35114.0
2023-11-05 18:00:00+00:00,34855.0
2023-11-05 19:00:00+00:00,34937.0
2023-11-05 20:00:00+00:00,34920.0
2023-11-05 21:00:00+00:00,34982.0
2023-11-05 22:00:00+00:00,35088.0
2023-11-05 23:00:00+00:00,35050.0
2023-11-06 00:00:00+00:00,35025.0
2023-11-06 01:00:00+00:00,35039.0
2023-11-06 02:00:00+00:00,34690.0
2023-11-06 03:00:00+00:00,35039.0
2023-11-06 04:00:00+00:00,35045.0
2023-11-06 05:00:00+00:00,35079.0
2023-11-06 06:00:00+00:00,34911.0
2023-11-06 07:00:00+00:00,34933.0
2023-11-06 08:00:00+00:00,35011.0
2023-11-06 09:00:00+00:00,34897.0
2023-11-06 10:00:00+00:00,34832.0
2023-11-06 11:00:00+00:00,34881.0
2023-11-06 12:00:00+00:00,34927.0
2023-11-06 13:00:00+00:00,34977.0
2023-11-06 14:00:00+00:00,35132.0
2023-11-06 15:00:00+00:00,35172.0
2023-11-06 16:00:00+00:00,35251.0
2023-11-06 17:00:00+00:00,35231.0
2023-11-06 18:00:00+00:00,35052.0
2023-11-06 19:00:00+00:00,35222.0
2023-11-06 20:00:00+00:00,35093.0
2023-11-06 21:00:00+00:00,34983.0
2023-11-06 22:00:00+00:00,34991.0
2023-11-06 23:00:00+00:00,34958.0
2023-11-07 00:00:00+00:00,35062.0
2023-11-07 01:00:00+00:00,35033.0
2023-11-07 02:00:00+00:00,35035.0
2023-11-07 03:00:00+00:00,35133.0
2023-11-07 04:00:00+00:00,35042.0
2023-11-07 05:00:00+00:00,34941.0
2023-11-07 06:00:00+00:00,34954.0
2023-11-07 07:00:00+00:00,34829.0
2023-11-07 08:00:00+00:00,34930.0
2023-11-07 09:00:00+00:00,34909.0
2023-11-07 10:00:00+00:00,34914.0
2023-11-07 11:00:00+00:00,34981.0
2023-11-07 12:00:00+00:00,34952.0
2023-11-07 13:00:00+00:00,34917.0
2023-11-07 14:00:00+00:00,34794.0
2023-11-07 15:00:00+00:00,34638.0
2023-11-07 16:00:00+00:00,34635.0
2023-11-07 17:00:00+00:00,34737.0
2023-11-07 18:00:00+00:00,34798.0
2023-11-07 19:00:00+00:00,34836.0
2023-11-07 20:00:00+00:00,34733.0
2023-11-07 21:00:00+00:00,34683.0
2023-11-07 22:00:00+00:00,34861.0
2023-11-07 23:00:00+00:00,35382.0
2023-11-08 00:00:00+00:00,35468.0
2023-11-08 01:00:00+00:00,35654.0
2023-11-08 02:00:00+00:00,35501.0
2023-11-08 03:00:00+00:00,35320.0
2023-11-08 04:00:00+00:00,35414.0
2023-11-08 05:00:00+00:00,35386.0
2023-11-08 06:00:00+00:00,35394.0
2023-11-08 07:00:00+00:00,35320.0
2023-11-08 08:00:00+00:00,35281.0
2023-11-08 09:00:00+00:00,35364.0
2023-11-08 10:00:00+00:00,35278.0
2023-11-08 11:00:00+00:00,35286.0
2023-11-08 12:00:00+00:00,35235.0
2023-11-08 13:00:00+00:00,35296.0
2023-11-08 14:00:00+00:00,35310.0
2023-11-08 15:00:00+00:00,35416.0
2023-11-08 16:00:00+00:00,35344.0
2023-11-08 17:00:00+00:00,35401.0
2023-11-08 18:00:00+00:00,35422.0
2023-11-08 19:00:00+00:00,35325.0
2023-11-08 20:00:00+00:00,35236.0
2023-11-08 21:00:00+00:00,35409.0
2023-11-08 22:00:00+00:00,35319.0
2023-11-08 23:00:00+00:00,35593.0
2023-11-09 00:00:00+00:00,35626.0
2023-11-09 01:00:00+00:00,35629.0
2023-11-09 02:00:00+00:00,35599.0
2023-11-09 03:00:00+00:00,35788.0
2023-11-09 04:00:00+00:00,35640.0
2023-11-09 05:00:00+00:00,35876.0
2023-11-09 06:00:00+00:00,35936.0
2023-11-09 07:00:00+00:00,36386.0
2023-11-09 08:00:00+00:00,36461.0
2023-11-09 09:00:00+00:00,36744.0
2023-11-09 10:00:00+00:00,36601.0
2023-11-09 11:00:00+00:00,36777.0
2023-11-09 12:00:00+00:00,36557.0
2023-11-09 13:00:00+00:00,36692.0
2023-11-09 14:00:00+00:00,36859.0
2023-11-09 15:00:00+00:00,36784.0
2023-11-09 16:00:00+00:00,36824.0
2023-11-09 17:00:00+00:00,36905.0
2023-11-09 18:00:00+00:00,37197.0
2023-11-09 19:00:00+00:00,37884.0
2023-11-09 20:00:00+00:00,37114.0
2023-11-09 21:00:00+00:00,36350.0
2023-11-09 22:00:00+00:00,36660.0
2023-11-09 23:00:00+00:00,36379.0
2023-11-10 00:00:00+00:00,36394.0
2023-11-10 01:00:00+00:00,36564.0
2023-11-10 02:00:00+00:00,36539.0
2023-11-10 03:00:00+00:00,36555.0
2023-11-10 04:00:00+00:00,36693.0
2023-11-10 05:00:00+00:00,36500.0
2023-11-10 06:00:00+00:00,36694.0
2023-11-10 07:00:00+00:00,36857.0
2023-11-10 08:00:00+00:00,36747.0
2023-11-10 09:00:00+00:00,36781.0
2023-11-10 10:00:00+00:00,36760.0
2023-11-10 11:00:00+00:00,36610.0
2023-11-10 12:00:00+00:00,36449.0
2023-11-10 13:00:00+00:00,36523.0
2023-11-10 14:00:00+00:00,36558.0
2023-11-10 15:00:00+00:00,36766.0
2023-11-10 16:00:00+00:00,37065.0
2023-11-10 17:00:00+00:00,37202.0
2023-11-10 18:00:00+00:00,36979.0
2023-11-10 19:00:00+00:00,37080.0
2023-11-10 20:00:00+00:00,37088.0
2023-11-10 21:00:00+00:00,37420.0
2023-11-10 22:00:00+00:00,37215.0
2023-11-10 23:00:00+00:00,37267.0
2023-11-11 00:00:00+00:00,37257.0
2023-11-11 01:00:00+00:00,37261.0
2023-11-11 02:00:00+00:00,37296.0
2023-11-11 03:00:00+00:00,37390.0
2023-11-11 04:00:00+00:00,37319.0
2023-11-11 05:00:00+00:00,37323.0
2023-11-11 06:00:00+00:00,37077.0
2023-11-11 07:00:00+00:00,37128.0
2023-11-11 08:00:00+00:00,37066.0
2023-11-11 09:00:00+00:00,37094.0
2023-11-11 10:00:00+00:00,37090.0
2023-11-11 11:00:00+00:00,37098.0
2023-11-11 12:00:00+00:00,37038.0
2023-11-11 13:00:00+00:00,36990.0
2023-11-11 14:00:00+00:00,37053.0
2023-11-11 15:00:00+00:00,37034.0
2023-11-11 16:00:00+00:00,37031.0
2023-11-11 17:00:00+00:00,37129.0
2023-11-11 18:00:00+00:00,37165.0
2023-11-11 19:00:00+00:00,37270.0
2023-11-11 20:00:00+00:00,37082.0
2023-11-11 21:00:00+00:00,37156.0
2023-11-11 22:00:00+00:00,37130.0
2023-11-11 23:00:00+00:00,37139.0
2023-11-12 00:00:00+00:00,37164.0
2023-11-12 01:00:00+00:00,37012.0
2023-11-12 02:00:00+00:00,36997.0
2023-11-12 03:00:00+00:00,36890.0
2023-11-12 04:00:00+00:00,37152.0
2023-11-12 05:00:00+00:00,36917.0
2023-11-12 06:00:00+00:00,36976.0
2023-11-12 07:00:00+00:00,36918.0
2023-11-12 08:00:00+00:00,36997.0
2023-11-12 09:00:00+00:00,37024.0
2023-11-12 10:00:00+00:00,37121.0
2023-11-12 11:00:00+00:00,37159.0
2023-11-12 12:00:00+00:00,37144.0
2023-11-12 13:00:00+00:00,37111.0
2023-11-12 14:00:00+00:00,37074.0
2023-11-12 15:00:00+00:00,37117.0
2023-11-12 16:00:00+00:00,37077.0
2023-11-12 17:00:00+00:00,37033.0
2023-11-12 18:00:00+00:00,37089.0
2023-11-12 19:00:00+00:00,37165.0
2023-11-12 20:00:00+00:00,37177.0
2023-11-12 21:00:00+00:00,37134.0
2023-11-12 22:00:00+00:00,37097.0
2023-11-12 23:00:00+00:00,37154.0
2023-11-13 00:00:00+00:00,37128.0
2023-11-13 01:00:00+00:00,37151.0
2023-11-13 02:00:00+00:00,37177.0
2023-11-13 03:00:00+00:00,37170.0
2023-11-13 04:00:00+00:00,37086.0
2023-11-13 05:00:00+00:00,37130.0
2023-11-13 06:00:00+00:00,37228.0
2023-11-13 07:00:00+00:00,37180.0
2023-11-13 08:00:00+00:00,36945.0
2023-11-13 09:00:00+00:00,36962.0
2023-11-13 10:00:00+00:00,36947.0
2023-11-13 11:00:00+00:00,36984.0
2023-11-13 12:00:00+00:00,36975.0
2023-11-13 13:00:00+00:00,37043.0
2023-11-13 14:00:00+00:00,37007.0
2023-11-13 15:00:00+00:00,36992.0
2023-11-13 16:00:00+00:00,36846.0
2023-11-13 17:00:00+00:00,36945.0
2023-11-13 18:00:00+00:00,36843.0
2023-11-13 19:00:00+00:00,36809.0
2023-11-13 20:00:00+00:00,36848.0
2023-11-13 21:00:00+00:00,36867.0
2023-11-13 22:00:00+00:00,36690.0
2023-11-13 23:00:00+00:00,36749.0
2023-11-14 00:00:00+00:00,36851.0
2023-11-14 01:00:00+00:00,36788.0
2023-11-14 02:00:00+00:00,36495.0
2023-11-14 03:00:00+00:00,36475.0
2023-11-14 04:00:00+00:00,36485.0
2023-11-14 05:00:00+00:00,36263.0
2023-11-14 06:00:00+00:00,36338.0
2023-11-14 07:00:00+00:00,36436.0
2023-11-14 08:00:00+00:00,36460.0
2023-11-14 09:00:00+00:00,36516.0
2023-11-14 10:00:00+00:00,36642.0
2023-11-14 11:00:00+00:00,36670.0
2023-11-14 12:00:00+00:00,36708.0
2023-11-14 13:00:00+00:00,36713.0
2023-11-14 14:00:00+00:00,36490.0
2023-11-14 15:00:00+00:00,36515.0
2023-11-14 16:00:00+00:00,36294.0
2023-11-14 17:00:00+00:00,36352.0
2023-11-14 18:00:00+00:00,36528.0
2023-11-14 19:00:00+00:00,36623.0
2023-11-14 20:00:00+00:00,36155.0
2023-11-14 21:00:00+00:00,36276.0
2023-11-14 22:00:00+00:00,36072.0
2023-11-14 23:00:00+00:00,35268.0
2023-11-15 00:00:00+00:00,35298.0
2023-11-15 01:00:00+00:00,35295.0
2023-11-15 02:00:00+00:00,35565.0
2023-11-15 03:00:00+00:00,35619.0
2023-11-15 04:00:00+00:00,35564.0
2023-11-15 05:00:00+00:00,35506.0
2023-11-15 06:00:00+00:00,35424.0
2023-11-15 07:00:00+00:00,35483.0
2023-11-15 08:00:00+00:00,35391.0
2023-11-15 09:00:00+00:00,35579.0
2023-11-15 10:00:00+00:00,35621.0
2023-11-15 11:00:00+00:00,35600.0
2023-11-15 12:00:00+00:00,35587.0
2023-11-15 13:00:00+00:00,35792.0
2023-11-15 14:00:00+00:00,35797.0
2023-11-15 15:00:00+00:00,35880.0
2023-11-15 16:00:00+00:00,36242.0
2023-11-15 17:00:00+00:00,36211.0
2023-11-15 18:00:00+00:00,36098.0
2023-11-15 19:00:00+00:00,36123.0
2023-11-15 20:00:00+00:00,36411.0
2023-11-15 21:00:00+00:00,36390.0
2023-11-15 22:00:00+00:00,36507.0
2023-11-15 23:00:00+00:00,37400.0
2023-11-16 00:00:00+00:00,37524.0
2023-11-16 01:00:00+00:00,37560.0
2023-11-16 02:00:00+00:00,37645.0
2023-11-16 03:00:00+00:00,37726.0
2023-11-16 04:00:00+00:00,37877.0
2023-11-16 05:00:00+00:00,37794.0
2023-11-16 06:00:00+00:00,37423.0
2023-11-16 07:00:00+00:00,37531.0
2023-11-16 08:00:00+00:00,37469.0
2023-11-16 09:00:00+00:00,37453.0
2023-11-16 10:00:00+00:00,37474.0
2023-11-16 11:00:00+00:00,37566.0
2023-11-16 12:00:00+00:00,37451.0
2023-11-16 13:00:00+00:00,37311.0
2023-11-16 14:00:00+00:00,37392.0
2023-11-16 15:00:00+00:00,37313.0
2023-11-16 16:00:00+00:00,37254.0
2023-11-16 17:00:00+00:00,37147.0
2023-11-16 18:00:00+00:00,36785.0
2023-11-16 19:00:00+00:00,36719.0
2023-11-16 20:00:00+00:00,36420.0
2023-11-16 21:00:00+00:00,36582.0
2023-11-16 22:00:00+00:00,36338.0
2023-11-16 23:00:00+00:00,36238.0
2023-11-17 00:00:00+00:00,35905.0
2023-11-17 01:00:00+00:00,35964.0
2023-11-17 02:00:00+00:00,35970.0
2023-11-17 03:00:00+00:00,36228.0
2023-11-17 04:00:00+00:00,36165.0
2023-11-17 05:00:00+00:00,36376.0
2023-11-17 06:00:00+00:00,36568.0
2023-11-17 07:00:00+00:00,36463.0
2023-11-17 08:00:00+00:00,36500.0
2023-11-17 09:00:00+00:00,36438.0
2023-11-17 10:00:00+00:00,36355.0
2023-11-17 11:00:00+00:00,36374.0
2023-11-17 12:00:00+00:00,36247.0
2023-11-17 13:00:00+00:00,36403.0
2023-11-17 14:00:00+00:00,36316.0
2023-11-17 15:00:00+00:00,36367.0
2023-11-17 16:00:00+00:00,36379.0
2023-11-17 17:00:00+00:00,36533.0
2023-11-17 18:00:00+00:00,36356.0
2023-11-17 19:00:00+00:00,36023.0
2023-11-17 20:00:00+00:00,36047.0
2023-11-17 21:00:00+00:00,35990.0
2023-11-17 22:00:00+00:00,36508.0
2023-11-17 23:00:00+00:00,36487.0
2023-11-18 00:00:00+00:00,36327.0
2023-11-18 01:00:00+00:00,36497.0
2023-11-18 02:00:00+00:00,36411.0
2023-11-18 03:00:00+00:00,36562.0
2023-11-18 04:00:00+00:00,36625.0
2023-11-18 05:00:00+00:00,36419.0
2023-11-18 06:00:00+00:00,36427.0
2023-11-18 07:00:00+00:00,36430.0
2023-11-18 08:00:00+00:00,36387.0
2023-11-18 09:00:00+00:00,36398.0
2023-11-18 10:00:00+00:00,36353.0
2023-11-18 11:00:00+00:00,36272.0
2023-11-18 12:00:00+00:00,36422.0
2023-11-18 13:00:00+00:00,36457.0
2023-11-18 14:00:00+00:00,36407.0
2023-11-18 15:00:00+00:00,36490.0
2023-11-18 16:00:00+00:00,36416.0
2023-11-18 17:00:00+00:00,36464.0
2023-11-18 18:00:00+00:00,36442.0
2023-11-18 19:00:00+00:00,36522.0
2023-11-18 20:00:00+00:00,36679.0
2023-11-18 21:00:00+00:00,36698.0
2023-11-18 22:00:00+00:00,36643.0
2023-11-18 23:00:00+00:00,36736.0
2023-11-19 00:00:00+00:00,36691.0
2023-11-19 01:00:00+00:00,36622.0
2023-11-19 02:00:00+00:00,36567.0
2023-11-19 03:00:00+00:00,36528.0
2023-11-19 04:00:00+00:00,36590.0
2023-11-19 05:00:00+00:00,36491.0
2023-11-19 06:00:00+00:00,36508.0
2023-11-19 07:00:00+00:00,36479.0
2023-11-19 08:00:00+00:00,36537.0
2023-11-19 09:00:00+00:00,36556.0
2023-11-19 10:00:00+00:00,36538.0
2023-11-19 11:00:00+00:00,36627.0
2023-11-19 12:00:00+00:00,36630.0
2023-11-19 13:00:00+00:00,36645.0
2023-11-19 14:00:00+00:00,36656.0
2023-11-19 15:00:00+00:00,36560.0
2023-11-19 16:00:00+00:00,36487.0
2023-11-19 17:00:00+00:00,36508.0
2023-11-19 18:00:00+00:00,36506.0
2023-11-19 19:00:00+00:00,36478.0
2023-11-19 20:00:00+00:00,36582.0
2023-11-19 21:00:00+00:00,36579.0
2023-11-19 22:00:00+00:00,36620.0
2023-11-19 23:00:00+00:00,36854.0
2023-11-20 00:00:00+00:00,36958.0
2023-11-20 01:00:00+00:00,36945.0
2023-11-20 02:00:00+00:00,37004.0
2023-11-20 03:00:00+00:00,37012.0
2023-11-20 04:00:00+00:00,37426.0
2023-11-20 05:00:00+00:00,37320.0
2023-11-20 06:00:00+00:00,37315.0
2023-11-20 07:00:00+00:00,37330.0
2023-11-20 08:00:00+00:00,37128.0
2023-11-20 09:00:00+00:00,37228.0
2023-11-20 10:00:00+00:00,37162.0
2023-11-20 11:00:00+00:00,37207.0
2023-11-20 12:00:00+00:00,37257.0
2023-11-20 13:00:00+00:00,37133.0
2023-11-20 14:00:00+00:00,37220.0
2023-11-20 15:00:00+00:00,37314.0
2023-11-20 16:00:00+00:00,37193.0
2023-11-20 17:00:00+00:00,37165.0
2023-11-20 18:00:00+00:00,37122.0
2023-11-20 19:00:00+00:00,37446.0
2023-11-20 20:00:00+00:00,37492.0
2023-11-20 21:00:00+00:00,37261.0
2023-11-20 22:00:00+00:00,37607.0
2023-11-20 23:00:00+00:00,37554.0
2023-11-21 00:00:00+00:00,37607.0
2023-11-21 01:00:00+00:00,37578.0
2023-11-21 02:00:00+00:00,37452.0
2023-11-21 03:00:00+00:00,37454.0
2023-11-21 04:00:00+00:00,37480.0
2023-11-21 05:00:00+00:00,37419.0
2023-11-21 06:00:00+00:00,37640.0
2023-11-21 07:00:00+00:00,37480.0
2023-11-21 08:00:00+00:00,37495.0
2023-11-21 09:00:00+00:00,37416.0
2023-11-21 10:00:00+00:00,37379.0
2023-11-21 11:00:00+00:00,37387.0
2023-11-21 12:00:00+00:00,37299.0
2023-11-21 13:00:00+00:00,37426.0
2023-11-21 14:00:00+00:00,37331.0
2023-11-21 15:00:00+00:00,37356.0
2023-11-21 16:00:00+00:00,37184.0
2023-11-21 17:00:00+00:00,37198.0
2023-11-21 18:00:00+00:00,37018.0
2023-11-21 19:00:00+00:00,36643.0
2023-11-21 20:00:00+00:00,37001.0
2023-11-21 21:00:00+00:00,37215.0
2023-11-21 22:00:00+00:00,36914.0
2023-11-21 23:00:00+00:00,36913.0
2023-11-22 00:00:00+00:00,36990.0
2023-11-22 01:00:00+00:00,36944.0
2023-11-22 02:00:00+00:00,36846.0
2023-11-22 03:00:00+00:00,36383.0
2023-11-22 04:00:00+00:00,35758.0
2023-11-22 05:00:00+00:00,36120.0
2023-11-22 06:00:00+00:00,36095.0
2023-11-22 07:00:00+00:00,36301.0
2023-11-22 08:00:00+00:00,36389.0
2023-11-22 09:00:00+00:00,36440.0
2023-11-22 10:00:00+00:00,36367.0
2023-11-22 11:00:00+00:00,36538.0
2023-11-22 12:00:00+00:00,36459.0
2023-11-22 13:00:00+00:00,36565.0
2023-11-22 14:00:00+00:00,36700.0
2023-11-22 15:00:00+00:00,36668.0
2023-11-22 16:00:00+00:00,36478.0
2023-11-22 17:00:00+00:00,36570.0
2023-11-22 18:00:00+00:00,36597.0
2023-11-22 19:00:00+00:00,36400.0
2023-11-22 20:00:00+00:00,36496.0
2023-11-22 21:00:00+00:00,36475.0
2023-11-22 22:00:00+00:00,36586.0
2023-11-22 23:00:00+00:00,37197.0
2023-11-23 00:00:00+00:00,37299.0
2023-11-23 01:00:00+00:00,37652.0
2023-11-23 02:00:00+00:00,37652.0
2023-11-23 03:00:00+00:00,37463.0
2023-11-23 04:00:00+00:00,37424.0
2023-11-23 05:00:00+00:00,37327.0
2023-11-23 06:00:00+00:00,37430.0
2023-11-23 07:00:00+00:00,37358.0
2023-11-23 08:00:00+00:00,37317.0
2023-11-23 09:00:00+00:00,37357.0
2023-11-23 10:00:00+00:00,37340.0
2023-11-23 11:00:00+00:00,37288.0
2023-11-23 12:00:00+00:00,37390.0
2023-11-23 13:00:00+00:00,37515.0
2023-11-23 14:00:00+00:00,37646.0
2023-11-23 15:00:00+00:00,37471.0
2023-11-23 16:00:00+00:00,37372.0
2023-11-23 17:00:00+00:00,37308.0
2023-11-23 18:00:00+00:00,37256.0
2023-11-23 19:00:00+00:00,37218.0
2023-11-23 20:00:00+00:00,36972.0
2023-11-23 21:00:00+00:00,37093.0
2023-11-23 22:00:00+00:00,37174.0
2023-11-23 23:00:00+00:00,37267.0
2023-11-24 00:00:00+00:00,37296.0
2023-11-24 01:00:00+00:00,37284.0
2023-11-24 02:00:00+00:00,37257.0
2023-11-24 03:00:00+00:00,37309.0
2023-11-24 04:00:00+00:00,37301.0
2023-11-24 05:00:00+00:00,37304.0
2023-11-24 06:00:00+00:00,37406.0
2023-11-24 07:00:00+00:00,37401.0
2023-11-24 08:00:00+00:00,37329.0
2023-11-24 09:00:00+00:00,37362.0
2023-11-24 10:00:00+00:00,37426.0
2023-11-24 11:00:00+00:00,37392.0
2023-11-24 12:00:00+00:00,37532.0
2023-11-24 13:00:00+00:00,37456.0
2023-11-24 14:00:00+00:00,37630.0
2023-11-24 15:00:00+00:00,37620.0
2023-11-24 16:00:00+00:00,37763.0
2023-11-24 17:00:00+00:00,37731.0
2023-11-24 18:00:00+00:00,37797.0
2023-11-24 19:00:00+00:00,37810.0
2023-11-24 20:00:00+00:00,38252.0
2023-11-24 21:00:00+00:00,37770.0
2023-11-24 22:00:00+00:00,37880.0
2023-11-24 23:00:00+00:00,37750.0
2023-11-25 00:00:00+00:00,37796.0
2023-11-25 01:00:00+00:00,37856.0
2023-11-25 02:00:00+00:00,37853.0
2023-11-25 03:00:00+00:00,37725.0
2023-11-25 04:00:00+00:00,37746.0
2023-11-25 05:00:00+00:00,37759.0
2023-11-25 06:00:00+00:00,37816.0
2023-11-25 07:00:00+00:00,37846.0
2023-11-25 08:00:00+00:00,37830.0
2023-11-25 09:00:00+00:00,37811.0
2023-11-25 10:00:00+00:00,37837.0
2023-11-25 11:00:00+00:00,37820.0
2023-11-25 12:00:00+00:00,37831.0
2023-11-25 13:00:00+00:00,37790.0
2023-11-25 14:00:00+00:00,37764.0
2023-11-25 15:00:00+00:00,37713.0
2023-11-25 16:00:00+00:00,37678.0
2023-11-25 17:00:00+00:00,37741.0
2023-11-25 18:00:00+00:00,37749.0
2023-11-25 19:00:00+00:00,37705.0
2023-11-25 20:00:00+00:00,37728.0
2023-11-25 21:00:00+00:00,37771.0
2023-11-25 22:00:00+00:00,37798.0
2023-11-25 23:00:00+00:00,37841.0
2023-11-26 00:00:00+00:00,37851.0
2023-11-26 01:00:00+00:00,37821.0
2023-11-26 02:00:00+00:00,37823.0
2023-11-26 03:00:00+00:00,37757.0
2023-11-26 04:00:00+00:00,37809.0
2023-11-26 05:00:00+00:00,37764.0
2023-11-26 06:00:00+00:00,37710.0
2023-11-26 07:00:00+00:00,37767.0
2023-11-26 08:00:00+00:00,37762.0
2023-11-26 09:00:00+00:00,37788.0
2023-11-26 10:00:00+00:00,37801.0
2023-11-26 11:00:00+00:00,37804.0
2023-11-26 12:00:00+00:00,37814.0
2023-11-26 13:00:00+00:00,37784.0
2023-11-26 14:00:00+00:00,37788.0
2023-11-26 15:00:00+00:00,37728.0
2023-11-26 16:00:00+00:00,37706.0
2023-11-26 17:00:00+00:00,37641.0
2023-11-26 18:00:00+00:00,37547.0
2023-11-26 19:00:00+00:00,37373.0
2023-11-26 20:00:00+00:00,37461.0
2023-11-26 21:00:00+00:00,37249.0
2023-11-26 22:00:00+00:00,37293.0
2023-11-26 23:00:00+00:00,37264.0
2023-11-27 00:00:00+00:00,37395.0
2023-11-27 01:00:00+00:00,37603.0
2023-11-27 02:00:00+00:00,37631.0
2023-11-27 03:00:00+00:00,37672.0
2023-11-27 04:00:00+00:00,37460.0
2023-11-27 05:00:00+00:00,37506.0
2023-11-27 06:00:00+00:00,37509.0
2023-11-27 07:00:00+00:00,37322.0
2023-11-27 08:00:00+00:00,37322.0
2023-11-27 09:00:00+00:00,37383.0
2023-11-27 10:00:00+00:00,37307.0
2023-11-27 11:00:00+00:00,37284.0
2023-11-27 12:00:00+00:00,37299.0
2023-11-27 13:00:00+00:00,37348.0
2023-11-27 14:00:00+00:00,37369.0
2023-11-27 15:00:00+00:00,37117.0
2023-11-27 16:00:00+00:00,37040.0
2023-11-27 17:00:00+00:00,36976.0
2023-11-27 18:00:00+00:00,36953.0
2023-11-27 19:00:00+00:00,36801.0
2023-11-27 20:00:00+00:00,36763.0
2023-11-27 21:00:00+00:00,37084.0
2023-11-27 22:00:00+00:00,36920.0
2023-11-27 23:00:00+00:00,36976.0
2023-11-28 00:00:00+00:00,36880.0
2023-11-28 01:00:00+00:00,36807.0
2023-11-28 02:00:00+00:00,37036.0
2023-11-28 03:00:00+00:00,37086.0
2023-11-28 04:00:00+00:00,37240.0
2023-11-28 05:00:00+00:00,37267.0
2023-11-28 06:00:00+00:00,37202.0
2023-11-28 07:00:00+00:00,37183.0
2023-11-28 08:00:00+00:00,37132.0
2023-11-28 09:00:00+00:00,37002.0
2023-11-28 10:00:00+00:00,36922.0
2023-11-28 11:00:00+00:00,37108.0
2023-11-28 12:00:00+00:00,37108.0
2023-11-28 13:00:00+00:00,36940.0
2023-11-28 14:00:00+00:00,37087.0
2023-11-28 15:00:00+00:00,37107.0
2023-11-28 16:00:00+00:00,37251.0
2023-11-28 17:00:00+00:00,37206.0
2023-11-28 18:00:00+00:00,37421.0
2023-11-28 19:00:00+00:00,37375.0
2023-11-28 20:00:00+00:00,37527.0
2023-11-28 21:00:00+00:00,37885.0
2023-11-28 22:00:00+00:00,38273.0
2023-11-28 23:00:00+00:00,38023.0
2023-11-29 00:00:00+00:00,38151.0
2023-11-29 01:00:00+00:00,38274.0
2023-11-29 02:00:00+00:00,37972.0
2023-11-29 03:00:00+00:00,37885.0
2023-11-29 04:00:00+00:00,37839.0
2023-11-29 05:00:00+00:00,37940.0
2023-11-29 06:00:00+00:00,37960.0
2023-11-29 07:00:00+00:00,37958.0
2023-11-29 08:00:00+00:00,37970.0
2023-11-29 09:00:00+00:00,37956.0
2023-11-29 10:00:00+00:00,38060.0
2023-11-29 11:00:00+00:00,38194.0
2023-11-29 12:00:00+00:00,38128.0
2023-11-29 13:00:00+00:00,38363.0
2023-11-29 14:00:00+00:00,38318.0
2023-11-29 15:00:00+00:00,37987.0
2023-11-29 16:00:00+00:00,38129.0
2023-11-29 17:00:00+00:00,38196.0
2023-11-29 18:00:00+00:00,38142.0
2023-11-29 19:00:00+00:00,37839.0
2023-11-29 20:00:00+00:00,37838.0
2023-11-29 21:00:00+00:00,37778.0
2023-11-29 22:00:00+00:00,37790.0
2023-11-29 23:00:00+00:00,37866.0
2023-11-30 00:00:00+00:00,37887.0
2023-11-30 01:00:00+00:00,37662.0
2023-11-30 02:00:00+00:00,37731.0
2023-11-30 03:00:00+00:00,37797.0
2023-11-30 04:00:00+00:00,37863.0
2023-11-30 05:00:00+00:00,37788.0
2023-11-30 06:00:00+00:00,37714.0
2023-11-30 07:00:00+00:00,37885.0
2023-11-30 08:00:00+00:00,38051.0
2023-11-30 09:00:00+00:00,37988.0
2023-11-30 10:00:00+00:00,37898.0
2023-11-30 11:00:00+00:00,37874.0
2023-11-30 12:00:00+00:00,37802.0
2023-11-30 13:00:00+00:00,37675.0
2023-11-30 14:00:00+00:00,37704.0
2023-11-30 15:00:00+00:00,37691.0
2023-11-30 16:00:00+00:00,37896.0
2023-11-30 17:00:00+00:00,37888.0
2023-11-30 18:00:00+00:00,37741.0
2023-11-30 19:00:00+00:00,37657.0
2023-11-30 20:00:00+00:00,37619.0
2023-11-30 21:00:00+00:00,37669.0
2023-11-30 22:00:00+00:00,37750.0
2023-11-30 23:00:00+00:00,37750.0
2023-12-01 00:00:00+00:00,37763.0
2023-12-01 01:00:00+00:00,37757.0
2023-12-01 02:00:00+00:00,37745.0
2023-12-01 03:00:00+00:00,37708.0
2023-12-01 04:00:00+00:00,37719.0
2023-12-01 05:00:00+00:00,37687.0
2023-12-01 06:00:00+00:00,37954.0
2023-12-01 07:00:00+00:00,37998.0
2023-12-01 08:00:00+00:00,38057.0
2023-12-01 09:00:00+00:00,38216.0
2023-12-01 10:00:00+00:00,38136.0
2023-12-01 11:00:00+00:00,38224.0
2023-12-01 12:00:00+00:00,38254.0
2023-12-01 13:00:00+00:00,38328.0
2023-12-01 14:00:00+00:00,38717.0
2023-12-01 15:00:00+00:00,38550.0
2023-12-01 16:00:00+00:00,38608.0
2023-12-01 17:00:00+00:00,38375.0
2023-12-01 18:00:00+00:00,38366.0
2023-12-01 19:00:00+00:00,38338.0
2023-12-01 20:00:00+00:00,38428.0
2023-12-01 21:00:00+00:00,38827.0
2023-12-01 22:00:00+00:00,38817.0
2023-12-01 23:00:00+00:00,38717.0
2023-12-02 00:00:00+00:00,38776.0
2023-12-02 01:00:00+00:00,38766.0
2023-12-02 02:00:00+00:00,38802.0
2023-12-02 03:00:00+00:00,38722.0
2023-12-02 04:00:00+00:00,38707.0
2023-12-02 05:00:00+00:00,38733.0
2023-12-02 06:00:00+00:00,38774.0
2023-12-02 07:00:00+00:00,38740.0
2023-12-02 08:00:00+00:00,38802.0
2023-12-02 09:00:00+00:00,38830.0
2023-12-02 10:00:00+00:00,38771.0
2023-12-02 11:00:00+00:00,38795.0
2023-12-02 12:00:00+00:00,38728.0
2023-12-02 13:00:00+00:00,38734.0
2023-12-02 14:00:00+00:00,38790.0
2023-12-02 15:00:00+00:00,38764.0
2023-12-02 16:00:00+00:00,38758.0
2023-12-02 17:00:00+00:00,38799.0
2023-12-02 18:00:00+00:00,38831.0
2023-12-02 19:00:00+00:00,38797.0
2023-12-02 20:00:00+00:00,38833.0
2023-12-02 21:00:00+00:00,38760.0
2023-12-02 22:00:00+00:00,38818.0
2023-12-02 23:00:00+00:00,38894.0
2023-12-03 00:00:00+00:00,39436.0
2023-12-03 01:00:00+00:00,39581.0
2023-12-03 02:00:00+00:00,39584.0
2023-12-03 03:00:00+00:00,39372.0
2023-12-03 04:00:00+00:00,39474.0
2023-12-03 05:00:00+00:00,39524.0
2023-12-03 06:00:00+00:00,39508.0
2023-12-03 07:00:00+00:00,39387.0
2023-12-03 08:00:00+00:00,39400.0
2023-12-03 09:00:00+00:00,39374.0
2023-12-03 10:00:00+00:00,39442.0
2023-12-03 11:00:00+00:00,39437.0
2023-12-03 12:00:00+00:00,39497.0
2023-12-03 13:00:00+00:00,39413.0
2023-12-03 14:00:00+00:00,39474.0
2023-12-03 15:00:00+00:00,39545.0
2023-12-03 16:00:00+00:00,39497.0
2023-12-03 17:00:00+00:00,39421.0
2023-12-03 18:00:00+00:00,39700.0
2023-12-03 19:00:00+00:00,39578.0
2023-12-03 20:00:00+00:00,39767.0
2023-12-03 21:00:00+00:00,39688.0
2023-12-03 22:00:00+00:00,39544.0
2023-12-03 23:00:00+00:00,39568.0
2023-12-04 00:00:00+00:00,39575.0
2023-12-04 01:00:00+00:00,39581.0
2023-12-04 02:00:00+00:00,39730.0
2023-12-04 03:00:00+00:00,40079.0
2023-12-04 04:00:00+00:00,39989.0
2023-12-04 05:00:00+00:00,40209.0
2023-12-04 06:00:00+00:00,40616.0
2023-12-04 07:00:00+00:00,40695.0
2023-12-04 08:00:00+00:00,40728.0
2023-12-04 09:00:00+00:00,40894.0
2023-12-04 10:00:00+00:00,41507.0
2023-12-04 11:00:00+00:00,41375.0
2023-12-04 12:00:00+00:00,41449.0
2023-12-04 13:00:00+00:00,41699.0
2023-12-04 14:00:00+00:00,41564.0
2023-12-04 15:00:00+00:00,41976.0
2023-12-04 16:00:00+00:00,41617.0
2023-12-04 17:00:00+00:00,41815.0
2023-12-04 18:00:00+00:00,41747.0
2023-12-04 19:00:00+00:00,41654.0
2023-12-04 20:00:00+00:00,41274.0
2023-12-04 21:00:00+00:00,41620.0
2023-12-04 22:00:00+00:00,41621.0
2023-12-04 23:00:00+00:00,41726.0
2023-12-05 00:00:00+00:00,41972.0
2023-12-05 01:00:00+00:00,41769.0
2023-12-05 02:00:00+00:00,42036.0
2023-12-05 03:00:00+00:00,41958.0
2023-12-05 04:00:00+00:00,41985.0
2023-12-05 05:00:00+00:00,41919.0
2023-12-05 06:00:00+00:00,41807.0
2023-12-05 07:00:00+00:00,41736.0
2023-12-05 08:00:00+00:00,41834.0
2023-12-05 09:00:00+00:00,41784.0
2023-12-05 10:00:00+00:00,41914.0
2023-12-05 11:00:00+00:00,41721.0
2023-12-05 12:00:00+00:00,41526.0
2023-12-05 13:00:00+00:00,41619.0
2023-12-05 14:00:00+00:00,41714.0
2023-12-05 15:00:00+00:00,41624.0
2023-12-05 16:00:00+00:00,41730.0
2023-12-05 17:00:00+00:00,41873.0
2023-12-05 18:00:00+00:00,41833.0
2023-12-05 19:00:00+00:00,42213.0
2023-12-05 20:00:00+00:00,42270.0
2023-12-05 21:00:00+00:00,42712.0
2023-12-05 22:00:00+00:00,43379.0
2023-12-05 23:00:00+00:00,43696.0
2023-12-06 00:00:00+00:00,43799.0
2023-12-06 01:00:00+00:00,43765.0
2023-12-06 02:00:00+00:00,43887.0
2023-12-06 03:00:00+00:00,44298.0
2023-12-06 04:00:00+00:00,44075.0
2023-12-06 05:00:00+00:00,44144.0
2023-12-06 06:00:00+00:00,43886.0
2023-12-06 07:00:00+00:00,43904.0
2023-12-06 08:00:00+00:00,43738.0
2023-12-06 09:00:00+00:00,43738.0
2023-12-06 10:00:00+00:00,43676.0
2023-12-06 11:00:00+00:00,43674.0
2023-12-06 12:00:00+00:00,43667.0
2023-12-06 13:00:00+00:00,43829.0
2023-12-06 14:00:00+00:00,43875.0
2023-12-06 15:00:00+00:00,44121.0
2023-12-06 16:00:00+00:00,43841.0
2023-12-06 17:00:00+00:00,44042.0
2023-12-06 18:00:00+00:00,44110.0
2023-12-06 19:00:00+00:00,44053.0
2023-12-06 20:00:00+00:00,43807.0
2023-12-06 21:00:00+00:00,43846.0
2023-12-06 22:00:00+00:00,43967.0
2023-12-06 23:00:00+00:00,43938.0
2023-12-07 00:00:00+00:00,43992.0
2023-12-07 01:00:00+00:00,43764.0
2023-12-07 02:00:00+00:00,43828.0
2023-12-07 03:00:00+00:00,43779.0
2023-12-07 04:00:00+00:00,43764.0
2023-12-07 05:00:00+00:00,43831.0
2023-12-07 06:00:00+00:00,43932.0
2023-12-07 07:00:00+00:00,43967.0
2023-12-07 08:00:00+00:00,43936.0
2023-12-07 09:00:00+00:00,43958.0
2023-12-07 10:00:00+00:00,44000.0
2023-12-07 11:00:00+00:00,43888.0
2023-12-07 12:00:00+00:00,43895.0
2023-12-07 13:00:00+00:00,43595.0
2023-12-07 14:00:00+00:00,43352.0
2023-12-07 15:00:00+00:00,43142.0
2023-12-07 16:00:00+00:00,43189.0
2023-12-07 17:00:00+00:00,43408.0
2023-12-07 18:00:00+00:00,43299.0
2023-12-07 19:00:00+00:00,43489.0
2023-12-07 20:00:00+00:00,43649.0
2023-12-07 21:00:00+00:00,43699.0
2023-12-07 22:00:00+00:00,43442.0
2023-12-07 23:00:00+00:00,43332.0
2023-12-08 00:00:00+00:00,43201.0
2023-12-08 01:00:00+00:00,43238.0
2023-12-08 02:00:00+00:00,43385.0
2023-12-08 03:00:00+00:00,43155.0
2023-12-08 04:00:00+00:00,43291.0
2023-12-08 05:00:00+00:00,43407.0
2023-12-08 06:00:00+00:00,43424.0
2023-12-08 07:00:00+00:00,43513.0
2023-12-08 08:00:00+00:00,43383.0
2023-12-08 09:00:00+00:00,43467.0
2023-12-08 10:00:00+00:00,43437.0
2023-12-08 11:00:00+00:00,43373.0
2023-12-08 12:00:00+00:00,43171.0
2023-12-08 13:00:00+00:00,43225.0
2023-12-08 14:00:00+00:00,43145.0
2023-12-08 15:00:00+00:00,43356.0
2023-12-08 16:00:00+00:00,43664.0
2023-12-08 17:00:00+00:00,43754.0
2023-12-08 18:00:00+00:00,43581.0
2023-12-08 19:00:00+00:00,43973.0
2023-12-08 20:00:00+00:00,43770.0
2023-12-08 21:00:00+00:00,43835.0
2023-12-08 22:00:00+00:00,43751.0
2023-12-08 23:00:00+00:00,43840.0
2023-12-09 00:00:00+00:00,43988.0
2023-12-09 01:00:00+00:00,44404.0
2023-12-09 02:00:00+00:00,44551.0
2023-12-09 03:00:00+00:00,44270.0
2023-12-09 04:00:00+00:00,44193.0
2023-12-09 05:00:00+00:00,44201.0
2023-12-09 06:00:00+00:00,44122.0
2023-12-09 07:00:00+00:00,44137.0
2023-12-09 08:00:00+00:00,44151.0
2023-12-09 09:00:00+00:00,44247.0
2023-12-09 10:00:00+00:00,44293.0
2023-12-09 11:00:00+00:00,44208.0
2023-12-09 12:00:00+00:00,44204.0
2023-12-09 13:00:00+00:00,43849.0
2023-12-09 14:00:00+00:00,43869.0
2023-12-09 15:00:00+00:00,43864.0
2023-12-09 16:00:00+00:00,43835.0
2023-12-09 17:00:00+00:00,43912.0
2023-12-09 18:00:00+00:00,44025.0
2023-12-09 19:00:00+00:00,43951.0
2023-12-09 20:00:00+00:00,44066.0
2023-12-09 21:00:00+00:00,44030.0
2023-12-09 22:00:00+00:00,43915.0
2023-12-09 23:00:00+00:00,43997.0
2023-12-10 00:00:00+00:00,43953.0
2023-12-10 01:00:00+00:00,43994.0
2023-12-10 02:00:00+00:00,43984.0
2023-12-10 03:00:00+00:00,43913.0
2023-12-10 04:00:00+00:00,43712.0
2023-12-10 05:00:00+00:00,43776.0
2023-12-10 06:00:00+00:00,43800.0
2023-12-10 07:00:00+00:00,43753.0
2023-12-10 08:00:00+00:00,43843.0
2023-12-10 09:00:00+00:00,43949.0
2023-12-10 10:00:00+00:00,43898.0
2023-12-10 11:00:00+00:00,43914.0
2023-12-10 12:00:00+00:00,43976.0
2023-12-10 13:00:00+00:00,43782.0
2023-12-10 14:00:00+00:00,43623.0
2023-12-10 15:00:00+00:00,43713.0
2023-12-10 16:00:00+00:00,43747.0
2023-12-10 17:00:00+00:00,43894.0
2023-12-10 18:00:00+00:00,43822.0
2023-12-10 19:00:00+00:00,43840.0
2023-12-10 20:00:00+00:00,43913.0
2023-12-10 21:00:00+00:00,43832.0
2023-12-10 22:00:00+00:00,43825.0
2023-12-10 23:00:00+00:00,43831.0
2023-12-11 00:00:00+00:00,43799.0
2023-12-11 01:00:00+00:00,43963.0
2023-12-11 02:00:00+00:00,43800.0
2023-12-11 03:00:00+00:00,43787.0
2023-12-11 04:00:00+00:00,43786.0
2023-12-11 05:00:00+00:00,43639.0
2023-12-11 06:00:00+00:00,43217.0
2023-12-11 07:00:00+00:00,41970.0
2023-12-11 08:00:00+00:00,42324.0
2023-12-11 09:00:00+00:00,42157.0
2023-12-11 10:00:00+00:00,42052.0
2023-12-11 11:00:00+00:00,42121.0
2023-12-11 12:00:00+00:00,42117.0
2023-12-11 13:00:00+00:00,42224.0
2023-12-11 14:00:00+00:00,42367.0
2023-12-11 15:00:00+00:00,42381.0
2023-12-11 16:00:00+00:00,42339.0
2023-12-11 17:00:00+00:00,42215.0
2023-12-11 18:00:00+00:00,42000.0
2023-12-11 19:00:00+00:00,41820.0
2023-12-11 20:00:00+00:00,41768.0
2023-12-11 21:00:00+00:00,41779.0
2023-12-11 22:00:00+00:00,41343.0
2023-12-11 23:00:00+00:00,40980.0
2023-12-12 00:00:00+00:00,40710.0
2023-12-12 01:00:00+00:00,40835.0
2023-12-12 02:00:00+00:00,41174.0
2023-12-12 03:00:00+00:00,41275.0
2023-12-12 04:00:00+00:00,41242.0
2023-12-12 05:00:00+00:00,41699.0
2023-12-12 06:00:00+00:00,41650.0
2023-12-12 07:00:00+00:00,41855.0
2023-12-12 08:00:00+00:00,41730.0
2023-12-12 09:00:00+00:00,41381.0
2023-12-12 10:00:00+00:00,41550.0
2023-12-12 11:00:00+00:00,41674.0
2023-12-12 12:00:00+00:00,41919.0
2023-12-12 13:00:00+00:00,42033.0
2023-12-12 14:00:00+00:00,41812.0
2023-12-12 15:00:00+00:00,41791.0
2023-12-12 16:00:00+00:00,41573.0
2023-12-12 17:00:00+00:00,41841.0
2023-12-12 18:00:00+00:00,41807.0
2023-12-12 19:00:00+00:00,41465.0
2023-12-12 20:00:00+00:00,41335.0
2023-12-12 21:00:00+00:00,41311.0
2023-12-12 22:00:00+00:00,40676.0
2023-12-12 23:00:00+00:00,41264.0
2023-12-13 00:00:00+00:00,41112.0
2023-12-13 01:00:00+00:00,41201.0
2023-12-13 02:00:00+00:00,41089.0
2023-12-13 03:00:00+00:00,41218.0
2023-12-13 04:00:00+00:00,41458.0
2023-12-13 05:00:00+00:00,41393.0
2023-12-13 06:00:00+00:00,41025.0
2023-12-13 07:00:00+00:00,40987.0
2023-12-13 08:00:00+00:00,40800.0
2023-12-13 09:00:00+00:00,40893.0
2023-12-13 10:00:00+00:00,41004.0
2023-12-13 11:00:00+00:00,40857.0
2023-12-13 12:00:00+00:00,41095.0
2023-12-13 13:00:00+00:00,41246.0
2023-12-13 14:00:00+00:00,41190.0
2023-12-13 15:00:00+00:00,41122.0
2023-12-13 16:00:00+00:00,40985.0
2023-12-13 17:00:00+00:00,41191.0
2023-12-13 18:00:00+00:00,41449.0
2023-12-13 19:00:00+00:00,41411.0
2023-12-13 20:00:00+00:00,41918.0
2023-12-13 21:00:00+00:00,41864.0
2023-12-13 22:00:00+00:00,42111.0
2023-12-13 23:00:00+00:00,42124.0
2023-12-14 00:00:00+00:00,42734.0
2023-12-14 01:00:00+00:00,42895.0
2023-12-14 02:00:00+00:00,42987.0
2023-12-14 03:00:00+00:00,42989.0
2023-12-14 04:00:00+00:00,42888.0
2023-12-14 05:00:00+00:00,42796.0
2023-12-14 06:00:00+00:00,42868.0
2023-12-14 07:00:00+00:00,42784.0
2023-12-14 08:00:00+00:00,42732.0
2023-12-14 09:00:00+00:00,42718.0
2023-12-14 10:00:00+00:00,42809.0
2023-12-14 11:00:00+00:00,42896.0
2023-12-14 12:00:00+00:00,42912.0
2023-12-14 13:00:00+00:00,42783.0
2023-12-14 14:00:00+00:00,42903.0
2023-12-14 15:00:00+00:00,42967.0
2023-12-14 16:00:00+00:00,43268.0
2023-12-14 17:00:00+00:00,43107.0
2023-12-14 18:00:00+00:00,42575.0
2023-12-14 19:00:00+00:00,42662.0
2023-12-14 20:00:00+00:00,42466.0
2023-12-14 21:00:00+00:00,42614.0
2023-12-14 22:00:00+00:00,43226.0
2023-12-14 23:00:00+00:00,42871.0
2023-12-15 00:00:00+00:00,43109.0
2023-12-15 01:00:00+00:00,42940.0
2023-12-15 02:00:00+00:00,42995.0
2023-12-15 03:00:00+00:00,43086.0
2023-12-15 04:00:00+00:00,43031.0
2023-12-15 05:00:00+00:00,42895.0
2023-12-15 06:00:00+00:00,42962.0
2023-12-15 07:00:00+00:00,42885.0
2023-12-15 08:00:00+00:00,42798.0
2023-12-15 09:00:00+00:00,42814.0
2023-12-15 10:00:00+00:00,42603.0
2023-12-15 11:00:00+00:00,42570.0
2023-12-15 12:00:00+00:00,42712.0
2023-12-15 13:00:00+00:00,42876.0
2023-12-15 14:00:00+00:00,42823.0
2023-12-15 15:00:00+00:00,42845.0
2023-12-15 16:00:00+00:00,42780.0
2023-12-15 17:00:00+00:00,42610.0
2023-12-15 18:00:00+00:00,42282.0
2023-12-15 19:00:00+00:00,42177.0
2023-12-15 20:00:00+00:00,41880.0
2023-12-15 21:00:00+00:00,41789.0
2023-12-15 22:00:00+00:00,41839.0
2023-12-15 23:00:00+00:00,42100.0
2023-12-16 00:00:00+00:00,42082.0
2023-12-16 01:00:00+00:00,42224.0
2023-12-16 02:00:00+00:00,42232.0
2023-12-16 03:00:00+00:00,42067.0
2023-12-16 04:00:00+00:00,41925.0
2023-12-16 05:00:00+00:00,41881.0
2023-12-16 06:00:00+00:00,42057.0
2023-12-16 07:00:00+00:00,42140.0
2023-12-16 08:00:00+00:00,42333.0
2023-12-16 09:00:00+00:00,42274.0
2023-12-16 10:00:00+00:00,42239.0
2023-12-16 11:00:00+00:00,42187.0
2023-12-16 12:00:00+00:00,42186.0
2023-12-16 13:00:00+00:00,42148.0
2023-12-16 14:00:00+00:00,42182.0
2023-12-16 15:00:00+00:00,42230.0
2023-12-16 16:00:00+00:00,42295.0
2023-12-16 17:00:00+00:00,42384.0
2023-12-16 18:00:00+00:00,42369.0
2023-12-16 19:00:00+00:00,42331.0
2023-12-16 20:00:00+00:00,42566.0
2023-12-16 21:00:00+00:00,42566.0
2023-12-16 22:00:00+00:00,42488.0
2023-12-16 23:00:00+00:00,42438.0
2023-12-17 00:00:00+00:00,42327.0
2023-12-17 01:00:00+00:00,42299.0
2023-12-17 02:00:00+00:00,42277.0
2023-12-17 03:00:00+00:00,42281.0
2023-12-17 04:00:00+00:00,42246.0
2023-12-17 05:00:00+00:00,42117.0
2023-12-17 06:00:00+00:00,41979.0
2023-12-17 07:00:00+00:00,41840.0
2023-12-17 08:00:00+00:00,41890.0
2023-12-17 09:00:00+00:00,41961.0
2023-12-17 10:00:00+00:00,41868.0
2023-12-17 11:00:00+00:00,41964.0
2023-12-17 12:00:00+00:00,41856.0
2023-12-17 13:00:00+00:00,41845.0
2023-12-17 14:00:00+00:00,41934.0
2023-12-17 15:00:00+00:00,41906.0
2023-12-17 16:00:00+00:00,41923.0
2023-12-17 17:00:00+00:00,41920.0
2023-12-17 18:00:00+00:00,41832.0
2023-12-17 19:00:00+00:00,41581.0
2023-12-17 20:00:00+00:00,41761.0
2023-12-17 21:00:00+00:00,42056.0
2023-12-17 22:00:00+00:00,42038.0
2023-12-17 23:00:00+00:00,42129.0
2023-12-18 00:00:00+00:00,42071.0
2023-12-18 01:00:00+00:00,42078.0
2023-12-18 02:00:00+00:00,41882.0
2023-12-18 03:00:00+00:00,41679.0
2023-12-18 04:00:00+00:00,41345.0
2023-12-18 05:00:00+00:00,41334.0
2023-12-18 06:00:00+00:00,40975.0
2023-12-18 07:00:00+00:00,40887.0
2023-12-18 08:00:00+00:00,41062.0
2023-12-18 09:00:00+00:00,41161.0
2023-12-18 10:00:00+00:00,40980.0
2023-12-18 11:00:00+00:00,41157.0
2023-12-18 12:00:00+00:00,41087.0
2023-12-18 13:00:00+00:00,41153.0
2023-12-18 14:00:00+00:00,41011.0
2023-12-18 15:00:00+00:00,40772.0
2023-12-18 16:00:00+00:00,41067.0
2023-12-18 17:00:00+00:00,40862.0
2023-12-18 18:00:00+00:00,41315.0
2023-12-18 19:00:00+00:00,41566.0
2023-12-18 20:00:00+00:00,41240.0
2023-12-18 21:00:00+00:00,41471.0
2023-12-18 22:00:00+00:00,41375.0
2023-12-18 23:00:00+00:00,41619.0
2023-12-19 00:00:00+00:00,41691.0
2023-12-19 01:00:00+00:00,41937.0
2023-12-19 02:00:00+00:00,42616.0
2023-12-19 03:00:00+00:00,42503.0
2023-12-19 04:00:00+00:00,42650.0
2023-12-19 05:00:00+00:00,42746.0
2023-12-19 06:00:00+00:00,43281.0
2023-12-19 07:00:00+00:00,43078.0
2023-12-19 08:00:00+00:00,43076.0
2023-12-19 09:00:00+00:00,42906.0
2023-12-19 10:00:00+00:00,42944.0
2023-12-19 11:00:00+00:00,42898.0
2023-12-19 12:00:00+00:00,43028.0
2023-12-19 13:00:00+00:00,43083.0
2023-12-19 14:00:00+00:00,43017.0
2023-12-19 15:00:00+00:00,43104.0
2023-12-19 16:00:00+00:00,42962.0
2023-12-19 17:00:00+00:00,42941.0
2023-12-19 18:00:00+00:00,42857.0
2023-12-19 19:00:00+00:00,42352.0
2023-12-19 20:00:00+00:00,42475.0
2023-12-19 21:00:00+00:00,42310.0
2023-12-19 22:00:00+00:00,41829.0
2023-12-19 23:00:00+00:00,42197.0
2023-12-20 00:00:00+00:00,42316.0
2023-12-20 01:00:00+00:00,42202.0
2023-12-20 02:00:00+00:00,42497.0
2023-12-20 03:00:00+00:00,42317.0
2023-12-20 04:00:00+00:00,42258.0
2023-12-20 05:00:00+00:00,42413.0
2023-12-20 06:00:00+00:00,42312.0
2023-12-20 07:00:00+00:00,42419.0
2023-12-20 08:00:00+00:00,42410.0
2023-12-20 09:00:00+00:00,42817.0
2023-12-20 10:00:00+00:00,42701.0
2023-12-20 11:00:00+00:00,42852.0
2023-12-20 12:00:00+00:00,42910.0
2023-12-20 13:00:00+00:00,42795.0
2023-12-20 14:00:00+00:00,42786.0
2023-12-20 15:00:00+00:00,42865.0
2023-12-20 16:00:00+00:00,42860.0
2023-12-20 17:00:00+00:00,42978.0
2023-12-20 18:00:00+00:00,43726.0
2023-12-20 19:00:00+00:00,43887.0
2023-12-20 20:00:00+00:00,44064.0
2023-12-20 21:00:00+00:00,43710.0
2023-12-20 22:00:00+00:00,44000.0
2023-12-20 23:00:00+00:00,44161.0
2023-12-21 00:00:00+00:00,43765.0
2023-12-21 01:00:00+00:00,43442.0
2023-12-21 02:00:00+00:00,43448.0
2023-12-21 03:00:00+00:00,43615.0
2023-12-21 04:00:00+00:00,43665.0
2023-12-21 05:00:00+00:00,43580.0
2023-12-21 06:00:00+00:00,43466.0
2023-12-21 07:00:00+00:00,43390.0
2023-12-21 08:00:00+00:00,43652.0
2023-12-21 09:00:00+00:00,43624.0
2023-12-21 10:00:00+00:00,43512.0
2023-12-21 11:00:00+00:00,43795.0
2023-12-21 12:00:00+00:00,43753.0
2023-12-21 13:00:00+00:00,43684.0
2023-12-21 14:00:00+00:00,43733.0
2023-12-21 15:00:00+00:00,44008.0
2023-12-21 16:00:00+00:00,43946.0
2023-12-21 17:00:00+00:00,44071.0
2023-12-21 18:00:00+00:00,44152.0
2023-12-21 19:00:00+00:00,43516.0
2023-12-21 20:00:00+00:00,43826.0
2023-12-21 21:00:00+00:00,43666.0
2023-12-21 22:00:00+00:00,43450.0
2023-12-21 23:00:00+00:00,43580.0
2023-12-22 00:00:00+00:00,43589.0
2023-12-22 01:00:00+00:00,43786.0
2023-12-22 02:00:00+00:00,44013.0
2023-12-22 03:00:00+00:00,43959.0
2023-12-22 04:00:00+00:00,43873.0
2023-12-22 05:00:00+00:00,43840.0
2023-12-22 06:00:00+00:00,44135.0
2023-12-22 07:00:00+00:00,43979.0
2023-12-22 08:00:00+00:00,43981.0
2023-12-22 09:00:00+00:00,44124.0
2023-12-22 10:00:00+00:00,44158.0
2023-12-22 11:00:00+00:00,43902.0
2023-12-22 12:00:00+00:00,43595.0
2023-12-22 13:00:00+00:00,43618.0
2023-12-22 14:00:00+00:00,43766.0
2023-12-22 15:00:00+00:00,43734.0
2023-12-22 16:00:00+00:00,43757.0
2023-12-22 17:00:00+00:00,43574.0
2023-12-22 18:00:00+00:00,43722.0
2023-12-22 19:00:00+00:00,43659.0
2023-12-22 20:00:00+00:00,43690.0
2023-12-22 21:00:00+00:00,43573.0
2023-12-22 22:00:00+00:00,43712.0
2023-12-22 23:00:00+00:00,43983.0
2023-12-23 00:00:00+00:00,43670.0
2023-12-23 01:00:00+00:00,43675.0
2023-12-23 02:00:00+00:00,43738.0
2023-12-23 03:00:00+00:00,43839.0
2023-12-23 04:00:00+00:00,44002.0
2023-12-23 05:00:00+00:00,43858.0
2023-12-23 06:00:00+00:00,43707.0
2023-12-23 07:00:00+00:00,43557.0
2023-12-23 08:00:00+00:00,43573.0
2023-12-23 09:00:00+00:00,43534.0
2023-12-23 10:00:00+00:00,43634.0
2023-12-23 11:00:00+00:00,43663.0
2023-12-23 12:00:00+00:00,43593.0
2023-12-23 13:00:00+00:00,43653.0
2023-12-23 14:00:00+00:00,43652.0
2023-12-23 15:00:00+00:00,43606.0
2023-12-23 16:00:00+00:00,43573.0
2023-12-23 17:00:00+00:00,43729.0
2023-12-23 18:00:00+00:00,43718.0
2023-12-23 19:00:00+00:00,43807.0
2023-12-23 20:00:00+00:00,43778.0
2023-12-23 21:00:00+00:00,43810.0
2023-12-23 22:00:00+00:00,43773.0
2023-12-23 23:00:00+00:00,43810.0
2023-12-24 00:00:00+00:00,43728.0
2023-12-24 01:00:00+00:00,43737.0
2023-12-24 02:00:00+00:00,43801.0
2023-12-24 03:00:00+00:00,43781.0
2023-12-24 04:00:00+00:00,43733.0
2023-12-24 05:00:00+00:00,43733.0
2023-12-24 06:00:00+00:00,43806.0
2023-12-24 07:00:00+00:00,43877.0
2023-12-24 08:00:00+00:00,43858.0
2023-12-24 09:00:00+00:00,43826.0
2023-12-24 10:00:00+00:00,43520.0
2023-12-24 11:00:00+00:00,43571.0
2023-12-24 12:00:00+00:00,43676.0
2023-12-24 13:00:00+00:00,43656.0
2023-12-24 14:00:00+00:00,43707.0
2023-12-24 15:00:00+00:00,43613.0
2023-12-24 16:00:00+00:00,43660.0
2023-12-24 17:00:00+00:00,43680.0
2023-12-24 18:00:00+00:00,43785.0
2023-12-24 19:00:00+00:00,43758.0
2023-12-24 20:00:00+00:00,43718.0
2023-12-24 21:00:00+00:00,43695.0
2023-12-24 22:00:00+00:00,43664.0
2023-12-24 23:00:00+00:00,43697.0
2023-12-25 00:00:00+00:00,43653.0
2023-12-25 01:00:00+00:00,43542.0
2023-12-25 02:00:00+00:00,43534.0
2023-12-25 03:00:00+00:00,43050.0
2023-12-25 04:00:00+00:00,43033.0
2023-12-25 05:00:00+00:00,42939.0
2023-12-25 06:00:00+00:00,43076.0
2023-12-25 07:00:00+00:00,43074.0
2023-12-25 08:00:00+00:00,43160.0
2023-12-25 09:00:00+00:00,43115.0
2023-12-25 10:00:00+00:00,43242.0
2023-12-25 11:00:00+00:00,43250.0
2023-12-25 12:00:00+00:00,43218.0
2023-12-25 13:00:00+00:00,43134.0
2023-12-25 14:00:00+00:00,43159.0
2023-12-25 15:00:00+00:00,43187.0
2023-12-25 16:00:00+00:00,43201.0
2023-12-25 17:00:00+00:00,43671.0
2023-12-25 18:00:00+00:00,43664.0
2023-12-25 19:00:00+00:00,43663.0
2023-12-25 20:00:00+00:00,43634.0
2023-12-25 21:00:00+00:00,43536.0
2023-12-25 22:00:00+00:00,43571.0
2023-12-25 23:00:00+00:00,43455.0
2023-12-26 00:00:00+00:00,43491.0
2023-12-26 01:00:00+00:00,43432.0
2023-12-26 02:00:00+00:00,43533.0
2023-12-26 03:00:00+00:00,43701.0
2023-12-26 04:00:00+00:00,43591.0
2023-12-26 05:00:00+00:00,43471.0
2023-12-26 06:00:00+00:00,43522.0
2023-12-26 07:00:00+00:00,43446.0
2023-12-26 08:00:00+00:00,43469.0
2023-12-26 09:00:00+00:00,43454.0
2023-12-26 10:00:00+00:00,42779.0
2023-12-26 11:00:00+00:00,42708.0
2023-12-26 12:00:00+00:00,42776.0
2023-12-26 13:00:00+00:00,42709.0
2023-12-26 14:00:00+00:00,42412.0
2023-12-26 15:00:00+00:00,42650.0
2023-12-26 16:00:00+00:00,42676.0
2023-12-26 17:00:00+00:00,42763.0
2023-12-26 18:00:00+00:00,42708.0
2023-12-26 19:00:00+00:00,42599.0
2023-12-26 20:00:00+00:00,42364.0
2023-12-26 21:00:00+00:00,42298.0
2023-12-26 22:00:00+00:00,41997.0
2023-12-26 23:00:00+00:00,42128.0
2023-12-27 00:00:00+00:00,42084.0
2023-12-27 01:00:00+00:00,42128.0
2023-12-27 02:00:00+00:00,42334.0
2023-12-27 03:00:00+00:00,42466.0
2023-12-27 04:00:00+00:00,42510.0
2023-12-27 05:00:00+00:00,42356.0
2023-12-27 06:00:00+00:00,42452.0
2023-12-27 07:00:00+00:00,42220.0
2023-12-27 08:00:00+00:00,42231.0
2023-12-27 09:00:00+00:00,42298.0
2023-12-27 10:00:00+00:00,42441.0
2023-12-27 11:00:00+00:00,42438.0
2023-12-27 12:00:00+00:00,42467.0
2023-12-27 13:00:00+00:00,42716.0
2023-12-27 14:00:00+00:00,42754.0
2023-12-27 15:00:00+00:00,43207.0
2023-12-27 16:00:00+00:00,43020.0
2023-12-27 17:00:00+00:00,42921.0
2023-12-27 18:00:00+00:00,42928.0
2023-12-27 19:00:00+00:00,42928.0
2023-12-27 20:00:00+00:00,42998.0
2023-12-27 21:00:00+00:00,43106.0
2023-12-27 22:00:00+00:00,43048.0
2023-12-27 23:00:00+00:00,43203.0
2023-12-28 00:00:00+00:00,43171.0
2023-12-28 01:00:00+00:00,43510.0
2023-12-28 02:00:00+00:00,43402.0
2023-12-28 03:00:00+00:00,43371.0
2023-12-28 04:00:00+00:00,43473.0
2023-12-28 05:00:00+00:00,43586.0
2023-12-28 06:00:00+00:00,43466.0
2023-12-28 07:00:00+00:00,43394.0
2023-12-28 08:00:00+00:00,43445.0
2023-12-28 09:00:00+00:00,43347.0
2023-12-28 10:00:00+00:00,43246.0
2023-12-28 11:00:00+00:00,43052.0
2023-12-28 12:00:00+00:00,43065.0
2023-12-28 13:00:00+00:00,42955.0
2023-12-28 14:00:00+00:00,43062.0
2023-12-28 15:00:00+00:00,43117.0
2023-12-28 16:00:00+00:00,43068.0
2023-12-28 17:00:00+00:00,42768.0
2023-12-28 18:00:00+00:00,42793.0
2023-12-28 19:00:00+00:00,42664.0
2023-12-28 20:00:00+00:00,42457.0
2023-12-28 21:00:00+00:00,42460.0
2023-12-28 22:00:00+00:00,42551.0
2023-12-28 23:00:00+00:00,42493.0
2023-12-29 00:00:00+00:00,42622.0
2023-12-29 01:00:00+00:00,42518.0
2023-12-29 02:00:00+00:00,42475.0
2023-12-29 03:00:00+00:00,42655.0
2023-12-29 04:00:00+00:00,42583.0
2023-12-29 05:00:00+00:00,42439.0
2023-12-29 06:00:00+00:00,42358.0
2023-12-29 07:00:00+00:00,42575.0
2023-12-29 08:00:00+00:00,42716.0
2023-12-29 09:00:00+00:00,42676.0
2023-12-29 10:00:00+00:00,42692.0
2023-12-29 11:00:00+00:00,42538.0
2023-12-29 12:00:00+00:00,42316.0
2023-12-29 13:00:00+00:00,42502.0
2023-12-29 14:00:00+00:00,42679.0
2023-12-29 15:00:00+00:00,42716.0
2023-12-29 16:00:00+00:00,42887.0
2023-12-29 17:00:00+00:00,42845.0
2023-12-29 18:00:00+00:00,42850.0
2023-12-29 19:00:00+00:00,43048.0
2023-12-29 20:00:00+00:00,42288.0
2023-12-29 21:00:00+00:00,41987.0
2023-12-29 22:00:00+00:00,41778.0
2023-12-29 23:00:00+00:00,42062.0
2023-12-30 00:00:00+00:00,42101.0
2023-12-30 01:00:00+00:00,42033.0
2023-12-30 02:00:00+00:00,41927.0
2023-12-30 03:00:00+00:00,41770.0
2023-12-30 04:00:00+00:00,42072.0
2023-12-30 05:00:00+00:00,42102.0
2023-12-30 06:00:00+00:00,42164.0
2023-12-30 07:00:00+00:00,41910.0
2023-12-30 08:00:00+00:00,41973.0
2023-12-30 09:00:00+00:00,41993.0
2023-12-30 10:00:00+00:00,42094.0
2023-12-30 11:00:00+00:00,42042.0
2023-12-30 12:00:00+00:00,41948.0
2023-12-30 13:00:00+00:00,41568.0
2023-12-30 14:00:00+00:00,41684.0
2023-12-30 15:00:00+00:00,41804.0
2023-12-30 16:00:00+00:00,41892.0
2023-12-30 17:00:00+00:00,41990.0
2023-12-30 18:00:00+00:00,42027.0
2023-12-30 19:00:00+00:00,42243.0
2023-12-30 20:00:00+00:00,42370.0
2023-12-30 21:00:00+00:00,42400.0
2023-12-30 22:00:00+00:00,42496.0
2023-12-30 23:00:00+00:00,42413.0
2023-12-31 00:00:00+00:00,42358.0
2023-12-31 01:00:00+00:00,42285.0
2023-12-31 02:00:00+00:00,42304.0
2023-12-31 03:00:00+00:00,42143.0
2023-12-31 04:00:00+00:00,42148.0
2023-12-31 05:00:00+00:00,42341.0
2023-12-31 06:00:00+00:00,42167.0
2023-12-31 07:00:00+00:00,42091.0
2023-12-31 08:00:00+00:00,42171.0
2023-12-31 09:00:00+00:00,42221.0
2023-12-31 10:00:00+00:00,42198.0
2023-12-31 11:00:00+00:00,42250.0
2023-12-31 12:00:00+00:00,42519.0
2023-12-31 13:00:00+00:00,42465.0
2023-12-31 14:00:00+00:00,42735.0
2023-12-31 15:00:00+00:00,42652.0
2023-12-31 16:00:00+00:00,42501.0
2023-12-31 17:00:00+00:00,42435.0
2023-12-31 18:00:00+00:00,42456.0
2023-12-31 19:00:00+00:00,42501.0
2023-12-31 20:00:00+00:00,42449.0
2023-12-31 21:00:00+00:00,42575.0
2023-12-31 22:00:00+00:00,42599.0
2023-12-31 23:00:00+00:00,42639.0
2024-01-01 00:00:00+00:00,42596.0
2024-01-01 01:00:00+00:00,42537.0
2024-01-01 02:00:00+00:00,42506.0
2024-01-01 03:00:00+00:00,42254.0
2024-01-01 04:00:00+00:00,42258.0
2024-01-01 05:00:00+00:00,42470.0
2024-01-01 06:00:00+00:00,42600.0
2024-01-01 07:00:00+00:00,42574.0
2024-01-01 08:00:00+00:00,42335.0
2024-01-01 09:00:00+00:00,42388.0
2024-01-01 10:00:00+00:00,42234.0
2024-01-01 11:00:00+00:00,42403.0
2024-01-01 12:00:00+00:00,42465.0
2024-01-01 13:00:00+00:00,42542.0
2024-01-01 14:00:00+00:00,42635.0
2024-01-01 15:00:00+00:00,42687.0
2024-01-01 16:00:00+00:00,42682.0
2024-01-01 17:00:00+00:00,42650.0
2024-01-01 18:00:00+00:00,42723.0
2024-01-01 19:00:00+00:00,42611.0
2024-01-01 20:00:00+00:00,42766.0
2024-01-01 21:00:00+00:00,42727.0
2024-01-01 22:00:00+00:00,42817.0
2024-01-01 23:00:00+00:00,43120.0
2024-01-02 00:00:00+00:00,43518.0
2024-01-02 01:00:00+00:00,43698.0
2024-01-02 02:00:00+00:00,43623.0
2024-01-02 03:00:00+00:00,43545.0
2024-01-02 04:00:00+00:00,44187.0
2024-01-02 05:00:00+00:00,45098.0
2024-01-02 06:00:00+00:00,44887.0
2024-01-02 07:00:00+00:00,45412.0
2024-01-02 08:00:00+00:00,45422.0
2024-01-02 09:00:00+00:00,45236.0
2024-01-02 10:00:00+00:00,45211.0
2024-01-02 11:00:00+00:00,45224.0
2024-01-02 12:00:00+00:00,45495.0
2024-01-02 13:00:00+00:00,45793.0
2024-01-02 14:00:00+00:00,45722.0
2024-01-02 15:00:00+00:00,45608.0
2024-01-02 16:00:00+00:00,45467.0
2024-01-02 17:00:00+00:00,45338.0
2024-01-02 18:00:00+00:00,45699.0
2024-01-02 19:00:00+00:00,45303.0
2024-01-02 20:00:00+00:00,45226.0
2024-01-02 21:00:00+00:00,45392.0
2024-01-02 22:00:00+00:00,44989.0
2024-01-02 23:00:00+00:00,45170.0
2024-01-03 00:00:00+00:00,45065.0
2024-01-03 01:00:00+00:00,44796.0
2024-01-03 02:00:00+00:00,45125.0
2024-01-03 03:00:00+00:00,45001.0
2024-01-03 04:00:00+00:00,44970.0
2024-01-03 05:00:00+00:00,45161.0
2024-01-03 06:00:00+00:00,45336.0
2024-01-03 07:00:00+00:00,45292.0
2024-01-03 08:00:00+00:00,45289.0
2024-01-03 09:00:00+00:00,45205.0
2024-01-03 10:00:00+00:00,45195.0
2024-01-03 11:00:00+00:00,45342.0
2024-01-03 12:00:00+00:00,45029.0
2024-01-03 13:00:00+00:00,45219.0
2024-01-03 14:00:00+00:00,45361.0
2024-01-03 15:00:00+00:00,45164.0
2024-01-03 16:00:00+00:00,43739.0
2024-01-03 17:00:00+00:00,42816.0
2024-01-03 18:00:00+00:00,42572.0
2024-01-03 19:00:00+00:00,42221.0
2024-01-03 20:00:00+00:00,43014.0
2024-01-03 21:00:00+00:00,43034.0
2024-01-03 22:00:00+00:00,42932.0
2024-01-03 23:00:00+00:00,42265.0
2024-01-04 00:00:00+00:00,42627.0
2024-01-04 01:00:00+00:00,42725.0
2024-01-04 02:00:00+00:00,42912.0
2024-01-04 03:00:00+00:00,42775.0
2024-01-04 04:00:00+00:00,42865.0
2024-01-04 05:00:00+00:00,42903.0
2024-01-04 06:00:00+00:00,42746.0
2024-01-04 07:00:00+00:00,43167.0
2024-01-04 08:00:00+00:00,43143.0
2024-01-04 09:00:00+00:00,43185.0
2024-01-04 10:00:00+00:00,43218.0
2024-01-04 11:00:00+00:00,43182.0
2024-01-04 12:00:00+00:00,42804.0
2024-01-04 13:00:00+00:00,42881.0
2024-01-04 14:00:00+00:00,43055.0
2024-01-04 15:00:00+00:00,43113.0
2024-01-04 16:00:00+00:00,43226.0
2024-01-04 17:00:00+00:00,43434.0
2024-01-04 18:00:00+00:00,43388.0
2024-01-04 19:00:00+00:00,43712.0
2024-01-04 20:00:00+00:00,44085.0
2024-01-04 21:00:00+00:00,43948.0
2024-01-04 22:00:00+00:00,44057.0
2024-01-04 23:00:00+00:00,44094.0
2024-01-05 00:00:00+00:00,44021.0
2024-01-05 01:00:00+00:00,44191.0
2024-01-05 02:00:00+00:00,44468.0
2024-01-05 03:00:00+00:00,44394.0
2024-01-05 04:00:00+00:00,44186.0
2024-01-05 05:00:00+00:00,44266.0
2024-01-05 06:00:00+00:00,43432.0
2024-01-05 07:00:00+00:00,43555.0
2024-01-05 08:00:00+00:00,43504.0
2024-01-05 09:00:00+00:00,43625.0
2024-01-05 10:00:00+00:00,43685.0
2024-01-05 11:00:00+00:00,43873.0
2024-01-05 12:00:00+00:00,43810.0
2024-01-05 13:00:00+00:00,43949.0
2024-01-05 14:00:00+00:00,44189.0
2024-01-05 15:00:00+00:00,43663.0
2024-01-05 16:00:00+00:00,43811.0
2024-01-05 17:00:00+00:00,43911.0
2024-01-05 18:00:00+00:00,44028.0
2024-01-05 19:00:00+00:00,43511.0
2024-01-05 20:00:00+00:00,43527.0
2024-01-05 21:00:00+00:00,43253.0
2024-01-05 22:00:00+00:00,43645.0
2024-01-05 23:00:00+00:00,43626.0
2024-01-06 00:00:00+00:00,43620.0
2024-01-06 01:00:00+00:00,43986.0
2024-01-06 02:00:00+00:00,43964.0
2024-01-06 03:00:00+00:00,44006.0
2024-01-06 04:00:00+00:00,44184.0
2024-01-06 05:00:00+00:00,44108.0
2024-01-06 06:00:00+00:00,44009.0
2024-01-06 07:00:00+00:00,43949.0
2024-01-06 08:00:00+00:00,43981.0
2024-01-06 09:00:00+00:00,43886.0
2024-01-06 10:00:00+00:00,43738.0
2024-01-06 11:00:00+00:00,43502.0
2024-01-06 12:00:00+00:00,43697.0
2024-01-06 13:00:00+00:00,43732.0
2024-01-06 14:00:00+00:00,43670.0
2024-01-06 15:00:00+00:00,43726.0
2024-01-06 16:00:00+00:00,43701.0
2024-01-06 17:00:00+00:00,43642.0
2024-01-06 18:00:00+00:00,43742.0
2024-01-06 19:00:00+00:00,43846.0
2024-01-06 20:00:00+00:00,43898.0
2024-01-06 21:00:00+00:00,43901.0
2024-01-06 22:00:00+00:00,43997.0
2024-01-06 23:00:00+00:00,44031.0
2024-01-07 00:00:00+00:00,43938.0
2024-01-07 01:00:00+00:00,43857.0
2024-01-07 02:00:00+00:00,43915.0
2024-01-07 03:00:00+00:00,43907.0
2024-01-07 04:00:00+00:00,43999.0
2024-01-07 05:00:00+00:00,44144.0
2024-01-07 06:00:00+00:00,44000.0
2024-01-07 07:00:00+00:00,43963.0
2024-01-07 08:00:00+00:00,43964.0
2024-01-07 09:00:00+00:00,44020.0
2024-01-07 10:00:00+00:00,43911.0
2024-01-07 11:00:00+00:00,44051.0
2024-01-07 12:00:00+00:00,44111.0
2024-01-07 13:00:00+00:00,44040.0
2024-01-07 14:00:00+00:00,43965.0
2024-01-07 15:00:00+00:00,43984.0
2024-01-07 16:00:00+00:00,44084.0
2024-01-07 17:00:00+00:00,44115.0
2024-01-07 18:00:00+00:00,44426.0
2024-01-07 19:00:00+00:00,44411.0
2024-01-07 20:00:00+00:00,44094.0
2024-01-07 21:00:00+00:00,43966.0
2024-01-07 22:00:00+00:00,44090.0
2024-01-07 23:00:00+00:00,44138.0
2024-01-08 00:00:00+00:00,44273.0
2024-01-08 01:00:00+00:00,44144.0
2024-01-08 02:00:00+00:00,44259.0
2024-01-08 03:00:00+00:00,43888.0
2024-01-08 04:00:00+00:00,43944.0
2024-01-08 05:00:00+00:00,43660.0
2024-01-08 06:00:00+00:00,43740.0
2024-01-08 07:00:00+00:00,43396.0
2024-01-08 08:00:00+00:00,43553.0
2024-01-08 09:00:00+00:00,43618.0
2024-01-08 10:00:00+00:00,43654.0
2024-01-08 11:00:00+00:00,43916.0
2024-01-08 12:00:00+00:00,43984.0
2024-01-08 13:00:00+00:00,43869.0
2024-01-08 14:00:00+00:00,43747.0
2024-01-08 15:00:00+00:00,44105.0
2024-01-08 16:00:00+00:00,44652.0
2024-01-08 17:00:00+00:00,45157.0
2024-01-08 18:00:00+00:00,44950.0
2024-01-08 19:00:00+00:00,44828.0
2024-01-08 20:00:00+00:00,44991.0
2024-01-08 21:00:00+00:00,44990.0
2024-01-08 22:00:00+00:00,45708.0
2024-01-08 23:00:00+00:00,47007.0
2024-01-09 00:00:00+00:00,47021.0
2024-01-09 01:00:00+00:00,46785.0
2024-01-09 02:00:00+00:00,47097.0
2024-01-09 03:00:00+00:00,47047.0
2024-01-09 04:00:00+00:00,46995.0
2024-01-09 05:00:00+00:00,46706.0
2024-01-09 06:00:00+00:00,46575.0
2024-01-09 07:00:00+00:00,46812.0
2024-01-09 08:00:00+00:00,46976.0
2024-01-09 09:00:00+00:00,46826.0
2024-01-09 10:00:00+00:00,46770.0
2024-01-09 11:00:00+00:00,46821.0
2024-01-09 12:00:00+00:00,46853.0
2024-01-09 13:00:00+00:00,46564.0
2024-01-09 14:00:00+00:00,46518.0
2024-01-09 15:00:00+00:00,46462.0
2024-01-09 16:00:00+00:00,46662.0
2024-01-09 17:00:00+00:00,46197.0
2024-01-09 18:00:00+00:00,46862.0
2024-01-09 19:00:00+00:00,46587.0
2024-01-09 20:00:00+00:00,46873.0
2024-01-09 21:00:00+00:00,46923.0
2024-01-09 22:00:00+00:00,46744.0
2024-01-09 23:00:00+00:00,46657.0
2024-01-10 00:00:00+00:00,46890.0
2024-01-10 01:00:00+00:00,46666.0
2024-01-10 02:00:00+00:00,45462.0
2024-01-10 03:00:00+00:00,46283.0
2024-01-10 04:00:00+00:00,46124.0
2024-01-10 05:00:00+00:00,45880.0
2024-01-10 06:00:00+00:00,45940.0
2024-01-10 07:00:00+00:00,45960.0
2024-01-10 08:00:00+00:00,46132.0
2024-01-10 09:00:00+00:00,45986.0
2024-01-10 10:00:00+00:00,45993.0
2024-01-10 11:00:00+00:00,46029.0
2024-01-10 12:00:00+00:00,45778.0
2024-01-10 13:00:00+00:00,45350.0
2024-01-10 14:00:00+00:00,45671.0
2024-01-10 15:00:00+00:00,45548.0
2024-01-10 16:00:00+00:00,45532.0
2024-01-10 17:00:00+00:00,44697.0
2024-01-10 18:00:00+00:00,45131.0
2024-01-10 19:00:00+00:00,44881.0
2024-01-10 20:00:00+00:00,45564.0
2024-01-10 21:00:00+00:00,45309.0
2024-01-10 22:00:00+00:00,46419.0
2024-01-10 23:00:00+00:00,46549.0
2024-01-11 00:00:00+00:00,46518.0
2024-01-11 01:00:00+00:00,46162.0
2024-01-11 02:00:00+00:00,45960.0
2024-01-11 03:00:00+00:00,46966.0
2024-01-11 04:00:00+00:00,46681.0
2024-01-11 05:00:00+00:00,46689.0
2024-01-11 06:00:00+00:00,46521.0
2024-01-11 07:00:00+00:00,46581.0
2024-01-11 08:00:00+00:00,46516.0
2024-01-11 09:00:00+00:00,46421.0
2024-01-11 10:00:00+00:00,46103.0
2024-01-11 11:00:00+00:00,45936.0
2024-01-11 12:00:00+00:00,46092.0
2024-01-11 13:00:00+00:00,46286.0
2024-01-11 14:00:00+00:00,46239.0
2024-01-11 15:00:00+00:00,46855.0
2024-01-11 16:00:00+00:00,47063.0
2024-01-11 17:00:00+00:00,47480.0
2024-01-11 18:00:00+00:00,47349.0
2024-01-11 19:00:00+00:00,48664.0
2024-01-11 20:00:00+00:00,46712.0
2024-01-11 21:00:00+00:00,45941.0
2024-01-11 22:00:00+00:00,46468.0
2024-01-11 23:00:00+00:00,46592.0
2024-01-12 00:00:00+00:00,46704.0
2024-01-12 01:00:00+00:00,46301.0
2024-01-12 02:00:00+00:00,46148.0
2024-01-12 03:00:00+00:00,46413.0
2024-01-12 04:00:00+00:00,46360.0
2024-01-12 05:00:00+00:00,46297.0
2024-01-12 06:00:00+00:00,46144.0
2024-01-12 07:00:00+00:00,46138.0
2024-01-12 08:00:00+00:00,46005.0
2024-01-12 09:00:00+00:00,45957.0
2024-01-12 10:00:00+00:00,46193.0
2024-01-12 11:00:00+00:00,46121.0
2024-01-12 12:00:00+00:00,46021.0
2024-01-12 13:00:00+00:00,45868.0
2024-01-12 14:00:00+00:00,45928.0
2024-01-12 15:00:00+00:00,46074.0
2024-01-12 16:00:00+00:00,45958.0
2024-01-12 17:00:00+00:00,45869.0
2024-01-12 18:00:00+00:00,45783.0
2024-01-12 19:00:00+00:00,45451.0
2024-01-12 20:00:00+00:00,44336.0
2024-01-12 21:00:00+00:00,43559.0
2024-01-12 22:00:00+00:00,43688.0
2024-01-12 23:00:00+00:00,43424.0
2024-01-13 00:00:00+00:00,43425.0
2024-01-13 01:00:00+00:00,43636.0
2024-01-13 02:00:00+00:00,43433.0
2024-01-13 03:00:00+00:00,42489.0
2024-01-13 04:00:00+00:00,42778.0
2024-01-13 05:00:00+00:00,42792.0
2024-01-13 06:00:00+00:00,42656.0
2024-01-13 07:00:00+00:00,42518.0
2024-01-13 08:00:00+00:00,42597.0
2024-01-13 09:00:00+00:00,42834.0
2024-01-13 10:00:00+00:00,43097.0
2024-01-13 11:00:00+00:00,43144.0
2024-01-13 12:00:00+00:00,43093.0
2024-01-13 13:00:00+00:00,43191.0
2024-01-13 14:00:00+00:00,42920.0
2024-01-13 15:00:00+00:00,42695.0
2024-01-13 16:00:00+00:00,42614.0
2024-01-13 17:00:00+00:00,42681.0
2024-01-13 18:00:00+00:00,42732.0
2024-01-13 19:00:00+00:00,42851.0
2024-01-13 20:00:00+00:00,43147.0
2024-01-13 21:00:00+00:00,42889.0
2024-01-13 22:00:00+00:00,42897.0
2024-01-13 23:00:00+00:00,42794.0
2024-01-14 00:00:00+00:00,42774.0
2024-01-14 01:00:00+00:00,42868.0
2024-01-14 02:00:00+00:00,42961.0
2024-01-14 03:00:00+00:00,42986.0
2024-01-14 04:00:00+00:00,42843.0
2024-01-14 05:00:00+00:00,42685.0
2024-01-14 06:00:00+00:00,42777.0
2024-01-14 07:00:00+00:00,42763.0
2024-01-14 08:00:00+00:00,42668.0
2024-01-14 09:00:00+00:00,42575.0
2024-01-14 10:00:00+00:00,42734.0
2024-01-14 11:00:00+00:00,42974.0
2024-01-14 12:00:00+00:00,42998.0
2024-01-14 13:00:00+00:00,42984.0
2024-01-14 14:00:00+00:00,43060.0
2024-01-14 15:00:00+00:00,42869.0
2024-01-14 16:00:00+00:00,42805.0
2024-01-14 17:00:00+00:00,42756.0
2024-01-14 18:00:00+00:00,42892.0
2024-01-14 19:00:00+00:00,42814.0
2024-01-14 20:00:00+00:00,42908.0
2024-01-14 21:00:00+00:00,42916.0
2024-01-14 22:00:00+00:00,42965.0
2024-01-14 23:00:00+00:00,42882.0
2024-01-15 00:00:00+00:00,42632.0
2024-01-15 01:00:00+00:00,42490.0
2024-01-15 02:00:00+00:00,42512.0
2024-01-15 03:00:00+00:00,42265.0
2024-01-15 04:00:00+00:00,41715.0
2024-01-15 05:00:00+00:00,42257.0
2024-01-15 06:00:00+00:00,42265.0
2024-01-15 07:00:00+00:00,42373.0
2024-01-15 08:00:00+00:00,42532.0
2024-01-15 09:00:00+00:00,42582.0
2024-01-15 10:00:00+00:00,42728.0
2024-01-15 11:00:00+00:00,42639.0
2024-01-15 12:00:00+00:00,42697.0
2024-01-15 13:00:00+00:00,42650.0
2024-01-15 14:00:00+00:00,42716.0
2024-01-15 15:00:00+00:00,42540.0
2024-01-15 16:00:00+00:00,42671.0
2024-01-15 17:00:00+00:00,42641.0
2024-01-15 18:00:00+00:00,42836.0
2024-01-15 19:00:00+00:00,42176.0
2024-01-15 20:00:00+00:00,42256.0
2024-01-15 21:00:00+00:00,42502.0
2024-01-15 22:00:00+00:00,42684.0
2024-01-15 23:00:00+00:00,42979.0
2024-01-16 00:00:00+00:00,42951.0
2024-01-16 01:00:00+00:00,42924.0
2024-01-16 02:00:00+00:00,42681.0
2024-01-16 03:00:00+00:00,42579.0
2024-01-16 04:00:00+00:00,42493.0
2024-01-16 05:00:00+00:00,42572.0
2024-01-16 06:00:00+00:00,42547.0
2024-01-16 07:00:00+00:00,42683.0
2024-01-16 08:00:00+00:00,42891.0
2024-01-16 09:00:00+00:00,42759.0
2024-01-16 10:00:00+00:00,42741.0
2024-01-16 11:00:00+00:00,42694.0
2024-01-16 12:00:00+00:00,42736.0
2024-01-16 13:00:00+00:00,42973.0
2024-01-16 14:00:00+00:00,42905.0
2024-01-16 15:00:00+00:00,42832.0
2024-01-16 16:00:00+00:00,42864.0
2024-01-16 17:00:00+00:00,43113.0
2024-01-16 18:00:00+00:00,42786.0
2024-01-16 19:00:00+00:00,42672.0
2024-01-16 20:00:00+00:00,43245.0
2024-01-16 21:00:00+00:00,43245.0
2024-01-16 22:00:00+00:00,43034.0
2024-01-16 23:00:00+00:00,43005.0
2024-01-17 00:00:00+00:00,43156.0
2024-01-17 01:00:00+00:00,43204.0
2024-01-17 02:00:00+00:00,43436.0
2024-01-17 03:00:00+00:00,43205.0
2024-01-17 04:00:00+00:00,43131.0
2024-01-17 05:00:00+00:00,43085.0
2024-01-17 06:00:00+00:00,42968.0
2024-01-17 07:00:00+00:00,42979.0
2024-01-17 08:00:00+00:00,42840.0
2024-01-17 09:00:00+00:00,42841.0
2024-01-17 10:00:00+00:00,42764.0
2024-01-17 11:00:00+00:00,42792.0
2024-01-17 12:00:00+00:00,42634.0
2024-01-17 13:00:00+00:00,42699.0
2024-01-17 14:00:00+00:00,42650.0
2024-01-17 15:00:00+00:00,42814.0
2024-01-17 16:00:00+00:00,42649.0
2024-01-17 17:00:00+00:00,42753.0
2024-01-17 18:00:00+00:00,42580.0
2024-01-17 19:00:00+00:00,42538.0
2024-01-17 20:00:00+00:00,42456.0
2024-01-17 21:00:00+00:00,42323.0
2024-01-17 22:00:00+00:00,42335.0
2024-01-17 23:00:00+00:00,42568.0
2024-01-18 00:00:00+00:00,42570.0
2024-01-18 01:00:00+00:00,42686.0
2024-01-18 02:00:00+00:00,42637.0
2024-01-18 03:00:00+00:00,42688.0
2024-01-18 04:00:00+00:00,42738.0
2024-01-18 05:00:00+00:00,42624.0
2024-01-18 06:00:00+00:00,42547.0
2024-01-18 07:00:00+00:00,42630.0
2024-01-18 08:00:00+00:00,42543.0
2024-01-18 09:00:00+00:00,42626.0
2024-01-18 10:00:00+00:00,42732.0
2024-01-18 11:00:00+00:00,42746.0
2024-01-18 12:00:00+00:00,42856.0
2024-01-18 13:00:00+00:00,42694.0
2024-01-18 14:00:00+00:00,42695.0
2024-01-18 15:00:00+00:00,42395.0
2024-01-18 16:00:00+00:00,42492.0
2024-01-18 17:00:00+00:00,42396.0
2024-01-18 18:00:00+00:00,42467.0
2024-01-18 19:00:00+00:00,42686.0
2024-01-18 20:00:00+00:00,42579.0
2024-01-18 21:00:00+00:00,41881.0
2024-01-18 22:00:00+00:00,41761.0
2024-01-18 23:00:00+00:00,41440.0
2024-01-19 00:00:00+00:00,40985.0
2024-01-19 01:00:00+00:00,40756.0
2024-01-19 02:00:00+00:00,41074.0
2024-01-19 03:00:00+00:00,41310.0
2024-01-19 04:00:00+00:00,41283.0
2024-01-19 05:00:00+00:00,41253.0
2024-01-19 06:00:00+00:00,41230.0
2024-01-19 07:00:00+00:00,41077.0
2024-01-19 08:00:00+00:00,41003.0
2024-01-19 09:00:00+00:00,41044.0
2024-01-19 10:00:00+00:00,41161.0
2024-01-19 11:00:00+00:00,41431.0
2024-01-19 12:00:00+00:00,41214.0
2024-01-19 13:00:00+00:00,41236.0
2024-01-19 14:00:00+00:00,41357.0
2024-01-19 15:00:00+00:00,41434.0
2024-01-19 16:00:00+00:00,41438.0
2024-01-19 17:00:00+00:00,41271.0
2024-01-19 18:00:00+00:00,41341.0
2024-01-19 19:00:00+00:00,40902.0
2024-01-19 20:00:00+00:00,40842.0
2024-01-19 21:00:00+00:00,40362.0
2024-01-19 22:00:00+00:00,41179.0
2024-01-19 23:00:00+00:00,41761.0
2024-01-20 00:00:00+00:00,41770.0
2024-01-20 01:00:00+00:00,41537.0
2024-01-20 02:00:00+00:00,41603.0
2024-01-20 03:00:00+00:00,41644.0
2024-01-20 04:00:00+00:00,41628.0
2024-01-20 05:00:00+00:00,41451.0
2024-01-20 06:00:00+00:00,41612.0
2024-01-20 07:00:00+00:00,41594.0
2024-01-20 08:00:00+00:00,41607.0
2024-01-20 09:00:00+00:00,41578.0
2024-01-20 10:00:00+00:00,41606.0
2024-01-20 11:00:00+00:00,41651.0
2024-01-20 12:00:00+00:00,41629.0
2024-01-20 13:00:00+00:00,41563.0
2024-01-20 14:00:00+00:00,41501.0
2024-01-20 15:00:00+00:00,41516.0
2024-01-20 16:00:00+00:00,41548.0
2024-01-20 17:00:00+00:00,41599.0
2024-01-20 18:00:00+00:00,41612.0
2024-01-20 19:00:00+00:00,41517.0
2024-01-20 20:00:00+00:00,41543.0
2024-01-20 21:00:00+00:00,41541.0
2024-01-20 22:00:00+00:00,41560.0
2024-01-20 23:00:00+00:00,41582.0
2024-01-21 00:00:00+00:00,41607.0
2024-01-21 01:00:00+00:00,41719.0
2024-01-21 02:00:00+00:00,41706.0
2024-01-21 03:00:00+00:00,41753.0
2024-01-21 04:00:00+00:00,41673.0
2024-01-21 05:00:00+00:00,41624.0
2024-01-21 06:00:00+00:00,41641.0
2024-01-21 07:00:00+00:00,41681.0
2024-01-21 08:00:00+00:00,41668.0
2024-01-21 09:00:00+00:00,41649.0
2024-01-21 10:00:00+00:00,41615.0
2024-01-21 11:00:00+00:00,41581.0
2024-01-21 12:00:00+00:00,41622.0
2024-01-21 13:00:00+00:00,41644.0
2024-01-21 14:00:00+00:00,41714.0
2024-01-21 15:00:00+00:00,41773.0
2024-01-21 16:00:00+00:00,41702.0
2024-01-21 17:00:00+00:00,41716.0
2024-01-21 18:00:00+00:00,41829.0
2024-01-21 19:00:00+00:00,41767.0
2024-01-21 20:00:00+00:00,41632.0
2024-01-21 21:00:00+00:00,41589.0
2024-01-21 22:00:00+00:00,41656.0
2024-01-21 23:00:00+00:00,41666.0
2024-01-22 00:00:00+00:00,41704.0
2024-01-22 01:00:00+00:00,41634.0
2024-01-22 02:00:00+00:00,41765.0
2024-01-22 03:00:00+00:00,41617.0
2024-01-22 04:00:00+00:00,41560.0
2024-01-22 05:00:00+00:00,41628.0
2024-01-22 06:00:00+00:00,41330.0
2024-01-22 07:00:00+00:00,41293.0
2024-01-22 08:00:00+00:00,41162.0
2024-01-22 09:00:00+00:00,40763.0
2024-01-22 10:00:00+00:00,41098.0
2024-01-22 11:00:00+00:00,41169.0
2024-01-22 12:00:00+00:00,40987.0
2024-01-22 13:00:00+00:00,40921.0
2024-01-22 14:00:00+00:00,40697.0
2024-01-22 15:00:00+00:00,40667.0
2024-01-22 16:00:00+00:00,40774.0
2024-01-22 17:00:00+00:00,40845.0
2024-01-22 18:00:00+00:00,40909.0
2024-01-22 19:00:00+00:00,40669.0
2024-01-22 20:00:00+00:00,40716.0
2024-01-22 21:00:00+00:00,40467.0
2024-01-22 22:00:00+00:00,40665.0
2024-01-22 23:00:00+00:00,40262.0
2024-01-23 00:00:00+00:00,39798.0
2024-01-23 01:00:00+00:00,40146.0
2024-01-23 02:00:00+00:00,39816.0
2024-01-23 03:00:00+00:00,39794.0
2024-01-23 04:00:00+00:00,39528.0
2024-01-23 05:00:00+00:00,39832.0
2024-01-23 06:00:00+00:00,39794.0
2024-01-23 07:00:00+00:00,40028.0
2024-01-23 08:00:00+00:00,39968.0
2024-01-23 09:00:00+00:00,40025.0
2024-01-23 10:00:00+00:00,40026.0
2024-01-23 11:00:00+00:00,39979.0
2024-01-23 12:00:00+00:00,39740.0
2024-01-23 13:00:00+00:00,39428.0
2024-01-23 14:00:00+00:00,38942.0
2024-01-23 15:00:00+00:00,38890.0
2024-01-23 16:00:00+00:00,38807.0
2024-01-23 17:00:00+00:00,39013.0
2024-01-23 18:00:00+00:00,38815.0
2024-01-23 19:00:00+00:00,38716.0
2024-01-23 20:00:00+00:00,39179.0
2024-01-23 21:00:00+00:00,39267.0
2024-01-23 22:00:00+00:00,39367.0
2024-01-23 23:00:00+00:00,39079.0
2024-01-24 00:00:00+00:00,39117.0
2024-01-24 01:00:00+00:00,39131.0
2024-01-24 02:00:00+00:00,39194.0
2024-01-24 03:00:00+00:00,39429.0
2024-01-24 04:00:00+00:00,39868.0
2024-01-24 05:00:00+00:00,40155.0
2024-01-24 06:00:00+00:00,39745.0
2024-01-24 07:00:00+00:00,39736.0
2024-01-24 08:00:00+00:00,39591.0
2024-01-24 09:00:00+00:00,39621.0
2024-01-24 10:00:00+00:00,39764.0
2024-01-24 11:00:00+00:00,39836.0
2024-01-24 12:00:00+00:00,39941.0
2024-01-24 13:00:00+00:00,39921.0
2024-01-24 14:00:00+00:00,39998.0
2024-01-24 15:00:00+00:00,40323.0
2024-01-24 16:00:00+00:00,40190.0
2024-01-24 17:00:00+00:00,40001.0
2024-01-24 18:00:00+00:00,39954.0
2024-01-24 19:00:00+00:00,39893.0
2024-01-24 20:00:00+00:00,40036.0
2024-01-24 21:00:00+00:00,40160.0
2024-01-24 22:00:00+00:00,40118.0
2024-01-24 23:00:00+00:00,39754.0
2024-01-25 00:00:00+00:00,39799.0
2024-01-25 01:00:00+00:00,39506.0
2024-01-25 02:00:00+00:00,39765.0
2024-01-25 03:00:00+00:00,39869.0
2024-01-25 04:00:00+00:00,40074.0
2024-01-25 05:00:00+00:00,40155.0
2024-01-25 06:00:00+00:00,39969.0
2024-01-25 07:00:00+00:00,39922.0
2024-01-25 08:00:00+00:00,39993.0
2024-01-25 09:00:00+00:00,39942.0
2024-01-25 10:00:00+00:00,39854.0
2024-01-25 11:00:00+00:00,40011.0
2024-01-25 12:00:00+00:00,40108.0
2024-01-25 13:00:00+00:00,40066.0
2024-01-25 14:00:00+00:00,40014.0
2024-01-25 15:00:00+00:00,40094.0
2024-01-25 16:00:00+00:00,40155.0
2024-01-25 17:00:00+00:00,39837.0
2024-01-25 18:00:00+00:00,39897.0
2024-01-25 19:00:00+00:00,39994.0
2024-01-25 20:00:00+00:00,39784.0
2024-01-25 21:00:00+00:00,39686.0
2024-01-25 22:00:00+00:00,39781.0
2024-01-25 23:00:00+00:00,39822.0
2024-01-26 00:00:00+00:00,39969.0
2024-01-26 01:00:00+00:00,39817.0
2024-01-26 02:00:00+00:00,39902.0
2024-01-26 03:00:00+00:00,39932.0
2024-01-26 04:00:00+00:00,39916.0
2024-01-26 05:00:00+00:00,39875.0
2024-01-26 06:00:00+00:00,39921.0
2024-01-26 07:00:00+00:00,40118.0
2024-01-26 08:00:00+00:00,40047.0
2024-01-26 09:00:00+00:00,40123.0
2024-01-26 10:00:00+00:00,40084.0
2024-01-26 11:00:00+00:00,39970.0
2024-01-26 12:00:00+00:00,39955.0
2024-01-26 13:00:00+00:00,40110.0
2024-01-26 14:00:00+00:00,40066.0
2024-01-26 15:00:00+00:00,40660.0
2024-01-26 16:00:00+00:00,41257.0
2024-01-26 17:00:00+00:00,41121.0
2024-01-26 18:00:00+00:00,40992.0
2024-01-26 19:00:00+00:00,41564.0
2024-01-26 20:00:00+00:00,41401.0
2024-01-26 21:00:00+00:00,41947.0
2024-01-26 22:00:00+00:00,41902.0
2024-01-26 23:00:00+00:00,42117.0
2024-01-27 00:00:00+00:00,42054.0
2024-01-27 01:00:00+00:00,41969.0
2024-01-27 02:00:00+00:00,41994.0
2024-01-27 03:00:00+00:00,41898.0
2024-01-27 04:00:00+00:00,41818.0
2024-01-27 05:00:00+00:00,41787.0
2024-01-27 06:00:00+00:00,41810.0
2024-01-27 07:00:00+00:00,41832.0
2024-01-27 08:00:00+00:00,41810.0
2024-01-27 09:00:00+00:00,41829.0
2024-01-27 10:00:00+00:00,41758.0
2024-01-27 11:00:00+00:00,41692.0
2024-01-27 12:00:00+00:00,41704.0
2024-01-27 13:00:00+00:00,41473.0
2024-01-27 14:00:00+00:00,41662.0
2024-01-27 15:00:00+00:00,41745.0
2024-01-27 16:00:00+00:00,41753.0
2024-01-27 17:00:00+00:00,41748.0
2024-01-27 18:00:00+00:00,41729.0
2024-01-27 19:00:00+00:00,41760.0
2024-01-27 20:00:00+00:00,41810.0
2024-01-27 21:00:00+00:00,41813.0
2024-01-27 22:00:00+00:00,41782.0
2024-01-27 23:00:00+00:00,41797.0
2024-01-28 00:00:00+00:00,41915.0
2024-01-28 01:00:00+00:00,42060.0
2024-01-28 02:00:00+00:00,42148.0
2024-01-28 03:00:00+00:00,42142.0
2024-01-28 04:00:00+00:00,42124.0
2024-01-28 05:00:00+00:00,41989.0
2024-01-28 06:00:00+00:00,42096.0
2024-01-28 07:00:00+00:00,42104.0
2024-01-28 08:00:00+00:00,42224.0
2024-01-28 09:00:00+00:00,42722.0
2024-01-28 10:00:00+00:00,42563.0
2024-01-28 11:00:00+00:00,42412.0
2024-01-28 12:00:00+00:00,42393.0
2024-01-28 13:00:00+00:00,42485.0
2024-01-28 14:00:00+00:00,42570.0
2024-01-28 15:00:00+00:00,42608.0
2024-01-28 16:00:00+00:00,42476.0
2024-01-28 17:00:00+00:00,42413.0
2024-01-28 18:00:00+00:00,42389.0
2024-01-28 19:00:00+00:00,42289.0
2024-01-28 20:00:00+00:00,42252.0
2024-01-28 21:00:00+00:00,42309.0
2024-01-28 22:00:00+00:00,42160.0
2024-01-28 23:00:00+00:00,41967.0
2024-01-29 00:00:00+00:00,41781.0
2024-01-29 01:00:00+00:00,41943.0
2024-01-29 02:00:00+00:00,41965.0
2024-01-29 03:00:00+00:00,41828.0
2024-01-29 04:00:00+00:00,42026.0
2024-01-29 05:00:00+00:00,41968.0
2024-01-29 06:00:00+00:00,42151.0
2024-01-29 07:00:00+00:00,42219.0
2024-01-29 08:00:00+00:00,42325.0
2024-01-29 09:00:00+00:00,42206.0
2024-01-29 10:00:00+00:00,42130.0
2024-01-29 11:00:00+00:00,42138.0
2024-01-29 12:00:00+00:00,42042.0
2024-01-29 13:00:00+00:00,42108.0
2024-01-29 14:00:00+00:00,42268.0
2024-01-29 15:00:00+00:00,42300.0
2024-01-29 16:00:00+00:00,42220.0
2024-01-29 17:00:00+00:00,42099.0
2024-01-29 18:00:00+00:00,41994.0
2024-01-29 19:00:00+00:00,41940.0
2024-01-29 20:00:00+00:00,42630.0
2024-01-29 21:00:00+00:00,43210.0
2024-01-29 22:00:00+00:00,42994.0
2024-01-29 23:00:00+00:00,43022.0
2024-01-30 00:00:00+00:00,42992.0
2024-01-30 01:00:00+00:00,43156.0
2024-01-30 02:00:00+00:00,43181.0
2024-01-30 03:00:00+00:00,43114.0
2024-01-30 04:00:00+00:00,43305.0
2024-01-30 05:00:00+00:00,43171.0
2024-01-30 06:00:00+00:00,43443.0
2024-01-30 07:00:00+00:00,43614.0
2024-01-30 08:00:00+00:00,43513.0
2024-01-30 09:00:00+00:00,43415.0
2024-01-30 10:00:00+00:00,43360.0
2024-01-30 11:00:00+00:00,43340.0
2024-01-30 12:00:00+00:00,43354.0
2024-01-30 13:00:00+00:00,43421.0
2024-01-30 14:00:00+00:00,43315.0
2024-01-30 15:00:00+00:00,43479.0
2024-01-30 16:00:00+00:00,43530.0
2024-01-30 17:00:00+00:00,43389.0
2024-01-30 18:00:00+00:00,43282.0
2024-01-30 19:00:00+00:00,43463.0
2024-01-30 20:00:00+00:00,43370.0
2024-01-30 21:00:00+00:00,43491.0
2024-01-30 22:00:00+00:00,43402.0
2024-01-30 23:00:00+00:00,43372.0
2024-01-31 00:00:00+00:00,43547.0
2024-01-31 01:00:00+00:00,43568.0
2024-01-31 02:00:00+00:00,43549.0
2024-01-31 03:00:00+00:00,43337.0
2024-01-31 04:00:00+00:00,42946.0
2024-01-31 05:00:00+00:00,42932.0
2024-01-31 06:00:00+00:00,42768.0
2024-01-31 07:00:00+00:00,42871.0
2024-01-31 08:00:00+00:00,42917.0
2024-01-31 09:00:00+00:00,42945.0
2024-01-31 10:00:00+00:00,42960.0
2024-01-31 11:00:00+00:00,42953.0
2024-01-31 12:00:00+00:00,43023.0
2024-01-31 13:00:00+00:00,42955.0
2024-01-31 14:00:00+00:00,42620.0
2024-01-31 15:00:00+00:00,42369.0
2024-01-31 16:00:00+00:00,42615.0
2024-01-31 17:00:00+00:00,42595.0
2024-01-31 18:00:00+00:00,42769.0
2024-01-31 19:00:00+00:00,42867.0
2024-01-31 20:00:00+00:00,43354.0
2024-01-31 21:00:00+00:00,43467.0
2024-01-31 22:00:00+00:00,43716.0
2024-01-31 23:00:00+00:00,43500.0
2024-02-01 00:00:00+00:00,43300.0
2024-02-01 01:00:00+00:00,42500.0
2024-02-01 02:00:00+00:00,42450.0
2024-02-01 03:00:00+00:00,42631.0
2024-02-01 04:00:00+00:00,42558.0
2024-02-01 05:00:00+00:00,42448.0
2024-02-01 06:00:00+00:00,41944.0
2024-02-01 07:00:00+00:00,42116.0
2024-02-01 08:00:00+00:00,41978.0
2024-02-01 09:00:00+00:00,42034.0
2024-02-01 10:00:00+00:00,42110.0
2024-02-01 11:00:00+00:00,42152.0
2024-02-01 12:00:00+00:00,42148.0
2024-02-01 13:00:00+00:00,42204.0
2024-02-01 14:00:00+00:00,42116.0
2024-02-01 15:00:00+00:00,42189.0
2024-02-01 16:00:00+00:00,42039.0
2024-02-01 17:00:00+00:00,42103.0
2024-02-01 18:00:00+00:00,42199.0
2024-02-01 19:00:00+00:00,42617.0
2024-02-01 20:00:00+00:00,42502.0
2024-02-01 21:00:00+00:00,42637.0
2024-02-01 22:00:00+00:00,42895.0
2024-02-01 23:00:00+00:00,42838.0
2024-02-02 00:00:00+00:00,43207.0
2024-02-02 01:00:00+00:00,43000.0
2024-02-02 02:00:00+00:00,43107.0
2024-02-02 03:00:00+00:00,42916.0
2024-02-02 04:00:00+00:00,43071.0
2024-02-02 05:00:00+00:00,43155.0
2024-02-02 06:00:00+00:00,43107.0
2024-02-02 07:00:00+00:00,43065.0
2024-02-02 08:00:00+00:00,43021.0
2024-02-02 09:00:00+00:00,42946.0
2024-02-02 10:00:00+00:00,43082.0
2024-02-02 11:00:00+00:00,43144.0
2024-02-02 12:00:00+00:00,43072.0
2024-02-02 13:00:00+00:00,42989.0
2024-02-02 14:00:00+00:00,42953.0
2024-02-02 15:00:00+00:00,43096.0
2024-02-02 16:00:00+00:00,43131.0
2024-02-02 17:00:00+00:00,43117.0
2024-02-02 18:00:00+00:00,42665.0
2024-02-02 19:00:00+00:00,42776.0
2024-02-02 20:00:00+00:00,43209.0
2024-02-02 21:00:00+00:00,43199.0
2024-02-02 22:00:00+00:00,42935.0
2024-02-02 23:00:00+00:00,42901.0
2024-02-03 00:00:00+00:00,43033.0
2024-02-03 01:00:00+00:00,42920.0
2024-02-03 02:00:00+00:00,42974.0
2024-02-03 03:00:00+00:00,43180.0
2024-02-03 04:00:00+00:00,43183.0
2024-02-03 05:00:00+00:00,43213.0
2024-02-03 06:00:00+00:00,43190.0
2024-02-03 07:00:00+00:00,43168.0
2024-02-03 08:00:00+00:00,43160.0
2024-02-03 09:00:00+00:00,43173.0
2024-02-03 10:00:00+00:00,43149.0
2024-02-03 11:00:00+00:00,43075.0
2024-02-03 12:00:00+00:00,43031.0
2024-02-03 13:00:00+00:00,43001.0
2024-02-03 14:00:00+00:00,43077.0
2024-02-03 15:00:00+00:00,43044.0
2024-02-03 16:00:00+00:00,42976.0
2024-02-03 17:00:00+00:00,43049.0
2024-02-03 18:00:00+00:00,43051.0
2024-02-03 19:00:00+00:00,43026.0
2024-02-03 20:00:00+00:00,43106.0
2024-02-03 21:00:00+00:00,43086.0
2024-02-03 22:00:00+00:00,43212.0
2024-02-03 23:00:00+00:00,43058.0
2024-02-04 00:00:00+00:00,43046.0
2024-02-04 01:00:00+00:00,43049.0
2024-02-04 02:00:00+00:00,43031.0
2024-02-04 03:00:00+00:00,43023.0
2024-02-04 04:00:00+00:00,42994.0
2024-02-04 05:00:00+00:00,42999.0
2024-02-04 06:00:00+00:00,43012.0
2024-02-04 07:00:00+00:00,43003.0
2024-02-04 08:00:00+00:00,43018.0
2024-02-04 09:00:00+00:00,42907.0
2024-02-04 10:00:00+00:00,42876.0
2024-02-04 11:00:00+00:00,42739.0
2024-02-04 12:00:00+00:00,42830.0
2024-02-04 13:00:00+00:00,42785.0
2024-02-04 14:00:00+00:00,42951.0
2024-02-04 15:00:00+00:00,42925.0
2024-02-04 16:00:00+00:00,43043.0
2024-02-04 17:00:00+00:00,42989.0
2024-02-04 18:00:00+00:00,42981.0
2024-02-04 19:00:00+00:00,42866.0
2024-02-04 20:00:00+00:00,42920.0
2024-02-04 21:00:00+00:00,42895.0
2024-02-04 22:00:00+00:00,42882.0
2024-02-04 23:00:00+00:00,42779.0
2024-02-05 00:00:00+00:00,42622.0
2024-02-05 01:00:00+00:00,42858.0
2024-02-05 02:00:00+00:00,42759.0
2024-02-05 03:00:00+00:00,42538.0
2024-02-05 04:00:00+00:00,42570.0
2024-02-05 05:00:00+00:00,42347.0
2024-02-05 06:00:00+00:00,42504.0
2024-02-05 07:00:00+00:00,42420.0
2024-02-05 08:00:00+00:00,42671.0
2024-02-05 09:00:00+00:00,42707.0
2024-02-05 10:00:00+00:00,42741.0
2024-02-05 11:00:00+00:00,42782.0
2024-02-05 12:00:00+00:00,43024.0
2024-02-05 13:00:00+00:00,42987.0
2024-02-05 14:00:00+00:00,42993.0
2024-02-05 15:00:00+00:00,43104.0
2024-02-05 16:00:00+00:00,43156.0
2024-02-05 17:00:00+00:00,43212.0
2024-02-05 18:00:00+00:00,43393.0
2024-02-05 19:00:00+00:00,43156.0
2024-02-05 20:00:00+00:00,42602.0
2024-02-05 21:00:00+00:00,42684.0
2024-02-05 22:00:00+00:00,42659.0
2024-02-05 23:00:00+00:00,42678.0
2024-02-06 00:00:00+00:00,42713.0
2024-02-06 01:00:00+00:00,42380.0
2024-02-06 02:00:00+00:00,42338.0
2024-02-06 03:00:00+00:00,42450.0
2024-02-06 04:00:00+00:00,42659.0
2024-02-06 05:00:00+00:00,42551.0
2024-02-06 06:00:00+00:00,42622.0
2024-02-06 07:00:00+00:00,42795.0
2024-02-06 08:00:00+00:00,42795.0
2024-02-06 09:00:00+00:00,42776.0
2024-02-06 10:00:00+00:00,42734.0
2024-02-06 11:00:00+00:00,42727.0
2024-02-06 12:00:00+00:00,42846.0
2024-02-06 13:00:00+00:00,43016.0
2024-02-06 14:00:00+00:00,42951.0
2024-02-06 15:00:00+00:00,42748.0
2024-02-06 16:00:00+00:00,42788.0
2024-02-06 17:00:00+00:00,42739.0
2024-02-06 18:00:00+00:00,42837.0
2024-02-06 19:00:00+00:00,42901.0
2024-02-06 20:00:00+00:00,43214.0
2024-02-06 21:00:00+00:00,43139.0
2024-02-06 22:00:00+00:00,43163.0
2024-02-06 23:00:00+00:00,43176.0
2024-02-07 00:00:00+00:00,43270.0
2024-02-07 01:00:00+00:00,43068.0
2024-02-07 02:00:00+00:00,43159.0
2024-02-07 03:00:00+00:00,43189.0
2024-02-07 04:00:00+00:00,43092.0
2024-02-07 05:00:00+00:00,43078.0
2024-02-07 06:00:00+00:00,43031.0
2024-02-07 07:00:00+00:00,43026.0
2024-02-07 08:00:00+00:00,42768.0
2024-02-07 09:00:00+00:00,42907.0
2024-02-07 10:00:00+00:00,42999.0
2024-02-07 11:00:00+00:00,42926.0
2024-02-07 12:00:00+00:00,42883.0
2024-02-07 13:00:00+00:00,42912.0
2024-02-07 14:00:00+00:00,43114.0
2024-02-07 15:00:00+00:00,42864.0
2024-02-07 16:00:00+00:00,42905.0
2024-02-07 17:00:00+00:00,43056.0
2024-02-07 18:00:00+00:00,43119.0
2024-02-07 19:00:00+00:00,43008.0
2024-02-07 20:00:00+00:00,43041.0
2024-02-07 21:00:00+00:00,43211.0
2024-02-07 22:00:00+00:00,43473.0
2024-02-07 23:00:00+00:00,43625.0
2024-02-08 00:00:00+00:00,43597.0
2024-02-08 01:00:00+00:00,44134.0
2024-02-08 02:00:00+00:00,44204.0
2024-02-08 03:00:00+00:00,44161.0
2024-02-08 04:00:00+00:00,44346.0
2024-02-08 05:00:00+00:00,44672.0
2024-02-08 06:00:00+00:00,44656.0
2024-02-08 07:00:00+00:00,44641.0
2024-02-08 08:00:00+00:00,44532.0
2024-02-08 09:00:00+00:00,44475.0
2024-02-08 10:00:00+00:00,44545.0
2024-02-08 11:00:00+00:00,44459.0
2024-02-08 12:00:00+00:00,44507.0
2024-02-08 13:00:00+00:00,44707.0
2024-02-08 14:00:00+00:00,44676.0
2024-02-08 15:00:00+00:00,44816.0
2024-02-08 16:00:00+00:00,44696.0
2024-02-08 17:00:00+00:00,44686.0
2024-02-08 18:00:00+00:00,44968.0
2024-02-08 19:00:00+00:00,45065.0
2024-02-08 20:00:00+00:00,45470.0
2024-02-08 21:00:00+00:00,45068.0
2024-02-08 22:00:00+00:00,45039.0
2024-02-08 23:00:00+00:00,45283.0
2024-02-09 00:00:00+00:00,45288.0
2024-02-09 01:00:00+00:00,45526.0
2024-02-09 02:00:00+00:00,45337.0
2024-02-09 03:00:00+00:00,45268.0
2024-02-09 04:00:00+00:00,45300.0
2024-02-09 05:00:00+00:00,45309.0
2024-02-09 06:00:00+00:00,45505.0
2024-02-09 07:00:00+00:00,46288.0
2024-02-09 08:00:00+00:00,46049.0
2024-02-09 09:00:00+00:00,45954.0
2024-02-09 10:00:00+00:00,46259.0
2024-02-09 11:00:00+00:00,46182.0
2024-02-09 12:00:00+00:00,46202.0
2024-02-09 13:00:00+00:00,46636.0
2024-02-09 14:00:00+00:00,46529.0
2024-02-09 15:00:00+00:00,46780.0
2024-02-09 16:00:00+00:00,47180.0
2024-02-09 17:00:00+00:00,47317.0
2024-02-09 18:00:00+00:00,47469.0
2024-02-09 19:00:00+00:00,47071.0
2024-02-09 20:00:00+00:00,47174.0
2024-02-09 21:00:00+00:00,47291.0
2024-02-09 22:00:00+00:00,47672.0
2024-02-09 23:00:00+00:00,47630.0
2024-02-10 00:00:00+00:00,47537.0
2024-02-10 01:00:00+00:00,47545.0
2024-02-10 02:00:00+00:00,47561.0
2024-02-10 03:00:00+00:00,47307.0
2024-02-10 04:00:00+00:00,47161.0
2024-02-10 05:00:00+00:00,47106.0
2024-02-10 06:00:00+00:00,47321.0
2024-02-10 07:00:00+00:00,47340.0
2024-02-10 08:00:00+00:00,47396.0
2024-02-10 09:00:00+00:00,47443.0
2024-02-10 10:00:00+00:00,47368.0
2024-02-10 11:00:00+00:00,47383.0
2024-02-10 12:00:00+00:00,47192.0
2024-02-10 13:00:00+00:00,47117.0
2024-02-10 14:00:00+00:00,47108.0
2024-02-10 15:00:00+00:00,46917.0
2024-02-10 16:00:00+00:00,47205.0
2024-02-10 17:00:00+00:00,47262.0
2024-02-10 18:00:00+00:00,47324.0
2024-02-10 19:00:00+00:00,47286.0
2024-02-10 20:00:00+00:00,47366.0
2024-02-10 21:00:00+00:00,47273.0
2024-02-10 22:00:00+00:00,47226.0
2024-02-10 23:00:00+00:00,47353.0
2024-02-11 00:00:00+00:00,47540.0
2024-02-11 01:00:00+00:00,47888.0
2024-02-11 02:00:00+00:00,47944.0
2024-02-11 03:00:00+00:00,47847.0
2024-02-11 04:00:00+00:00,47770.0
2024-02-11 05:00:00+00:00,47754.0
2024-02-11 06:00:00+00:00,47662.0
2024-02-11 07:00:00+00:00,47795.0
2024-02-11 08:00:00+00:00,48536.0
2024-02-11 09:00:00+00:00,48322.0
2024-02-11 10:00:00+00:00,48260.0
2024-02-11 11:00:00+00:00,48243.0
2024-02-11 12:00:00+00:00,48194.0
2024-02-11 13:00:00+00:00,48159.0
2024-02-11 14:00:00+00:00,48152.0
2024-02-11 15:00:00+00:00,48157.0
2024-02-11 16:00:00+00:00,48433.0
2024-02-11 17:00:00+00:00,48330.0
2024-02-11 18:00:00+00:00,48079.0
2024-02-11 19:00:00+00:00,48252.0
2024-02-11 20:00:00+00:00,48164.0
2024-02-11 21:00:00+00:00,48133.0
2024-02-11 22:00:00+00:00,48313.0
2024-02-11 23:00:00+00:00,48295.0
2024-02-12 00:00:00+00:00,48299.0
2024-02-12 01:00:00+00:00,48061.0
2024-02-12 02:00:00+00:00,48124.0
2024-02-12 03:00:00+00:00,48154.0
2024-02-12 04:00:00+00:00,48313.0
2024-02-12 05:00:00+00:00,48617.0
2024-02-12 06:00:00+00:00,48497.0
2024-02-12 07:00:00+00:00,48182.0
2024-02-12 08:00:00+00:00,48167.0
2024-02-12 09:00:00+00:00,48083.0
2024-02-12 10:00:00+00:00,48082.0
2024-02-12 11:00:00+00:00,48163.0
2024-02-12 12:00:00+00:00,48219.0
2024-02-12 13:00:00+00:00,48116.0
2024-02-12 14:00:00+00:00,47887.0
2024-02-12 15:00:00+00:00,47880.0
2024-02-12 16:00:00+00:00,47908.0
2024-02-12 17:00:00+00:00,48030.0
2024-02-12 18:00:00+00:00,47942.0
2024-02-12 19:00:00+00:00,48797.0
2024-02-12 20:00:00+00:00,49940.0
2024-02-12 21:00:00+00:00,49609.0
2024-02-12 22:00:00+00:00,49880.0
2024-02-12 23:00:00+00:00,49745.0
2024-02-13 00:00:00+00:00,49539.0
2024-02-13 01:00:00+00:00,50187.0
2024-02-13 02:00:00+00:00,49848.0
2024-02-13 03:00:00+00:00,50047.0
2024-02-13 04:00:00+00:00,49937.0
2024-02-13 05:00:00+00:00,50130.0
2024-02-13 06:00:00+00:00,50160.0
2024-02-13 07:00:00+00:00,49968.0
2024-02-13 08:00:00+00:00,49815.0
2024-02-13 09:00:00+00:00,49916.0
2024-02-13 10:00:00+00:00,50065.0
2024-02-13 11:00:00+00:00,50019.0
2024-02-13 12:00:00+00:00,50010.0
2024-02-13 13:00:00+00:00,50129.0
2024-02-13 14:00:00+00:00,50214.0
2024-02-13 15:00:00+00:00,49862.0
2024-02-13 16:00:00+00:00,49998.0
2024-02-13 17:00:00+00:00,49887.0
2024-02-13 18:00:00+00:00,49549.0
2024-02-13 19:00:00+00:00,48697.0
2024-02-13 20:00:00+00:00,48754.0
2024-02-13 21:00:00+00:00,48481.0
2024-02-13 22:00:00+00:00,48860.0
2024-02-13 23:00:00+00:00,49126.0
2024-02-14 00:00:00+00:00,49044.0
2024-02-14 01:00:00+00:00,49424.0
2024-02-14 02:00:00+00:00,49561.0
2024-02-14 03:00:00+00:00,49552.0
2024-02-14 04:00:00+00:00,49720.0
2024-02-14 05:00:00+00:00,49525.0
2024-02-14 06:00:00+00:00,49463.0
2024-02-14 07:00:00+00:00,49528.0
2024-02-14 08:00:00+00:00,49540.0
2024-02-14 09:00:00+00:00,49411.0
2024-02-14 10:00:00+00:00,49567.0
2024-02-14 11:00:00+00:00,49666.0
2024-02-14 12:00:00+00:00,49871.0
2024-02-14 13:00:00+00:00,50803.0
2024-02-14 14:00:00+00:00,51568.0
2024-02-14 15:00:00+00:00,51327.0
2024-02-14 16:00:00+00:00,51575.0
2024-02-14 17:00:00+00:00,51583.0
2024-02-14 18:00:00+00:00,51800.0
2024-02-14 19:00:00+00:00,51943.0
2024-02-14 20:00:00+00:00,51628.0
2024-02-14 21:00:00+00:00,51625.0
2024-02-14 22:00:00+00:00,51697.0
2024-02-14 23:00:00+00:00,51475.0
2024-02-15 00:00:00+00:00,51715.0
2024-02-15 01:00:00+00:00,51736.0
2024-02-15 02:00:00+00:00,51763.0
2024-02-15 03:00:00+00:00,51843.0
2024-02-15 04:00:00+00:00,51844.0
2024-02-15 05:00:00+00:00,52374.0
2024-02-15 06:00:00+00:00,51954.0
2024-02-15 07:00:00+00:00,52089.0
2024-02-15 08:00:00+00:00,52394.0
2024-02-15 09:00:00+00:00,52190.0
2024-02-15 10:00:00+00:00,52004.0
2024-02-15 11:00:00+00:00,52024.0
2024-02-15 12:00:00+00:00,51834.0
2024-02-15 13:00:00+00:00,51986.0
2024-02-15 14:00:00+00:00,52229.0
2024-02-15 15:00:00+00:00,52340.0
2024-02-15 16:00:00+00:00,52378.0
2024-02-15 17:00:00+00:00,52368.0
2024-02-15 18:00:00+00:00,52279.0
2024-02-15 19:00:00+00:00,52654.0
2024-02-15 20:00:00+00:00,51980.0
2024-02-15 21:00:00+00:00,52283.0
2024-02-15 22:00:00+00:00,51891.0
2024-02-15 23:00:00+00:00,52003.0
2024-02-16 00:00:00+00:00,52049.0
2024-02-16 01:00:00+00:00,51717.0
2024-02-16 02:00:00+00:00,51385.0
2024-02-16 03:00:00+00:00,51693.0
2024-02-16 04:00:00+00:00,51942.0
2024-02-16 05:00:00+00:00,51968.0
2024-02-16 06:00:00+00:00,52003.0
2024-02-16 07:00:00+00:00,52221.0
2024-02-16 08:00:00+00:00,52336.0
2024-02-16 09:00:00+00:00,52162.0
2024-02-16 10:00:00+00:00,52085.0
2024-02-16 11:00:00+00:00,51918.0
2024-02-16 12:00:00+00:00,51768.0
2024-02-16 13:00:00+00:00,51859.0
2024-02-16 14:00:00+00:00,51859.0
2024-02-16 15:00:00+00:00,52314.0
2024-02-16 16:00:00+00:00,52242.0
2024-02-16 17:00:00+00:00,52413.0
2024-02-16 18:00:00+00:00,52515.0
2024-02-16 19:00:00+00:00,51956.0
2024-02-16 20:00:00+00:00,51907.0
2024-02-16 21:00:00+00:00,52063.0
2024-02-16 22:00:00+00:00,52053.0
2024-02-16 23:00:00+00:00,51993.0
2024-02-17 00:00:00+00:00,51777.0
2024-02-17 01:00:00+00:00,51861.0
2024-02-17 02:00:00+00:00,52011.0
2024-02-17 03:00:00+00:00,52024.0
2024-02-17 04:00:00+00:00,52161.0
2024-02-17 05:00:00+00:00,52035.0
2024-02-17 06:00:00+00:00,51998.0
2024-02-17 07:00:00+00:00,51962.0
2024-02-17 08:00:00+00:00,51996.0
2024-02-17 09:00:00+00:00,52038.0
2024-02-17 10:00:00+00:00,51940.0
2024-02-17 11:00:00+00:00,51949.0
2024-02-17 12:00:00+00:00,51934.0
2024-02-17 13:00:00+00:00,51753.0
2024-02-17 14:00:00+00:00,51709.0
2024-02-17 15:00:00+00:00,51734.0
2024-02-17 16:00:00+00:00,51710.0
2024-02-17 17:00:00+00:00,51729.0
2024-02-17 18:00:00+00:00,51218.0
2024-02-17 19:00:00+00:00,50862.0
2024-02-17 20:00:00+00:00,50992.0
2024-02-17 21:00:00+00:00,50965.0
2024-02-17 22:00:00+00:00,51235.0
2024-02-17 23:00:00+00:00,51278.0
2024-02-18 00:00:00+00:00,51414.0
2024-02-18 01:00:00+00:00,51528.0
2024-02-18 02:00:00+00:00,51811.0
2024-02-18 03:00:00+00:00,51725.0
2024-02-18 04:00:00+00:00,51664.0
2024-02-18 05:00:00+00:00,51698.0
2024-02-18 06:00:00+00:00,51545.0
2024-02-18 07:00:00+00:00,51285.0
2024-02-18 08:00:00+00:00,51485.0
2024-02-18 09:00:00+00:00,51582.0
2024-02-18 10:00:00+00:00,51672.0
2024-02-18 11:00:00+00:00,51512.0
2024-02-18 12:00:00+00:00,51650.0
2024-02-18 13:00:00+00:00,51799.0
2024-02-18 14:00:00+00:00,51989.0
2024-02-18 15:00:00+00:00,51842.0
2024-02-18 16:00:00+00:00,51838.0
2024-02-18 17:00:00+00:00,51567.0
2024-02-18 18:00:00+00:00,51626.0
2024-02-18 19:00:00+00:00,51896.0
2024-02-18 20:00:00+00:00,51791.0
2024-02-18 21:00:00+00:00,51790.0
2024-02-18 22:00:00+00:00,51859.0
2024-02-18 23:00:00+00:00,51805.0
2024-02-19 00:00:00+00:00,51780.0
2024-02-19 01:00:00+00:00,51794.0
2024-02-19 02:00:00+00:00,51876.0
2024-02-19 03:00:00+00:00,52242.0
2024-02-19 04:00:00+00:00,52130.0
2024-02-19 05:00:00+00:00,52194.0
2024-02-19 06:00:00+00:00,52100.0
2024-02-19 07:00:00+00:00,52155.0
2024-02-19 08:00:00+00:00,52083.0
2024-02-19 09:00:00+00:00,52105.0
2024-02-19 10:00:00+00:00,52150.0
2024-02-19 11:00:00+00:00,52396.0
2024-02-19 12:00:00+00:00,52407.0
2024-02-19 13:00:00+00:00,52112.0
2024-02-19 14:00:00+00:00,52276.0
2024-02-19 15:00:00+00:00,52368.0
2024-02-19 16:00:00+00:00,52348.0
2024-02-19 17:00:00+00:00,52279.0
2024-02-19 18:00:00+00:00,52164.0
2024-02-19 19:00:00+00:00,52110.0
2024-02-19 20:00:00+00:00,52128.0
2024-02-19 21:00:00+00:00,51760.0
2024-02-19 22:00:00+00:00,52166.0
2024-02-19 23:00:00+00:00,51934.0
2024-02-20 00:00:00+00:00,51834.0
2024-02-20 01:00:00+00:00,51811.0
2024-02-20 02:00:00+00:00,51910.0
2024-02-20 03:00:00+00:00,51933.0
2024-02-20 04:00:00+00:00,51789.0
2024-02-20 05:00:00+00:00,51648.0
2024-02-20 06:00:00+00:00,51637.0
2024-02-20 07:00:00+00:00,51718.0
2024-02-20 08:00:00+00:00,51587.0
2024-02-20 09:00:00+00:00,51786.0
2024-02-20 10:00:00+00:00,51902.0
2024-02-20 11:00:00+00:00,51930.0
2024-02-20 12:00:00+00:00,51837.0
2024-02-20 13:00:00+00:00,51775.0
2024-02-20 14:00:00+00:00,51778.0
2024-02-20 15:00:00+00:00,52108.0
2024-02-20 16:00:00+00:00,52300.0
2024-02-20 17:00:00+00:00,52191.0
2024-02-20 18:00:00+00:00,52844.0
2024-02-20 19:00:00+00:00,52049.0
2024-02-20 20:00:00+00:00,51685.0
2024-02-20 21:00:00+00:00,51388.0
2024-02-20 22:00:00+00:00,51334.0
2024-02-20 23:00:00+00:00,51506.0
2024-02-21 00:00:00+00:00,52103.0
2024-02-21 01:00:00+00:00,52000.0
2024-02-21 02:00:00+00:00,52042.0
2024-02-21 03:00:00+00:00,52200.0
2024-02-21 04:00:00+00:00,52275.0
2024-02-21 05:00:00+00:00,52188.0
2024-02-21 06:00:00+00:00,52120.0
2024-02-21 07:00:00+00:00,52079.0
2024-02-21 08:00:00+00:00,52015.0
2024-02-21 09:00:00+00:00,51954.0
2024-02-21 10:00:00+00:00,51844.0
2024-02-21 11:00:00+00:00,51747.0
2024-02-21 12:00:00+00:00,51567.0
2024-02-21 13:00:00+00:00,51666.0
2024-02-21 14:00:00+00:00,51113.0
2024-02-21 15:00:00+00:00,51307.0
2024-02-21 16:00:00+00:00,50964.0
2024-02-21 17:00:00+00:00,51324.0
2024-02-21 18:00:00+00:00,51188.0
2024-02-21 19:00:00+00:00,50916.0
2024-02-21 20:00:00+00:00,51149.0
2024-02-21 21:00:00+00:00,51354.0
2024-02-21 22:00:00+00:00,50932.0
2024-02-21 23:00:00+00:00,50855.0
2024-02-22 00:00:00+00:00,51055.0
2024-02-22 01:00:00+00:00,50959.0
2024-02-22 02:00:00+00:00,51393.0
2024-02-22 03:00:00+00:00,51505.0
2024-02-22 04:00:00+00:00,51843.0
2024-02-22 05:00:00+00:00,51539.0
2024-02-22 06:00:00+00:00,51229.0
2024-02-22 07:00:00+00:00,51412.0
2024-02-22 08:00:00+00:00,51576.0
2024-02-22 09:00:00+00:00,51429.0
2024-02-22 10:00:00+00:00,51515.0
2024-02-22 11:00:00+00:00,51748.0
2024-02-22 12:00:00+00:00,51810.0
2024-02-22 13:00:00+00:00,51868.0
2024-02-22 14:00:00+00:00,51935.0
2024-02-22 15:00:00+00:00,51688.0
2024-02-22 16:00:00+00:00,51606.0
2024-02-22 17:00:00+00:00,51502.0
2024-02-22 18:00:00+00:00,51140.0
2024-02-22 19:00:00+00:00,51339.0
2024-02-22 20:00:00+00:00,51573.0
2024-02-22 21:00:00+00:00,51464.0
2024-02-22 22:00:00+00:00,51675.0
2024-02-22 23:00:00+00:00,51700.0
2024-02-23 00:00:00+00:00,51496.0
2024-02-23 01:00:00+00:00,52044.0
2024-02-23 02:00:00+00:00,51664.0
2024-02-23 03:00:00+00:00,51444.0
2024-02-23 04:00:00+00:00,51253.0
2024-02-23 05:00:00+00:00,51423.0
2024-02-23 06:00:00+00:00,51279.0
2024-02-23 07:00:00+00:00,51069.0
2024-02-23 08:00:00+00:00,51084.0
2024-02-23 09:00:00+00:00,51204.0
2024-02-23 10:00:00+00:00,51223.0
2024-02-23 11:00:00+00:00,51285.0
2024-02-23 12:00:00+00:00,50912.0
2024-02-23 13:00:00+00:00,50953.0
2024-02-23 14:00:00+00:00,51008.0
2024-02-23 15:00:00+00:00,51171.0
2024-02-23 16:00:00+00:00,51208.0
2024-02-23 17:00:00+00:00,50981.0
2024-02-23 18:00:00+00:00,51054.0
2024-02-23 19:00:00+00:00,51109.0
2024-02-23 20:00:00+00:00,50912.0
2024-02-23 21:00:00+00:00,51045.0
2024-02-23 22:00:00+00:00,51138.0
2024-02-23 23:00:00+00:00,51094.0
2024-02-24 00:00:00+00:00,51095.0
2024-02-24 01:00:00+00:00,51065.0
2024-02-24 02:00:00+00:00,50978.0
2024-02-24 03:00:00+00:00,50778.0
2024-02-24 04:00:00+00:00,50743.0
2024-02-24 05:00:00+00:00,50884.0
2024-02-24 06:00:00+00:00,50592.0
2024-02-24 07:00:00+00:00,50792.0
2024-02-24 08:00:00+00:00,50841.0
2024-02-24 09:00:00+00:00,50947.0
2024-02-24 10:00:00+00:00,51034.0
2024-02-24 11:00:00+00:00,50953.0
2024-02-24 12:00:00+00:00,51047.0
2024-02-24 13:00:00+00:00,50977.0
2024-02-24 14:00:00+00:00,51092.0
2024-02-24 15:00:00+00:00,51073.0
2024-02-24 16:00:00+00:00,51114.0
2024-02-24 17:00:00+00:00,51073.0
2024-02-24 18:00:00+00:00,51138.0
2024-02-24 19:00:00+00:00,51134.0
2024-02-24 20:00:00+00:00,51098.0
2024-02-24 21:00:00+00:00,51202.0
2024-02-24 22:00:00+00:00,51513.0
2024-02-24 23:00:00+00:00,51429.0
2024-02-25 00:00:00+00:00,51547.0
2024-02-25 01:00:00+00:00,51504.0
2024-02-25 02:00:00+00:00,51558.0
2024-02-25 03:00:00+00:00,51558.0
2024-02-25 04:00:00+00:00,51562.0
2024-02-25 05:00:00+00:00,51482.0
2024-02-25 06:00:00+00:00,51677.0
2024-02-25 07:00:00+00:00,51593.0
2024-02-25 08:00:00+00:00,51614.0
2024-02-25 09:00:00+00:00,51613.0
2024-02-25 10:00:00+00:00,51662.0
2024-02-25 11:00:00+00:00,51754.0
2024-02-25 12:00:00+00:00,51713.0
2024-02-25 13:00:00+00:00,51605.0
2024-02-25 14:00:00+00:00,51642.0
2024-02-25 15:00:00+00:00,51569.0
2024-02-25 16:00:00+00:00,51644.0
2024-02-25 17:00:00+00:00,51655.0
2024-02-25 18:00:00+00:00,51611.0
2024-02-25 19:00:00+00:00,51738.0
2024-02-25 20:00:00+00:00,51507.0
2024-02-25 21:00:00+00:00,51376.0
2024-02-25 22:00:00+00:00,51554.0
2024-02-25 23:00:00+00:00,51566.0
2024-02-26 00:00:00+00:00,51668.0
2024-02-26 01:00:00+00:00,51726.0
2024-02-26 02:00:00+00:00,51773.0
2024-02-26 03:00:00+00:00,51706.0
2024-02-26 04:00:00+00:00,51722.0
2024-02-26 05:00:00+00:00,51675.0
2024-02-26 06:00:00+00:00,51474.0
2024-02-26 07:00:00+00:00,51436.0
2024-02-26 08:00:00+00:00,51560.0
2024-02-26 09:00:00+00:00,51538.0
2024-02-26 10:00:00+00:00,51578.0
2024-02-26 11:00:00+00:00,51522.0
2024-02-26 12:00:00+00:00,51291.0
2024-02-26 13:00:00+00:00,51263.0
2024-02-26 14:00:00+00:00,50949.0
2024-02-26 15:00:00+00:00,51168.0
2024-02-26 16:00:00+00:00,51081.0
2024-02-26 17:00:00+00:00,51227.0
2024-02-26 18:00:00+00:00,51226.0
2024-02-26 19:00:00+00:00,51702.0
2024-02-26 20:00:00+00:00,52917.0
2024-02-26 21:00:00+00:00,53414.0
2024-02-26 22:00:00+00:00,53527.0
2024-02-26 23:00:00+00:00,53644.0
2024-02-27 00:00:00+00:00,54550.0
2024-02-27 01:00:00+00:00,54489.0
2024-02-27 02:00:00+00:00,54679.0
2024-02-27 03:00:00+00:00,54710.0
2024-02-27 04:00:00+00:00,54524.0
2024-02-27 05:00:00+00:00,54595.0
2024-02-27 06:00:00+00:00,55824.0
2024-02-27 07:00:00+00:00,56326.0
2024-02-27 08:00:00+00:00,55745.0
2024-02-27 09:00:00+00:00,55761.0
2024-02-27 10:00:00+00:00,56113.0
2024-02-27 11:00:00+00:00,56404.0
2024-02-27 12:00:00+00:00,56095.0
2024-02-27 13:00:00+00:00,56280.0
2024-02-27 14:00:00+00:00,56654.0
2024-02-27 15:00:00+00:00,56570.0
2024-02-27 16:00:00+00:00,56567.0
2024-02-27 17:00:00+00:00,56811.0
2024-02-27 18:00:00+00:00,57167.0
2024-02-27 19:00:00+00:00,57020.0
2024-02-27 20:00:00+00:00,56788.0
2024-02-27 21:00:00+00:00,57067.0
2024-02-27 22:00:00+00:00,56781.0
2024-02-27 23:00:00+00:00,57165.0
2024-02-28 00:00:00+00:00,57356.0
2024-02-28 01:00:00+00:00,57030.0
2024-02-28 02:00:00+00:00,56735.0
2024-02-28 03:00:00+00:00,56919.0
2024-02-28 04:00:00+00:00,57068.0
2024-02-28 05:00:00+00:00,57045.0
2024-02-28 06:00:00+00:00,56802.0
2024-02-28 07:00:00+00:00,56962.0
2024-02-28 08:00:00+00:00,56957.0
2024-02-28 09:00:00+00:00,57247.0
2024-02-28 10:00:00+00:00,57116.0
2024-02-28 11:00:00+00:00,57202.0
2024-02-28 12:00:00+00:00,58271.0
2024-02-28 13:00:00+00:00,59478.0
2024-02-28 14:00:00+00:00,59336.0
2024-02-28 15:00:00+00:00,59297.0
2024-02-28 16:00:00+00:00,58994.0
2024-02-28 17:00:00+00:00,59380.0
2024-02-28 18:00:00+00:00,60496.0
2024-02-28 19:00:00+00:00,60996.0
2024-02-28 20:00:00+00:00,61014.0
2024-02-28 21:00:00+00:00,62536.0
2024-02-28 22:00:00+00:00,61419.0
2024-02-28 23:00:00+00:00,61148.0
2024-02-29 00:00:00+00:00,60995.0
2024-02-29 01:00:00+00:00,60384.0
2024-02-29 02:00:00+00:00,60582.0
2024-02-29 03:00:00+00:00,61322.0
2024-02-29 04:00:00+00:00,62512.0
2024-02-29 05:00:00+00:00,61403.0
2024-02-29 06:00:00+00:00,61409.0
2024-02-29 07:00:00+00:00,61760.0
2024-02-29 08:00:00+00:00,61589.0
2024-02-29 09:00:00+00:00,62469.0
2024-02-29 10:00:00+00:00,62532.0
2024-02-29 11:00:00+00:00,63045.0
2024-02-29 12:00:00+00:00,62699.0
2024-02-29 13:00:00+00:00,62804.0
2024-02-29 14:00:00+00:00,62699.0
2024-02-29 15:00:00+00:00,62719.0
2024-02-29 16:00:00+00:00,62943.0
2024-02-29 17:00:00+00:00,62656.0
2024-02-29 18:00:00+00:00,62961.0
2024-02-29 19:00:00+00:00,62959.0
2024-02-29 20:00:00+00:00,62791.0
2024-02-29 21:00:00+00:00,62202.0
2024-02-29 22:00:00+00:00,60922.0
2024-02-29 23:00:00+00:00,60775.0
2024-03-01 00:00:00+00:00,61619.0
2024-03-01 01:00:00+00:00,61970.0
2024-03-01 02:00:00+00:00,61441.0
2024-03-01 03:00:00+00:00,61259.0
2024-03-01 04:00:00+00:00,61161.0
2024-03-01 05:00:00+00:00,61524.0
2024-03-01 06:00:00+00:00,61223.0
2024-03-01 07:00:00+00:00,61004.0
2024-03-01 08:00:00+00:00,61107.0
2024-03-01 09:00:00+00:00,61528.0
2024-03-01 10:00:00+00:00,61329.0
2024-03-01 11:00:00+00:00,61590.0
2024-03-01 12:00:00+00:00,61456.0
2024-03-01 13:00:00+00:00,61952.0
2024-03-01 14:00:00+00:00,62193.0
2024-03-01 15:00:00+00:00,62057.0
2024-03-01 16:00:00+00:00,61907.0
2024-03-01 17:00:00+00:00,62259.0
2024-03-01 18:00:00+00:00,62484.0
2024-03-01 19:00:00+00:00,61969.0
2024-03-01 20:00:00+00:00,61263.0
2024-03-01 21:00:00+00:00,61442.0
2024-03-01 22:00:00+00:00,61923.0
2024-03-01 23:00:00+00:00,62362.0
2024-03-02 00:00:00+00:00,62252.0
2024-03-02 01:00:00+00:00,63083.0
2024-03-02 02:00:00+00:00,62588.0
2024-03-02 03:00:00+00:00,62536.0
2024-03-02 04:00:00+00:00,62444.0
2024-03-02 05:00:00+00:00,62348.0
2024-03-02 06:00:00+00:00,62099.0
2024-03-02 07:00:00+00:00,62167.0
2024-03-02 08:00:00+00:00,62378.0
2024-03-02 09:00:00+00:00,62115.0
2024-03-02 10:00:00+00:00,62083.0
2024-03-02 11:00:00+00:00,62000.0
2024-03-02 12:00:00+00:00,62086.0
2024-03-02 13:00:00+00:00,62014.0
2024-03-02 14:00:00+00:00,61914.0
2024-03-02 15:00:00+00:00,61967.0
2024-03-02 16:00:00+00:00,61916.0
2024-03-02 17:00:00+00:00,62144.0
2024-03-02 18:00:00+00:00,61884.0
2024-03-02 19:00:00+00:00,61877.0
2024-03-02 20:00:00+00:00,61848.0
2024-03-02 21:00:00+00:00,61928.0
2024-03-02 22:00:00+00:00,61826.0
2024-03-02 23:00:00+00:00,62074.0
2024-03-03 00:00:00+00:00,62173.0
2024-03-03 01:00:00+00:00,61946.0
2024-03-03 02:00:00+00:00,61981.0
2024-03-03 03:00:00+00:00,61772.0
2024-03-03 04:00:00+00:00,62042.0
2024-03-03 05:00:00+00:00,61787.0
2024-03-03 06:00:00+00:00,61836.0
2024-03-03 07:00:00+00:00,61841.0
2024-03-03 08:00:00+00:00,61972.0
2024-03-03 09:00:00+00:00,62042.0
2024-03-03 10:00:00+00:00,61934.0
2024-03-03 11:00:00+00:00,61894.0
2024-03-03 12:00:00+00:00,61644.0
2024-03-03 13:00:00+00:00,61632.0
2024-03-03 14:00:00+00:00,61751.0
2024-03-03 15:00:00+00:00,61695.0
2024-03-03 16:00:00+00:00,61861.0
2024-03-03 17:00:00+00:00,62221.0
2024-03-03 18:00:00+00:00,62383.0
2024-03-03 19:00:00+00:00,62143.0
2024-03-03 20:00:00+00:00,62205.0
2024-03-03 21:00:00+00:00,62867.0
2024-03-03 22:00:00+00:00,62611.0
2024-03-03 23:00:00+00:00,62843.0
2024-03-04 00:00:00+00:00,62764.0
2024-03-04 01:00:00+00:00,62794.0
2024-03-04 02:00:00+00:00,62862.0
2024-03-04 03:00:00+00:00,62860.0
2024-03-04 04:00:00+00:00,63142.0
2024-03-04 05:00:00+00:00,63494.0
2024-03-04 06:00:00+00:00,63547.0
2024-03-04 07:00:00+00:00,63727.0
2024-03-04 08:00:00+00:00,63490.0
2024-03-04 09:00:00+00:00,63657.0
2024-03-04 10:00:00+00:00,63373.0
2024-03-04 11:00:00+00:00,63721.0
2024-03-04 12:00:00+00:00,64117.0
2024-03-04 13:00:00+00:00,65208.0
2024-03-04 14:00:00+00:00,65327.0
2024-03-04 15:00:00+00:00,65110.0
2024-03-04 16:00:00+00:00,65246.0
2024-03-04 17:00:00+00:00,65155.0
2024-03-04 18:00:00+00:00,65164.0
2024-03-04 19:00:00+00:00,66256.0
2024-03-04 20:00:00+00:00,66543.0
2024-03-04 21:00:00+00:00,66602.0
2024-03-04 22:00:00+00:00,66920.0
2024-03-04 23:00:00+00:00,66673.0
2024-03-05 00:00:00+00:00,67478.0
2024-03-05 01:00:00+00:00,67611.0
2024-03-05 02:00:00+00:00,67526.0
2024-03-05 03:00:00+00:00,68011.0
2024-03-05 04:00:00+00:00,68359.0
2024-03-05 05:00:00+00:00,68147.0
2024-03-05 06:00:00+00:00,68654.0
2024-03-05 07:00:00+00:00,68263.0
2024-03-05 08:00:00+00:00,68214.0
2024-03-05 09:00:00+00:00,67367.0
2024-03-05 10:00:00+00:00,67013.0
2024-03-05 11:00:00+00:00,67354.0
2024-03-05 12:00:00+00:00,66238.0
2024-03-05 13:00:00+00:00,66916.0
2024-03-05 14:00:00+00:00,66436.0
2024-03-05 15:00:00+00:00,66866.0
2024-03-05 16:00:00+00:00,66701.0
2024-03-05 17:00:00+00:00,67385.0
2024-03-05 18:00:00+00:00,67830.0
2024-03-05 19:00:00+00:00,68800.0
2024-03-05 20:00:00+00:00,66842.0
2024-03-05 21:00:00+00:00,65464.0
2024-03-05 22:00:00+00:00,65603.0
2024-03-05 23:00:00+00:00,64022.0
2024-03-06 00:00:00+00:00,61443.0
2024-03-06 01:00:00+00:00,62047.0
2024-03-06 02:00:00+00:00,63320.0
2024-03-06 03:00:00+00:00,63440.0
2024-03-06 04:00:00+00:00,63796.0
2024-03-06 05:00:00+00:00,63514.0
2024-03-06 06:00:00+00:00,63161.0
2024-03-06 07:00:00+00:00,62849.0
2024-03-06 08:00:00+00:00,63311.0
2024-03-06 09:00:00+00:00,64654.0
2024-03-06 10:00:00+00:00,66456.0
2024-03-06 11:00:00+00:00,65781.0
2024-03-06 12:00:00+00:00,66759.0
2024-03-06 13:00:00+00:00,66929.0
2024-03-06 14:00:00+00:00,66166.0
2024-03-06 15:00:00+00:00,66682.0
2024-03-06 16:00:00+00:00,67329.0
2024-03-06 17:00:00+00:00,65937.0
2024-03-06 18:00:00+00:00,66372.0
2024-03-06 19:00:00+00:00,65927.0
2024-03-06 20:00:00+00:00,66504.0
2024-03-06 21:00:00+00:00,67178.0
2024-03-06 22:00:00+00:00,67403.0
2024-03-06 23:00:00+00:00,67190.0
2024-03-07 00:00:00+00:00,66819.0
2024-03-07 01:00:00+00:00,67076.0
2024-03-07 02:00:00+00:00,66474.0
2024-03-07 03:00:00+00:00,65959.0
2024-03-07 04:00:00+00:00,66120.0
2024-03-07 05:00:00+00:00,66266.0
2024-03-07 06:00:00+00:00,66407.0
2024-03-07 07:00:00+00:00,66141.0
2024-03-07 08:00:00+00:00,65865.0
2024-03-07 09:00:00+00:00,65872.0
2024-03-07 10:00:00+00:00,65840.0
2024-03-07 11:00:00+00:00,65908.0
2024-03-07 12:00:00+00:00,66428.0
2024-03-07 13:00:00+00:00,66691.0
2024-03-07 14:00:00+00:00,66758.0
2024-03-07 15:00:00+00:00,66959.0
2024-03-07 16:00:00+00:00,66928.0
2024-03-07 17:00:00+00:00,66761.0
2024-03-07 18:00:00+00:00,66941.0
2024-03-07 19:00:00+00:00,67086.0
2024-03-07 20:00:00+00:00,67333.0
2024-03-07 21:00:00+00:00,67393.0
2024-03-07 22:00:00+00:00,67672.0
2024-03-07 23:00:00+00:00,67705.0
2024-03-08 00:00:00+00:00,67576.0
2024-03-08 01:00:00+00:00,67720.0
2024-03-08 02:00:00+00:00,67345.0
2024-03-08 03:00:00+00:00,67211.0
2024-03-08 04:00:00+00:00,66941.0
2024-03-08 05:00:00+00:00,67182.0
2024-03-08 06:00:00+00:00,67048.0
2024-03-08 07:00:00+00:00,67168.0
2024-03-08 08:00:00+00:00,67212.0
2024-03-08 09:00:00+00:00,67157.0
2024-03-08 10:00:00+00:00,67002.0
2024-03-08 11:00:00+00:00,67646.0
2024-03-08 12:00:00+00:00,67361.0
2024-03-08 13:00:00+00:00,67351.0
2024-03-08 14:00:00+00:00,67203.0
2024-03-08 15:00:00+00:00,67423.0
2024-03-08 16:00:00+00:00,67800.0
2024-03-08 17:00:00+00:00,67544.0
2024-03-08 18:00:00+00:00,67881.0
2024-03-08 19:00:00+00:00,68553.0
2024-03-08 20:00:00+00:00,67756.0
2024-03-08 21:00:00+00:00,67936.0
2024-03-08 22:00:00+00:00,68479.0
2024-03-08 23:00:00+00:00,68711.0
2024-03-09 00:00:00+00:00,69000.0
2024-03-09 01:00:00+00:00,69345.0
2024-03-09 02:00:00+00:00,68413.0
2024-03-09 03:00:00+00:00,68309.0
2024-03-09 04:00:00+00:00,68285.0
2024-03-09 05:00:00+00:00,68267.0
2024-03-09 06:00:00+00:00,68095.0
2024-03-09 07:00:00+00:00,68346.0
2024-03-09 08:00:00+00:00,68429.0
2024-03-09 09:00:00+00:00,68433.0
2024-03-09 10:00:00+00:00,68389.0
2024-03-09 11:00:00+00:00,68576.0
2024-03-09 12:00:00+00:00,68440.0
2024-03-09 13:00:00+00:00,68436.0
2024-03-09 14:00:00+00:00,68439.0
2024-03-09 15:00:00+00:00,68333.0
2024-03-09 16:00:00+00:00,68441.0
2024-03-09 17:00:00+00:00,68641.0
2024-03-09 18:00:00+00:00,68517.0
2024-03-09 19:00:00+00:00,68313.0
2024-03-09 20:00:00+00:00,68461.0
2024-03-09 21:00:00+00:00,68275.0
2024-03-09 22:00:00+00:00,68309.0
2024-03-09 23:00:00+00:00,68417.0
2024-03-10 00:00:00+00:00,68370.0
2024-03-10 01:00:00+00:00,68501.0
2024-03-10 02:00:00+00:00,68533.0
2024-03-10 03:00:00+00:00,68510.0
2024-03-10 04:00:00+00:00,68463.0
2024-03-10 05:00:00+00:00,68502.0
2024-03-10 06:00:00+00:00,69081.0
2024-03-10 07:00:00+00:00,68958.0
2024-03-10 08:00:00+00:00,69545.0
2024-03-10 09:00:00+00:00,69487.0
2024-03-10 10:00:00+00:00,69457.0
2024-03-10 11:00:00+00:00,69465.0
2024-03-10 12:00:00+00:00,69736.0
2024-03-10 13:00:00+00:00,69907.0
2024-03-10 14:00:00+00:00,69889.0
2024-03-10 15:00:00+00:00,69709.0
2024-03-10 16:00:00+00:00,69912.0
2024-03-10 17:00:00+00:00,69454.0
2024-03-10 18:00:00+00:00,69405.0
2024-03-10 19:00:00+00:00,69344.0
2024-03-10 20:00:00+00:00,69560.0
2024-03-10 21:00:00+00:00,69542.0
2024-03-10 22:00:00+00:00,69363.0
2024-03-10 23:00:00+00:00,69528.0
2024-03-11 00:00:00+00:00,69436.0
2024-03-11 01:00:00+00:00,69203.0
2024-03-11 02:00:00+00:00,68525.0
2024-03-11 03:00:00+00:00,69026.0
2024-03-11 04:00:00+00:00,68151.0
2024-03-11 05:00:00+00:00,68349.0
2024-03-11 06:00:00+00:00,68356.0
2024-03-11 07:00:00+00:00,68604.0
2024-03-11 08:00:00+00:00,68575.0
2024-03-11 09:00:00+00:00,68589.0
2024-03-11 10:00:00+00:00,69339.0
2024-03-11 11:00:00+00:00,71017.0
2024-03-11 12:00:00+00:00,71193.0
2024-03-11 13:00:00+00:00,71792.0
2024-03-11 14:00:00+00:00,71528.0
2024-03-11 15:00:00+00:00,71585.0
2024-03-11 16:00:00+00:00,72002.0
2024-03-11 17:00:00+00:00,71510.0
2024-03-11 18:00:00+00:00,72191.0
2024-03-11 19:00:00+00:00,72069.0
2024-03-11 20:00:00+00:00,72569.0
2024-03-11 21:00:00+00:00,72566.0
2024-03-11 22:00:00+00:00,72543.0
2024-03-11 23:00:00+00:00,72044.0
2024-03-12 00:00:00+00:00,72133.0
2024-03-12 01:00:00+00:00,72535.0
2024-03-12 02:00:00+00:00,72460.0
2024-03-12 03:00:00+00:00,72118.0
2024-03-12 04:00:00+00:00,72027.0
2024-03-12 05:00:00+00:00,72473.0
2024-03-12 06:00:00+00:00,72205.0
2024-03-12 07:00:00+00:00,71623.0
2024-03-12 08:00:00+00:00,71822.0
2024-03-12 09:00:00+00:00,72004.0
2024-03-12 10:00:00+00:00,72286.0
2024-03-12 11:00:00+00:00,72150.0
2024-03-12 12:00:00+00:00,71731.0
2024-03-12 13:00:00+00:00,71963.0
2024-03-12 14:00:00+00:00,71892.0
2024-03-12 15:00:00+00:00,72047.0
2024-03-12 16:00:00+00:00,72200.0
2024-03-12 17:00:00+00:00,72313.0
2024-03-12 18:00:00+00:00,71666.0
2024-03-12 19:00:00+00:00,71719.0
2024-03-12 20:00:00+00:00,70511.0
2024-03-12 21:00:00+00:00,70980.0
2024-03-12 22:00:00+00:00,71379.0
2024-03-12 23:00:00+00:00,71476.0
2024-03-13 00:00:00+00:00,71074.0
2024-03-13 01:00:00+00:00,70884.0
2024-03-13 02:00:00+00:00,71174.0
2024-03-13 03:00:00+00:00,71473.0
2024-03-13 04:00:00+00:00,71428.0
2024-03-13 05:00:00+00:00,72035.0
2024-03-13 06:00:00+00:00,72004.0
2024-03-13 07:00:00+00:00,72081.0
2024-03-13 08:00:00+00:00,72234.0
2024-03-13 09:00:00+00:00,72181.0
2024-03-13 10:00:00+00:00,72738.0
2024-03-13 11:00:00+00:00,72915.0
2024-03-13 12:00:00+00:00,73490.0
2024-03-13 13:00:00+00:00,73341.0
2024-03-13 14:00:00+00:00,73289.0
2024-03-13 15:00:00+00:00,73109.0
2024-03-13 16:00:00+00:00,72854.0
2024-03-13 17:00:00+00:00,72215.0
2024-03-13 18:00:00+00:00,72424.0
2024-03-13 19:00:00+00:00,72779.0
2024-03-13 20:00:00+00:00,73075.0
2024-03-13 21:00:00+00:00,72907.0
2024-03-13 22:00:00+00:00,73224.0
2024-03-13 23:00:00+00:00,73468.0
2024-03-14 00:00:00+00:00,73156.0
2024-03-14 01:00:00+00:00,73302.0
2024-03-14 02:00:00+00:00,73013.0
2024-03-14 03:00:00+00:00,73121.0
2024-03-14 04:00:00+00:00,72887.0
2024-03-14 05:00:00+00:00,72969.0
2024-03-14 06:00:00+00:00,73071.0
2024-03-14 07:00:00+00:00,73311.0
2024-03-14 08:00:00+00:00,73010.0
2024-03-14 09:00:00+00:00,73194.0
2024-03-14 10:00:00+00:00,73608.0
2024-03-14 11:00:00+00:00,73259.0
2024-03-14 12:00:00+00:00,73357.0
2024-03-14 13:00:00+00:00,73357.0
2024-03-14 14:00:00+00:00,73021.0
2024-03-14 15:00:00+00:00,72934.0
2024-03-14 16:00:00+00:00,72887.0
2024-03-14 17:00:00+00:00,71827.0
2024-03-14 18:00:00+00:00,71639.0
2024-03-14 19:00:00+00:00,70800.0
2024-03-14 20:00:00+00:00,71286.0
2024-03-14 21:00:00+00:00,71011.0
2024-03-14 22:00:00+00:00,70088.0
2024-03-14 23:00:00+00:00,69339.0
2024-03-15 00:00:00+00:00,70692.0
2024-03-15 01:00:00+00:00,71068.0
2024-03-15 02:00:00+00:00,71513.0
2024-03-15 03:00:00+00:00,71371.0
2024-03-15 04:00:00+00:00,71885.0
2024-03-15 05:00:00+00:00,71586.0
2024-03-15 06:00:00+00:00,69000.0
2024-03-15 07:00:00+00:00,68200.0
2024-03-15 08:00:00+00:00,67423.0
2024-03-15 09:00:00+00:00,67376.0
2024-03-15 10:00:00+00:00,68604.0
2024-03-15 11:00:00+00:00,68409.0
2024-03-15 12:00:00+00:00,67033.0
2024-03-15 13:00:00+00:00,67760.0
2024-03-15 14:00:00+00:00,67219.0
2024-03-15 15:00:00+00:00,67650.0
2024-03-15 16:00:00+00:00,67876.0
2024-03-15 17:00:00+00:00,68447.0
2024-03-15 18:00:00+00:00,68600.0
2024-03-15 19:00:00+00:00,68152.0
2024-03-15 20:00:00+00:00,67894.0
2024-03-15 21:00:00+00:00,68192.0
2024-03-15 22:00:00+00:00,70219.0
2024-03-15 23:00:00+00:00,68971.0
2024-03-16 00:00:00+00:00,67852.0
2024-03-16 01:00:00+00:00,68282.0
2024-03-16 02:00:00+00:00,69120.0
2024-03-16 03:00:00+00:00,69516.0
2024-03-16 04:00:00+00:00,69612.0
2024-03-16 05:00:00+00:00,69282.0
2024-03-16 06:00:00+00:00,69061.0
2024-03-16 07:00:00+00:00,69189.0
2024-03-16 08:00:00+00:00,69001.0
2024-03-16 09:00:00+00:00,68964.0
2024-03-16 10:00:00+00:00,69183.0
2024-03-16 11:00:00+00:00,69430.0
2024-03-16 12:00:00+00:00,69037.0
2024-03-16 13:00:00+00:00,68944.0
2024-03-16 14:00:00+00:00,68415.0
2024-03-16 15:00:00+00:00,68242.0
2024-03-16 16:00:00+00:00,67882.0
2024-03-16 17:00:00+00:00,67695.0
2024-03-16 18:00:00+00:00,68172.0
2024-03-16 19:00:00+00:00,68369.0
2024-03-16 20:00:00+00:00,68163.0
2024-03-16 21:00:00+00:00,67241.0
2024-03-16 22:00:00+00:00,67001.0
2024-03-16 23:00:00+00:00,66931.0
2024-03-17 00:00:00+00:00,67081.0
2024-03-17 01:00:00+00:00,66204.0
2024-03-17 02:00:00+00:00,66344.0
2024-03-17 03:00:00+00:00,65248.0
2024-03-17 04:00:00+00:00,65147.0
2024-03-17 05:00:00+00:00,66116.0
2024-03-17 06:00:00+00:00,66313.0
2024-03-17 07:00:00+00:00,66511.0
2024-03-17 08:00:00+00:00,66314.0
2024-03-17 09:00:00+00:00,66199.0
2024-03-17 10:00:00+00:00,64981.0
2024-03-17 11:00:00+00:00,65588.0
2024-03-17 12:00:00+00:00,66433.0
2024-03-17 13:00:00+00:00,66373.0
2024-03-17 14:00:00+00:00,67080.0
2024-03-17 15:00:00+00:00,66863.0
2024-03-17 16:00:00+00:00,66516.0
2024-03-17 17:00:00+00:00,67052.0
2024-03-17 18:00:00+00:00,67530.0
2024-03-17 19:00:00+00:00,67911.0
2024-03-17 20:00:00+00:00,67990.0
2024-03-17 21:00:00+00:00,68499.0
2024-03-17 22:00:00+00:00,68130.0
2024-03-17 23:00:00+00:00,68526.0
2024-03-18 00:00:00+00:00,68241.0
2024-03-18 01:00:00+00:00,68129.0
2024-03-18 02:00:00+00:00,68214.0
2024-03-18 03:00:00+00:00,68352.0
2024-03-18 04:00:00+00:00,67247.0
2024-03-18 05:00:00+00:00,67587.0
2024-03-18 06:00:00+00:00,67725.0
2024-03-18 07:00:00+00:00,67905.0
2024-03-18 08:00:00+00:00,68316.0
2024-03-18 09:00:00+00:00,68656.0
2024-03-18 10:00:00+00:00,68455.0
2024-03-18 11:00:00+00:00,68165.0
2024-03-18 12:00:00+00:00,68035.0
2024-03-18 13:00:00+00:00,67815.0
2024-03-18 14:00:00+00:00,68077.0
2024-03-18 15:00:00+00:00,68207.0
2024-03-18 16:00:00+00:00,68488.0
2024-03-18 17:00:00+00:00,67505.0
2024-03-18 18:00:00+00:00,66952.0
2024-03-18 19:00:00+00:00,67456.0
2024-03-18 20:00:00+00:00,67117.0
2024-03-18 21:00:00+00:00,67374.0
2024-03-18 22:00:00+00:00,67000.0
2024-03-18 23:00:00+00:00,66950.0
2024-03-19 00:00:00+00:00,67370.0
2024-03-19 01:00:00+00:00,67615.0
2024-03-19 02:00:00+00:00,67704.0
2024-03-19 03:00:00+00:00,67613.0
2024-03-19 04:00:00+00:00,67093.0
2024-03-19 05:00:00+00:00,65862.0
2024-03-19 06:00:00+00:00,65870.0
2024-03-19 07:00:00+00:00,65879.0
2024-03-19 08:00:00+00:00,65354.0
2024-03-19 09:00:00+00:00,65182.0
2024-03-19 10:00:00+00:00,64888.0
2024-03-19 11:00:00+00:00,64663.0
2024-03-19 12:00:00+00:00,63399.0
2024-03-19 13:00:00+00:00,64154.0
2024-03-19 14:00:00+00:00,63226.0
2024-03-19 15:00:00+00:00,63016.0
2024-03-19 16:00:00+00:00,63570.0
2024-03-19 17:00:00+00:00,63542.0
2024-03-19 18:00:00+00:00,62820.0
2024-03-19 19:00:00+00:00,63987.0
2024-03-19 20:00:00+00:00,64963.0
2024-03-19 21:00:00+00:00,64843.0
2024-03-19 22:00:00+00:00,64701.0
2024-03-19 23:00:00+00:00,64395.0
2024-03-20 00:00:00+00:00,63755.0
2024-03-20 01:00:00+00:00,63954.0
2024-03-20 02:00:00+00:00,62584.0
2024-03-20 03:00:00+00:00,61897.0
2024-03-20 04:00:00+00:00,63182.0
2024-03-20 05:00:00+00:00,62317.0
2024-03-20 06:00:00+00:00,62825.0
2024-03-20 07:00:00+00:00,61730.0
2024-03-20 08:00:00+00:00,61627.0
2024-03-20 09:00:00+00:00,61528.0
2024-03-20 10:00:00+00:00,61712.0
2024-03-20 11:00:00+00:00,62963.0
2024-03-20 12:00:00+00:00,62686.0
2024-03-20 13:00:00+00:00,63197.0
2024-03-20 14:00:00+00:00,63014.0
2024-03-20 15:00:00+00:00,63359.0
2024-03-20 16:00:00+00:00,64031.0
2024-03-20 17:00:00+00:00,63575.0
2024-03-20 18:00:00+00:00,64234.0
2024-03-20 19:00:00+00:00,63602.0
2024-03-20 20:00:00+00:00,63118.0
2024-03-20 21:00:00+00:00,64114.0
2024-03-20 22:00:00+00:00,65402.0
2024-03-20 23:00:00+00:00,65792.0
2024-03-21 00:00:00+00:00,67082.0
2024-03-21 01:00:00+00:00,67721.0
2024-03-21 02:00:00+00:00,67706.0
2024-03-21 03:00:00+00:00,67872.0
2024-03-21 04:00:00+00:00,67666.0
2024-03-21 05:00:00+00:00,67806.0
2024-03-21 06:00:00+00:00,67533.0
2024-03-21 07:00:00+00:00,66643.0
2024-03-21 08:00:00+00:00,66731.0
2024-03-21 09:00:00+00:00,66977.0
2024-03-21 10:00:00+00:00,66996.0
2024-03-21 11:00:00+00:00,67005.0
2024-03-21 12:00:00+00:00,67297.0
2024-03-21 13:00:00+00:00,66836.0
2024-03-21 14:00:00+00:00,66974.0
2024-03-21 15:00:00+00:00,67047.0
2024-03-21 16:00:00+00:00,67237.0
2024-03-21 17:00:00+00:00,66750.0
2024-03-21 18:00:00+00:00,66863.0
2024-03-21 19:00:00+00:00,66525.0
2024-03-21 20:00:00+00:00,66785.0
2024-03-21 21:00:00+00:00,65706.0
2024-03-21 22:00:00+00:00,65120.0
2024-03-21 23:00:00+00:00,65264.0
2024-03-22 00:00:00+00:00,65470.0
2024-03-22 01:00:00+00:00,65621.0
2024-03-22 02:00:00+00:00,65386.0
2024-03-22 03:00:00+00:00,65485.0
2024-03-22 04:00:00+00:00,65789.0
2024-03-22 05:00:00+00:00,65241.0
2024-03-22 06:00:00+00:00,65635.0
2024-03-22 07:00:00+00:00,65964.0
2024-03-22 08:00:00+00:00,66147.0
2024-03-22 09:00:00+00:00,66431.0
2024-03-22 10:00:00+00:00,66452.0
2024-03-22 11:00:00+00:00,66170.0
2024-03-22 12:00:00+00:00,65838.0
2024-03-22 13:00:00+00:00,65492.0
2024-03-22 14:00:00+00:00,64671.0
2024-03-22 15:00:00+00:00,64233.0
2024-03-22 16:00:00+00:00,64272.0
2024-03-22 17:00:00+00:00,63069.0
2024-03-22 18:00:00+00:00,62724.0
2024-03-22 19:00:00+00:00,63869.0
2024-03-22 20:00:00+00:00,63271.0
2024-03-22 21:00:00+00:00,63572.0
2024-03-22 22:00:00+00:00,63738.0
2024-03-22 23:00:00+00:00,63883.0
2024-03-23 00:00:00+00:00,63521.0
2024-03-23 01:00:00+00:00,62989.0
2024-03-23 02:00:00+00:00,63038.0
2024-03-23 03:00:00+00:00,63807.0
2024-03-23 04:00:00+00:00,63586.0
2024-03-23 05:00:00+00:00,64108.0
2024-03-23 06:00:00+00:00,63877.0
2024-03-23 07:00:00+00:00,63577.0
2024-03-23 08:00:00+00:00,63881.0
2024-03-23 09:00:00+00:00,64085.0
2024-03-23 10:00:00+00:00,64173.0
2024-03-23 11:00:00+00:00,64579.0
2024-03-23 12:00:00+00:00,64513.0
2024-03-23 13:00:00+00:00,64465.0
2024-03-23 14:00:00+00:00,64323.0
2024-03-23 15:00:00+00:00,64634.0
2024-03-23 16:00:00+00:00,64704.0
2024-03-23 17:00:00+00:00,64601.0
2024-03-23 18:00:00+00:00,65267.0
2024-03-23 19:00:00+00:00,65108.0
2024-03-23 20:00:00+00:00,65668.0
2024-03-23 21:00:00+00:00,65662.0
2024-03-23 22:00:00+00:00,65386.0
2024-03-23 23:00:00+00:00,64893.0
2024-03-24 00:00:00+00:00,65019.0
2024-03-24 01:00:00+00:00,64951.0
2024-03-24 02:00:00+00:00,64756.0
2024-03-24 03:00:00+00:00,64001.0
2024-03-24 04:00:00+00:00,64536.0
2024-03-24 05:00:00+00:00,64490.0
2024-03-24 06:00:00+00:00,64287.0
2024-03-24 07:00:00+00:00,63982.0
2024-03-24 08:00:00+00:00,64216.0
2024-03-24 09:00:00+00:00,64317.0
2024-03-24 10:00:00+00:00,64241.0
2024-03-24 11:00:00+00:00,64586.0
2024-03-24 12:00:00+00:00,65257.0
2024-03-24 13:00:00+00:00,64892.0
2024-03-24 14:00:00+00:00,65102.0
2024-03-24 15:00:00+00:00,65340.0
2024-03-24 16:00:00+00:00,65659.0
2024-03-24 17:00:00+00:00,65349.0
2024-03-24 18:00:00+00:00,65630.0
2024-03-24 19:00:00+00:00,65659.0
2024-03-24 20:00:00+00:00,65238.0
2024-03-24 21:00:00+00:00,65340.0
2024-03-24 22:00:00+00:00,65804.0
2024-03-24 23:00:00+00:00,65846.0
2024-03-25 00:00:00+00:00,66149.0
2024-03-25 01:00:00+00:00,66544.0
2024-03-25 02:00:00+00:00,66962.0
2024-03-25 03:00:00+00:00,67188.0
2024-03-25 04:00:00+00:00,66573.0
2024-03-25 05:00:00+00:00,66546.0
2024-03-25 06:00:00+00:00,66720.0
2024-03-25 07:00:00+00:00,67338.0
2024-03-25 08:00:00+00:00,67503.0
2024-03-25 09:00:00+00:00,67391.0
2024-03-25 10:00:00+00:00,67173.0
2024-03-25 11:00:00+00:00,66852.0
2024-03-25 12:00:00+00:00,66958.0
2024-03-25 13:00:00+00:00,67087.0
2024-03-25 14:00:00+00:00,67023.0
2024-03-25 15:00:00+00:00,66836.0
2024-03-25 16:00:00+00:00,67109.0
2024-03-25 17:00:00+00:00,68041.0
2024-03-25 18:00:00+00:00,69384.0
2024-03-25 19:00:00+00:00,69821.0
2024-03-25 20:00:00+00:00,70179.0
2024-03-25 21:00:00+00:00,70587.0
2024-03-25 22:00:00+00:00,70904.0
2024-03-25 23:00:00+00:00,71043.0
2024-03-26 00:00:00+00:00,70977.0
2024-03-26 01:00:00+00:00,69865.0
2024-03-26 02:00:00+00:00,70311.0
2024-03-26 03:00:00+00:00,69898.0
2024-03-26 04:00:00+00:00,69910.0
2024-03-26 05:00:00+00:00,70293.0
2024-03-26 06:00:00+00:00,70498.0
2024-03-26 07:00:00+00:00,70471.0
2024-03-26 08:00:00+00:00,70630.0
2024-03-26 09:00:00+00:00,70325.0
2024-03-26 10:00:00+00:00,70639.0
2024-03-26 11:00:00+00:00,70512.0
2024-03-26 12:00:00+00:00,70720.0
2024-03-26 13:00:00+00:00,71168.0
2024-03-26 14:00:00+00:00,70918.0
2024-03-26 15:00:00+00:00,70700.0
2024-03-26 16:00:00+00:00,71107.0
2024-03-26 17:00:00+00:00,70404.0
2024-03-26 18:00:00+00:00,70311.0
2024-03-26 19:00:00+00:00,70279.0
2024-03-26 20:00:00+00:00,69779.0
2024-03-26 21:00:00+00:00,70066.0
2024-03-26 22:00:00+00:00,69971.0
2024-03-26 23:00:00+00:00,69456.0
2024-03-27 00:00:00+00:00,69829.0
2024-03-27 01:00:00+00:00,70012.0
2024-03-27 02:00:00+00:00,70248.0
2024-03-27 03:00:00+00:00,69997.0
2024-03-27 04:00:00+00:00,70612.0
2024-03-27 05:00:00+00:00,70327.0
2024-03-27 06:00:00+00:00,70579.0
2024-03-27 07:00:00+00:00,70381.0
2024-03-27 08:00:00+00:00,70173.0
2024-03-27 09:00:00+00:00,70461.0
2024-03-27 10:00:00+00:00,70307.0
2024-03-27 11:00:00+00:00,69741.0
2024-03-27 12:00:00+00:00,69554.0
2024-03-27 13:00:00+00:00,70054.0
2024-03-27 14:00:00+00:00,70117.0
2024-03-27 15:00:00+00:00,70213.0
2024-03-27 16:00:00+00:00,70171.0
2024-03-27 17:00:00+00:00,69886.0
2024-03-27 18:00:00+00:00,70025.0
2024-03-27 19:00:00+00:00,68850.0
2024-03-27 20:00:00+00:00,69231.0
2024-03-27 21:00:00+00:00,68670.0
2024-03-27 22:00:00+00:00,68437.0
2024-03-27 23:00:00+00:00,68595.0
2024-03-28 00:00:00+00:00,68876.0
2024-03-28 01:00:00+00:00,68916.0
2024-03-28 02:00:00+00:00,69419.0
2024-03-28 03:00:00+00:00,69421.0
2024-03-28 04:00:00+00:00,69641.0
2024-03-28 05:00:00+00:00,69409.0
2024-03-28 06:00:00+00:00,69082.0
2024-03-28 07:00:00+00:00,69281.0
2024-03-28 08:00:00+00:00,69675.0
2024-03-28 09:00:00+00:00,69690.0
2024-03-28 10:00:00+00:00,70340.0
2024-03-28 11:00:00+00:00,70387.0
2024-03-28 12:00:00+00:00,70539.0
2024-03-28 13:00:00+00:00,70554.0
2024-03-28 14:00:00+00:00,70783.0
2024-03-28 15:00:00+00:00,70605.0
2024-03-28 16:00:00+00:00,70801.0
2024-03-28 17:00:00+00:00,70870.0
2024-03-28 18:00:00+00:00,71587.0
2024-03-28 19:00:00+00:00,71296.0
2024-03-28 20:00:00+00:00,70689.0
2024-03-28 21:00:00+00:00,70792.0
2024-03-28 22:00:00+00:00,70543.0
2024-03-28 23:00:00+00:00,70847.0
2024-03-29 00:00:00+00:00,70699.0
2024-03-29 01:00:00+00:00,70843.0
2024-03-29 02:00:00+00:00,70872.0
2024-03-29 03:00:00+00:00,70803.0
2024-03-29 04:00:00+00:00,70752.0
2024-03-29 05:00:00+00:00,70807.0
2024-03-29 06:00:00+00:00,70640.0
2024-03-29 07:00:00+00:00,70462.0
2024-03-29 08:00:00+00:00,70374.0
2024-03-29 09:00:00+00:00,70209.0
2024-03-29 10:00:00+00:00,70437.0
2024-03-29 11:00:00+00:00,69800.0
2024-03-29 12:00:00+00:00,69946.0
2024-03-29 13:00:00+00:00,69749.0
2024-03-29 14:00:00+00:00,69909.0
2024-03-29 15:00:00+00:00,70167.0
2024-03-29 16:00:00+00:00,70154.0
2024-03-29 17:00:00+00:00,70426.0
2024-03-29 18:00:00+00:00,70101.0
2024-03-29 19:00:00+00:00,69186.0
2024-03-29 20:00:00+00:00,69194.0
2024-03-29 21:00:00+00:00,69451.0
2024-03-29 22:00:00+00:00,69547.0
2024-03-29 23:00:00+00:00,69706.0
2024-03-30 00:00:00+00:00,69653.0
2024-03-30 01:00:00+00:00,69467.0
2024-03-30 02:00:00+00:00,69848.0
2024-03-30 03:00:00+00:00,69903.0
2024-03-30 04:00:00+00:00,69991.0
2024-03-30 05:00:00+00:00,70025.0
2024-03-30 06:00:00+00:00,69992.0
2024-03-30 07:00:00+00:00,69829.0
2024-03-30 08:00:00+00:00,70107.0
2024-03-30 09:00:00+00:00,70057.0
2024-03-30 10:00:00+00:00,70010.0
2024-03-30 11:00:00+00:00,69898.0
2024-03-30 12:00:00+00:00,70003.0
2024-03-30 13:00:00+00:00,70052.0
2024-03-30 14:00:00+00:00,70056.0
2024-03-30 15:00:00+00:00,70218.0
2024-03-30 16:00:00+00:00,70256.0
2024-03-30 17:00:00+00:00,70200.0
2024-03-30 18:00:00+00:00,70093.0
2024-03-30 19:00:00+00:00,70055.0
2024-03-30 20:00:00+00:00,70233.0
2024-03-30 21:00:00+00:00,70088.0
2024-03-30 22:00:00+00:00,70006.0
2024-03-30 23:00:00+00:00,69946.0
2024-03-31 00:00:00+00:00,69867.0
2024-03-31 01:00:00+00:00,69758.0
2024-03-31 02:00:00+00:00,69753.0
2024-03-31 03:00:00+00:00,69613.0
2024-03-31 04:00:00+00:00,69896.0
2024-03-31 05:00:00+00:00,70069.0
2024-03-31 06:00:00+00:00,69985.0
2024-03-31 07:00:00+00:00,69939.0
2024-03-31 08:00:00+00:00,70115.0
2024-03-31 09:00:00+00:00,70355.0
2024-03-31 10:00:00+00:00,70238.0
2024-03-31 11:00:00+00:00,70292.0
2024-03-31 12:00:00+00:00,70275.0
2024-03-31 13:00:00+00:00,70240.0
2024-03-31 14:00:00+00:00,70273.0
2024-03-31 15:00:00+00:00,70379.0
2024-03-31 16:00:00+00:00,70523.0
2024-03-31 17:00:00+00:00,70609.0
2024-03-31 18:00:00+00:00,70558.0
2024-03-31 19:00:00+00:00,70395.0
2024-03-31 20:00:00+00:00,70474.0
2024-03-31 21:00:00+00:00,70517.0
2024-03-31 22:00:00+00:00,70881.0
2024-03-31 23:00:00+00:00,71034.0
2024-04-01 00:00:00+00:00,70851.0
2024-04-01 01:00:00+00:00,70860.0
2024-04-01 02:00:00+00:00,70979.0
2024-04-01 03:00:00+00:00,71285.0
2024-04-01 04:00:00+00:00,71182.0
2024-04-01 05:00:00+00:00,70848.0
2024-04-01 06:00:00+00:00,70878.0
2024-04-01 07:00:00+00:00,70619.0
2024-04-01 08:00:00+00:00,70446.0
2024-04-01 09:00:00+00:00,69156.0
2024-04-01 10:00:00+00:00,69641.0
2024-04-01 11:00:00+00:00,69625.0
2024-04-01 12:00:00+00:00,69436.0
2024-04-01 13:00:00+00:00,69456.0
2024-04-01 14:00:00+00:00,69581.0
2024-04-01 15:00:00+00:00,69478.0
2024-04-01 16:00:00+00:00,69843.0
2024-04-01 17:00:00+00:00,69882.0
2024-04-01 18:00:00+00:00,68903.0
2024-04-01 19:00:00+00:00,68231.0
2024-04-01 20:00:00+00:00,68590.0
2024-04-01 21:00:00+00:00,68742.0
2024-04-01 22:00:00+00:00,68930.0
2024-04-01 23:00:00+00:00,69713.0
2024-04-02 00:00:00+00:00,69764.0
2024-04-02 01:00:00+00:00,69617.0
2024-04-02 02:00:00+00:00,69740.0
2024-04-02 03:00:00+00:00,69699.0
2024-04-02 04:00:00+00:00,69384.0
2024-04-02 05:00:00+00:00,69434.0
2024-04-02 06:00:00+00:00,67139.0
2024-04-02 07:00:00+00:00,66756.0
2024-04-02 08:00:00+00:00,66672.0
2024-04-02 09:00:00+00:00,66814.0
2024-04-02 10:00:00+00:00,66925.0
2024-04-02 11:00:00+00:00,66528.0
2024-04-02 12:00:00+00:00,66278.0
2024-04-02 13:00:00+00:00,66107.0
2024-04-02 14:00:00+00:00,66001.0
2024-04-02 15:00:00+00:00,65623.0
2024-04-02 16:00:00+00:00,65338.0
2024-04-02 17:00:00+00:00,65217.0
2024-04-02 18:00:00+00:00,65719.0
2024-04-02 19:00:00+00:00,64900.0
2024-04-02 20:00:00+00:00,65561.0
2024-04-02 21:00:00+00:00,65633.0
2024-04-02 22:00:00+00:00,65837.0
2024-04-02 23:00:00+00:00,66000.0
2024-04-03 00:00:00+00:00,65708.0
2024-04-03 01:00:00+00:00,65719.0
2024-04-03 02:00:00+00:00,65842.0
2024-04-03 03:00:00+00:00,65469.0
2024-04-03 04:00:00+00:00,65408.0
2024-04-03 05:00:00+00:00,65827.0
2024-04-03 06:00:00+00:00,65946.0
2024-04-03 07:00:00+00:00,66243.0
2024-04-03 08:00:00+00:00,66356.0
2024-04-03 09:00:00+00:00,66118.0
2024-04-03 10:00:00+00:00,66395.0
2024-04-03 11:00:00+00:00,66188.0
2024-04-03 12:00:00+00:00,66555.0
2024-04-03 13:00:00+00:00,66515.0
2024-04-03 14:00:00+00:00,66233.0
2024-04-03 15:00:00+00:00,66099.0
2024-04-03 16:00:00+00:00,65939.0
2024-04-03 17:00:00+00:00,65833.0
2024-04-03 18:00:00+00:00,66677.0
2024-04-03 19:00:00+00:00,65839.0
2024-04-03 20:00:00+00:00,66217.0
2024-04-03 21:00:00+00:00,65998.0
2024-04-03 22:00:00+00:00,66037.0
2024-04-03 23:00:00+00:00,65816.0
2024-04-04 00:00:00+00:00,65747.0
2024-04-04 01:00:00+00:00,65943.0
2024-04-04 02:00:00+00:00,66169.0
2024-04-04 03:00:00+00:00,65988.0
2024-04-04 04:00:00+00:00,66319.0
2024-04-04 05:00:00+00:00,66183.0
2024-04-04 06:00:00+00:00,65779.0
2024-04-04 07:00:00+00:00,65651.0
2024-04-04 08:00:00+00:00,65474.0
2024-04-04 09:00:00+00:00,65599.0
2024-04-04 10:00:00+00:00,65780.0
2024-04-04 11:00:00+00:00,66076.0
2024-04-04 12:00:00+00:00,66229.0
2024-04-04 13:00:00+00:00,66266.0
2024-04-04 14:00:00+00:00,66284.0
2024-04-04 15:00:00+00:00,66356.0
2024-04-04 16:00:00+00:00,66712.0
2024-04-04 17:00:00+00:00,67273.0
2024-04-04 18:00:00+00:00,67733.0
2024-04-04 19:00:00+00:00,67655.0
2024-04-04 20:00:00+00:00,67849.0
2024-04-04 21:00:00+00:00,68848.0
2024-04-04 22:00:00+00:00,68621.0
2024-04-04 23:00:00+00:00,68498.0
2024-04-05 00:00:00+00:00,67953.0
2024-04-05 01:00:00+00:00,67819.0
2024-04-05 02:00:00+00:00,67952.0
2024-04-05 03:00:00+00:00,68538.0
2024-04-05 04:00:00+00:00,68653.0
2024-04-05 05:00:00+00:00,68209.0
2024-04-05 06:00:00+00:00,67630.0
2024-04-05 07:00:00+00:00,67882.0
2024-04-05 08:00:00+00:00,67663.0
2024-04-05 09:00:00+00:00,66907.0
2024-04-05 10:00:00+00:00,67159.0
2024-04-05 11:00:00+00:00,66930.0
2024-04-05 12:00:00+00:00,67136.0
2024-04-05 13:00:00+00:00,66814.0
2024-04-05 14:00:00+00:00,67047.0
2024-04-05 15:00:00+00:00,66498.0
2024-04-05 16:00:00+00:00,66913.0
2024-04-05 17:00:00+00:00,67546.0
2024-04-05 18:00:00+00:00,68183.0
2024-04-05 19:00:00+00:00,68250.0
2024-04-05 20:00:00+00:00,68004.0
2024-04-05 21:00:00+00:00,67464.0
2024-04-05 22:00:00+00:00,67644.0
2024-04-05 23:00:00+00:00,67422.0
2024-04-06 00:00:00+00:00,67663.0
2024-04-06 01:00:00+00:00,67571.0
2024-04-06 02:00:00+00:00,67654.0
2024-04-06 03:00:00+00:00,67857.0
2024-04-06 04:00:00+00:00,67934.0
2024-04-06 05:00:00+00:00,67728.0
2024-04-06 06:00:00+00:00,67617.0
2024-04-06 07:00:00+00:00,67828.0
2024-04-06 08:00:00+00:00,67778.0
2024-04-06 09:00:00+00:00,68058.0
2024-04-06 10:00:00+00:00,68143.0
2024-04-06 11:00:00+00:00,68026.0
2024-04-06 12:00:00+00:00,68035.0
2024-04-06 13:00:00+00:00,67829.0
2024-04-06 14:00:00+00:00,67864.0
2024-04-06 15:00:00+00:00,67679.0
2024-04-06 16:00:00+00:00,67769.0
2024-04-06 17:00:00+00:00,67728.0
2024-04-06 18:00:00+00:00,68016.0
2024-04-06 19:00:00+00:00,68125.0
2024-04-06 20:00:00+00:00,68161.0
2024-04-06 21:00:00+00:00,68314.0
2024-04-06 22:00:00+00:00,68328.0
2024-04-06 23:00:00+00:00,68280.0
2024-04-07 00:00:00+00:00,68412.0
2024-04-07 01:00:00+00:00,68331.0
2024-04-07 02:00:00+00:00,69070.0
2024-04-07 03:00:00+00:00,68917.0
2024-04-07 04:00:00+00:00,69032.0
2024-04-07 05:00:00+00:00,69570.0
2024-04-07 06:00:00+00:00,69338.0
2024-04-07 07:00:00+00:00,69441.0
2024-04-07 08:00:00+00:00,69342.0
2024-04-07 09:00:00+00:00,69421.0
2024-04-07 10:00:00+00:00,69262.0
2024-04-07 11:00:00+00:00,69390.0
2024-04-07 12:00:00+00:00,69411.0
2024-04-07 13:00:00+00:00,69318.0
2024-04-07 14:00:00+00:00,69348.0
2024-04-07 15:00:00+00:00,69374.0
2024-04-07 16:00:00+00:00,69366.0
2024-04-07 17:00:00+00:00,69372.0
2024-04-07 18:00:00+00:00,69587.0
2024-04-07 19:00:00+00:00,69568.0
2024-04-07 20:00:00+00:00,70069.0
2024-04-07 21:00:00+00:00,69809.0
2024-04-07 22:00:00+00:00,69409.0
2024-04-07 23:00:00+00:00,69079.0
2024-04-08 00:00:00+00:00,69322.0
2024-04-08 01:00:00+00:00,69046.0
2024-04-08 02:00:00+00:00,69214.0
2024-04-08 03:00:00+00:00,69358.0
2024-04-08 04:00:00+00:00,69340.0
2024-04-08 05:00:00+00:00,69444.0
2024-04-08 06:00:00+00:00,69225.0
2024-04-08 07:00:00+00:00,69457.0
2024-04-08 08:00:00+00:00,69395.0
2024-04-08 09:00:00+00:00,69719.0
2024-04-08 10:00:00+00:00,69803.0
2024-04-08 11:00:00+00:00,70702.0
2024-04-08 12:00:00+00:00,71948.0
2024-04-08 13:00:00+00:00,72165.0
2024-04-08 14:00:00+00:00,72302.0
2024-04-08 15:00:00+00:00,72370.0
2024-04-08 16:00:00+00:00,72154.0
2024-04-08 17:00:00+00:00,71939.0
2024-04-08 18:00:00+00:00,71708.0
2024-04-08 19:00:00+00:00,71781.0
2024-04-08 20:00:00+00:00,71749.0
2024-04-08 21:00:00+00:00,71709.0
2024-04-08 22:00:00+00:00,71929.0
2024-04-08 23:00:00+00:00,71738.0
2024-04-09 00:00:00+00:00,71706.0
2024-04-09 01:00:00+00:00,71685.0
2024-04-09 02:00:00+00:00,71913.0
2024-04-09 03:00:00+00:00,71613.0
2024-04-09 04:00:00+00:00,71422.0
2024-04-09 05:00:00+00:00,71286.0
2024-04-09 06:00:00+00:00,71471.0
2024-04-09 07:00:00+00:00,71277.0
2024-04-09 08:00:00+00:00,71203.0
2024-04-09 09:00:00+00:00,71058.0
2024-04-09 10:00:00+00:00,70772.0
2024-04-09 11:00:00+00:00,70394.0
2024-04-09 12:00:00+00:00,70506.0
2024-04-09 13:00:00+00:00,70439.0
2024-04-09 14:00:00+00:00,70580.0
2024-04-09 15:00:00+00:00,70792.0
2024-04-09 16:00:00+00:00,70681.0
2024-04-09 17:00:00+00:00,69949.0
2024-04-09 18:00:00+00:00,69330.0
2024-04-09 19:00:00+00:00,69239.0
2024-04-09 20:00:00+00:00,68579.0
2024-04-09 21:00:00+00:00,68790.0
2024-04-09 22:00:00+00:00,68857.0
2024-04-09 23:00:00+00:00,69001.0
2024-04-10 00:00:00+00:00,69129.0
2024-04-10 01:00:00+00:00,69186.0
2024-04-10 02:00:00+00:00,69303.0
2024-04-10 03:00:00+00:00,69135.0
2024-04-10 04:00:00+00:00,69122.0
2024-04-10 05:00:00+00:00,69246.0
2024-04-10 06:00:00+00:00,68646.0
2024-04-10 07:00:00+00:00,69145.0
2024-04-10 08:00:00+00:00,69123.0
2024-04-10 09:00:00+00:00,69241.0
2024-04-10 10:00:00+00:00,69363.0
2024-04-10 11:00:00+00:00,69328.0
2024-04-10 12:00:00+00:00,68983.0
2024-04-10 13:00:00+00:00,69129.0
2024-04-10 14:00:00+00:00,68935.0
2024-04-10 15:00:00+00:00,69045.0
2024-04-10 16:00:00+00:00,67932.0
2024-04-10 17:00:00+00:00,68221.0
2024-04-10 18:00:00+00:00,68695.0
2024-04-10 19:00:00+00:00,68663.0
2024-04-10 20:00:00+00:00,69517.0
2024-04-10 21:00:00+00:00,69324.0
2024-04-10 22:00:00+00:00,69312.0
2024-04-10 23:00:00+00:00,70075.0
2024-04-11 00:00:00+00:00,69818.0
2024-04-11 01:00:00+00:00,70026.0
2024-04-11 02:00:00+00:00,70540.0
2024-04-11 03:00:00+00:00,70630.0
2024-04-11 04:00:00+00:00,70511.0
2024-04-11 05:00:00+00:00,70564.0
2024-04-11 06:00:00+00:00,70998.0
2024-04-11 07:00:00+00:00,70841.0
2024-04-11 08:00:00+00:00,70616.0
2024-04-11 09:00:00+00:00,70592.0
2024-04-11 10:00:00+00:00,70708.0
2024-04-11 11:00:00+00:00,70742.0
2024-04-11 12:00:00+00:00,71051.0
2024-04-11 13:00:00+00:00,70613.0
2024-04-11 14:00:00+00:00,70431.0
2024-04-11 15:00:00+00:00,70007.0
2024-04-11 16:00:00+00:00,70864.0
2024-04-11 17:00:00+00:00,70278.0
2024-04-11 18:00:00+00:00,69580.0
2024-04-11 19:00:00+00:00,69993.0
2024-04-11 20:00:00+00:00,70006.0
2024-04-11 21:00:00+00:00,70208.0
2024-04-11 22:00:00+00:00,70099.0
2024-04-11 23:00:00+00:00,70489.0
2024-04-12 00:00:00+00:00,70502.0
2024-04-12 01:00:00+00:00,70140.0
2024-04-12 02:00:00+00:00,70173.0
2024-04-12 03:00:00+00:00,70015.0
2024-04-12 04:00:00+00:00,70307.0
2024-04-12 05:00:00+00:00,70285.0
2024-04-12 06:00:00+00:00,70656.0
2024-04-12 07:00:00+00:00,71010.0
2024-04-12 08:00:00+00:00,71131.0
2024-04-12 09:00:00+00:00,70972.0
2024-04-12 10:00:00+00:00,70866.0
2024-04-12 11:00:00+00:00,70768.0
2024-04-12 12:00:00+00:00,70781.0
2024-04-12 13:00:00+00:00,70641.0
2024-04-12 14:00:00+00:00,70768.0
2024-04-12 15:00:00+00:00,70882.0
2024-04-12 16:00:00+00:00,70526.0
2024-04-12 17:00:00+00:00,69887.0
2024-04-12 18:00:00+00:00,69210.0
2024-04-12 19:00:00+00:00,69316.0
2024-04-12 20:00:00+00:00,68782.0
2024-04-12 21:00:00+00:00,68127.0
2024-04-12 22:00:00+00:00,66500.0
2024-04-12 23:00:00+00:00,66856.0
2024-04-13 00:00:00+00:00,67115.0
2024-04-13 01:00:00+00:00,66985.0
2024-04-13 02:00:00+00:00,67092.0
2024-04-13 03:00:00+00:00,67150.0
2024-04-13 04:00:00+00:00,66952.0
2024-04-13 05:00:00+00:00,65893.0
2024-04-13 06:00:00+00:00,66561.0
2024-04-13 07:00:00+00:00,67168.0
2024-04-13 08:00:00+00:00,67611.0
2024-04-13 09:00:00+00:00,67364.0
2024-04-13 10:00:00+00:00,67514.0
2024-04-13 11:00:00+00:00,67458.0
2024-04-13 12:00:00+00:00,67214.0
2024-04-13 13:00:00+00:00,67426.0
2024-04-13 14:00:00+00:00,67468.0
2024-04-13 15:00:00+00:00,67368.0
2024-04-13 16:00:00+00:00,67531.0
2024-04-13 17:00:00+00:00,67574.0
2024-04-13 18:00:00+00:00,67587.0
2024-04-13 19:00:00+00:00,67708.0
2024-04-13 20:00:00+00:00,67442.0
2024-04-13 21:00:00+00:00,66772.0
2024-04-13 22:00:00+00:00,67192.0
2024-04-13 23:00:00+00:00,64886.0
2024-04-14 00:00:00+00:00,61997.0
2024-04-14 01:00:00+00:00,62954.0
2024-04-14 02:00:00+00:00,64397.0
2024-04-14 03:00:00+00:00,64054.0
2024-04-14 04:00:00+00:00,63755.0
2024-04-14 05:00:00+00:00,63813.0
2024-04-14 06:00:00+00:00,63122.0
2024-04-14 07:00:00+00:00,63466.0
2024-04-14 08:00:00+00:00,63987.0
2024-04-14 09:00:00+00:00,64420.0
2024-04-14 10:00:00+00:00,64707.0
2024-04-14 11:00:00+00:00,64516.0
2024-04-14 12:00:00+00:00,64601.0
2024-04-14 13:00:00+00:00,64176.0
2024-04-14 14:00:00+00:00,64487.0
2024-04-14 15:00:00+00:00,64215.0
2024-04-14 16:00:00+00:00,64545.0
2024-04-14 17:00:00+00:00,64419.0
2024-04-14 18:00:00+00:00,63959.0
2024-04-14 19:00:00+00:00,64212.0
2024-04-14 20:00:00+00:00,64423.0
2024-04-14 21:00:00+00:00,63922.0
2024-04-14 22:00:00+00:00,64421.0
2024-04-14 23:00:00+00:00,64206.0
2024-04-15 00:00:00+00:00,63865.0
2024-04-15 01:00:00+00:00,63737.0
2024-04-15 02:00:00+00:00,65359.0
2024-04-15 03:00:00+00:00,65749.0
2024-04-15 04:00:00+00:00,65573.0
2024-04-15 05:00:00+00:00,65347.0
2024-04-15 06:00:00+00:00,65186.0
2024-04-15 07:00:00+00:00,65210.0
2024-04-15 08:00:00+00:00,64953.0
2024-04-15 09:00:00+00:00,65517.0
2024-04-15 10:00:00+00:00,66547.0
2024-04-15 11:00:00+00:00,66341.0
2024-04-15 12:00:00+00:00,66352.0
2024-04-15 13:00:00+00:00,66639.0
2024-04-15 14:00:00+00:00,66559.0
2024-04-15 15:00:00+00:00,65934.0
2024-04-15 16:00:00+00:00,66103.0
2024-04-15 17:00:00+00:00,65962.0
2024-04-15 18:00:00+00:00,64279.0
2024-04-15 19:00:00+00:00,64617.0
2024-04-15 20:00:00+00:00,64180.0
2024-04-15 21:00:00+00:00,63927.0
2024-04-15 22:00:00+00:00,63200.0
2024-04-15 23:00:00+00:00,63349.0
2024-04-16 00:00:00+00:00,63150.0
2024-04-16 01:00:00+00:00,63274.0
2024-04-16 02:00:00+00:00,63466.0
2024-04-16 03:00:00+00:00,63438.0
2024-04-16 04:00:00+00:00,63279.0
2024-04-16 05:00:00+00:00,63192.0
2024-04-16 06:00:00+00:00,63445.0
2024-04-16 07:00:00+00:00,63003.0
2024-04-16 08:00:00+00:00,62518.0
2024-04-16 09:00:00+00:00,62745.0
2024-04-16 10:00:00+00:00,63235.0
2024-04-16 11:00:00+00:00,63534.0
2024-04-16 12:00:00+00:00,63316.0
2024-04-16 13:00:00+00:00,63275.0
2024-04-16 14:00:00+00:00,62610.0
2024-04-16 15:00:00+00:00,63105.0
2024-04-16 16:00:00+00:00,63074.0
2024-04-16 17:00:00+00:00,62743.0
2024-04-16 18:00:00+00:00,62111.0
2024-04-16 19:00:00+00:00,61794.0
2024-04-16 20:00:00+00:00,62732.0
2024-04-16 21:00:00+00:00,62537.0
2024-04-16 22:00:00+00:00,63013.0
2024-04-16 23:00:00+00:00,62735.0
2024-04-17 00:00:00+00:00,63047.0
2024-04-17 01:00:00+00:00,64034.0
2024-04-17 02:00:00+00:00,63816.0
2024-04-17 03:00:00+00:00,63830.0
2024-04-17 04:00:00+00:00,64059.0
2024-04-17 05:00:00+00:00,64040.0
2024-04-17 06:00:00+00:00,63861.0
2024-04-17 07:00:00+00:00,63859.0
2024-04-17 08:00:00+00:00,64119.0
2024-04-17 09:00:00+00:00,63943.0
2024-04-17 10:00:00+00:00,63921.0
2024-04-17 11:00:00+00:00,63332.0
2024-04-17 12:00:00+00:00,63360.0
2024-04-17 13:00:00+00:00,63342.0
2024-04-17 14:00:00+00:00,62954.0
2024-04-17 15:00:00+00:00,62620.0
2024-04-17 16:00:00+00:00,62337.0
2024-04-17 17:00:00+00:00,62665.0
2024-04-17 18:00:00+00:00,61280.0
2024-04-17 19:00:00+00:00,60291.0
2024-04-17 20:00:00+00:00,60211.0
2024-04-17 21:00:00+00:00,61271.0
2024-04-17 22:00:00+00:00,61447.0
2024-04-17 23:00:00+00:00,61004.0
2024-04-18 00:00:00+00:00,60829.0
2024-04-18 01:00:00+00:00,61304.0
2024-04-18 02:00:00+00:00,61686.0
2024-04-18 03:00:00+00:00,61278.0
2024-04-18 04:00:00+00:00,61506.0
2024-04-18 05:00:00+00:00,61639.0
2024-04-18 06:00:00+00:00,61670.0
2024-04-18 07:00:00+00:00,62001.0
2024-04-18 08:00:00+00:00,61645.0
2024-04-18 09:00:00+00:00,61091.0
2024-04-18 10:00:00+00:00,61141.0
2024-04-18 11:00:00+00:00,61191.0
2024-04-18 12:00:00+00:00,61360.0
2024-04-18 13:00:00+00:00,61632.0
2024-04-18 14:00:00+00:00,61835.0
2024-04-18 15:00:00+00:00,62623.0
2024-04-18 16:00:00+00:00,62234.0
2024-04-18 17:00:00+00:00,62838.0
2024-04-18 18:00:00+00:00,63880.0
2024-04-18 19:00:00+00:00,63537.0
2024-04-18 20:00:00+00:00,63563.0
2024-04-18 21:00:00+00:00,62853.0
2024-04-18 22:00:00+00:00,63144.0
2024-04-18 23:00:00+00:00,63554.0
2024-04-19 00:00:00+00:00,63522.0
2024-04-19 01:00:00+00:00,63572.0
2024-04-19 02:00:00+00:00,63555.0
2024-04-19 03:00:00+00:00,63515.0
2024-04-19 04:00:00+00:00,62738.0
2024-04-19 05:00:00+00:00,61028.0
2024-04-19 06:00:00+00:00,61350.0
2024-04-19 07:00:00+00:00,61792.0
2024-04-19 08:00:00+00:00,62441.0
2024-04-19 09:00:00+00:00,62098.0
2024-04-19 10:00:00+00:00,64556.0
2024-04-19 11:00:00+00:00,64574.0
2024-04-19 12:00:00+00:00,64665.0
2024-04-19 13:00:00+00:00,64838.0
2024-04-19 14:00:00+00:00,64778.0
2024-04-19 15:00:00+00:00,64927.0
2024-04-19 16:00:00+00:00,65039.0
2024-04-19 17:00:00+00:00,64949.0
2024-04-19 18:00:00+00:00,64482.0
2024-04-19 19:00:00+00:00,64447.0
2024-04-19 20:00:00+00:00,63994.0
2024-04-19 21:00:00+00:00,64670.0
2024-04-19 22:00:00+00:00,64211.0
2024-04-19 23:00:00+00:00,64340.0
2024-04-20 00:00:00+00:00,64054.0
2024-04-20 01:00:00+00:00,64387.0
2024-04-20 02:00:00+00:00,64032.0
2024-04-20 03:00:00+00:00,63821.0
2024-04-20 04:00:00+00:00,63507.0
2024-04-20 05:00:00+00:00,63684.0
2024-04-20 06:00:00+00:00,63861.0
2024-04-20 07:00:00+00:00,64007.0
2024-04-20 08:00:00+00:00,64197.0
2024-04-20 09:00:00+00:00,64200.0
2024-04-20 10:00:00+00:00,64080.0
2024-04-20 11:00:00+00:00,63987.0
2024-04-20 12:00:00+00:00,63744.0
2024-04-20 13:00:00+00:00,63642.0
2024-04-20 14:00:00+00:00,63592.0
2024-04-20 15:00:00+00:00,63731.0
2024-04-20 16:00:00+00:00,63840.0
2024-04-20 17:00:00+00:00,63896.0
2024-04-20 18:00:00+00:00,63957.0
2024-04-20 19:00:00+00:00,64824.0
2024-04-20 20:00:00+00:00,64760.0
2024-04-20 21:00:00+00:00,65218.0
2024-04-20 22:00:00+00:00,64989.0
2024-04-20 23:00:00+00:00,64895.0
2024-04-21 00:00:00+00:00,64763.0
2024-04-21 01:00:00+00:00,64758.0
2024-04-21 02:00:00+00:00,64674.0
2024-04-21 03:00:00+00:00,64990.0
2024-04-21 04:00:00+00:00,64793.0
2024-04-21 05:00:00+00:00,64972.0
2024-04-21 06:00:00+00:00,65328.0
2024-04-21 07:00:00+00:00,65219.0
2024-04-21 08:00:00+00:00,65081.0
2024-04-21 09:00:00+00:00,65065.0
2024-04-21 10:00:00+00:00,65089.0
2024-04-21 11:00:00+00:00,65153.0
2024-04-21 12:00:00+00:00,65005.0
2024-04-21 13:00:00+00:00,64927.0
2024-04-21 14:00:00+00:00,64982.0
2024-04-21 15:00:00+00:00,65263.0
2024-04-21 16:00:00+00:00,65046.0
2024-04-21 17:00:00+00:00,64898.0
2024-04-21 18:00:00+00:00,64901.0
2024-04-21 19:00:00+00:00,65050.0
2024-04-21 20:00:00+00:00,64580.0
2024-04-21 21:00:00+00:00,64851.0
2024-04-21 22:00:00+00:00,64780.0
2024-04-21 23:00:00+00:00,64554.0
2024-04-22 00:00:00+00:00,64655.0
2024-04-22 01:00:00+00:00,64678.0
2024-04-22 02:00:00+00:00,65045.0
2024-04-22 03:00:00+00:00,64950.0
2024-04-22 04:00:00+00:00,64919.0
2024-04-22 05:00:00+00:00,64700.0
2024-04-22 06:00:00+00:00,64809.0
2024-04-22 07:00:00+00:00,65726.0
2024-04-22 08:00:00+00:00,65766.0
2024-04-22 09:00:00+00:00,66428.0
2024-04-22 10:00:00+00:00,66369.0
2024-04-22 11:00:00+00:00,66027.0
2024-04-22 12:00:00+00:00,65998.0
2024-04-22 13:00:00+00:00,65964.0
2024-04-22 14:00:00+00:00,66087.0
2024-04-22 15:00:00+00:00,65911.0
2024-04-22 16:00:00+00:00,66010.0
2024-04-22 17:00:00+00:00,66189.0
2024-04-22 18:00:00+00:00,66074.0
2024-04-22 19:00:00+00:00,66027.0
2024-04-22 20:00:00+00:00,66199.0
2024-04-22 21:00:00+00:00,66584.0
2024-04-22 22:00:00+00:00,66359.0
2024-04-22 23:00:00+00:00,66555.0
2024-04-23 00:00:00+00:00,66543.0
2024-04-23 01:00:00+00:00,66540.0
2024-04-23 02:00:00+00:00,67052.0
2024-04-23 03:00:00+00:00,66855.0
2024-04-23 04:00:00+00:00,67056.0
2024-04-23 05:00:00+00:00,66824.0
2024-04-23 06:00:00+00:00,66656.0
2024-04-23 07:00:00+00:00,66485.0
2024-04-23 08:00:00+00:00,66293.0
2024-04-23 09:00:00+00:00,66542.0
2024-04-23 10:00:00+00:00,66417.0
2024-04-23 11:00:00+00:00,66132.0
2024-04-23 12:00:00+00:00,66242.0
2024-04-23 13:00:00+00:00,66086.0
2024-04-23 14:00:00+00:00,66227.0
2024-04-23 15:00:00+00:00,66064.0
2024-04-23 16:00:00+00:00,66137.0
2024-04-23 17:00:00+00:00,66544.0
2024-04-23 18:00:00+00:00,66947.0
2024-04-23 19:00:00+00:00,66393.0
2024-04-23 20:00:00+00:00,66773.0
2024-04-23 21:00:00+00:00,66775.0
2024-04-23 22:00:00+00:00,66803.0
2024-04-23 23:00:00+00:00,66485.0
2024-04-24 00:00:00+00:00,66355.0
2024-04-24 01:00:00+00:00,66346.0
2024-04-24 02:00:00+00:00,66371.0
2024-04-24 03:00:00+00:00,66421.0
2024-04-24 04:00:00+00:00,66751.0
2024-04-24 05:00:00+00:00,66768.0
2024-04-24 06:00:00+00:00,66535.0
2024-04-24 07:00:00+00:00,66598.0
2024-04-24 08:00:00+00:00,67019.0
2024-04-24 09:00:00+00:00,66750.0
2024-04-24 10:00:00+00:00,66786.0
2024-04-24 11:00:00+00:00,66642.0
2024-04-24 12:00:00+00:00,66536.0
2024-04-24 13:00:00+00:00,66365.0
2024-04-24 14:00:00+00:00,66417.0
2024-04-24 15:00:00+00:00,66570.0
2024-04-24 16:00:00+00:00,66369.0
2024-04-24 17:00:00+00:00,66077.0
2024-04-24 18:00:00+00:00,65228.0
2024-04-24 19:00:00+00:00,64577.0
2024-04-24 20:00:00+00:00,64755.0
2024-04-24 21:00:00+00:00,64860.0
2024-04-24 22:00:00+00:00,64059.0
2024-04-24 23:00:00+00:00,63939.0
2024-04-25 00:00:00+00:00,64049.0
2024-04-25 01:00:00+00:00,64341.0
2024-04-25 02:00:00+00:00,64056.0
2024-04-25 03:00:00+00:00,64259.0
2024-04-25 04:00:00+00:00,64555.0
2024-04-25 05:00:00+00:00,64041.0
2024-04-25 06:00:00+00:00,64259.0
2024-04-25 07:00:00+00:00,64262.0
2024-04-25 08:00:00+00:00,64327.0
2024-04-25 09:00:00+00:00,64211.0
2024-04-25 10:00:00+00:00,64275.0
2024-04-25 11:00:00+00:00,64008.0
2024-04-25 12:00:00+00:00,63909.0
2024-04-25 13:00:00+00:00,63961.0
2024-04-25 14:00:00+00:00,63473.0
2024-04-25 15:00:00+00:00,63830.0
2024-04-25 16:00:00+00:00,63396.0
2024-04-25 17:00:00+00:00,63385.0
2024-04-25 18:00:00+00:00,63367.0
2024-04-25 19:00:00+00:00,64104.0
2024-04-25 20:00:00+00:00,64388.0
2024-04-25 21:00:00+00:00,64682.0
2024-04-25 22:00:00+00:00,64690.0
2024-04-25 23:00:00+00:00,64708.0
2024-04-26 00:00:00+00:00,64800.0
2024-04-26 01:00:00+00:00,64708.0
2024-04-26 02:00:00+00:00,64610.0
2024-04-26 03:00:00+00:00,64493.0
2024-04-26 04:00:00+00:00,64311.0
2024-04-26 05:00:00+00:00,64400.0
2024-04-26 06:00:00+00:00,64503.0
2024-04-26 07:00:00+00:00,64371.0
2024-04-26 08:00:00+00:00,64201.0
2024-04-26 09:00:00+00:00,64561.0
2024-04-26 10:00:00+00:00,64385.0
2024-04-26 11:00:00+00:00,64269.0
2024-04-26 12:00:00+00:00,64396.0
2024-04-26 13:00:00+00:00,64461.0
2024-04-26 14:00:00+00:00,64091.0
2024-04-26 15:00:00+00:00,64229.0
2024-04-26 16:00:00+00:00,64127.0
2024-04-26 17:00:00+00:00,64491.0
2024-04-26 18:00:00+00:00,63833.0
2024-04-26 19:00:00+00:00,63483.0
2024-04-26 20:00:00+00:00,63648.0
2024-04-26 21:00:00+00:00,63981.0
2024-04-26 22:00:00+00:00,64049.0
2024-04-26 23:00:00+00:00,63714.0
2024-04-27 00:00:00+00:00,63935.0
2024-04-27 01:00:00+00:00,64040.0
2024-04-27 02:00:00+00:00,63803.0
2024-04-27 03:00:00+00:00,63745.0
2024-04-27 04:00:00+00:00,63135.0
2024-04-27 05:00:00+00:00,62552.0
2024-04-27 06:00:00+00:00,62926.0
2024-04-27 07:00:00+00:00,63055.0
2024-04-27 08:00:00+00:00,63009.0
2024-04-27 09:00:00+00:00,62955.0
2024-04-27 10:00:00+00:00,62979.0
2024-04-27 11:00:00+00:00,62927.0
2024-04-27 12:00:00+00:00,62983.0
2024-04-27 13:00:00+00:00,62929.0
2024-04-27 14:00:00+00:00,62758.0
2024-04-27 15:00:00+00:00,62813.0
2024-04-27 16:00:00+00:00,62992.0
2024-04-27 17:00:00+00:00,63173.0
2024-04-27 18:00:00+00:00,63093.0
2024-04-27 19:00:00+00:00,62918.0
2024-04-27 20:00:00+00:00,62720.0
2024-04-27 21:00:00+00:00,63377.0
2024-04-27 22:00:00+00:00,63293.0
2024-04-27 23:00:00+00:00,63315.0
2024-04-28 00:00:00+00:00,63237.0
2024-04-28 01:00:00+00:00,63247.0
2024-04-28 02:00:00+00:00,63215.0
2024-04-28 03:00:00+00:00,63429.0
2024-04-28 04:00:00+00:00,63580.0
2024-04-28 05:00:00+00:00,63563.0
2024-04-28 06:00:00+00:00,63901.0
2024-04-28 07:00:00+00:00,63991.0
2024-04-28 08:00:00+00:00,63819.0
2024-04-28 09:00:00+00:00,63907.0
2024-04-28 10:00:00+00:00,63943.0
2024-04-28 11:00:00+00:00,63885.0
2024-04-28 12:00:00+00:00,63670.0
2024-04-28 13:00:00+00:00,63734.0
2024-04-28 14:00:00+00:00,63659.0
2024-04-28 15:00:00+00:00,63467.0
2024-04-28 16:00:00+00:00,63555.0
2024-04-28 17:00:00+00:00,63747.0
2024-04-28 18:00:00+00:00,63579.0
2024-04-28 19:00:00+00:00,63520.0
2024-04-28 20:00:00+00:00,63685.0
2024-04-28 21:00:00+00:00,63746.0
2024-04-28 22:00:00+00:00,63900.0
2024-04-28 23:00:00+00:00,63732.0
2024-04-29 00:00:00+00:00,63676.0
2024-04-29 01:00:00+00:00,63654.0
2024-04-29 02:00:00+00:00,63140.0
2024-04-29 03:00:00+00:00,63098.0
2024-04-29 04:00:00+00:00,63249.0
2024-04-29 05:00:00+00:00,63222.0
2024-04-29 06:00:00+00:00,62700.0
2024-04-29 07:00:00+00:00,62288.0
2024-04-29 08:00:00+00:00,62522.0
2024-04-29 09:00:00+00:00,62449.0
2024-04-29 10:00:00+00:00,62188.0
2024-04-29 11:00:00+00:00,62397.0
2024-04-29 12:00:00+00:00,62394.0
2024-04-29 13:00:00+00:00,62529.0
2024-04-29 14:00:00+00:00,62384.0
2024-04-29 15:00:00+00:00,62241.0
2024-04-29 16:00:00+00:00,62568.0
2024-04-29 17:00:00+00:00,61995.0
2024-04-29 18:00:00+00:00,62825.0
2024-04-29 19:00:00+00:00,63033.0
2024-04-29 20:00:00+00:00,62790.0
2024-04-29 21:00:00+00:00,63025.0
2024-04-29 22:00:00+00:00,62851.0
2024-04-29 23:00:00+00:00,62966.0
2024-04-30 00:00:00+00:00,62954.0
2024-04-30 01:00:00+00:00,63069.0
2024-04-30 02:00:00+00:00,63857.0
2024-04-30 03:00:00+00:00,63832.0
2024-04-30 04:00:00+00:00,64546.0
2024-04-30 05:00:00+00:00,63622.0
2024-04-30 06:00:00+00:00,63757.0
2024-04-30 07:00:00+00:00,63630.0
2024-04-30 08:00:00+00:00,63379.0
2024-04-30 09:00:00+00:00,63322.0
2024-04-30 10:00:00+00:00,63403.0
2024-04-30 11:00:00+00:00,63145.0
2024-04-30 12:00:00+00:00,61914.0
2024-04-30 13:00:00+00:00,61669.0
2024-04-30 14:00:00+00:00,61761.0
2024-04-30 15:00:00+00:00,61181.0
2024-04-30 16:00:00+00:00,61208.0
2024-04-30 17:00:00+00:00,60800.0
2024-04-30 18:00:00+00:00,61209.0
2024-04-30 19:00:00+00:00,60741.0
2024-04-30 20:00:00+00:00,60301.0
2024-04-30 21:00:00+00:00,60317.0
2024-04-30 22:00:00+00:00,60325.0
2024-04-30 23:00:00+00:00,59150.0
2024-05-01 00:00:00+00:00,59868.0
2024-05-01 01:00:00+00:00,60112.0
2024-05-01 02:00:00+00:00,60531.0
2024-05-01 03:00:00+00:00,60632.0
2024-05-01 04:00:00+00:00,60186.0
2024-05-01 05:00:00+00:00,60058.0
2024-05-01 06:00:00+00:00,59863.0
2024-05-01 07:00:00+00:00,60183.0
2024-05-01 08:00:00+00:00,60208.0
2024-05-01 09:00:00+00:00,59973.0
2024-05-01 10:00:00+00:00,59463.0
2024-05-01 11:00:00+00:00,57441.0
2024-05-01 12:00:00+00:00,57067.0
2024-05-01 13:00:00+00:00,57038.0
2024-05-01 14:00:00+00:00,57702.0
2024-05-01 15:00:00+00:00,57831.0
2024-05-01 16:00:00+00:00,57931.0
2024-05-01 17:00:00+00:00,57220.0
2024-05-01 18:00:00+00:00,57418.0
2024-05-01 19:00:00+00:00,56800.0
2024-05-01 20:00:00+00:00,56967.0
2024-05-01 21:00:00+00:00,57368.0
2024-05-01 22:00:00+00:00,58856.0
2024-05-01 23:00:00+00:00,56893.0
2024-05-02 00:00:00+00:00,57297.0
2024-05-02 01:00:00+00:00,57808.0
2024-05-02 02:00:00+00:00,57799.0
2024-05-02 03:00:00+00:00,58256.0
2024-05-02 04:00:00+00:00,57698.0
2024-05-02 05:00:00+00:00,57052.0
2024-05-02 06:00:00+00:00,57405.0
2024-05-02 07:00:00+00:00,57393.0
2024-05-02 08:00:00+00:00,57308.0
2024-05-02 09:00:00+00:00,57446.0
2024-05-02 10:00:00+00:00,57589.0
2024-05-02 11:00:00+00:00,57637.0
2024-05-02 12:00:00+00:00,57805.0
2024-05-02 13:00:00+00:00,57767.0
2024-05-02 14:00:00+00:00,57797.0
2024-05-02 15:00:00+00:00,58537.0
2024-05-02 16:00:00+00:00,58518.0
2024-05-02 17:00:00+00:00,58445.0
2024-05-02 18:00:00+00:00,59061.0
2024-05-02 19:00:00+00:00,59285.0
2024-05-02 20:00:00+00:00,59029.0
2024-05-02 21:00:00+00:00,59197.0
2024-05-02 22:00:00+00:00,59398.0
2024-05-02 23:00:00+00:00,59369.0
2024-05-03 00:00:00+00:00,58740.0
2024-05-03 01:00:00+00:00,59124.0
2024-05-03 02:00:00+00:00,59347.0
2024-05-03 03:00:00+00:00,59099.0
2024-05-03 04:00:00+00:00,59049.0
2024-05-03 05:00:00+00:00,59329.0
2024-05-03 06:00:00+00:00,59555.0
2024-05-03 07:00:00+00:00,59733.0
2024-05-03 08:00:00+00:00,59603.0
2024-05-03 09:00:00+00:00,59545.0
2024-05-03 10:00:00+00:00,59277.0
2024-05-03 11:00:00+00:00,59170.0
2024-05-03 12:00:00+00:00,59224.0
2024-05-03 13:00:00+00:00,59478.0
2024-05-03 14:00:00+00:00,59049.0
2024-05-03 15:00:00+00:00,59282.0
2024-05-03 16:00:00+00:00,60656.0
2024-05-03 17:00:00+00:00,61714.0
2024-05-03 18:00:00+00:00,61646.0
2024-05-03 19:00:00+00:00,61701.0
2024-05-03 20:00:00+00:00,61711.0
2024-05-03 21:00:00+00:00,61831.0
2024-05-03 22:00:00+00:00,61851.0
2024-05-03 23:00:00+00:00,62102.0
2024-05-04 00:00:00+00:00,62904.0
2024-05-04 01:00:00+00:00,62769.0
2024-05-04 02:00:00+00:00,62851.0
2024-05-04 03:00:00+00:00,62915.0
2024-05-04 04:00:00+00:00,63107.0
2024-05-04 05:00:00+00:00,62891.0
2024-05-04 06:00:00+00:00,62722.0
2024-05-04 07:00:00+00:00,62712.0
2024-05-04 08:00:00+00:00,63081.0
2024-05-04 09:00:00+00:00,63415.0
2024-05-04 10:00:00+00:00,63014.0
2024-05-04 11:00:00+00:00,62994.0
2024-05-04 12:00:00+00:00,63189.0
2024-05-04 13:00:00+00:00,63189.0
2024-05-04 14:00:00+00:00,64482.0
2024-05-04 15:00:00+00:00,63868.0
2024-05-04 16:00:00+00:00,64082.0
2024-05-04 17:00:00+00:00,63751.0
2024-05-04 18:00:00+00:00,63833.0
2024-05-04 19:00:00+00:00,63618.0
2024-05-04 20:00:00+00:00,63701.0
2024-05-04 21:00:00+00:00,63499.0
2024-05-04 22:00:00+00:00,63652.0
2024-05-04 23:00:00+00:00,63927.0
2024-05-05 00:00:00+00:00,63883.0
2024-05-05 01:00:00+00:00,63904.0
2024-05-05 02:00:00+00:00,63653.0
2024-05-05 03:00:00+00:00,63899.0
2024-05-05 04:00:00+00:00,63531.0
2024-05-05 05:00:00+00:00,63329.0
2024-05-05 06:00:00+00:00,63162.0
2024-05-05 07:00:00+00:00,63253.0
2024-05-05 08:00:00+00:00,63356.0
2024-05-05 09:00:00+00:00,63221.0
2024-05-05 10:00:00+00:00,63389.0
2024-05-05 11:00:00+00:00,63760.0
2024-05-05 12:00:00+00:00,63684.0
2024-05-05 13:00:00+00:00,63689.0
2024-05-05 14:00:00+00:00,63712.0
2024-05-05 15:00:00+00:00,63878.0
2024-05-05 16:00:00+00:00,63739.0
2024-05-05 17:00:00+00:00,64142.0
2024-05-05 18:00:00+00:00,64111.0
2024-05-05 19:00:00+00:00,64431.0
2024-05-05 20:00:00+00:00,64317.0
2024-05-05 21:00:00+00:00,64222.0
2024-05-05 22:00:00+00:00,63958.0
2024-05-05 23:00:00+00:00,63888.0
2024-05-06 00:00:00+00:00,63747.0
2024-05-06 01:00:00+00:00,63867.0
2024-05-06 02:00:00+00:00,63863.0
2024-05-06 03:00:00+00:00,64021.0
2024-05-06 04:00:00+00:00,64225.0
2024-05-06 05:00:00+00:00,64166.0
2024-05-06 06:00:00+00:00,63852.0
2024-05-06 07:00:00+00:00,63887.0
2024-05-06 08:00:00+00:00,64159.0
2024-05-06 09:00:00+00:00,64190.0
2024-05-06 10:00:00+00:00,64243.0
2024-05-06 11:00:00+00:00,64546.0
2024-05-06 12:00:00+00:00,65156.0
2024-05-06 13:00:00+00:00,65151.0
2024-05-06 14:00:00+00:00,64033.0
2024-05-06 15:00:00+00:00,64220.0
2024-05-06 16:00:00+00:00,63556.0
2024-05-06 17:00:00+00:00,63880.0
2024-05-06 18:00:00+00:00,63285.0
2024-05-06 19:00:00+00:00,63644.0
2024-05-06 20:00:00+00:00,63205.0
2024-05-06 21:00:00+00:00,63164.0
2024-05-06 22:00:00+00:00,63400.0
2024-05-06 23:00:00+00:00,63193.0
2024-05-07 00:00:00+00:00,63307.0
2024-05-07 01:00:00+00:00,63540.0
2024-05-07 02:00:00+00:00,63505.0
2024-05-07 03:00:00+00:00,63164.0
2024-05-07 04:00:00+00:00,63548.0
2024-05-07 05:00:00+00:00,63891.0
2024-05-07 06:00:00+00:00,63700.0
2024-05-07 07:00:00+00:00,63243.0
2024-05-07 08:00:00+00:00,63466.0
2024-05-07 09:00:00+00:00,63510.0
2024-05-07 10:00:00+00:00,63638.0
2024-05-07 11:00:00+00:00,63686.0
2024-05-07 12:00:00+00:00,64228.0
2024-05-07 13:00:00+00:00,64129.0
2024-05-07 14:00:00+00:00,64097.0
2024-05-07 15:00:00+00:00,63496.0
2024-05-07 16:00:00+00:00,63663.0
2024-05-07 17:00:00+00:00,63207.0
2024-05-07 18:00:00+00:00,64041.0
2024-05-07 19:00:00+00:00,63726.0
2024-05-07 20:00:00+00:00,63622.0
2024-05-07 21:00:00+00:00,63383.0
2024-05-07 22:00:00+00:00,63165.0
2024-05-07 23:00:00+00:00,63067.0
2024-05-08 00:00:00+00:00,62977.0
2024-05-08 01:00:00+00:00,63073.0
2024-05-08 02:00:00+00:00,62854.0
2024-05-08 03:00:00+00:00,62320.0
2024-05-08 04:00:00+00:00,62587.0
2024-05-08 05:00:00+00:00,62508.0
2024-05-08 06:00:00+00:00,62755.0
2024-05-08 07:00:00+00:00,62882.0
2024-05-08 08:00:00+00:00,62519.0
2024-05-08 09:00:00+00:00,62611.0
2024-05-08 10:00:00+00:00,62492.0
2024-05-08 11:00:00+00:00,62210.0
2024-05-08 12:00:00+00:00,62363.0
2024-05-08 13:00:00+00:00,62294.0
2024-05-08 14:00:00+00:00,62459.0
2024-05-08 15:00:00+00:00,62220.0
2024-05-08 16:00:00+00:00,62236.0
2024-05-08 17:00:00+00:00,62410.0
2024-05-08 18:00:00+00:00,62552.0
2024-05-08 19:00:00+00:00,62259.0
2024-05-08 20:00:00+00:00,62420.0
2024-05-08 21:00:00+00:00,62584.0
2024-05-08 22:00:00+00:00,62499.0
2024-05-08 23:00:00+00:00,62154.0
2024-05-09 00:00:00+00:00,61562.0
2024-05-09 01:00:00+00:00,61472.0
2024-05-09 02:00:00+00:00,61242.0
2024-05-09 03:00:00+00:00,61181.0
2024-05-09 04:00:00+00:00,61379.0
2024-05-09 05:00:00+00:00,61524.0
2024-05-09 06:00:00+00:00,61642.0
2024-05-09 07:00:00+00:00,61652.0
2024-05-09 08:00:00+00:00,61482.0
2024-05-09 09:00:00+00:00,61563.0
2024-05-09 10:00:00+00:00,61596.0
2024-05-09 11:00:00+00:00,61237.0
2024-05-09 12:00:00+00:00,61282.0
2024-05-09 13:00:00+00:00,61255.0
2024-05-09 14:00:00+00:00,60779.0
2024-05-09 15:00:00+00:00,61040.0
2024-05-09 16:00:00+00:00,61536.0
2024-05-09 17:00:00+00:00,61148.0
2024-05-09 18:00:00+00:00,61513.0
2024-05-09 19:00:00+00:00,62139.0
2024-05-09 20:00:00+00:00,61857.0
2024-05-09 21:00:00+00:00,61931.0
2024-05-09 22:00:00+00:00,62233.0
2024-05-09 23:00:00+00:00,62442.0
2024-05-10 00:00:00+00:00,62618.0
2024-05-10 01:00:00+00:00,62536.0
2024-05-10 02:00:00+00:00,63272.0
2024-05-10 03:00:00+00:00,63075.0
2024-05-10 04:00:00+00:00,62828.0
2024-05-10 05:00:00+00:00,62884.0
2024-05-10 06:00:00+00:00,62906.0
2024-05-10 07:00:00+00:00,62908.0
2024-05-10 08:00:00+00:00,62918.0
2024-05-10 09:00:00+00:00,62768.0
2024-05-10 10:00:00+00:00,63156.0
2024-05-10 11:00:00+00:00,63076.0
2024-05-10 12:00:00+00:00,63035.0
2024-05-10 13:00:00+00:00,63119.0
2024-05-10 14:00:00+00:00,63026.0
2024-05-10 15:00:00+00:00,63303.0
2024-05-10 16:00:00+00:00,63016.0
2024-05-10 17:00:00+00:00,63002.0
2024-05-10 18:00:00+00:00,61089.0
2024-05-10 19:00:00+00:00,60892.0
2024-05-10 20:00:00+00:00,61056.0
2024-05-10 21:00:00+00:00,60371.0
2024-05-10 22:00:00+00:00,60693.0
2024-05-10 23:00:00+00:00,60625.0
2024-05-11 00:00:00+00:00,60504.0
2024-05-11 01:00:00+00:00,60703.0
2024-05-11 02:00:00+00:00,60858.0
2024-05-11 03:00:00+00:00,60793.0
2024-05-11 04:00:00+00:00,60773.0
2024-05-11 05:00:00+00:00,60863.0
2024-05-11 06:00:00+00:00,60879.0
2024-05-11 07:00:00+00:00,60707.0
2024-05-11 08:00:00+00:00,60758.0
2024-05-11 09:00:00+00:00,60907.0
2024-05-11 10:00:00+00:00,60941.0
2024-05-11 11:00:00+00:00,61007.0
2024-05-11 12:00:00+00:00,60773.0
2024-05-11 13:00:00+00:00,60857.0
2024-05-11 14:00:00+00:00,60710.0
2024-05-11 15:00:00+00:00,60659.0
2024-05-11 16:00:00+00:00,60684.0
2024-05-11 17:00:00+00:00,60948.0
2024-05-11 18:00:00+00:00,60813.0
2024-05-11 19:00:00+00:00,61150.0
2024-05-11 20:00:00+00:00,61177.0
2024-05-11 21:00:00+00:00,61069.0
2024-05-11 22:00:00+00:00,61196.0
2024-05-11 23:00:00+00:00,61122.0
2024-05-12 00:00:00+00:00,60993.0
2024-05-12 01:00:00+00:00,60907.0
2024-05-12 02:00:00+00:00,60900.0
2024-05-12 03:00:00+00:00,60816.0
2024-05-12 04:00:00+00:00,60947.0
2024-05-12 05:00:00+00:00,60847.0
2024-05-12 06:00:00+00:00,60903.0
2024-05-12 07:00:00+00:00,60910.0
2024-05-12 08:00:00+00:00,61081.0
2024-05-12 09:00:00+00:00,61036.0
2024-05-12 10:00:00+00:00,60926.0
2024-05-12 11:00:00+00:00,60787.0
2024-05-12 12:00:00+00:00,61021.0
2024-05-12 13:00:00+00:00,60981.0
2024-05-12 14:00:00+00:00,61122.0
2024-05-12 15:00:00+00:00,61105.0
2024-05-12 16:00:00+00:00,61129.0
2024-05-12 17:00:00+00:00,61161.0
2024-05-12 18:00:00+00:00,61153.0
2024-05-12 19:00:00+00:00,61391.0
2024-05-12 20:00:00+00:00,61350.0
2024-05-12 21:00:00+00:00,61603.0
2024-05-12 22:00:00+00:00,61349.0
2024-05-12 23:00:00+00:00,61394.0
2024-05-13 00:00:00+00:00,61272.0
2024-05-13 01:00:00+00:00,61211.0
2024-05-13 02:00:00+00:00,61302.0
2024-05-13 03:00:00+00:00,61462.0
2024-05-13 04:00:00+00:00,61478.0
2024-05-13 05:00:00+00:00,61395.0
2024-05-13 06:00:00+00:00,61028.0
2024-05-13 07:00:00+00:00,61136.0
2024-05-13 08:00:00+00:00,60951.0
2024-05-13 09:00:00+00:00,60840.0
2024-05-13 10:00:00+00:00,61479.0
2024-05-13 11:00:00+00:00,62327.0
2024-05-13 12:00:00+00:00,62749.0
2024-05-13 13:00:00+00:00,63046.0
2024-05-13 14:00:00+00:00,62658.0
2024-05-13 15:00:00+00:00,62718.0
2024-05-13 16:00:00+00:00,62850.0
2024-05-13 17:00:00+00:00,62755.0
2024-05-13 18:00:00+00:00,62759.0
2024-05-13 19:00:00+00:00,63000.0
2024-05-13 20:00:00+00:00,63171.0
2024-05-13 21:00:00+00:00,62805.0
2024-05-13 22:00:00+00:00,62778.0
2024-05-13 23:00:00+00:00,63174.0
2024-05-14 00:00:00+00:00,63093.0
2024-05-14 01:00:00+00:00,62899.0
2024-05-14 02:00:00+00:00,62762.0
2024-05-14 03:00:00+00:00,62934.0
2024-05-14 04:00:00+00:00,62803.0
2024-05-14 05:00:00+00:00,62657.0
2024-05-14 06:00:00+00:00,62491.0
2024-05-14 07:00:00+00:00,62448.0
2024-05-14 08:00:00+00:00,62509.0
2024-05-14 09:00:00+00:00,62649.0
2024-05-14 10:00:00+00:00,62015.0
2024-05-14 11:00:00+00:00,61993.0
2024-05-14 12:00:00+00:00,61846.0
2024-05-14 13:00:00+00:00,61769.0
2024-05-14 14:00:00+00:00,61697.0
2024-05-14 15:00:00+00:00,61761.0
2024-05-14 16:00:00+00:00,61542.0
2024-05-14 17:00:00+00:00,61656.0
2024-05-14 18:00:00+00:00,61753.0
2024-05-14 19:00:00+00:00,61748.0
2024-05-14 20:00:00+00:00,61389.0
2024-05-14 21:00:00+00:00,61271.0
2024-05-14 22:00:00+00:00,61376.0
2024-05-14 23:00:00+00:00,61559.0
2024-05-15 00:00:00+00:00,61582.0
2024-05-15 01:00:00+00:00,61682.0
2024-05-15 02:00:00+00:00,61674.0
2024-05-15 03:00:00+00:00,61543.0
2024-05-15 04:00:00+00:00,61411.0
2024-05-15 05:00:00+00:00,61672.0
2024-05-15 06:00:00+00:00,61750.0
2024-05-15 07:00:00+00:00,61923.0
2024-05-15 08:00:00+00:00,61881.0
2024-05-15 09:00:00+00:00,61917.0
2024-05-15 10:00:00+00:00,61950.0
2024-05-15 11:00:00+00:00,62188.0
2024-05-15 12:00:00+00:00,62130.0
2024-05-15 13:00:00+00:00,62668.0
2024-05-15 14:00:00+00:00,62691.0
2024-05-15 15:00:00+00:00,62452.0
2024-05-15 16:00:00+00:00,63741.0
2024-05-15 17:00:00+00:00,64156.0
2024-05-15 18:00:00+00:00,64530.0
2024-05-15 19:00:00+00:00,64745.0
2024-05-15 20:00:00+00:00,64792.0
2024-05-15 21:00:00+00:00,65125.0
2024-05-15 22:00:00+00:00,65752.0
2024-05-15 23:00:00+00:00,66099.0
2024-05-16 00:00:00+00:00,65992.0
2024-05-16 01:00:00+00:00,65907.0
2024-05-16 02:00:00+00:00,66148.0
2024-05-16 03:00:00+00:00,66242.0
2024-05-16 04:00:00+00:00,66108.0
2024-05-16 05:00:00+00:00,66006.0
2024-05-16 06:00:00+00:00,65926.0
2024-05-16 07:00:00+00:00,66006.0
2024-05-16 08:00:00+00:00,65835.0
2024-05-16 09:00:00+00:00,65794.0
2024-05-16 10:00:00+00:00,65973.0
2024-05-16 11:00:00+00:00,66209.0
2024-05-16 12:00:00+00:00,66308.0
2024-05-16 13:00:00+00:00,66366.0
2024-05-16 14:00:00+00:00,66182.0
2024-05-16 15:00:00+00:00,66528.0
2024-05-16 16:00:00+00:00,66031.0
2024-05-16 17:00:00+00:00,66358.0
2024-05-16 18:00:00+00:00,65617.0
2024-05-16 19:00:00+00:00,65842.0
2024-05-16 20:00:00+00:00,65153.0
2024-05-16 21:00:00+00:00,64986.0
2024-05-16 22:00:00+00:00,65132.0
2024-05-16 23:00:00+00:00,65160.0
2024-05-17 00:00:00+00:00,65275.0
2024-05-17 01:00:00+00:00,65464.0
2024-05-17 02:00:00+00:00,65436.0
2024-05-17 03:00:00+00:00,65252.0
2024-05-17 04:00:00+00:00,65497.0
2024-05-17 05:00:00+00:00,65351.0
2024-05-17 06:00:00+00:00,65399.0
2024-05-17 07:00:00+00:00,65607.0
2024-05-17 08:00:00+00:00,65469.0
2024-05-17 09:00:00+00:00,65710.0
2024-05-17 10:00:00+00:00,65966.0
2024-05-17 11:00:00+00:00,66431.0
2024-05-17 12:00:00+00:00,66159.0
2024-05-17 13:00:00+00:00,66353.0
2024-05-17 14:00:00+00:00,66500.0
2024-05-17 15:00:00+00:00,66221.0
2024-05-17 16:00:00+00:00,66397.0
2024-05-17 17:00:00+00:00,65966.0
2024-05-17 18:00:00+00:00,66861.0
2024-05-17 19:00:00+00:00,67244.0
2024-05-17 20:00:00+00:00,66968.0
2024-05-17 21:00:00+00:00,66750.0
2024-05-17 22:00:00+00:00,66845.0
2024-05-17 23:00:00+00:00,67083.0
2024-05-18 00:00:00+00:00,66922.0
2024-05-18 01:00:00+00:00,66871.0
2024-05-18 02:00:00+00:00,66794.0
2024-05-18 03:00:00+00:00,67053.0
2024-05-18 04:00:00+00:00,66926.0
2024-05-18 05:00:00+00:00,67007.0
2024-05-18 06:00:00+00:00,66933.0
2024-05-18 07:00:00+00:00,66976.0
2024-05-18 08:00:00+00:00,66911.0
2024-05-18 09:00:00+00:00,66879.0
2024-05-18 10:00:00+00:00,66941.0
2024-05-18 11:00:00+00:00,66928.0
2024-05-18 12:00:00+00:00,67044.0
2024-05-18 13:00:00+00:00,67142.0
2024-05-18 14:00:00+00:00,67238.0
2024-05-18 15:00:00+00:00,67209.0
2024-05-18 16:00:00+00:00,66967.0
2024-05-18 17:00:00+00:00,66896.0
2024-05-18 18:00:00+00:00,66816.0
2024-05-18 19:00:00+00:00,66843.0
2024-05-18 20:00:00+00:00,66897.0
2024-05-18 21:00:00+00:00,66874.0
2024-05-18 22:00:00+00:00,66818.0
2024-05-18 23:00:00+00:00,66936.0
2024-05-19 00:00:00+00:00,66989.0
2024-05-19 01:00:00+00:00,66923.0
2024-05-19 02:00:00+00:00,66935.0
2024-05-19 03:00:00+00:00,66930.0
2024-05-19 04:00:00+00:00,66924.0
2024-05-19 05:00:00+00:00,66935.0
2024-05-19 06:00:00+00:00,67192.0
2024-05-19 07:00:00+00:00,67171.0
2024-05-19 08:00:00+00:00,67151.0
2024-05-19 09:00:00+00:00,67110.0
2024-05-19 10:00:00+00:00,67035.0
2024-05-19 11:00:00+00:00,67297.0
2024-05-19 12:00:00+00:00,67179.0
2024-05-19 13:00:00+00:00,67152.0
2024-05-19 14:00:00+00:00,67278.0
2024-05-19 15:00:00+00:00,67322.0
2024-05-19 16:00:00+00:00,66874.0
2024-05-19 17:00:00+00:00,67062.0
2024-05-19 18:00:00+00:00,66940.0
2024-05-19 19:00:00+00:00,66907.0
2024-05-19 20:00:00+00:00,66673.0
2024-05-19 21:00:00+00:00,66741.0
2024-05-19 22:00:00+00:00,66573.0
2024-05-19 23:00:00+00:00,66052.0
2024-05-20 00:00:00+00:00,66161.0
2024-05-20 01:00:00+00:00,66292.0
2024-05-20 02:00:00+00:00,66366.0
2024-05-20 03:00:00+00:00,66275.0
2024-05-20 04:00:00+00:00,66448.0
2024-05-20 05:00:00+00:00,66519.0
2024-05-20 06:00:00+00:00,66667.0
2024-05-20 07:00:00+00:00,66668.0
2024-05-20 08:00:00+00:00,67119.0
2024-05-20 09:00:00+00:00,67127.0
2024-05-20 10:00:00+00:00,66412.0
2024-05-20 11:00:00+00:00,66826.0
2024-05-20 12:00:00+00:00,66781.0
2024-05-20 13:00:00+00:00,66905.0
2024-05-20 14:00:00+00:00,67142.0
2024-05-20 15:00:00+00:00,67005.0
2024-05-20 16:00:00+00:00,66936.0
2024-05-20 17:00:00+00:00,67075.0
2024-05-20 18:00:00+00:00,66993.0
2024-05-20 19:00:00+00:00,67426.0
2024-05-20 20:00:00+00:00,68231.0
2024-05-20 21:00:00+00:00,68325.0
2024-05-20 22:00:00+00:00,68792.0
2024-05-20 23:00:00+00:00,70057.0
2024-05-21 00:00:00+00:00,69526.0
2024-05-21 01:00:00+00:00,69726.0
2024-05-21 02:00:00+00:00,69617.0
2024-05-21 03:00:00+00:00,71401.0
2024-05-21 04:00:00+00:00,71302.0
2024-05-21 05:00:00+00:00,71079.0
2024-05-21 06:00:00+00:00,71274.0
2024-05-21 07:00:00+00:00,71285.0
2024-05-21 08:00:00+00:00,70876.0
2024-05-21 09:00:00+00:00,71186.0
2024-05-21 10:00:00+00:00,71202.0
2024-05-21 11:00:00+00:00,70855.0
2024-05-21 12:00:00+00:00,70903.0
2024-05-21 13:00:00+00:00,70977.0
2024-05-21 14:00:00+00:00,71031.0
2024-05-21 15:00:00+00:00,71120.0
2024-05-21 16:00:00+00:00,71327.0
2024-05-21 17:00:00+00:00,70586.0
2024-05-21 18:00:00+00:00,70199.0
2024-05-21 19:00:00+00:00,69781.0
2024-05-21 20:00:00+00:00,69640.0
2024-05-21 21:00:00+00:00,69821.0
2024-05-21 22:00:00+00:00,69803.0
2024-05-21 23:00:00+00:00,69264.0
2024-05-22 00:00:00+00:00,69716.0
2024-05-22 01:00:00+00:00,69780.0
2024-05-22 02:00:00+00:00,70209.0
2024-05-22 03:00:00+00:00,70136.0
2024-05-22 04:00:00+00:00,70107.0
2024-05-22 05:00:00+00:00,70155.0
2024-05-22 06:00:00+00:00,69996.0
2024-05-22 07:00:00+00:00,69940.0
2024-05-22 08:00:00+00:00,69595.0
2024-05-22 09:00:00+00:00,69899.0
2024-05-22 10:00:00+00:00,69831.0
2024-05-22 11:00:00+00:00,69715.0
2024-05-22 12:00:00+00:00,70003.0
2024-05-22 13:00:00+00:00,69989.0
2024-05-22 14:00:00+00:00,70178.0
2024-05-22 15:00:00+00:00,69747.0
2024-05-22 16:00:00+00:00,69652.0
2024-05-22 17:00:00+00:00,69559.0
2024-05-22 18:00:00+00:00,70093.0
2024-05-22 19:00:00+00:00,70461.0
2024-05-22 20:00:00+00:00,70221.0
2024-05-22 21:00:00+00:00,69865.0
2024-05-22 22:00:00+00:00,69592.0
2024-05-22 23:00:00+00:00,69599.0
2024-05-23 00:00:00+00:00,69406.0
2024-05-23 01:00:00+00:00,69464.0
2024-05-23 02:00:00+00:00,69091.0
2024-05-23 03:00:00+00:00,69118.0
2024-05-23 04:00:00+00:00,69468.0
2024-05-23 05:00:00+00:00,69440.0
2024-05-23 06:00:00+00:00,69445.0
2024-05-23 07:00:00+00:00,69404.0
2024-05-23 08:00:00+00:00,69502.0
2024-05-23 09:00:00+00:00,69437.0
2024-05-23 10:00:00+00:00,69518.0
2024-05-23 11:00:00+00:00,69690.0
2024-05-23 12:00:00+00:00,69643.0
2024-05-23 13:00:00+00:00,69621.0
2024-05-23 14:00:00+00:00,69517.0
2024-05-23 15:00:00+00:00,69955.0
2024-05-23 16:00:00+00:00,69413.0
2024-05-23 17:00:00+00:00,68009.0
2024-05-23 18:00:00+00:00,67708.0
2024-05-23 19:00:00+00:00,68030.0
2024-05-23 20:00:00+00:00,67782.0
2024-05-23 21:00:00+00:00,67591.0
2024-05-23 22:00:00+00:00,67326.0
2024-05-23 23:00:00+00:00,67114.0
2024-05-24 00:00:00+00:00,67764.0
2024-05-24 01:00:00+00:00,67868.0
2024-05-24 02:00:00+00:00,67646.0
2024-05-24 03:00:00+00:00,67945.0
2024-05-24 04:00:00+00:00,67820.0
2024-05-24 05:00:00+00:00,67734.0
2024-05-24 06:00:00+00:00,67937.0
2024-05-24 07:00:00+00:00,67846.0
2024-05-24 08:00:00+00:00,67672.0
2024-05-24 09:00:00+00:00,67270.0
2024-05-24 10:00:00+00:00,66886.0
2024-05-24 11:00:00+00:00,67151.0
2024-05-24 12:00:00+00:00,67160.0
2024-05-24 13:00:00+00:00,67342.0
2024-05-24 14:00:00+00:00,67311.0
2024-05-24 15:00:00+00:00,67309.0
2024-05-24 16:00:00+00:00,67475.0
2024-05-24 17:00:00+00:00,67045.0
2024-05-24 18:00:00+00:00,67831.0
2024-05-24 19:00:00+00:00,68306.0
2024-05-24 20:00:00+00:00,68364.0
2024-05-24 21:00:00+00:00,68891.0
2024-05-24 22:00:00+00:00,68953.0
2024-05-24 23:00:00+00:00,69171.0
2024-05-25 00:00:00+00:00,68866.0
2024-05-25 01:00:00+00:00,68877.0
2024-05-25 02:00:00+00:00,68783.0
2024-05-25 03:00:00+00:00,68548.0
2024-05-25 04:00:00+00:00,68529.0
2024-05-25 05:00:00+00:00,68602.0
2024-05-25 06:00:00+00:00,68804.0
2024-05-25 07:00:00+00:00,68735.0
2024-05-25 08:00:00+00:00,68767.0
2024-05-25 09:00:00+00:00,68701.0
2024-05-25 10:00:00+00:00,68645.0
2024-05-25 11:00:00+00:00,68732.0
2024-05-25 12:00:00+00:00,68871.0
2024-05-25 13:00:00+00:00,69076.0
2024-05-25 14:00:00+00:00,69350.0
2024-05-25 15:00:00+00:00,69106.0
2024-05-25 16:00:00+00:00,69122.0
2024-05-25 17:00:00+00:00,69031.0
2024-05-25 18:00:00+00:00,69027.0
2024-05-25 19:00:00+00:00,68934.0
2024-05-25 20:00:00+00:00,68936.0
2024-05-25 21:00:00+00:00,69056.0
2024-05-25 22:00:00+00:00,69200.0
2024-05-25 23:00:00+00:00,69149.0
2024-05-26 00:00:00+00:00,69092.0
2024-05-26 01:00:00+00:00,69140.0
2024-05-26 02:00:00+00:00,69122.0
2024-05-26 03:00:00+00:00,69275.0
2024-05-26 04:00:00+00:00,69156.0
2024-05-26 05:00:00+00:00,69157.0
2024-05-26 06:00:00+00:00,68901.0
2024-05-26 07:00:00+00:00,69066.0
2024-05-26 08:00:00+00:00,68968.0
2024-05-26 09:00:00+00:00,69106.0
2024-05-26 10:00:00+00:00,69091.0
2024-05-26 11:00:00+00:00,69320.0
2024-05-26 12:00:00+00:00,69124.0
2024-05-26 13:00:00+00:00,69066.0
2024-05-26 14:00:00+00:00,69189.0
2024-05-26 15:00:00+00:00,69100.0
2024-05-26 16:00:00+00:00,68969.0
2024-05-26 17:00:00+00:00,69110.0
2024-05-26 18:00:00+00:00,69252.0
2024-05-26 19:00:00+00:00,68825.0
2024-05-26 20:00:00+00:00,68770.0
2024-05-26 21:00:00+00:00,68755.0
2024-05-26 22:00:00+00:00,68782.0
2024-05-26 23:00:00+00:00,68868.0
2024-05-27 00:00:00+00:00,68685.0
2024-05-27 01:00:00+00:00,68473.0
2024-05-27 02:00:00+00:00,68531.0
2024-05-27 03:00:00+00:00,68489.0
2024-05-27 04:00:00+00:00,68775.0
2024-05-27 05:00:00+00:00,69059.0
2024-05-27 06:00:00+00:00,69085.0
2024-05-27 07:00:00+00:00,68844.0
2024-05-27 08:00:00+00:00,68747.0
2024-05-27 09:00:00+00:00,68495.0
2024-05-27 10:00:00+00:00,68388.0
2024-05-27 11:00:00+00:00,68612.0
2024-05-27 12:00:00+00:00,68580.0
2024-05-27 13:00:00+00:00,68565.0
2024-05-27 14:00:00+00:00,68546.0
2024-05-27 15:00:00+00:00,68394.0
2024-05-27 16:00:00+00:00,68578.0
2024-05-27 17:00:00+00:00,68877.0
2024-05-27 18:00:00+00:00,69399.0
2024-05-27 19:00:00+00:00,70311.0
2024-05-27 20:00:00+00:00,70095.0
2024-05-27 21:00:00+00:00,70115.0
2024-05-27 22:00:00+00:00,69907.0
2024-05-27 23:00:00+00:00,69187.0
2024-05-28 00:00:00+00:00,69586.0
2024-05-28 01:00:00+00:00,69725.0
2024-05-28 02:00:00+00:00,69528.0
2024-05-28 03:00:00+00:00,69392.0
2024-05-28 04:00:00+00:00,69321.0
2024-05-28 05:00:00+00:00,68570.0
2024-05-28 06:00:00+00:00,68619.0
2024-05-28 07:00:00+00:00,68011.0
2024-05-28 08:00:00+00:00,67751.0
2024-05-28 09:00:00+00:00,67987.0
2024-05-28 10:00:00+00:00,67908.0
2024-05-28 11:00:00+00:00,67638.0
2024-05-28 12:00:00+00:00,68100.0
2024-05-28 13:00:00+00:00,68275.0
2024-05-28 14:00:00+00:00,68534.0
2024-05-28 15:00:00+00:00,68325.0
2024-05-28 16:00:00+00:00,68101.0
2024-05-28 17:00:00+00:00,67707.0
2024-05-28 18:00:00+00:00,67894.0
2024-05-28 19:00:00+00:00,68298.0
2024-05-28 20:00:00+00:00,67643.0
2024-05-28 21:00:00+00:00,67690.0
2024-05-28 22:00:00+00:00,67763.0
2024-05-28 23:00:00+00:00,68348.0
2024-05-29 00:00:00+00:00,68250.0
2024-05-29 01:00:00+00:00,68308.0
2024-05-29 02:00:00+00:00,68550.0
2024-05-29 03:00:00+00:00,68327.0
2024-05-29 04:00:00+00:00,68417.0
2024-05-29 05:00:00+00:00,68473.0
2024-05-29 06:00:00+00:00,68633.0
2024-05-29 07:00:00+00:00,68756.0
2024-05-29 08:00:00+00:00,68766.0
2024-05-29 09:00:00+00:00,68515.0
2024-05-29 10:00:00+00:00,68436.0
2024-05-29 11:00:00+00:00,67888.0
2024-05-29 12:00:00+00:00,67821.0
2024-05-29 13:00:00+00:00,67838.0
2024-05-29 14:00:00+00:00,67930.0
2024-05-29 15:00:00+00:00,67695.0
2024-05-29 16:00:00+00:00,67830.0
2024-05-29 17:00:00+00:00,67818.0
2024-05-29 18:00:00+00:00,67591.0
2024-05-29 19:00:00+00:00,67354.0
2024-05-29 20:00:00+00:00,67489.0
2024-05-29 21:00:00+00:00,67549.0
2024-05-29 22:00:00+00:00,67338.0
2024-05-29 23:00:00+00:00,67203.0
2024-05-30 00:00:00+00:00,67415.0
2024-05-30 01:00:00+00:00,67626.0
2024-05-30 02:00:00+00:00,67623.0
2024-05-30 03:00:00+00:00,67564.0
2024-05-30 04:00:00+00:00,67517.0
2024-05-30 05:00:00+00:00,67730.0
2024-05-30 06:00:00+00:00,67874.0
2024-05-30 07:00:00+00:00,68036.0
2024-05-30 08:00:00+00:00,68105.0
2024-05-30 09:00:00+00:00,68085.0
2024-05-30 10:00:00+00:00,67785.0
2024-05-30 11:00:00+00:00,67554.0
2024-05-30 12:00:00+00:00,67650.0
2024-05-30 13:00:00+00:00,67710.0
2024-05-30 14:00:00+00:00,67920.0
2024-05-30 15:00:00+00:00,67764.0
2024-05-30 16:00:00+00:00,68115.0
2024-05-30 17:00:00+00:00,68608.0
2024-05-30 18:00:00+00:00,68338.0
2024-05-30 19:00:00+00:00,68515.0
2024-05-30 20:00:00+00:00,68655.0
2024-05-30 21:00:00+00:00,69343.0
2024-05-30 22:00:00+00:00,69371.0
2024-05-30 23:00:00+00:00,68644.0
2024-05-31 00:00:00+00:00,68474.0
2024-05-31 01:00:00+00:00,68391.0
2024-05-31 02:00:00+00:00,68293.0
2024-05-31 03:00:00+00:00,68338.0
2024-05-31 04:00:00+00:00,68446.0
2024-05-31 05:00:00+00:00,68412.0
2024-05-31 06:00:00+00:00,68515.0
2024-05-31 07:00:00+00:00,68518.0
2024-05-31 08:00:00+00:00,68498.0
2024-05-31 09:00:00+00:00,68433.0
2024-05-31 10:00:00+00:00,68249.0
2024-05-31 11:00:00+00:00,68160.0
2024-05-31 12:00:00+00:00,68104.0
2024-05-31 13:00:00+00:00,67933.0
2024-05-31 14:00:00+00:00,68282.0
2024-05-31 15:00:00+00:00,68319.0
2024-05-31 16:00:00+00:00,68608.0
2024-05-31 17:00:00+00:00,68046.0
2024-05-31 18:00:00+00:00,67444.0
2024-05-31 19:00:00+00:00,67154.0
2024-05-31 20:00:00+00:00,67143.0
2024-05-31 21:00:00+00:00,67287.0
2024-05-31 22:00:00+00:00,67336.0
2024-05-31 23:00:00+00:00,67580.0
2024-06-01 00:00:00+00:00,67579.0
2024-06-01 01:00:00+00:00,67494.0
2024-06-01 02:00:00+00:00,67658.0
2024-06-01 03:00:00+00:00,67666.0
2024-06-01 04:00:00+00:00,67629.0
2024-06-01 05:00:00+00:00,67640.0
2024-06-01 06:00:00+00:00,67642.0
2024-06-01 07:00:00+00:00,67567.0
2024-06-01 08:00:00+00:00,67629.0
2024-06-01 09:00:00+00:00,67640.0
2024-06-01 10:00:00+00:00,67642.0
2024-06-01 11:00:00+00:00,67567.0
2024-06-01 12:00:00+00:00,67631.0
2024-06-01 13:00:00+00:00,67656.0
2024-06-01 14:00:00+00:00,67581.0
2024-06-01 15:00:00+00:00,67609.0
2024-06-01 16:00:00+00:00,67678.0
2024-06-01 17:00:00+00:00,67662.0
2024-06-01 18:00:00+00:00,67740.0
2024-06-01 19:00:00+00:00,67631.0
2024-06-01 20:00:00+00:00,67648.0
2024-06-01 21:00:00+00:00,67750.0
2024-06-01 22:00:00+00:00,67700.0
2024-06-01 23:00:00+00:00,67702.0
2024-06-02 00:00:00+00:00,67742.0
2024-06-02 01:00:00+00:00,67701.0
2024-06-02 02:00:00+00:00,67728.0
2024-06-02 03:00:00+00:00,67723.0
2024-06-02 04:00:00+00:00,67834.0
2024-06-02 05:00:00+00:00,67697.0
2024-06-02 06:00:00+00:00,67681.0
2024-06-02 07:00:00+00:00,67739.0
2024-06-02 08:00:00+00:00,67799.0
2024-06-02 09:00:00+00:00,67679.0
2024-06-02 10:00:00+00:00,67776.0
2024-06-02 11:00:00+00:00,67686.0
2024-06-02 12:00:00+00:00,67703.0
2024-06-02 13:00:00+00:00,67483.0
2024-06-02 14:00:00+00:00,67491.0
2024-06-02 15:00:00+00:00,68203.0
2024-06-02 16:00:00+00:00,67896.0
2024-06-02 17:00:00+00:00,68117.0
2024-06-02 18:00:00+00:00,68204.0
2024-06-02 19:00:00+00:00,68096.0
2024-06-02 20:00:00+00:00,68063.0
2024-06-02 21:00:00+00:00,67866.0
2024-06-02 22:00:00+00:00,67657.0
2024-06-02 23:00:00+00:00,67733.0
2024-06-03 00:00:00+00:00,67792.0
2024-06-03 01:00:00+00:00,67778.0
2024-06-03 02:00:00+00:00,67904.0
2024-06-03 03:00:00+00:00,67752.0
2024-06-03 04:00:00+00:00,67784.0
2024-06-03 05:00:00+00:00,68427.0
2024-06-03 06:00:00+00:00,68373.0
2024-06-03 07:00:00+00:00,68354.0
2024-06-03 08:00:00+00:00,68468.0
2024-06-03 09:00:00+00:00,68648.0
2024-06-03 10:00:00+00:00,69003.0
2024-06-03 11:00:00+00:00,68876.0
2024-06-03 12:00:00+00:00,69139.0
2024-06-03 13:00:00+00:00,69001.0
2024-06-03 14:00:00+00:00,68905.0
2024-06-03 15:00:00+00:00,69065.0
2024-06-03 16:00:00+00:00,69765.0
2024-06-03 17:00:00+00:00,69806.0
2024-06-03 18:00:00+00:00,68783.0
2024-06-03 19:00:00+00:00,69580.0
2024-06-03 20:00:00+00:00,69065.0
2024-06-03 21:00:00+00:00,69265.0
2024-06-03 22:00:00+00:00,69284.0
2024-06-03 23:00:00+00:00,69186.0
2024-06-04 00:00:00+00:00,69106.0
2024-06-04 01:00:00+00:00,69064.0
2024-06-04 02:00:00+00:00,69035.0
2024-06-04 03:00:00+00:00,68801.0
2024-06-04 04:00:00+00:00,68989.0
2024-06-04 05:00:00+00:00,69197.0
2024-06-04 06:00:00+00:00,69126.0
2024-06-04 07:00:00+00:00,69146.0
2024-06-04 08:00:00+00:00,69048.0
2024-06-04 09:00:00+00:00,68934.0
2024-06-04 10:00:00+00:00,68887.0
2024-06-04 11:00:00+00:00,68991.0
2024-06-04 12:00:00+00:00,68822.0
2024-06-04 13:00:00+00:00,68703.0
2024-06-04 14:00:00+00:00,68876.0
2024-06-04 15:00:00+00:00,68933.0
2024-06-04 16:00:00+00:00,68926.0
2024-06-04 17:00:00+00:00,69530.0
2024-06-04 18:00:00+00:00,69652.0
2024-06-04 19:00:00+00:00,70457.0
2024-06-04 20:00:00+00:00,70850.0
2024-06-04 21:00:00+00:00,70571.0
2024-06-04 22:00:00+00:00,70712.0
2024-06-04 23:00:00+00:00,70446.0
2024-06-05 00:00:00+00:00,70405.0
2024-06-05 01:00:00+00:00,70605.0
2024-06-05 02:00:00+00:00,70579.0
2024-06-05 03:00:00+00:00,70564.0
2024-06-05 04:00:00+00:00,70792.0
2024-06-05 05:00:00+00:00,70995.0
2024-06-05 06:00:00+00:00,70854.0
2024-06-05 07:00:00+00:00,70966.0
2024-06-05 08:00:00+00:00,71171.0
2024-06-05 09:00:00+00:00,71006.0
2024-06-05 10:00:00+00:00,71103.0
2024-06-05 11:00:00+00:00,71181.0
2024-06-05 12:00:00+00:00,70905.0
2024-06-05 13:00:00+00:00,70902.0
2024-06-05 14:00:00+00:00,70799.0
2024-06-05 15:00:00+00:00,70951.0
2024-06-05 16:00:00+00:00,70931.0
2024-06-05 17:00:00+00:00,70736.0
2024-06-05 18:00:00+00:00,70871.0
2024-06-05 19:00:00+00:00,71619.0
2024-06-05 20:00:00+00:00,71318.0
2024-06-05 21:00:00+00:00,71628.0
2024-06-05 22:00:00+00:00,71093.0
2024-06-05 23:00:00+00:00,71284.0
2024-06-06 00:00:00+00:00,71208.0
2024-06-06 01:00:00+00:00,71155.0
2024-06-06 02:00:00+00:00,71147.0
2024-06-06 03:00:00+00:00,71119.0
2024-06-06 04:00:00+00:00,71025.0
2024-06-06 05:00:00+00:00,71105.0
2024-06-06 06:00:00+00:00,71168.0
2024-06-06 07:00:00+00:00,71062.0
2024-06-06 08:00:00+00:00,71088.0
2024-06-06 09:00:00+00:00,70897.0
2024-06-06 10:00:00+00:00,70903.0
2024-06-06 11:00:00+00:00,71015.0
2024-06-06 12:00:00+00:00,70909.0
2024-06-06 13:00:00+00:00,70980.0
2024-06-06 14:00:00+00:00,70978.0
2024-06-06 15:00:00+00:00,71145.0
2024-06-06 16:00:00+00:00,71161.0
2024-06-06 17:00:00+00:00,71116.0
2024-06-06 18:00:00+00:00,71456.0
2024-06-06 19:00:00+00:00,71281.0
2024-06-06 20:00:00+00:00,70934.0
2024-06-06 21:00:00+00:00,71081.0
2024-06-06 22:00:00+00:00,71051.0
2024-06-06 23:00:00+00:00,70459.0
2024-06-07 00:00:00+00:00,70695.0
2024-06-07 01:00:00+00:00,70715.0
2024-06-07 02:00:00+00:00,70860.0
2024-06-07 03:00:00+00:00,70775.0
2024-06-07 04:00:00+00:00,70861.0
2024-06-07 05:00:00+00:00,70827.0
2024-06-07 06:00:00+00:00,70817.0
2024-06-07 07:00:00+00:00,70980.0
2024-06-07 08:00:00+00:00,71192.0
2024-06-07 09:00:00+00:00,71278.0
2024-06-07 10:00:00+00:00,71247.0
2024-06-07 11:00:00+00:00,71074.0
2024-06-07 12:00:00+00:00,71064.0
2024-06-07 13:00:00+00:00,71262.0
2024-06-07 14:00:00+00:00,71324.0
2024-06-07 15:00:00+00:00,71645.0
2024-06-07 16:00:00+00:00,71179.0
2024-06-07 17:00:00+00:00,71493.0
2024-06-07 18:00:00+00:00,71390.0
2024-06-07 19:00:00+00:00,71055.0
2024-06-07 20:00:00+00:00,70825.0
2024-06-07 21:00:00+00:00,69683.0
2024-06-07 22:00:00+00:00,69095.0
2024-06-07 23:00:00+00:00,69228.0
2024-06-08 00:00:00+00:00,69284.0
2024-06-08 01:00:00+00:00,69226.0
2024-06-08 02:00:00+00:00,69470.0
2024-06-08 03:00:00+00:00,69326.0
2024-06-08 04:00:00+00:00,69365.0
2024-06-08 05:00:00+00:00,69435.0
2024-06-08 06:00:00+00:00,69390.0
2024-06-08 07:00:00+00:00,69421.0
2024-06-08 08:00:00+00:00,69284.0
2024-06-08 09:00:00+00:00,69277.0
2024-06-08 10:00:00+00:00,69301.0
2024-06-08 11:00:00+00:00,69538.0
2024-06-08 12:00:00+00:00,69409.0
2024-06-08 13:00:00+00:00,69419.0
2024-06-08 14:00:00+00:00,69429.0
2024-06-08 15:00:00+00:00,69339.0
2024-06-08 16:00:00+00:00,69328.0
2024-06-08 17:00:00+00:00,69396.0
2024-06-08 18:00:00+00:00,69438.0
2024-06-08 19:00:00+00:00,69419.0
2024-06-08 20:00:00+00:00,69382.0
2024-06-08 21:00:00+00:00,69443.0
2024-06-08 22:00:00+00:00,69449.0
2024-06-08 23:00:00+00:00,69455.0
2024-06-09 00:00:00+00:00,69362.0
2024-06-09 01:00:00+00:00,69397.0
2024-06-09 02:00:00+00:00,69336.0
2024-06-09 03:00:00+00:00,69306.0
2024-06-09 04:00:00+00:00,69273.0
2024-06-09 05:00:00+00:00,69290.0
2024-06-09 06:00:00+00:00,69173.0
2024-06-09 07:00:00+00:00,69253.0
2024-06-09 08:00:00+00:00,69308.0
2024-06-09 09:00:00+00:00,69298.0
2024-06-09 10:00:00+00:00,69380.0
2024-06-09 11:00:00+00:00,69287.0
2024-06-09 12:00:00+00:00,69339.0
2024-06-09 13:00:00+00:00,69360.0
2024-06-09 14:00:00+00:00,69338.0
2024-06-09 15:00:00+00:00,69360.0
2024-06-09 16:00:00+00:00,69704.0
2024-06-09 17:00:00+00:00,69455.0
2024-06-09 18:00:00+00:00,69480.0
2024-06-09 19:00:00+00:00,69508.0
2024-06-09 20:00:00+00:00,69619.0
2024-06-09 21:00:00+00:00,69658.0
2024-06-09 22:00:00+00:00,69730.0
2024-06-09 23:00:00+00:00,69701.0
2024-06-10 00:00:00+00:00,69682.0
2024-06-10 01:00:00+00:00,69743.0
2024-06-10 02:00:00+00:00,69632.0
2024-06-10 03:00:00+00:00,69640.0
2024-06-10 04:00:00+00:00,69547.0
2024-06-10 05:00:00+00:00,69606.0
2024-06-10 06:00:00+00:00,69707.0
2024-06-10 07:00:00+00:00,69603.0
2024-06-10 08:00:00+00:00,69639.0
2024-06-10 09:00:00+00:00,69543.0
2024-06-10 10:00:00+00:00,69419.0
2024-06-10 11:00:00+00:00,69271.0
2024-06-10 12:00:00+00:00,69371.0
2024-06-10 13:00:00+00:00,69425.0
2024-06-10 14:00:00+00:00,69420.0
2024-06-10 15:00:00+00:00,69445.0
2024-06-10 16:00:00+00:00,69337.0
2024-06-10 17:00:00+00:00,69377.0
2024-06-10 18:00:00+00:00,69630.0
2024-06-10 19:00:00+00:00,70031.0
2024-06-10 20:00:00+00:00,69964.0
2024-06-10 21:00:00+00:00,70040.0
2024-06-10 22:00:00+00:00,69834.0
2024-06-10 23:00:00+00:00,69469.0
2024-06-11 00:00:00+00:00,69608.0
2024-06-11 01:00:00+00:00,69565.0
2024-06-11 02:00:00+00:00,69450.0
2024-06-11 03:00:00+00:00,69501.0
2024-06-11 04:00:00+00:00,69376.0
2024-06-11 05:00:00+00:00,68672.0
2024-06-11 06:00:00+00:00,68233.0
2024-06-11 07:00:00+00:00,68433.0
2024-06-11 08:00:00+00:00,67994.0
2024-06-11 09:00:00+00:00,67873.0
2024-06-11 10:00:00+00:00,67644.0
2024-06-11 11:00:00+00:00,67536.0
2024-06-11 12:00:00+00:00,67490.0
2024-06-11 13:00:00+00:00,67044.0
2024-06-11 14:00:00+00:00,66914.0
2024-06-11 15:00:00+00:00,66824.0
2024-06-11 16:00:00+00:00,66994.0
2024-06-11 17:00:00+00:00,66769.0
2024-06-11 18:00:00+00:00,66812.0
2024-06-11 19:00:00+00:00,66220.0
2024-06-11 20:00:00+00:00,66462.0
2024-06-11 21:00:00+00:00,66735.0
2024-06-11 22:00:00+00:00,67128.0
2024-06-11 23:00:00+00:00,67402.0
2024-06-12 00:00:00+00:00,67223.0
2024-06-12 01:00:00+00:00,67392.0
2024-06-12 02:00:00+00:00,67353.0
2024-06-12 03:00:00+00:00,67306.0
2024-06-12 04:00:00+00:00,67196.0
2024-06-12 05:00:00+00:00,67160.0
2024-06-12 06:00:00+00:00,67406.0
2024-06-12 07:00:00+00:00,67392.0
2024-06-12 08:00:00+00:00,67443.0
2024-06-12 09:00:00+00:00,67228.0
2024-06-12 10:00:00+00:00,67281.0
2024-06-12 11:00:00+00:00,67438.0
2024-06-12 12:00:00+00:00,67381.0
2024-06-12 13:00:00+00:00,67741.0
2024-06-12 14:00:00+00:00,67980.0
2024-06-12 15:00:00+00:00,67773.0
2024-06-12 16:00:00+00:00,69338.0
2024-06-12 17:00:00+00:00,69331.0
2024-06-12 18:00:00+00:00,69974.0
2024-06-12 19:00:00+00:00,69748.0
2024-06-12 20:00:00+00:00,69660.0
2024-06-12 21:00:00+00:00,69815.0
2024-06-12 22:00:00+00:00,68851.0
2024-06-12 23:00:00+00:00,67523.0
2024-06-13 00:00:00+00:00,68080.0
2024-06-13 01:00:00+00:00,68497.0
2024-06-13 02:00:00+00:00,68318.0
2024-06-13 03:00:00+00:00,68243.0
2024-06-13 04:00:00+00:00,68303.0
2024-06-13 05:00:00+00:00,67982.0
2024-06-13 06:00:00+00:00,67747.0
2024-06-13 07:00:00+00:00,67452.0
2024-06-13 08:00:00+00:00,67322.0
2024-06-13 09:00:00+00:00,67590.0
2024-06-13 10:00:00+00:00,67509.0
2024-06-13 11:00:00+00:00,67711.0
2024-06-13 12:00:00+00:00,67574.0
2024-06-13 13:00:00+00:00,67388.0
2024-06-13 14:00:00+00:00,67806.0
2024-06-13 15:00:00+00:00,67749.0
2024-06-13 16:00:00+00:00,67729.0
2024-06-13 17:00:00+00:00,67594.0
2024-06-13 18:00:00+00:00,67352.0
2024-06-13 19:00:00+00:00,66447.0
2024-06-13 20:00:00+00:00,66956.0
2024-06-13 21:00:00+00:00,66885.0
2024-06-13 22:00:00+00:00,66839.0
2024-06-13 23:00:00+00:00,66568.0
2024-06-14 00:00:00+00:00,66671.0
2024-06-14 01:00:00+00:00,66930.0
2024-06-14 02:00:00+00:00,66861.0
2024-06-14 03:00:00+00:00,66733.0
2024-06-14 04:00:00+00:00,66686.0
2024-06-14 05:00:00+00:00,66791.0
2024-06-14 06:00:00+00:00,66926.0
2024-06-14 07:00:00+00:00,66708.0
2024-06-14 08:00:00+00:00,66674.0
2024-06-14 09:00:00+00:00,67056.0
2024-06-14 10:00:00+00:00,66927.0
2024-06-14 11:00:00+00:00,66864.0
2024-06-14 12:00:00+00:00,67106.0
2024-06-14 13:00:00+00:00,66868.0
2024-06-14 14:00:00+00:00,66836.0
2024-06-14 15:00:00+00:00,66980.0
2024-06-14 16:00:00+00:00,67040.0
2024-06-14 17:00:00+00:00,67043.0
2024-06-14 18:00:00+00:00,66952.0
2024-06-14 19:00:00+00:00,66356.0
2024-06-14 20:00:00+00:00,65243.0
2024-06-14 21:00:00+00:00,65365.0
2024-06-14 22:00:00+00:00,65481.0
2024-06-14 23:00:00+00:00,65485.0
2024-06-15 00:00:00+00:00,65731.0
2024-06-15 01:00:00+00:00,66161.0
2024-06-15 02:00:00+00:00,65972.0
2024-06-15 03:00:00+00:00,65996.0
2024-06-15 04:00:00+00:00,66150.0
2024-06-15 05:00:00+00:00,66038.0
2024-06-15 06:00:00+00:00,66179.0
2024-06-15 07:00:00+00:00,66209.0
2024-06-15 08:00:00+00:00,66199.0
2024-06-15 09:00:00+00:00,66186.0
2024-06-15 10:00:00+00:00,66119.0
2024-06-15 11:00:00+00:00,66029.0
2024-06-15 12:00:00+00:00,66182.0
2024-06-15 13:00:00+00:00,66180.0
2024-06-15 14:00:00+00:00,66255.0
2024-06-15 15:00:00+00:00,66269.0
2024-06-15 16:00:00+00:00,66293.0
2024-06-15 17:00:00+00:00,66266.0
2024-06-15 18:00:00+00:00,66179.0
2024-06-15 19:00:00+00:00,66279.0
2024-06-15 20:00:00+00:00,66145.0
2024-06-15 21:00:00+00:00,66205.0
2024-06-15 22:00:00+00:00,66114.0
2024-06-15 23:00:00+00:00,66120.0
2024-06-16 00:00:00+00:00,66013.0
2024-06-16 01:00:00+00:00,66096.0
2024-06-16 02:00:00+00:00,66167.0
2024-06-16 03:00:00+00:00,66182.0
2024-06-16 04:00:00+00:00,66138.0
2024-06-16 05:00:00+00:00,66128.0
2024-06-16 06:00:00+00:00,66095.0
2024-06-16 07:00:00+00:00,66097.0
2024-06-16 08:00:00+00:00,66122.0
2024-06-16 09:00:00+00:00,66200.0
2024-06-16 10:00:00+00:00,66269.0
2024-06-16 11:00:00+00:00,66224.0
2024-06-16 12:00:00+00:00,66220.0
2024-06-16 13:00:00+00:00,66358.0
2024-06-16 14:00:00+00:00,66647.0
2024-06-16 15:00:00+00:00,66449.0
2024-06-16 16:00:00+00:00,66542.0
2024-06-16 17:00:00+00:00,66711.0
2024-06-16 18:00:00+00:00,66466.0
2024-06-16 19:00:00+00:00,66671.0
2024-06-16 20:00:00+00:00,66537.0
2024-06-16 21:00:00+00:00,66542.0
2024-06-16 22:00:00+00:00,66553.0
2024-06-16 23:00:00+00:00,66500.0
2024-06-17 00:00:00+00:00,66456.0
2024-06-17 01:00:00+00:00,66469.0
2024-06-17 02:00:00+00:00,66696.0
2024-06-17 03:00:00+00:00,66622.0
2024-06-17 04:00:00+00:00,66539.0
2024-06-17 05:00:00+00:00,66426.0
2024-06-17 06:00:00+00:00,66299.0
2024-06-17 07:00:00+00:00,66178.0
2024-06-17 08:00:00+00:00,66407.0
2024-06-17 09:00:00+00:00,66309.0
2024-06-17 10:00:00+00:00,66087.0
2024-06-17 11:00:00+00:00,66139.0
2024-06-17 12:00:00+00:00,66154.0
2024-06-17 13:00:00+00:00,65670.0
2024-06-17 14:00:00+00:00,65817.0
2024-06-17 15:00:00+00:00,65756.0
2024-06-17 16:00:00+00:00,65542.0
2024-06-17 17:00:00+00:00,65149.0
2024-06-17 18:00:00+00:00,65405.0
2024-06-17 19:00:00+00:00,65337.0
2024-06-17 20:00:00+00:00,65864.0
2024-06-17 21:00:00+00:00,66567.0
2024-06-17 22:00:00+00:00,67059.0
2024-06-17 23:00:00+00:00,66642.0
2024-06-18 00:00:00+00:00,66371.0
2024-06-18 01:00:00+00:00,66516.0
2024-06-18 02:00:00+00:00,66645.0
2024-06-18 03:00:00+00:00,66475.0
2024-06-18 04:00:00+00:00,65745.0
2024-06-18 05:00:00+00:00,65114.0
2024-06-18 06:00:00+00:00,65474.0
2024-06-18 07:00:00+00:00,65480.0
2024-06-18 08:00:00+00:00,65568.0
2024-06-18 09:00:00+00:00,65553.0
2024-06-18 10:00:00+00:00,65500.0
2024-06-18 11:00:00+00:00,65668.0
2024-06-18 12:00:00+00:00,65738.0
2024-06-18 13:00:00+00:00,65467.0
2024-06-18 14:00:00+00:00,65449.0
2024-06-18 15:00:00+00:00,65339.0
2024-06-18 16:00:00+00:00,65209.0
2024-06-18 17:00:00+00:00,64834.0
2024-06-18 18:00:00+00:00,64594.0
2024-06-18 19:00:00+00:00,64666.0
2024-06-18 20:00:00+00:00,64661.0
2024-06-18 21:00:00+00:00,64579.0
2024-06-18 22:00:00+00:00,64658.0
2024-06-18 23:00:00+00:00,64398.0
2024-06-19 00:00:00+00:00,64880.0
2024-06-19 01:00:00+00:00,65181.0
2024-06-19 02:00:00+00:00,65247.0
2024-06-19 03:00:00+00:00,65145.0
2024-06-19 04:00:00+00:00,65110.0
2024-06-19 05:00:00+00:00,65002.0
2024-06-19 06:00:00+00:00,65302.0
2024-06-19 07:00:00+00:00,65398.0
2024-06-19 08:00:00+00:00,65432.0
2024-06-19 09:00:00+00:00,65402.0
2024-06-19 10:00:00+00:00,65575.0
2024-06-19 11:00:00+00:00,65309.0
2024-06-19 12:00:00+00:00,65172.0
2024-06-19 13:00:00+00:00,65262.0
2024-06-19 14:00:00+00:00,65473.0
2024-06-19 15:00:00+00:00,65190.0
2024-06-19 16:00:00+00:00,65166.0
2024-06-19 17:00:00+00:00,65061.0
2024-06-19 18:00:00+00:00,64922.0
2024-06-19 19:00:00+00:00,64897.0
2024-06-19 20:00:00+00:00,64907.0
2024-06-19 21:00:00+00:00,65057.0
2024-06-19 22:00:00+00:00,64946.0
2024-06-19 23:00:00+00:00,64857.0
2024-06-20 00:00:00+00:00,64845.0
2024-06-20 01:00:00+00:00,64982.0
2024-06-20 02:00:00+00:00,64805.0
2024-06-20 03:00:00+00:00,64946.0
2024-06-20 04:00:00+00:00,65065.0
2024-06-20 05:00:00+00:00,65134.0
2024-06-20 06:00:00+00:00,65177.0
2024-06-20 07:00:00+00:00,65168.0
2024-06-20 08:00:00+00:00,65267.0
2024-06-20 09:00:00+00:00,65475.0
2024-06-20 10:00:00+00:00,65429.0
2024-06-20 11:00:00+00:00,65839.0
2024-06-20 12:00:00+00:00,65663.0
2024-06-20 13:00:00+00:00,65685.0
2024-06-20 14:00:00+00:00,66193.0
2024-06-20 15:00:00+00:00,66138.0
2024-06-20 16:00:00+00:00,65959.0
2024-06-20 17:00:00+00:00,65122.0
2024-06-20 18:00:00+00:00,64917.0
2024-06-20 19:00:00+00:00,64794.0
2024-06-20 20:00:00+00:00,64837.0
2024-06-20 21:00:00+00:00,64910.0
2024-06-20 22:00:00+00:00,65090.0
2024-06-20 23:00:00+00:00,64988.0
2024-06-21 00:00:00+00:00,65049.0
2024-06-21 01:00:00+00:00,65000.0
2024-06-21 02:00:00+00:00,64937.0
2024-06-21 03:00:00+00:00,64845.0
2024-06-21 04:00:00+00:00,64800.0
2024-06-21 05:00:00+00:00,64921.0
2024-06-21 06:00:00+00:00,64756.0
2024-06-21 07:00:00+00:00,64505.0
2024-06-21 08:00:00+00:00,64627.0
2024-06-21 09:00:00+00:00,64622.0
2024-06-21 10:00:00+00:00,64595.0
2024-06-21 11:00:00+00:00,64199.0
2024-06-21 12:00:00+00:00,63605.0
2024-06-21 13:00:00+00:00,64044.0
2024-06-21 14:00:00+00:00,63858.0
2024-06-21 15:00:00+00:00,63717.0
2024-06-21 16:00:00+00:00,63786.0
2024-06-21 17:00:00+00:00,63578.0
2024-06-21 18:00:00+00:00,64174.0
2024-06-21 19:00:00+00:00,63661.0
2024-06-21 20:00:00+00:00,63609.0
2024-06-21 21:00:00+00:00,63614.0
2024-06-21 22:00:00+00:00,64120.0
2024-06-21 23:00:00+00:00,64203.0
2024-06-22 00:00:00+00:00,64172.0
2024-06-22 01:00:00+00:00,64053.0
2024-06-22 02:00:00+00:00,64122.0
2024-06-22 03:00:00+00:00,64102.0
2024-06-22 04:00:00+00:00,64027.0
2024-06-22 05:00:00+00:00,64116.0
2024-06-22 06:00:00+00:00,64276.0
2024-06-22 07:00:00+00:00,64283.0
2024-06-22 08:00:00+00:00,64321.0
2024-06-22 09:00:00+00:00,64383.0
2024-06-22 10:00:00+00:00,64390.0
2024-06-22 11:00:00+00:00,64463.0
2024-06-22 12:00:00+00:00,64260.0
2024-06-22 13:00:00+00:00,64289.0
2024-06-22 14:00:00+00:00,64284.0
2024-06-22 15:00:00+00:00,64232.0
2024-06-22 16:00:00+00:00,64278.0
2024-06-22 17:00:00+00:00,64258.0
2024-06-22 18:00:00+00:00,64262.0
2024-06-22 19:00:00+00:00,64277.0
2024-06-22 20:00:00+00:00,64291.0
2024-06-22 21:00:00+00:00,64253.0
2024-06-22 22:00:00+00:00,64253.0
2024-06-22 23:00:00+00:00,64273.0
2024-06-23 00:00:00+00:00,64263.0
2024-06-23 01:00:00+00:00,64298.0
2024-06-23 02:00:00+00:00,64289.0
2024-06-23 03:00:00+00:00,64233.0
2024-06-23 04:00:00+00:00,64452.0
2024-06-23 05:00:00+00:00,64442.0
2024-06-23 06:00:00+00:00,64475.0
2024-06-23 07:00:00+00:00,64414.0
2024-06-23 08:00:00+00:00,64358.0
2024-06-23 09:00:00+00:00,64353.0
2024-06-23 10:00:00+00:00,64353.0
2024-06-23 11:00:00+00:00,64385.0
2024-06-23 12:00:00+00:00,64358.0
2024-06-23 13:00:00+00:00,64378.0
2024-06-23 14:00:00+00:00,64272.0
2024-06-23 15:00:00+00:00,64290.0
2024-06-23 16:00:00+00:00,64335.0
2024-06-23 17:00:00+00:00,64264.0
2024-06-23 18:00:00+00:00,64159.0
2024-06-23 19:00:00+00:00,64061.0
2024-06-23 20:00:00+00:00,63900.0
2024-06-23 21:00:00+00:00,64074.0
2024-06-23 22:00:00+00:00,64083.0
2024-06-23 23:00:00+00:00,64110.0
2024-06-24 00:00:00+00:00,63708.0
2024-06-24 01:00:00+00:00,63805.0
2024-06-24 02:00:00+00:00,63605.0
2024-06-24 03:00:00+00:00,63154.0
2024-06-24 04:00:00+00:00,63030.0
2024-06-24 05:00:00+00:00,63277.0
2024-06-24 06:00:00+00:00,62851.0
2024-06-24 07:00:00+00:00,62823.0
2024-06-24 08:00:00+00:00,62807.0
2024-06-24 09:00:00+00:00,62277.0
2024-06-24 10:00:00+00:00,62358.0
2024-06-24 11:00:00+00:00,62394.0
2024-06-24 12:00:00+00:00,62664.0
2024-06-24 13:00:00+00:00,61361.0
2024-06-24 14:00:00+00:00,61134.0
2024-06-24 15:00:00+00:00,61276.0
2024-06-24 16:00:00+00:00,61156.0
2024-06-24 17:00:00+00:00,61551.0
2024-06-24 18:00:00+00:00,61260.0
2024-06-24 19:00:00+00:00,60801.0
2024-06-24 20:00:00+00:00,60135.0
2024-06-24 21:00:00+00:00,60197.0
2024-06-24 22:00:00+00:00,60385.0
2024-06-24 23:00:00+00:00,59269.0
2024-06-25 00:00:00+00:00,59479.0
2024-06-25 01:00:00+00:00,60025.0
2024-06-25 02:00:00+00:00,60016.0
2024-06-25 03:00:00+00:00,60252.0
2024-06-25 04:00:00+00:00,60368.0
2024-06-25 05:00:00+00:00,60469.0
2024-06-25 06:00:00+00:00,60659.0
2024-06-25 07:00:00+00:00,61287.0
2024-06-25 08:00:00+00:00,61350.0
2024-06-25 09:00:00+00:00,60989.0
2024-06-25 10:00:00+00:00,61114.0
2024-06-25 11:00:00+00:00,60630.0
2024-06-25 12:00:00+00:00,60821.0
2024-06-25 13:00:00+00:00,61421.0
2024-06-25 14:00:00+00:00,61273.0
2024-06-25 15:00:00+00:00,61156.0
2024-06-25 16:00:00+00:00,61006.0
2024-06-25 17:00:00+00:00,61151.0
2024-06-25 18:00:00+00:00,61742.0
2024-06-25 19:00:00+00:00,61797.0
2024-06-25 20:00:00+00:00,61381.0
2024-06-25 21:00:00+00:00,61405.0
2024-06-25 22:00:00+00:00,62144.0
2024-06-25 23:00:00+00:00,61984.0
2024-06-26 00:00:00+00:00,61913.0
2024-06-26 01:00:00+00:00,61908.0
2024-06-26 02:00:00+00:00,61910.0
2024-06-26 03:00:00+00:00,61789.0
2024-06-26 04:00:00+00:00,61759.0
2024-06-26 05:00:00+00:00,62083.0
2024-06-26 06:00:00+00:00,62002.0
2024-06-26 07:00:00+00:00,61922.0
2024-06-26 08:00:00+00:00,61708.0
2024-06-26 09:00:00+00:00,61573.0
2024-06-26 10:00:00+00:00,61565.0
2024-06-26 11:00:00+00:00,61729.0
2024-06-26 12:00:00+00:00,61458.0
2024-06-26 13:00:00+00:00,61376.0
2024-06-26 14:00:00+00:00,61244.0
2024-06-26 15:00:00+00:00,61427.0
2024-06-26 16:00:00+00:00,61404.0
2024-06-26 17:00:00+00:00,61727.0
2024-06-26 18:00:00+00:00,61725.0
2024-06-26 19:00:00+00:00,61405.0
2024-06-26 20:00:00+00:00,61239.0
2024-06-26 21:00:00+00:00,61206.0
2024-06-26 22:00:00+00:00,60888.0
2024-06-26 23:00:00+00:00,60955.0
2024-06-27 00:00:00+00:00,60947.0
2024-06-27 01:00:00+00:00,61006.0
2024-06-27 02:00:00+00:00,60880.0
2024-06-27 03:00:00+00:00,60807.0
2024-06-27 04:00:00+00:00,60931.0
2024-06-27 05:00:00+00:00,61004.0
2024-06-27 06:00:00+00:00,60992.0
2024-06-27 07:00:00+00:00,60989.0
2024-06-27 08:00:00+00:00,61035.0
2024-06-27 09:00:00+00:00,60757.0
2024-06-27 10:00:00+00:00,60682.0
2024-06-27 11:00:00+00:00,60735.0
2024-06-27 12:00:00+00:00,60801.0
2024-06-27 13:00:00+00:00,61218.0
2024-06-27 14:00:00+00:00,61050.0
2024-06-27 15:00:00+00:00,61134.0
2024-06-27 16:00:00+00:00,61277.0
2024-06-27 17:00:00+00:00,61929.0
2024-06-27 18:00:00+00:00,61684.0
2024-06-27 19:00:00+00:00,61516.0
2024-06-27 20:00:00+00:00,61641.0
2024-06-27 21:00:00+00:00,61780.0
2024-06-27 22:00:00+00:00,61816.0
2024-06-27 23:00:00+00:00,61368.0
2024-06-28 00:00:00+00:00,61409.0
2024-06-28 01:00:00+00:00,61453.0
2024-06-28 02:00:00+00:00,61565.0
2024-06-28 03:00:00+00:00,61622.0
2024-06-28 04:00:00+00:00,61497.0
2024-06-28 05:00:00+00:00,62015.0
2024-06-28 06:00:00+00:00,61675.0
2024-06-28 07:00:00+00:00,61773.0
2024-06-28 08:00:00+00:00,61678.0
2024-06-28 09:00:00+00:00,61523.0
2024-06-28 10:00:00+00:00,61525.0
2024-06-28 11:00:00+00:00,61274.0
2024-06-28 12:00:00+00:00,61407.0
2024-06-28 13:00:00+00:00,61476.0
2024-06-28 14:00:00+00:00,61468.0
2024-06-28 15:00:00+00:00,61609.0
2024-06-28 16:00:00+00:00,61314.0
2024-06-28 17:00:00+00:00,61246.0
2024-06-28 18:00:00+00:00,60825.0
2024-06-28 19:00:00+00:00,60951.0
2024-06-28 20:00:00+00:00,60810.0
2024-06-28 21:00:00+00:00,60719.0
2024-06-28 22:00:00+00:00,60737.0
2024-06-28 23:00:00+00:00,59969.0
2024-06-29 00:00:00+00:00,60119.0
2024-06-29 01:00:00+00:00,60234.0
2024-06-29 02:00:00+00:00,60249.0
2024-06-29 03:00:00+00:00,60315.0
2024-06-29 04:00:00+00:00,60643.0
2024-06-29 05:00:00+00:00,60795.0
2024-06-29 06:00:00+00:00,60663.0
2024-06-29 07:00:00+00:00,60655.0
2024-06-29 08:00:00+00:00,60671.0
2024-06-29 09:00:00+00:00,60687.0
2024-06-29 10:00:00+00:00,60763.0
2024-06-29 11:00:00+00:00,60931.0
2024-06-29 12:00:00+00:00,60886.0
2024-06-29 13:00:00+00:00,60872.0
2024-06-29 14:00:00+00:00,60895.0
2024-06-29 15:00:00+00:00,60999.0
2024-06-29 16:00:00+00:00,60953.0
2024-06-29 17:00:00+00:00,61002.0
2024-06-29 18:00:00+00:00,60919.0
2024-06-29 19:00:00+00:00,60991.0
2024-06-29 20:00:00+00:00,60911.0
2024-06-29 21:00:00+00:00,60941.0
2024-06-29 22:00:00+00:00,60961.0
2024-06-29 23:00:00+00:00,60959.0
2024-06-30 00:00:00+00:00,60944.0
2024-06-30 01:00:00+00:00,60946.0
2024-06-30 02:00:00+00:00,60874.0
2024-06-30 03:00:00+00:00,60879.0
2024-06-30 04:00:00+00:00,60922.0
2024-06-30 05:00:00+00:00,60867.0
2024-06-30 06:00:00+00:00,60737.0
2024-06-30 07:00:00+00:00,60803.0
2024-06-30 08:00:00+00:00,60680.0
2024-06-30 09:00:00+00:00,60689.0
2024-06-30 10:00:00+00:00,60911.0
2024-06-30 11:00:00+00:00,61409.0
2024-06-30 12:00:00+00:00,61418.0
2024-06-30 13:00:00+00:00,61403.0
2024-06-30 14:00:00+00:00,61394.0
2024-06-30 15:00:00+00:00,61434.0
2024-06-30 16:00:00+00:00,61385.0
2024-06-30 17:00:00+00:00,61617.0
2024-06-30 18:00:00+00:00,61480.0
2024-06-30 19:00:00+00:00,61596.0
2024-06-30 20:00:00+00:00,61505.0
2024-06-30 21:00:00+00:00,61606.0
2024-06-30 22:00:00+00:00,61961.0
2024-06-30 23:00:00+00:00,61940.0
2024-07-01 00:00:00+00:00,61885.0
2024-07-01 01:00:00+00:00,61848.0
2024-07-01 02:00:00+00:00,62807.0
2024-07-01 03:00:00+00:00,62676.0
2024-07-01 04:00:00+00:00,62851.0
2024-07-01 05:00:00+00:00,63551.0
2024-07-01 06:00:00+00:00,63362.0
2024-07-01 07:00:00+00:00,63368.0
2024-07-01 08:00:00+00:00,63215.0
2024-07-01 09:00:00+00:00,63373.0
2024-07-01 10:00:00+00:00,63348.0
2024-07-01 11:00:00+00:00,63210.0
2024-07-01 12:00:00+00:00,62846.0
2024-07-01 13:00:00+00:00,62864.0
2024-07-01 14:00:00+00:00,62782.0
2024-07-01 15:00:00+00:00,62586.0
2024-07-01 16:00:00+00:00,62811.0
2024-07-01 17:00:00+00:00,62583.0
2024-07-01 18:00:00+00:00,62734.0
2024-07-01 19:00:00+00:00,63011.0
2024-07-01 20:00:00+00:00,63035.0
2024-07-01 21:00:00+00:00,63595.0
2024-07-01 22:00:00+00:00,63579.0
2024-07-01 23:00:00+00:00,63180.0
2024-07-02 00:00:00+00:00,63251.0
2024-07-02 01:00:00+00:00,63080.0
2024-07-02 02:00:00+00:00,62913.0
2024-07-02 03:00:00+00:00,62829.0
2024-07-02 04:00:00+00:00,62852.0
2024-07-02 05:00:00+00:00,62859.0
2024-07-02 06:00:00+00:00,62933.0
2024-07-02 07:00:00+00:00,63065.0
2024-07-02 08:00:00+00:00,62978.0
2024-07-02 09:00:00+00:00,62951.0
2024-07-02 10:00:00+00:00,62783.0
2024-07-02 11:00:00+00:00,62531.0
2024-07-02 12:00:00+00:00,62576.0
2024-07-02 13:00:00+00:00,62552.0
2024-07-02 14:00:00+00:00,62624.0
2024-07-02 15:00:00+00:00,62739.0
2024-07-02 16:00:00+00:00,62797.0
2024-07-02 17:00:00+00:00,62539.0
2024-07-02 18:00:00+00:00,61966.0
2024-07-02 19:00:00+00:00,61860.0
2024-07-02 20:00:00+00:00,61847.0
2024-07-02 21:00:00+00:00,62064.0
2024-07-02 22:00:00+00:00,62249.0
2024-07-02 23:00:00+00:00,61830.0
2024-07-03 00:00:00+00:00,61934.0
2024-07-03 01:00:00+00:00,61869.0
2024-07-03 02:00:00+00:00,62001.0
2024-07-03 03:00:00+00:00,62033.0
2024-07-03 04:00:00+00:00,62010.0
2024-07-03 05:00:00+00:00,61535.0
2024-07-03 06:00:00+00:00,61269.0
2024-07-03 07:00:00+00:00,60881.0
2024-07-03 08:00:00+00:00,60793.0
2024-07-03 09:00:00+00:00,61020.0
2024-07-03 10:00:00+00:00,60932.0
2024-07-03 11:00:00+00:00,60775.0
2024-07-03 12:00:00+00:00,60408.0
2024-07-03 13:00:00+00:00,60513.0
2024-07-03 14:00:00+00:00,60290.0
2024-07-03 15:00:00+00:00,60309.0
2024-07-03 16:00:00+00:00,59944.0
2024-07-03 17:00:00+00:00,60473.0
2024-07-03 18:00:00+00:00,60202.0
2024-07-03 19:00:00+00:00,60100.0
2024-07-03 20:00:00+00:00,60419.0
2024-07-03 21:00:00+00:00,60309.0
2024-07-03 22:00:00+00:00,60181.0
2024-07-03 23:00:00+00:00,59630.0
2024-07-04 00:00:00+00:00,59511.0
2024-07-04 01:00:00+00:00,60178.0
2024-07-04 02:00:00+00:00,60247.0
2024-07-04 03:00:00+00:00,60142.0
2024-07-04 04:00:00+00:00,60370.0
2024-07-04 05:00:00+00:00,58538.0
2024-07-04 06:00:00+00:00,58929.0
2024-07-04 07:00:00+00:00,59065.0
2024-07-04 08:00:00+00:00,58936.0
2024-07-04 09:00:00+00:00,58859.0
2024-07-04 10:00:00+00:00,58764.0
2024-07-04 11:00:00+00:00,58167.0
2024-07-04 12:00:00+00:00,57645.0
2024-07-04 13:00:00+00:00,57709.0
2024-07-04 14:00:00+00:00,57896.0
2024-07-04 15:00:00+00:00,57723.0
2024-07-04 16:00:00+00:00,57218.0
2024-07-04 17:00:00+00:00,57362.0
2024-07-04 18:00:00+00:00,57407.0
2024-07-04 19:00:00+00:00,58091.0
2024-07-04 20:00:00+00:00,58256.0
2024-07-04 21:00:00+00:00,58195.0
2024-07-04 22:00:00+00:00,58130.0
2024-07-04 23:00:00+00:00,58246.0
2024-07-05 00:00:00+00:00,58329.0
2024-07-05 01:00:00+00:00,58470.0
2024-07-05 02:00:00+00:00,58027.0
2024-07-05 03:00:00+00:00,57045.0
2024-07-05 04:00:00+00:00,57338.0
2024-07-05 05:00:00+00:00,57151.0
2024-07-05 06:00:00+00:00,55773.0
2024-07-05 07:00:00+00:00,55195.0
2024-07-05 08:00:00+00:00,53921.0
2024-07-05 09:00:00+00:00,54774.0
2024-07-05 10:00:00+00:00,54284.0
2024-07-05 11:00:00+00:00,54400.0
2024-07-05 12:00:00+00:00,54051.0
2024-07-05 13:00:00+00:00,54497.0
2024-07-05 14:00:00+00:00,54978.0
2024-07-05 15:00:00+00:00,55476.0
2024-07-05 16:00:00+00:00,55053.0
2024-07-05 17:00:00+00:00,55839.0
2024-07-05 18:00:00+00:00,55761.0
2024-07-05 19:00:00+00:00,56658.0
2024-07-05 20:00:00+00:00,56454.0
2024-07-05 21:00:00+00:00,56448.0
2024-07-05 22:00:00+00:00,56574.0
2024-07-05 23:00:00+00:00,56457.0
2024-07-06 00:00:00+00:00,56364.0
2024-07-06 01:00:00+00:00,56523.0
2024-07-06 02:00:00+00:00,56636.0
2024-07-06 03:00:00+00:00,56632.0
2024-07-06 04:00:00+00:00,56611.0
2024-07-06 05:00:00+00:00,56218.0
2024-07-06 06:00:00+00:00,56438.0
2024-07-06 07:00:00+00:00,56416.0
2024-07-06 08:00:00+00:00,56068.0
2024-07-06 09:00:00+00:00,56366.0
2024-07-06 10:00:00+00:00,56444.0
2024-07-06 11:00:00+00:00,56617.0
2024-07-06 12:00:00+00:00,56572.0
2024-07-06 13:00:00+00:00,56768.0
2024-07-06 14:00:00+00:00,56788.0
2024-07-06 15:00:00+00:00,56774.0
2024-07-06 16:00:00+00:00,56775.0
2024-07-06 17:00:00+00:00,56980.0
2024-07-06 18:00:00+00:00,57069.0
2024-07-06 19:00:00+00:00,57309.0
2024-07-06 20:00:00+00:00,57859.0
2024-07-06 21:00:00+00:00,57972.0
2024-07-06 22:00:00+00:00,57793.0
2024-07-06 23:00:00+00:00,57868.0
2024-07-07 00:00:00+00:00,57979.0
2024-07-07 01:00:00+00:00,57880.0
2024-07-07 02:00:00+00:00,58115.0
2024-07-07 03:00:00+00:00,58251.0
2024-07-07 04:00:00+00:00,57968.0
2024-07-07 05:00:00+00:00,58121.0
2024-07-07 06:00:00+00:00,58359.0
2024-07-07 07:00:00+00:00,57973.0
2024-07-07 08:00:00+00:00,57602.0
2024-07-07 09:00:00+00:00,57638.0
2024-07-07 10:00:00+00:00,57653.0
2024-07-07 11:00:00+00:00,57372.0
2024-07-07 12:00:00+00:00,57635.0
2024-07-07 13:00:00+00:00,57723.0
2024-07-07 14:00:00+00:00,57503.0
2024-07-07 15:00:00+00:00,57450.0
2024-07-07 16:00:00+00:00,57343.0
2024-07-07 17:00:00+00:00,56880.0
2024-07-07 18:00:00+00:00,56750.0
2024-07-07 19:00:00+00:00,56822.0
2024-07-07 20:00:00+00:00,57110.0
2024-07-07 21:00:00+00:00,57197.0
2024-07-07 22:00:00+00:00,57155.0
2024-07-07 23:00:00+00:00,57146.0
2024-07-08 00:00:00+00:00,57290.0
2024-07-08 01:00:00+00:00,56598.0
2024-07-08 02:00:00+00:00,56392.0
2024-07-08 03:00:00+00:00,55829.0
2024-07-08 04:00:00+00:00,55098.0
2024-07-08 05:00:00+00:00,54949.0
2024-07-08 06:00:00+00:00,55383.0
2024-07-08 07:00:00+00:00,55165.0
2024-07-08 08:00:00+00:00,55480.0
2024-07-08 09:00:00+00:00,55470.0
2024-07-08 10:00:00+00:00,55637.0
2024-07-08 11:00:00+00:00,55862.0
2024-07-08 12:00:00+00:00,57769.0
2024-07-08 13:00:00+00:00,57516.0
2024-07-08 14:00:00+00:00,56818.0
2024-07-08 15:00:00+00:00,57143.0
2024-07-08 16:00:00+00:00,57138.0
2024-07-08 17:00:00+00:00,57199.0
2024-07-08 18:00:00+00:00,56154.0
2024-07-08 19:00:00+00:00,55745.0
2024-07-08 20:00:00+00:00,55789.0
2024-07-08 21:00:00+00:00,56287.0
2024-07-08 22:00:00+00:00,56280.0
2024-07-08 23:00:00+00:00,56487.0
2024-07-09 00:00:00+00:00,56254.0
2024-07-09 01:00:00+00:00,56654.0
2024-07-09 02:00:00+00:00,56678.0
2024-07-09 03:00:00+00:00,56710.0
2024-07-09 04:00:00+00:00,56527.0
2024-07-09 05:00:00+00:00,56570.0
2024-07-09 06:00:00+00:00,57260.0
2024-07-09 07:00:00+00:00,57154.0
2024-07-09 08:00:00+00:00,57307.0
2024-07-09 09:00:00+00:00,57317.0
2024-07-09 10:00:00+00:00,57482.0
2024-07-09 11:00:00+00:00,57098.0
2024-07-09 12:00:00+00:00,57592.0
2024-07-09 13:00:00+00:00,57593.0
2024-07-09 14:00:00+00:00,57412.0
2024-07-09 15:00:00+00:00,57432.0
2024-07-09 16:00:00+00:00,57342.0
2024-07-09 17:00:00+00:00,57316.0
2024-07-09 18:00:00+00:00,57088.0
2024-07-09 19:00:00+00:00,57476.0
2024-07-09 20:00:00+00:00,57696.0
2024-07-09 21:00:00+00:00,57527.0
2024-07-09 22:00:00+00:00,57912.0
2024-07-09 23:00:00+00:00,57859.0
2024-07-10 00:00:00+00:00,57917.0
2024-07-10 01:00:00+00:00,57797.0
2024-07-10 02:00:00+00:00,57942.0
2024-07-10 03:00:00+00:00,58033.0
2024-07-10 04:00:00+00:00,57494.0
2024-07-10 05:00:00+00:00,57806.0
2024-07-10 06:00:00+00:00,57890.0
2024-07-10 07:00:00+00:00,58163.0
2024-07-10 08:00:00+00:00,59350.0
2024-07-10 09:00:00+00:00,59001.0
2024-07-10 10:00:00+00:00,59259.0
2024-07-10 11:00:00+00:00,58972.0
2024-07-10 12:00:00+00:00,58756.0
2024-07-10 13:00:00+00:00,58482.0
2024-07-10 14:00:00+00:00,58661.0
2024-07-10 15:00:00+00:00,58484.0
2024-07-10 16:00:00+00:00,58133.0
2024-07-10 17:00:00+00:00,57711.0
2024-07-10 18:00:00+00:00,57703.0
2024-07-10 19:00:00+00:00,57704.0
2024-07-10 20:00:00+00:00,57694.0
2024-07-10 21:00:00+00:00,57629.0
2024-07-10 22:00:00+00:00,57624.0
2024-07-10 23:00:00+00:00,57385.0
2024-07-11 00:00:00+00:00,57401.0
2024-07-11 01:00:00+00:00,57476.0
2024-07-11 02:00:00+00:00,57716.0
2024-07-11 03:00:00+00:00,57733.0
2024-07-11 04:00:00+00:00,57619.0
2024-07-11 05:00:00+00:00,58286.0
2024-07-11 06:00:00+00:00,57850.0
2024-07-11 07:00:00+00:00,57558.0
2024-07-11 08:00:00+00:00,57765.0
2024-07-11 09:00:00+00:00,58003.0
2024-07-11 10:00:00+00:00,57995.0
2024-07-11 11:00:00+00:00,58184.0
2024-07-11 12:00:00+00:00,58144.0
2024-07-11 13:00:00+00:00,58278.0
2024-07-11 14:00:00+00:00,58433.0
2024-07-11 15:00:00+00:00,58789.0
2024-07-11 16:00:00+00:00,58817.0
2024-07-11 17:00:00+00:00,58568.0
2024-07-11 18:00:00+00:00,57797.0
2024-07-11 19:00:00+00:00,57408.0
2024-07-11 20:00:00+00:00,57652.0
2024-07-11 21:00:00+00:00,57803.0
2024-07-11 22:00:00+00:00,57843.0
2024-07-11 23:00:00+00:00,57374.0
2024-07-12 00:00:00+00:00,57558.0
2024-07-12 01:00:00+00:00,57467.0
2024-07-12 02:00:00+00:00,57329.0
2024-07-12 03:00:00+00:00,57348.0
2024-07-12 04:00:00+00:00,57176.0
2024-07-12 05:00:00+00:00,56952.0
2024-07-12 06:00:00+00:00,57343.0
2024-07-12 07:00:00+00:00,56918.0
2024-07-12 08:00:00+00:00,57024.0
2024-07-12 09:00:00+00:00,57042.0
2024-07-12 10:00:00+00:00,57228.0
2024-07-12 11:00:00+00:00,57115.0
2024-07-12 12:00:00+00:00,57320.0
2024-07-12 13:00:00+00:00,56951.0
2024-07-12 14:00:00+00:00,57195.0
2024-07-12 15:00:00+00:00,57208.0
2024-07-12 16:00:00+00:00,57391.0
2024-07-12 17:00:00+00:00,57867.0
2024-07-12 18:00:00+00:00,57841.0
2024-07-12 19:00:00+00:00,58185.0
2024-07-12 20:00:00+00:00,58165.0
2024-07-12 21:00:00+00:00,58177.0
2024-07-12 22:00:00+00:00,58325.0
2024-07-12 23:00:00+00:00,57607.0
2024-07-13 00:00:00+00:00,57549.0
2024-07-13 01:00:00+00:00,57628.0
2024-07-13 02:00:00+00:00,57801.0
2024-07-13 03:00:00+00:00,57889.0
2024-07-13 04:00:00+00:00,57856.0
2024-07-13 05:00:00+00:00,57890.0
2024-07-13 06:00:00+00:00,57967.0
2024-07-13 07:00:00+00:00,57825.0
2024-07-13 08:00:00+00:00,57800.0
2024-07-13 09:00:00+00:00,58098.0
2024-07-13 10:00:00+00:00,58059.0
2024-07-13 11:00:00+00:00,58168.0
2024-07-13 12:00:00+00:00,57973.0
2024-07-13 13:00:00+00:00,58680.0
2024-07-13 14:00:00+00:00,58459.0
2024-07-13 15:00:00+00:00,58546.0
2024-07-13 16:00:00+00:00,58779.0
2024-07-13 17:00:00+00:00,58626.0
2024-07-13 18:00:00+00:00,58806.0
2024-07-13 19:00:00+00:00,58846.0
2024-07-13 20:00:00+00:00,58630.0
2024-07-13 21:00:00+00:00,58697.0
2024-07-13 22:00:00+00:00,58668.0
2024-07-13 23:00:00+00:00,58653.0
2024-07-14 00:00:00+00:00,58620.0
2024-07-14 01:00:00+00:00,58708.0
2024-07-14 02:00:00+00:00,59494.0
2024-07-14 03:00:00+00:00,59226.0
2024-07-14 04:00:00+00:00,59776.0
2024-07-14 05:00:00+00:00,59714.0
2024-07-14 06:00:00+00:00,59378.0
2024-07-14 07:00:00+00:00,59483.0
2024-07-14 08:00:00+00:00,59975.0
2024-07-14 09:00:00+00:00,60272.0
2024-07-14 10:00:00+00:00,59876.0
2024-07-14 11:00:00+00:00,60078.0
2024-07-14 12:00:00+00:00,60232.0
2024-07-14 13:00:00+00:00,60217.0
2024-07-14 14:00:00+00:00,59953.0
2024-07-14 15:00:00+00:00,60117.0
2024-07-14 16:00:00+00:00,59616.0
2024-07-14 17:00:00+00:00,59701.0
2024-07-14 18:00:00+00:00,60026.0
2024-07-14 19:00:00+00:00,60103.0
2024-07-14 20:00:00+00:00,60123.0
2024-07-14 21:00:00+00:00,60033.0
2024-07-14 22:00:00+00:00,60052.0
2024-07-14 23:00:00+00:00,59942.0
2024-07-15 00:00:00+00:00,60106.0
2024-07-15 01:00:00+00:00,61330.0
2024-07-15 02:00:00+00:00,60889.0
2024-07-15 03:00:00+00:00,60823.0
2024-07-15 04:00:00+00:00,61237.0
2024-07-15 05:00:00+00:00,61392.0
2024-07-15 06:00:00+00:00,62539.0
2024-07-15 07:00:00+00:00,62692.0
2024-07-15 08:00:00+00:00,62635.0
2024-07-15 09:00:00+00:00,62843.0
2024-07-15 10:00:00+00:00,62903.0
2024-07-15 11:00:00+00:00,62895.0
2024-07-15 12:00:00+00:00,62900.0
2024-07-15 13:00:00+00:00,62670.0
2024-07-15 14:00:00+00:00,62552.0
2024-07-15 15:00:00+00:00,62474.0
2024-07-15 16:00:00+00:00,62647.0
2024-07-15 17:00:00+00:00,62940.0
2024-07-15 18:00:00+00:00,63267.0
2024-07-15 19:00:00+00:00,63071.0
2024-07-15 20:00:00+00:00,63501.0
2024-07-15 21:00:00+00:00,63138.0
2024-07-15 22:00:00+00:00,63568.0
2024-07-15 23:00:00+00:00,63418.0
2024-07-16 00:00:00+00:00,63784.0
2024-07-16 01:00:00+00:00,63566.0
2024-07-16 02:00:00+00:00,64339.0
2024-07-16 03:00:00+00:00,64769.0
2024-07-16 04:00:00+00:00,64655.0
2024-07-16 05:00:00+00:00,64877.0
2024-07-16 06:00:00+00:00,64862.0
2024-07-16 07:00:00+00:00,64791.0
2024-07-16 08:00:00+00:00,64533.0
2024-07-16 09:00:00+00:00,63655.0
2024-07-16 10:00:00+00:00,62914.0
2024-07-16 11:00:00+00:00,62948.0
2024-07-16 12:00:00+00:00,62830.0
2024-07-16 13:00:00+00:00,63190.0
2024-07-16 14:00:00+00:00,63464.0
2024-07-16 15:00:00+00:00,63763.0
2024-07-16 16:00:00+00:00,63779.0
2024-07-16 17:00:00+00:00,63446.0
2024-07-16 18:00:00+00:00,63860.0
2024-07-16 19:00:00+00:00,64910.0
2024-07-16 20:00:00+00:00,64510.0
2024-07-16 21:00:00+00:00,64578.0
2024-07-16 22:00:00+00:00,64791.0
2024-07-16 23:00:00+00:00,65202.0
2024-07-17 00:00:00+00:00,64679.0
2024-07-17 01:00:00+00:00,64523.0
2024-07-17 02:00:00+00:00,64647.0
2024-07-17 03:00:00+00:00,65081.0
2024-07-17 04:00:00+00:00,65548.0
2024-07-17 05:00:00+00:00,65710.0
2024-07-17 06:00:00+00:00,65642.0
2024-07-17 07:00:00+00:00,65736.0
2024-07-17 08:00:00+00:00,65867.0
2024-07-17 09:00:00+00:00,65683.0
2024-07-17 10:00:00+00:00,65606.0
2024-07-17 11:00:00+00:00,65289.0
2024-07-17 12:00:00+00:00,65212.0
2024-07-17 13:00:00+00:00,65342.0
2024-07-17 14:00:00+00:00,65146.0
2024-07-17 15:00:00+00:00,64719.0
2024-07-17 16:00:00+00:00,64751.0
2024-07-17 17:00:00+00:00,65231.0
2024-07-17 18:00:00+00:00,65062.0
2024-07-17 19:00:00+00:00,64763.0
2024-07-17 20:00:00+00:00,64270.0
2024-07-17 21:00:00+00:00,64299.0
2024-07-17 22:00:00+00:00,64517.0
2024-07-17 23:00:00+00:00,64574.0
2024-07-18 00:00:00+00:00,64528.0
2024-07-18 01:00:00+00:00,64332.0
2024-07-18 02:00:00+00:00,64277.0
2024-07-18 03:00:00+00:00,64091.0
2024-07-18 04:00:00+00:00,64445.0
2024-07-18 05:00:00+00:00,64669.0
2024-07-18 06:00:00+00:00,64695.0
2024-07-18 07:00:00+00:00,64873.0
2024-07-18 08:00:00+00:00,64574.0
2024-07-18 09:00:00+00:00,64741.0
2024-07-18 10:00:00+00:00,65008.0
2024-07-18 11:00:00+00:00,64668.0
2024-07-18 12:00:00+00:00,64951.0
2024-07-18 13:00:00+00:00,64872.0
2024-07-18 14:00:00+00:00,64599.0
2024-07-18 15:00:00+00:00,64763.0
2024-07-18 16:00:00+00:00,64866.0
2024-07-18 17:00:00+00:00,64601.0
2024-07-18 18:00:00+00:00,64008.0
2024-07-18 19:00:00+00:00,63559.0
2024-07-18 20:00:00+00:00,63898.0
2024-07-18 21:00:00+00:00,63556.0
2024-07-18 22:00:00+00:00,63519.0
2024-07-18 23:00:00+00:00,63504.0
2024-07-19 00:00:00+00:00,63836.0
2024-07-19 01:00:00+00:00,63844.0
2024-07-19 02:00:00+00:00,64026.0
2024-07-19 03:00:00+00:00,63964.0
2024-07-19 04:00:00+00:00,63598.0
2024-07-19 05:00:00+00:00,63807.0
2024-07-19 06:00:00+00:00,63813.0
2024-07-19 07:00:00+00:00,64308.0
2024-07-19 08:00:00+00:00,64137.0
2024-07-19 09:00:00+00:00,64148.0
2024-07-19 10:00:00+00:00,64197.0
2024-07-19 11:00:00+00:00,63702.0
2024-07-19 12:00:00+00:00,63788.0
2024-07-19 13:00:00+00:00,63697.0
2024-07-19 14:00:00+00:00,63988.0
2024-07-19 15:00:00+00:00,64095.0
2024-07-19 16:00:00+00:00,64431.0
2024-07-19 17:00:00+00:00,65151.0
2024-07-19 18:00:00+00:00,65749.0
2024-07-19 19:00:00+00:00,65844.0
2024-07-19 20:00:00+00:00,66469.0
2024-07-19 21:00:00+00:00,66782.0
2024-07-19 22:00:00+00:00,66815.0
2024-07-19 23:00:00+00:00,67226.0
2024-07-20 00:00:00+00:00,66987.0
2024-07-20 01:00:00+00:00,66940.0
2024-07-20 02:00:00+00:00,66755.0
2024-07-20 03:00:00+00:00,66705.0
2024-07-20 04:00:00+00:00,66466.0
2024-07-20 05:00:00+00:00,66401.0
2024-07-20 06:00:00+00:00,66623.0
2024-07-20 07:00:00+00:00,66644.0
2024-07-20 08:00:00+00:00,66697.0
2024-07-20 09:00:00+00:00,66584.0
2024-07-20 10:00:00+00:00,66666.0
2024-07-20 11:00:00+00:00,66608.0
2024-07-20 12:00:00+00:00,66552.0
2024-07-20 13:00:00+00:00,66623.0
2024-07-20 14:00:00+00:00,66571.0
2024-07-20 15:00:00+00:00,66519.0
2024-07-20 16:00:00+00:00,66512.0
2024-07-20 17:00:00+00:00,66558.0
2024-07-20 18:00:00+00:00,66617.0
2024-07-20 19:00:00+00:00,66847.0
2024-07-20 20:00:00+00:00,66850.0
2024-07-20 21:00:00+00:00,67443.0
2024-07-20 22:00:00+00:00,67508.0
2024-07-20 23:00:00+00:00,67261.0
2024-07-21 00:00:00+00:00,67376.0
2024-07-21 01:00:00+00:00,67132.0
2024-07-21 02:00:00+00:00,67142.0
2024-07-21 03:00:00+00:00,67155.0
2024-07-21 04:00:00+00:00,67096.0
2024-07-21 05:00:00+00:00,67312.0
2024-07-21 06:00:00+00:00,67305.0
2024-07-21 07:00:00+00:00,67202.0
2024-07-21 08:00:00+00:00,67074.0
2024-07-21 09:00:00+00:00,67081.0
2024-07-21 10:00:00+00:00,66733.0
2024-07-21 11:00:00+00:00,66722.0
2024-07-21 12:00:00+00:00,66829.0
2024-07-21 13:00:00+00:00,66996.0
2024-07-21 14:00:00+00:00,66822.0
2024-07-21 15:00:00+00:00,66897.0
2024-07-21 16:00:00+00:00,66959.0
2024-07-21 17:00:00+00:00,66790.0
2024-07-21 18:00:00+00:00,67315.0
2024-07-21 19:00:00+00:00,67199.0
2024-07-21 20:00:00+00:00,67579.0
2024-07-21 21:00:00+00:00,66655.0
2024-07-21 22:00:00+00:00,66896.0
2024-07-21 23:00:00+00:00,67460.0
2024-07-22 00:00:00+00:00,67711.0
2024-07-22 01:00:00+00:00,68223.0
2024-07-22 02:00:00+00:00,68021.0
2024-07-22 03:00:00+00:00,68158.0
2024-07-22 04:00:00+00:00,68207.0
2024-07-22 05:00:00+00:00,67868.0
2024-07-22 06:00:00+00:00,68086.0
2024-07-22 07:00:00+00:00,67895.0
2024-07-22 08:00:00+00:00,67929.0
2024-07-22 09:00:00+00:00,67622.0
2024-07-22 10:00:00+00:00,67408.0
2024-07-22 11:00:00+00:00,67250.0
2024-07-22 12:00:00+00:00,67095.0
2024-07-22 13:00:00+00:00,67417.0
2024-07-22 14:00:00+00:00,67424.0
2024-07-22 15:00:00+00:00,67526.0
2024-07-22 16:00:00+00:00,67702.0
2024-07-22 17:00:00+00:00,67104.0
2024-07-22 18:00:00+00:00,66700.0
2024-07-22 19:00:00+00:00,67071.0
2024-07-22 20:00:00+00:00,67071.0
2024-07-22 21:00:00+00:00,67489.0
2024-07-22 22:00:00+00:00,67474.0
2024-07-22 23:00:00+00:00,68233.0
2024-07-23 00:00:00+00:00,68151.0
2024-07-23 01:00:00+00:00,67881.0
2024-07-23 02:00:00+00:00,67663.0
2024-07-23 03:00:00+00:00,67562.0
2024-07-23 04:00:00+00:00,67509.0
2024-07-23 05:00:00+00:00,67422.0
2024-07-23 06:00:00+00:00,67657.0
2024-07-23 07:00:00+00:00,67472.0
2024-07-23 08:00:00+00:00,66935.0
2024-07-23 09:00:00+00:00,66441.0
2024-07-23 10:00:00+00:00,66528.0
2024-07-23 11:00:00+00:00,66577.0
2024-07-23 12:00:00+00:00,66885.0
2024-07-23 13:00:00+00:00,66945.0
2024-07-23 14:00:00+00:00,66878.0
2024-07-23 15:00:00+00:00,66691.0
2024-07-23 16:00:00+00:00,66502.0
2024-07-23 17:00:00+00:00,66101.0
2024-07-23 18:00:00+00:00,67238.0
2024-07-23 19:00:00+00:00,66615.0
2024-07-23 20:00:00+00:00,65886.0
2024-07-23 21:00:00+00:00,65948.0
2024-07-23 22:00:00+00:00,65879.0
2024-07-23 23:00:00+00:00,65547.0
2024-07-24 00:00:00+00:00,65864.0
2024-07-24 01:00:00+00:00,65896.0
2024-07-24 02:00:00+00:00,65926.0
2024-07-24 03:00:00+00:00,65944.0
2024-07-24 04:00:00+00:00,65791.0
2024-07-24 05:00:00+00:00,65688.0
2024-07-24 06:00:00+00:00,65879.0
2024-07-24 07:00:00+00:00,66053.0
2024-07-24 08:00:00+00:00,65859.0
2024-07-24 09:00:00+00:00,65823.0
2024-07-24 10:00:00+00:00,65901.0
2024-07-24 11:00:00+00:00,66063.0
2024-07-24 12:00:00+00:00,66445.0
2024-07-24 13:00:00+00:00,66428.0
2024-07-24 14:00:00+00:00,66494.0
2024-07-24 15:00:00+00:00,66380.0
2024-07-24 16:00:00+00:00,66231.0
2024-07-24 17:00:00+00:00,66360.0
2024-07-24 18:00:00+00:00,66768.0
2024-07-24 19:00:00+00:00,66189.0
2024-07-24 20:00:00+00:00,66408.0
2024-07-24 21:00:00+00:00,66600.0
2024-07-24 22:00:00+00:00,65754.0
2024-07-24 23:00:00+00:00,65611.0
2024-07-25 00:00:00+00:00,66039.0
2024-07-25 01:00:00+00:00,65640.0
2024-07-25 02:00:00+00:00,65293.0
2024-07-25 03:00:00+00:00,65376.0
2024-07-25 04:00:00+00:00,65508.0
2024-07-25 05:00:00+00:00,64444.0
2024-07-25 06:00:00+00:00,64186.0
2024-07-25 07:00:00+00:00,64075.0
2024-07-25 08:00:00+00:00,64205.0
2024-07-25 09:00:00+00:00,64254.0
2024-07-25 10:00:00+00:00,64310.0
2024-07-25 11:00:00+00:00,64112.0
2024-07-25 12:00:00+00:00,64326.0
2024-07-25 13:00:00+00:00,64288.0
2024-07-25 14:00:00+00:00,64136.0
2024-07-25 15:00:00+00:00,64093.0
2024-07-25 16:00:00+00:00,64083.0
2024-07-25 17:00:00+00:00,64014.0
2024-07-25 18:00:00+00:00,64801.0
2024-07-25 19:00:00+00:00,64763.0
2024-07-25 20:00:00+00:00,64844.0
2024-07-25 21:00:00+00:00,65030.0
2024-07-25 22:00:00+00:00,64549.0
2024-07-25 23:00:00+00:00,64662.0
2024-07-26 00:00:00+00:00,65271.0
2024-07-26 01:00:00+00:00,65830.0
2024-07-26 02:00:00+00:00,65639.0
2024-07-26 03:00:00+00:00,65796.0
2024-07-26 04:00:00+00:00,66383.0
2024-07-26 05:00:00+00:00,66421.0
2024-07-26 06:00:00+00:00,66970.0
2024-07-26 07:00:00+00:00,67043.0
2024-07-26 08:00:00+00:00,67072.0
2024-07-26 09:00:00+00:00,66914.0
2024-07-26 10:00:00+00:00,67052.0
2024-07-26 11:00:00+00:00,66910.0
2024-07-26 12:00:00+00:00,67101.0
2024-07-26 13:00:00+00:00,67301.0
2024-07-26 14:00:00+00:00,67308.0
2024-07-26 15:00:00+00:00,67299.0
2024-07-26 16:00:00+00:00,67311.0
2024-07-26 17:00:00+00:00,67886.0
2024-07-26 18:00:00+00:00,67337.0
2024-07-26 19:00:00+00:00,67564.0
2024-07-26 20:00:00+00:00,67401.0
2024-07-26 21:00:00+00:00,67375.0
2024-07-26 22:00:00+00:00,67577.0
2024-07-26 23:00:00+00:00,68013.0
2024-07-27 00:00:00+00:00,67463.0
2024-07-27 01:00:00+00:00,67959.0
2024-07-27 02:00:00+00:00,67938.0
2024-07-27 03:00:00+00:00,67921.0
2024-07-27 04:00:00+00:00,67884.0
2024-07-27 05:00:00+00:00,67674.0
2024-07-27 06:00:00+00:00,68034.0
2024-07-27 07:00:00+00:00,67810.0
2024-07-27 08:00:00+00:00,67870.0
2024-07-27 09:00:00+00:00,67908.0
2024-07-27 10:00:00+00:00,68093.0
2024-07-27 11:00:00+00:00,68060.0
2024-07-27 12:00:00+00:00,68000.0
2024-07-27 13:00:00+00:00,68224.0
2024-07-27 14:00:00+00:00,68170.0
2024-07-27 15:00:00+00:00,68233.0
2024-07-27 16:00:00+00:00,68420.0
2024-07-27 17:00:00+00:00,69241.0
2024-07-27 18:00:00+00:00,68985.0
2024-07-27 19:00:00+00:00,68864.0
2024-07-27 20:00:00+00:00,68700.0
2024-07-27 21:00:00+00:00,68554.0
2024-07-27 22:00:00+00:00,68629.0
2024-07-27 23:00:00+00:00,68281.0
2024-07-28 00:00:00+00:00,67758.0
2024-07-28 01:00:00+00:00,68855.0
2024-07-28 02:00:00+00:00,68623.0
2024-07-28 03:00:00+00:00,67892.0
2024-07-28 04:00:00+00:00,67960.0
2024-07-28 05:00:00+00:00,68092.0
2024-07-28 06:00:00+00:00,68149.0
2024-07-28 07:00:00+00:00,67937.0
2024-07-28 08:00:00+00:00,67340.0
2024-07-28 09:00:00+00:00,67423.0
2024-07-28 10:00:00+00:00,67481.0
2024-07-28 11:00:00+00:00,67569.0
2024-07-28 12:00:00+00:00,67365.0
2024-07-28 13:00:00+00:00,67430.0
2024-07-28 14:00:00+00:00,67568.0
2024-07-28 15:00:00+00:00,67833.0
2024-07-28 16:00:00+00:00,68020.0
2024-07-28 17:00:00+00:00,67993.0
2024-07-28 18:00:00+00:00,67753.0
2024-07-28 19:00:00+00:00,67643.0
2024-07-28 20:00:00+00:00,67670.0
2024-07-28 21:00:00+00:00,67977.0
2024-07-28 22:00:00+00:00,68229.0
2024-07-28 23:00:00+00:00,68107.0
2024-07-29 00:00:00+00:00,68006.0
2024-07-29 01:00:00+00:00,68026.0
2024-07-29 02:00:00+00:00,68010.0
2024-07-29 03:00:00+00:00,68264.0
2024-07-29 04:00:00+00:00,68726.0
2024-07-29 05:00:00+00:00,68555.0
2024-07-29 06:00:00+00:00,69533.0
2024-07-29 07:00:00+00:00,69347.0
2024-07-29 08:00:00+00:00,69337.0
2024-07-29 09:00:00+00:00,69697.0
2024-07-29 10:00:00+00:00,69591.0
2024-07-29 11:00:00+00:00,69519.0
2024-07-29 12:00:00+00:00,69457.0
2024-07-29 13:00:00+00:00,69514.0
2024-07-29 14:00:00+00:00,69625.0
2024-07-29 15:00:00+00:00,69577.0
2024-07-29 16:00:00+00:00,69805.0
2024-07-29 17:00:00+00:00,69253.0
2024-07-29 18:00:00+00:00,68202.0
2024-07-29 19:00:00+00:00,68086.0
2024-07-29 20:00:00+00:00,66921.0
2024-07-29 21:00:00+00:00,66992.0
2024-07-29 22:00:00+00:00,67413.0
2024-07-29 23:00:00+00:00,67279.0
2024-07-30 00:00:00+00:00,67375.0
2024-07-30 01:00:00+00:00,67492.0
2024-07-30 02:00:00+00:00,67223.0
2024-07-30 03:00:00+00:00,66780.0
2024-07-30 04:00:00+00:00,66598.0
2024-07-30 05:00:00+00:00,66196.0
2024-07-30 06:00:00+00:00,66412.0
2024-07-30 07:00:00+00:00,66610.0
2024-07-30 08:00:00+00:00,66798.0
2024-07-30 09:00:00+00:00,66480.0
2024-07-30 10:00:00+00:00,66760.0
2024-07-30 11:00:00+00:00,66935.0
2024-07-30 12:00:00+00:00,66766.0
2024-07-30 13:00:00+00:00,66599.0
2024-07-30 14:00:00+00:00,66571.0
2024-07-30 15:00:00+00:00,66572.0
2024-07-30 16:00:00+00:00,66651.0
2024-07-30 17:00:00+00:00,66379.0
2024-07-30 18:00:00+00:00,65785.0
2024-07-30 19:00:00+00:00,66194.0
2024-07-30 20:00:00+00:00,66156.0
2024-07-30 21:00:00+00:00,65849.0
2024-07-30 22:00:00+00:00,65814.0
2024-07-30 23:00:00+00:00,65871.0
2024-07-31 00:00:00+00:00,66165.0
2024-07-31 01:00:00+00:00,66295.0
2024-07-31 02:00:00+00:00,66208.0
2024-07-31 03:00:00+00:00,66171.0
2024-07-31 04:00:00+00:00,66341.0
2024-07-31 05:00:00+00:00,66290.0
2024-07-31 06:00:00+00:00,66113.0
2024-07-31 07:00:00+00:00,66061.0
2024-07-31 08:00:00+00:00,65784.0
2024-07-31 09:00:00+00:00,66139.0
2024-07-31 10:00:00+00:00,66443.0
2024-07-31 11:00:00+00:00,66194.0
2024-07-31 12:00:00+00:00,66295.0
2024-07-31 13:00:00+00:00,66225.0
2024-07-31 14:00:00+00:00,65956.0
2024-07-31 15:00:00+00:00,66067.0
2024-07-31 16:00:00+00:00,66106.0
2024-07-31 17:00:00+00:00,66487.0
2024-07-31 18:00:00+00:00,66418.0
2024-07-31 19:00:00+00:00,66360.0
2024-07-31 20:00:00+00:00,66346.0
2024-07-31 21:00:00+00:00,66630.0
2024-07-31 22:00:00+00:00,66503.0
2024-07-31 23:00:00+00:00,65243.0
2024-08-01 00:00:00+00:00,64554.0
2024-08-01 01:00:00+00:00,64960.0
2024-08-01 02:00:00+00:00,64966.0
2024-08-01 03:00:00+00:00,64612.0
2024-08-01 04:00:00+00:00,64614.0
2024-08-01 05:00:00+00:00,64194.0
2024-08-01 06:00:00+00:00,64090.0
2024-08-01 07:00:00+00:00,63914.0
2024-08-01 08:00:00+00:00,63700.0
2024-08-01 09:00:00+00:00,64249.0
2024-08-01 10:00:00+00:00,64196.0
2024-08-01 11:00:00+00:00,64302.0
2024-08-01 12:00:00+00:00,64470.0
2024-08-01 13:00:00+00:00,64438.0
2024-08-01 14:00:00+00:00,64549.0
2024-08-01 15:00:00+00:00,64643.0
2024-08-01 16:00:00+00:00,64862.0
2024-08-01 17:00:00+00:00,64703.0
2024-08-01 18:00:00+00:00,63908.0
2024-08-01 19:00:00+00:00,62849.0
2024-08-01 20:00:00+00:00,62860.0
2024-08-01 21:00:00+00:00,63148.0
2024-08-01 22:00:00+00:00,62865.0
2024-08-01 23:00:00+00:00,63389.0
2024-08-02 00:00:00+00:00,64686.0
2024-08-02 01:00:00+00:00,64818.0
2024-08-02 02:00:00+00:00,65141.0
2024-08-02 03:00:00+00:00,65293.0
2024-08-02 04:00:00+00:00,64849.0
2024-08-02 05:00:00+00:00,64622.0
2024-08-02 06:00:00+00:00,64298.0
2024-08-02 07:00:00+00:00,64552.0
2024-08-02 08:00:00+00:00,64466.0
2024-08-02 09:00:00+00:00,64116.0
2024-08-02 10:00:00+00:00,64414.0
2024-08-02 11:00:00+00:00,64131.0
2024-08-02 12:00:00+00:00,64530.0
2024-08-02 13:00:00+00:00,64461.0
2024-08-02 14:00:00+00:00,64709.0
2024-08-02 15:00:00+00:00,64607.0
2024-08-02 16:00:00+00:00,64811.0
2024-08-02 17:00:00+00:00,65174.0
2024-08-02 18:00:00+00:00,63075.0
2024-08-02 19:00:00+00:00,63354.0
2024-08-02 20:00:00+00:00,63244.0
2024-08-02 21:00:00+00:00,63036.0
2024-08-02 22:00:00+00:00,62828.0
2024-08-02 23:00:00+00:00,62551.0
2024-08-03 00:00:00+00:00,62534.0
2024-08-03 01:00:00+00:00,61918.0
2024-08-03 02:00:00+00:00,61302.0
2024-08-03 03:00:00+00:00,61421.0
2024-08-03 04:00:00+00:00,61097.0
2024-08-03 05:00:00+00:00,61251.0
2024-08-03 06:00:00+00:00,61369.0
2024-08-03 07:00:00+00:00,61836.0
2024-08-03 08:00:00+00:00,61489.0
2024-08-03 09:00:00+00:00,61633.0
2024-08-03 10:00:00+00:00,61769.0
2024-08-03 11:00:00+00:00,61626.0
2024-08-03 12:00:00+00:00,61565.0
2024-08-03 13:00:00+00:00,61692.0
2024-08-03 14:00:00+00:00,61779.0
2024-08-03 15:00:00+00:00,61881.0
2024-08-03 16:00:00+00:00,61965.0
2024-08-03 17:00:00+00:00,61975.0
2024-08-03 18:00:00+00:00,61956.0
2024-08-03 19:00:00+00:00,60884.0
2024-08-03 20:00:00+00:00,60865.0
2024-08-03 21:00:00+00:00,60525.0
2024-08-03 22:00:00+00:00,60198.0
2024-08-03 23:00:00+00:00,60206.0
2024-08-04 00:00:00+00:00,60353.0
2024-08-04 01:00:00+00:00,60598.0
2024-08-04 02:00:00+00:00,60582.0
2024-08-04 03:00:00+00:00,60672.0
2024-08-04 04:00:00+00:00,60706.0
2024-08-04 05:00:00+00:00,60703.0
2024-08-04 06:00:00+00:00,60830.0
2024-08-04 07:00:00+00:00,60711.0
2024-08-04 08:00:00+00:00,60544.0
2024-08-04 09:00:00+00:00,60757.0
2024-08-04 10:00:00+00:00,60800.0
2024-08-04 11:00:00+00:00,60324.0
2024-08-04 12:00:00+00:00,60529.0
2024-08-04 13:00:00+00:00,60681.0
2024-08-04 14:00:00+00:00,60781.0
2024-08-04 15:00:00+00:00,60873.0
2024-08-04 16:00:00+00:00,61033.0
2024-08-04 17:00:00+00:00,60816.0
2024-08-04 18:00:00+00:00,59549.0
2024-08-04 19:00:00+00:00,59022.0
2024-08-04 20:00:00+00:00,58619.0
2024-08-04 21:00:00+00:00,57841.0
2024-08-04 22:00:00+00:00,58758.0
2024-08-04 23:00:00+00:00,59240.0
2024-08-05 00:00:00+00:00,59116.0
2024-08-05 01:00:00+00:00,58500.0
2024-08-05 02:00:00+00:00,58696.0
2024-08-05 03:00:00+00:00,58142.0
2024-08-05 04:00:00+00:00,56098.0
2024-08-05 05:00:00+00:00,54427.0
2024-08-05 06:00:00+00:00,54693.0
2024-08-05 07:00:00+00:00,53893.0
2024-08-05 08:00:00+00:00,53540.0
2024-08-05 09:00:00+00:00,52739.0
2024-08-05 10:00:00+00:00,51589.0
2024-08-05 11:00:00+00:00,52694.0
2024-08-05 12:00:00+00:00,52770.0
2024-08-05 13:00:00+00:00,52658.0
2024-08-05 14:00:00+00:00,51435.0
2024-08-05 15:00:00+00:00,51344.0
2024-08-05 16:00:00+00:00,49814.0
2024-08-05 17:00:00+00:00,52000.0
2024-08-05 18:00:00+00:00,54092.0
2024-08-05 19:00:00+00:00,54385.0
2024-08-05 20:00:00+00:00,54088.0
2024-08-05 21:00:00+00:00,54770.0
2024-08-05 22:00:00+00:00,53142.0
2024-08-05 23:00:00+00:00,53483.0
2024-08-06 00:00:00+00:00,54407.0
2024-08-06 01:00:00+00:00,54396.0
2024-08-06 02:00:00+00:00,54706.0
2024-08-06 03:00:00+00:00,54014.0
2024-08-06 04:00:00+00:00,56052.0
2024-08-06 05:00:00+00:00,55739.0
2024-08-06 06:00:00+00:00,55868.0
2024-08-06 07:00:00+00:00,55689.0
2024-08-06 08:00:00+00:00,55527.0
2024-08-06 09:00:00+00:00,55965.0
2024-08-06 10:00:00+00:00,55822.0
2024-08-06 11:00:00+00:00,56061.0
2024-08-06 12:00:00+00:00,55022.0
2024-08-06 13:00:00+00:00,55232.0
2024-08-06 14:00:00+00:00,55083.0
2024-08-06 15:00:00+00:00,55243.0
2024-08-06 16:00:00+00:00,54798.0
2024-08-06 17:00:00+00:00,55211.0
2024-08-06 18:00:00+00:00,56147.0
2024-08-06 19:00:00+00:00,56436.0
2024-08-06 20:00:00+00:00,56806.0
2024-08-06 21:00:00+00:00,56552.0
2024-08-06 22:00:00+00:00,56739.0
2024-08-06 23:00:00+00:00,56796.0
2024-08-07 00:00:00+00:00,56568.0
2024-08-07 01:00:00+00:00,56492.0
2024-08-07 02:00:00+00:00,56216.0
2024-08-07 03:00:00+00:00,56053.0
2024-08-07 04:00:00+00:00,56282.0
2024-08-07 05:00:00+00:00,56967.0
2024-08-07 06:00:00+00:00,56798.0
2024-08-07 07:00:00+00:00,56918.0
2024-08-07 08:00:00+00:00,57091.0
2024-08-07 09:00:00+00:00,56836.0
2024-08-07 10:00:00+00:00,56878.0
2024-08-07 11:00:00+00:00,56959.0
2024-08-07 12:00:00+00:00,57370.0
2024-08-07 13:00:00+00:00,57384.0
2024-08-07 14:00:00+00:00,57362.0
2024-08-07 15:00:00+00:00,56994.0
2024-08-07 16:00:00+00:00,57337.0
2024-08-07 17:00:00+00:00,56862.0
2024-08-07 18:00:00+00:00,56096.0
2024-08-07 19:00:00+00:00,56106.0
2024-08-07 20:00:00+00:00,56142.0
2024-08-07 21:00:00+00:00,55591.0
2024-08-07 22:00:00+00:00,54795.0
2024-08-07 23:00:00+00:00,54762.0
2024-08-08 00:00:00+00:00,55158.0
2024-08-08 01:00:00+00:00,55444.0
2024-08-08 02:00:00+00:00,55293.0
2024-08-08 03:00:00+00:00,55136.0
2024-08-08 04:00:00+00:00,55311.0
2024-08-08 05:00:00+00:00,56868.0
2024-08-08 06:00:00+00:00,57380.0
2024-08-08 07:00:00+00:00,57069.0
2024-08-08 08:00:00+00:00,56781.0
2024-08-08 09:00:00+00:00,56988.0
2024-08-08 10:00:00+00:00,57243.0
2024-08-08 11:00:00+00:00,57206.0
2024-08-08 12:00:00+00:00,57246.0
2024-08-08 13:00:00+00:00,57361.0
2024-08-08 14:00:00+00:00,57398.0
2024-08-08 15:00:00+00:00,57337.0
2024-08-08 16:00:00+00:00,57946.0
2024-08-08 17:00:00+00:00,57281.0
2024-08-08 18:00:00+00:00,58961.0
2024-08-08 19:00:00+00:00,59443.0
2024-08-08 20:00:00+00:00,59599.0
2024-08-08 21:00:00+00:00,59501.0
2024-08-08 22:00:00+00:00,59375.0
2024-08-08 23:00:00+00:00,59462.0
2024-08-09 00:00:00+00:00,59555.0
2024-08-09 01:00:00+00:00,61156.0
2024-08-09 02:00:00+00:00,62348.0
2024-08-09 03:00:00+00:00,61699.0
2024-08-09 04:00:00+00:00,61238.0
2024-08-09 05:00:00+00:00,61420.0
2024-08-09 06:00:00+00:00,61285.0
2024-08-09 07:00:00+00:00,61369.0
2024-08-09 08:00:00+00:00,60737.0
2024-08-09 09:00:00+00:00,61002.0
2024-08-09 10:00:00+00:00,60905.0
2024-08-09 11:00:00+00:00,60881.0
2024-08-09 12:00:00+00:00,61093.0
2024-08-09 13:00:00+00:00,60772.0
2024-08-09 14:00:00+00:00,60620.0
2024-08-09 15:00:00+00:00,60668.0
2024-08-09 16:00:00+00:00,60574.0
2024-08-09 17:00:00+00:00,60469.0
2024-08-09 18:00:00+00:00,60371.0
2024-08-09 19:00:00+00:00,59832.0
2024-08-09 20:00:00+00:00,60470.0
2024-08-09 21:00:00+00:00,60212.0
2024-08-09 22:00:00+00:00,60335.0
2024-08-09 23:00:00+00:00,60698.0
2024-08-10 00:00:00+00:00,60757.0
2024-08-10 01:00:00+00:00,60788.0
2024-08-10 02:00:00+00:00,60795.0
2024-08-10 03:00:00+00:00,60860.0
2024-08-10 04:00:00+00:00,60563.0
2024-08-10 05:00:00+00:00,60491.0
2024-08-10 06:00:00+00:00,60560.0
2024-08-10 07:00:00+00:00,60452.0
2024-08-10 08:00:00+00:00,60427.0
2024-08-10 09:00:00+00:00,60372.0
2024-08-10 10:00:00+00:00,60482.0
2024-08-10 11:00:00+00:00,60858.0
2024-08-10 12:00:00+00:00,60756.0
2024-08-10 13:00:00+00:00,60912.0
2024-08-10 14:00:00+00:00,60818.0
2024-08-10 15:00:00+00:00,60936.0
2024-08-10 16:00:00+00:00,60754.0
2024-08-10 17:00:00+00:00,60446.0
2024-08-10 18:00:00+00:00,60601.0
2024-08-10 19:00:00+00:00,60534.0
2024-08-10 20:00:00+00:00,60683.0
2024-08-10 21:00:00+00:00,60783.0
2024-08-10 22:00:00+00:00,60974.0
2024-08-10 23:00:00+00:00,61023.0
2024-08-11 00:00:00+00:00,61003.0
2024-08-11 01:00:00+00:00,61093.0
2024-08-11 02:00:00+00:00,60943.0
2024-08-11 03:00:00+00:00,60952.0
2024-08-11 04:00:00+00:00,61121.0
2024-08-11 05:00:00+00:00,61136.0
2024-08-11 06:00:00+00:00,61043.0
2024-08-11 07:00:00+00:00,61102.0
2024-08-11 08:00:00+00:00,60922.0
2024-08-11 09:00:00+00:00,61140.0
2024-08-11 10:00:00+00:00,61127.0
2024-08-11 11:00:00+00:00,61262.0
2024-08-11 12:00:00+00:00,61286.0
2024-08-11 13:00:00+00:00,61117.0
2024-08-11 14:00:00+00:00,61062.0
2024-08-11 15:00:00+00:00,60697.0
2024-08-11 16:00:00+00:00,60511.0
2024-08-11 17:00:00+00:00,60480.0
2024-08-11 18:00:00+00:00,60317.0
2024-08-11 19:00:00+00:00,60144.0
2024-08-11 20:00:00+00:00,60202.0
2024-08-11 21:00:00+00:00,60303.0
2024-08-11 22:00:00+00:00,60287.0
2024-08-11 23:00:00+00:00,59631.0
2024-08-12 00:00:00+00:00,58520.0
2024-08-12 01:00:00+00:00,59047.0
2024-08-12 02:00:00+00:00,59009.0
2024-08-12 03:00:00+00:00,58725.0
2024-08-12 04:00:00+00:00,58460.0
2024-08-12 05:00:00+00:00,58582.0
2024-08-12 06:00:00+00:00,58711.0
2024-08-12 07:00:00+00:00,58508.0
2024-08-12 08:00:00+00:00,58508.0
2024-08-12 09:00:00+00:00,58580.0
2024-08-12 10:00:00+00:00,58426.0
2024-08-12 11:00:00+00:00,58675.0
2024-08-12 12:00:00+00:00,58365.0
2024-08-12 13:00:00+00:00,58316.0
2024-08-12 14:00:00+00:00,58974.0
2024-08-12 15:00:00+00:00,59887.0
2024-08-12 16:00:00+00:00,59737.0
2024-08-12 17:00:00+00:00,58210.0
2024-08-12 18:00:00+00:00,60298.0
2024-08-12 19:00:00+00:00,60200.0
2024-08-12 20:00:00+00:00,59618.0
2024-08-12 21:00:00+00:00,59317.0
2024-08-12 22:00:00+00:00,58545.0
2024-08-12 23:00:00+00:00,59051.0
2024-08-13 00:00:00+00:00,58870.0
2024-08-13 01:00:00+00:00,58975.0
2024-08-13 02:00:00+00:00,59066.0
2024-08-13 03:00:00+00:00,59362.0
2024-08-13 04:00:00+00:00,59795.0
2024-08-13 05:00:00+00:00,59749.0
2024-08-13 06:00:00+00:00,59494.0
2024-08-13 07:00:00+00:00,59070.0
2024-08-13 08:00:00+00:00,59239.0
2024-08-13 09:00:00+00:00,59220.0
2024-08-13 10:00:00+00:00,59385.0
2024-08-13 11:00:00+00:00,59240.0
2024-08-13 12:00:00+00:00,59104.0
2024-08-13 13:00:00+00:00,58961.0
2024-08-13 14:00:00+00:00,58693.0
2024-08-13 15:00:00+00:00,58851.0
2024-08-13 16:00:00+00:00,59148.0
2024-08-13 17:00:00+00:00,59415.0
2024-08-13 18:00:00+00:00,59673.0
2024-08-13 19:00:00+00:00,59496.0
2024-08-13 20:00:00+00:00,61187.0
2024-08-13 21:00:00+00:00,61194.0
2024-08-13 22:00:00+00:00,60820.0
2024-08-13 23:00:00+00:00,60851.0
2024-08-14 00:00:00+00:00,60579.0
2024-08-14 01:00:00+00:00,61041.0
2024-08-14 02:00:00+00:00,60600.0
2024-08-14 03:00:00+00:00,60620.0
2024-08-14 04:00:00+00:00,60813.0
2024-08-14 05:00:00+00:00,60563.0
2024-08-14 06:00:00+00:00,60835.0
2024-08-14 07:00:00+00:00,60983.0
2024-08-14 08:00:00+00:00,60964.0
2024-08-14 09:00:00+00:00,60864.0
2024-08-14 10:00:00+00:00,60886.0
2024-08-14 11:00:00+00:00,60927.0
2024-08-14 12:00:00+00:00,60922.0
2024-08-14 13:00:00+00:00,60884.0
2024-08-14 14:00:00+00:00,61141.0
2024-08-14 15:00:00+00:00,61303.0
2024-08-14 16:00:00+00:00,61114.0
2024-08-14 17:00:00+00:00,59648.0
2024-08-14 18:00:00+00:00,59519.0
2024-08-14 19:00:00+00:00,59450.0
2024-08-14 20:00:00+00:00,59154.0
2024-08-14 21:00:00+00:00,59203.0
2024-08-14 22:00:00+00:00,59000.0
2024-08-14 23:00:00+00:00,58921.0
2024-08-15 00:00:00+00:00,59148.0
2024-08-15 01:00:00+00:00,58907.0
2024-08-15 02:00:00+00:00,58986.0
2024-08-15 03:00:00+00:00,58697.0
2024-08-15 04:00:00+00:00,59000.0
2024-08-15 05:00:00+00:00,58230.0
2024-08-15 06:00:00+00:00,58419.0
2024-08-15 07:00:00+00:00,58446.0
2024-08-15 08:00:00+00:00,58396.0
2024-08-15 09:00:00+00:00,58323.0
2024-08-15 10:00:00+00:00,58102.0
2024-08-15 11:00:00+00:00,58046.0
2024-08-15 12:00:00+00:00,58375.0
2024-08-15 13:00:00+00:00,58430.0
2024-08-15 14:00:00+00:00,58369.0
2024-08-15 15:00:00+00:00,58747.0
2024-08-15 16:00:00+00:00,58805.0
2024-08-15 17:00:00+00:00,59452.0
2024-08-15 18:00:00+00:00,59399.0
2024-08-15 19:00:00+00:00,59711.0
2024-08-15 20:00:00+00:00,59549.0
2024-08-15 21:00:00+00:00,58916.0
2024-08-15 22:00:00+00:00,57902.0
2024-08-15 23:00:00+00:00,57051.0
2024-08-16 00:00:00+00:00,56670.0
2024-08-16 01:00:00+00:00,57636.0
2024-08-16 02:00:00+00:00,57625.0
2024-08-16 03:00:00+00:00,57557.0
2024-08-16 04:00:00+00:00,57469.0
2024-08-16 05:00:00+00:00,57536.0
2024-08-16 06:00:00+00:00,58187.0
2024-08-16 07:00:00+00:00,57893.0
2024-08-16 08:00:00+00:00,58307.0
2024-08-16 09:00:00+00:00,58204.0
2024-08-16 10:00:00+00:00,58545.0
2024-08-16 11:00:00+00:00,58461.0
2024-08-16 12:00:00+00:00,58371.0
2024-08-16 13:00:00+00:00,58654.0
2024-08-16 14:00:00+00:00,58444.0
2024-08-16 15:00:00+00:00,58418.0
2024-08-16 16:00:00+00:00,57875.0
2024-08-16 17:00:00+00:00,58315.0
2024-08-16 18:00:00+00:00,58026.0
2024-08-16 19:00:00+00:00,58086.0
2024-08-16 20:00:00+00:00,58585.0
2024-08-16 21:00:00+00:00,59222.0
2024-08-16 22:00:00+00:00,59468.0
2024-08-16 23:00:00+00:00,59695.0
2024-08-17 00:00:00+00:00,59313.0
2024-08-17 01:00:00+00:00,59030.0
2024-08-17 02:00:00+00:00,58996.0
2024-08-17 03:00:00+00:00,58883.0
2024-08-17 04:00:00+00:00,59189.0
2024-08-17 05:00:00+00:00,59240.0
2024-08-17 06:00:00+00:00,59156.0
2024-08-17 07:00:00+00:00,59163.0
2024-08-17 08:00:00+00:00,59228.0
2024-08-17 09:00:00+00:00,59177.0
2024-08-17 10:00:00+00:00,59167.0
2024-08-17 11:00:00+00:00,59267.0
2024-08-17 12:00:00+00:00,59286.0
2024-08-17 13:00:00+00:00,59313.0
2024-08-17 14:00:00+00:00,59120.0
2024-08-17 15:00:00+00:00,59143.0
2024-08-17 16:00:00+00:00,59236.0
2024-08-17 17:00:00+00:00,59328.0
2024-08-17 18:00:00+00:00,59551.0
2024-08-17 19:00:00+00:00,59395.0
2024-08-17 20:00:00+00:00,59615.0
2024-08-17 21:00:00+00:00,59433.0
2024-08-17 22:00:00+00:00,59411.0
2024-08-17 23:00:00+00:00,59473.0
2024-08-18 00:00:00+00:00,59394.0
2024-08-18 01:00:00+00:00,59310.0
2024-08-18 02:00:00+00:00,59321.0
2024-08-18 03:00:00+00:00,59487.0
2024-08-18 04:00:00+00:00,59692.0
2024-08-18 05:00:00+00:00,59438.0
2024-08-18 06:00:00+00:00,60113.0
2024-08-18 07:00:00+00:00,59349.0
2024-08-18 08:00:00+00:00,59463.0
2024-08-18 09:00:00+00:00,59492.0
2024-08-18 10:00:00+00:00,59583.0
2024-08-18 11:00:00+00:00,59561.0
2024-08-18 12:00:00+00:00,59706.0
2024-08-18 13:00:00+00:00,59890.0
2024-08-18 14:00:00+00:00,59887.0
2024-08-18 15:00:00+00:00,60022.0
2024-08-18 16:00:00+00:00,59988.0
2024-08-18 17:00:00+00:00,59858.0
2024-08-18 18:00:00+00:00,59820.0
2024-08-18 19:00:00+00:00,59863.0
2024-08-18 20:00:00+00:00,59836.0
2024-08-18 21:00:00+00:00,59539.0
2024-08-18 22:00:00+00:00,59607.0
2024-08-18 23:00:00+00:00,59718.0
2024-08-19 00:00:00+00:00,59813.0
2024-08-19 01:00:00+00:00,59451.0
2024-08-19 02:00:00+00:00,59352.0
2024-08-19 03:00:00+00:00,58430.0
2024-08-19 04:00:00+00:00,58362.0
2024-08-19 05:00:00+00:00,58559.0
2024-08-19 06:00:00+00:00,58719.0
2024-08-19 07:00:00+00:00,58747.0
2024-08-19 08:00:00+00:00,58574.0
2024-08-19 09:00:00+00:00,58479.0
2024-08-19 10:00:00+00:00,58576.0
2024-08-19 11:00:00+00:00,58519.0
2024-08-19 12:00:00+00:00,58618.0
2024-08-19 13:00:00+00:00,58030.0
2024-08-19 14:00:00+00:00,58066.0
2024-08-19 15:00:00+00:00,58402.0
2024-08-19 16:00:00+00:00,58427.0
2024-08-19 17:00:00+00:00,58249.0
2024-08-19 18:00:00+00:00,58623.0
2024-08-19 19:00:00+00:00,58557.0
2024-08-19 20:00:00+00:00,58716.0
2024-08-19 21:00:00+00:00,59031.0
2024-08-19 22:00:00+00:00,59041.0
2024-08-19 23:00:00+00:00,58974.0
2024-08-20 00:00:00+00:00,59129.0
2024-08-20 01:00:00+00:00,58976.0
2024-08-20 02:00:00+00:00,59258.0
2024-08-20 03:00:00+00:00,59497.0
2024-08-20 04:00:00+00:00,60503.0
2024-08-20 05:00:00+00:00,60480.0
2024-08-20 06:00:00+00:00,60572.0
2024-08-20 07:00:00+00:00,60661.0
2024-08-20 08:00:00+00:00,60940.0
2024-08-20 09:00:00+00:00,61156.0
2024-08-20 10:00:00+00:00,60991.0
2024-08-20 11:00:00+00:00,60940.0
2024-08-20 12:00:00+00:00,60791.0
2024-08-20 13:00:00+00:00,60886.0
2024-08-20 14:00:00+00:00,60748.0
2024-08-20 15:00:00+00:00,60545.0
2024-08-20 16:00:00+00:00,60717.0
2024-08-20 17:00:00+00:00,60915.0
2024-08-20 18:00:00+00:00,59470.0
2024-08-20 19:00:00+00:00,58830.0
2024-08-20 20:00:00+00:00,58817.0
2024-08-20 21:00:00+00:00,59041.0
2024-08-20 22:00:00+00:00,59198.0
2024-08-20 23:00:00+00:00,59473.0
2024-08-21 00:00:00+00:00,59304.0
2024-08-21 01:00:00+00:00,59304.0
2024-08-21 02:00:00+00:00,59360.0
2024-08-21 03:00:00+00:00,59012.0
2024-08-21 04:00:00+00:00,59005.0
2024-08-21 05:00:00+00:00,59275.0
2024-08-21 06:00:00+00:00,59365.0
2024-08-21 07:00:00+00:00,59303.0
2024-08-21 08:00:00+00:00,59369.0
2024-08-21 09:00:00+00:00,59401.0
2024-08-21 10:00:00+00:00,59624.0
2024-08-21 11:00:00+00:00,59726.0
2024-08-21 12:00:00+00:00,59460.0
2024-08-21 13:00:00+00:00,59284.0
2024-08-21 14:00:00+00:00,59479.0
2024-08-21 15:00:00+00:00,59387.0
2024-08-21 16:00:00+00:00,59522.0
2024-08-21 17:00:00+00:00,59941.0
2024-08-21 18:00:00+00:00,59400.0
2024-08-21 19:00:00+00:00,59532.0
2024-08-21 20:00:00+00:00,59863.0
2024-08-21 21:00:00+00:00,59950.0
2024-08-21 22:00:00+00:00,60798.0
2024-08-21 23:00:00+00:00,61602.0
2024-08-22 00:00:00+00:00,61250.0
2024-08-22 01:00:00+00:00,61236.0
2024-08-22 02:00:00+00:00,61200.0
2024-08-22 03:00:00+00:00,61159.0
2024-08-22 04:00:00+00:00,60829.0
2024-08-22 05:00:00+00:00,60994.0
2024-08-22 06:00:00+00:00,60179.0
2024-08-22 07:00:00+00:00,60573.0
2024-08-22 08:00:00+00:00,60831.0
2024-08-22 09:00:00+00:00,60726.0
2024-08-22 10:00:00+00:00,60789.0
2024-08-22 11:00:00+00:00,61014.0
2024-08-22 12:00:00+00:00,60946.0
2024-08-22 13:00:00+00:00,60913.0
2024-08-22 14:00:00+00:00,61373.0
2024-08-22 15:00:00+00:00,61358.0
2024-08-22 16:00:00+00:00,60898.0
2024-08-22 17:00:00+00:00,60840.0
2024-08-22 18:00:00+00:00,60531.0
2024-08-22 19:00:00+00:00,60443.0
2024-08-22 20:00:00+00:00,60346.0
2024-08-22 21:00:00+00:00,60168.0
2024-08-22 22:00:00+00:00,60356.0
2024-08-22 23:00:00+00:00,60312.0
2024-08-23 00:00:00+00:00,60688.0
2024-08-23 01:00:00+00:00,60544.0
2024-08-23 02:00:00+00:00,60438.0
2024-08-23 03:00:00+00:00,60383.0
2024-08-23 04:00:00+00:00,60738.0
2024-08-23 05:00:00+00:00,60793.0
2024-08-23 06:00:00+00:00,60634.0
2024-08-23 07:00:00+00:00,60605.0
2024-08-23 08:00:00+00:00,60721.0
2024-08-23 09:00:00+00:00,60839.0
2024-08-23 10:00:00+00:00,61201.0
2024-08-23 11:00:00+00:00,61076.0
2024-08-23 12:00:00+00:00,61321.0
2024-08-23 13:00:00+00:00,61044.0
2024-08-23 14:00:00+00:00,61071.0
2024-08-23 15:00:00+00:00,60736.0
2024-08-23 16:00:00+00:00,61141.0
2024-08-23 17:00:00+00:00,61116.0
2024-08-23 18:00:00+00:00,61013.0
2024-08-23 19:00:00+00:00,61534.0
2024-08-23 20:00:00+00:00,61744.0
2024-08-23 21:00:00+00:00,63030.0
2024-08-23 22:00:00+00:00,63193.0
2024-08-23 23:00:00+00:00,63700.0
2024-08-24 00:00:00+00:00,63719.0
2024-08-24 01:00:00+00:00,64450.0
2024-08-24 02:00:00+00:00,64133.0
2024-08-24 03:00:00+00:00,64085.0
2024-08-24 04:00:00+00:00,64012.0
2024-08-24 05:00:00+00:00,63878.0
2024-08-24 06:00:00+00:00,63983.0
2024-08-24 07:00:00+00:00,63884.0
2024-08-24 08:00:00+00:00,63941.0
2024-08-24 09:00:00+00:00,64037.0
2024-08-24 10:00:00+00:00,64097.0
2024-08-24 11:00:00+00:00,64349.0
2024-08-24 12:00:00+00:00,64423.0
2024-08-24 13:00:00+00:00,64360.0
2024-08-24 14:00:00+00:00,64137.0
2024-08-24 15:00:00+00:00,63944.0
2024-08-24 16:00:00+00:00,64117.0
2024-08-24 17:00:00+00:00,64247.0
2024-08-24 18:00:00+00:00,64203.0
2024-08-24 19:00:00+00:00,64006.0
2024-08-24 20:00:00+00:00,64309.0
2024-08-24 21:00:00+00:00,64074.0
2024-08-24 22:00:00+00:00,64250.0
2024-08-24 23:00:00+00:00,64243.0
2024-08-25 00:00:00+00:00,64168.0
2024-08-25 01:00:00+00:00,63649.0
2024-08-25 02:00:00+00:00,63884.0
2024-08-25 03:00:00+00:00,64174.0
2024-08-25 04:00:00+00:00,64202.0
2024-08-25 05:00:00+00:00,64176.0
2024-08-25 06:00:00+00:00,64169.0
2024-08-25 07:00:00+00:00,64130.0
2024-08-25 08:00:00+00:00,64172.0
2024-08-25 09:00:00+00:00,64157.0
2024-08-25 10:00:00+00:00,64016.0
2024-08-25 11:00:00+00:00,63906.0
2024-08-25 12:00:00+00:00,63964.0
2024-08-25 13:00:00+00:00,63901.0
2024-08-25 14:00:00+00:00,63908.0
2024-08-25 15:00:00+00:00,63895.0
2024-08-25 16:00:00+00:00,63951.0
2024-08-25 17:00:00+00:00,64125.0
2024-08-25 18:00:00+00:00,64182.0
2024-08-25 19:00:00+00:00,64161.0
2024-08-25 20:00:00+00:00,64046.0
2024-08-25 21:00:00+00:00,64163.0
2024-08-25 22:00:00+00:00,64189.0
2024-08-25 23:00:00+00:00,64220.0
2024-08-26 00:00:00+00:00,64244.0
2024-08-26 01:00:00+00:00,64404.0
2024-08-26 02:00:00+00:00,64513.0
2024-08-26 03:00:00+00:00,64262.0
2024-08-26 04:00:00+00:00,64131.0
2024-08-26 05:00:00+00:00,63958.0
2024-08-26 06:00:00+00:00,64094.0
2024-08-26 07:00:00+00:00,64131.0
2024-08-26 08:00:00+00:00,64033.0
2024-08-26 09:00:00+00:00,63971.0
2024-08-26 10:00:00+00:00,63716.0
2024-08-26 11:00:00+00:00,63657.0
2024-08-26 12:00:00+00:00,63746.0
2024-08-26 13:00:00+00:00,63859.0
2024-08-26 14:00:00+00:00,63799.0
2024-08-26 15:00:00+00:00,63876.0
2024-08-26 16:00:00+00:00,63650.0
2024-08-26 17:00:00+00:00,63771.0
2024-08-26 18:00:00+00:00,63508.0
2024-08-26 19:00:00+00:00,63572.0
2024-08-26 20:00:00+00:00,63732.0
2024-08-26 21:00:00+00:00,63404.0
2024-08-26 22:00:00+00:00,63667.0
2024-08-26 23:00:00+00:00,63326.0
2024-08-27 00:00:00+00:00,63446.0
2024-08-27 01:00:00+00:00,63178.0
2024-08-27 02:00:00+00:00,63011.0
2024-08-27 03:00:00+00:00,62852.0
2024-08-27 04:00:00+00:00,62734.0
2024-08-27 05:00:00+00:00,63001.0
2024-08-27 06:00:00+00:00,62911.0
2024-08-27 07:00:00+00:00,62988.0
2024-08-27 08:00:00+00:00,63052.0
2024-08-27 09:00:00+00:00,63151.0
2024-08-27 10:00:00+00:00,62787.0
2024-08-27 11:00:00+00:00,62904.0
2024-08-27 12:00:00+00:00,62821.0
2024-08-27 13:00:00+00:00,62687.0
2024-08-27 14:00:00+00:00,62327.0
2024-08-27 15:00:00+00:00,62410.0
2024-08-27 16:00:00+00:00,62415.0
2024-08-27 17:00:00+00:00,62227.0
2024-08-27 18:00:00+00:00,61833.0
2024-08-27 19:00:00+00:00,61687.0
2024-08-27 20:00:00+00:00,61564.0
2024-08-27 21:00:00+00:00,61920.0
2024-08-27 22:00:00+00:00,62087.0
2024-08-27 23:00:00+00:00,62059.0
2024-08-28 00:00:00+00:00,61853.0
2024-08-28 01:00:00+00:00,60424.0
2024-08-28 02:00:00+00:00,59501.0
2024-08-28 03:00:00+00:00,59427.0
2024-08-28 04:00:00+00:00,59097.0
2024-08-28 05:00:00+00:00,59384.0
2024-08-28 06:00:00+00:00,59356.0
2024-08-28 07:00:00+00:00,59640.0
2024-08-28 08:00:00+00:00,59342.0
2024-08-28 09:00:00+00:00,59303.0
2024-08-28 10:00:00+00:00,59209.0
2024-08-28 11:00:00+00:00,58623.0
2024-08-28 12:00:00+00:00,59269.0
2024-08-28 13:00:00+00:00,60184.0
2024-08-28 14:00:00+00:00,59765.0
2024-08-28 15:00:00+00:00,59943.0
2024-08-28 16:00:00+00:00,59968.0
2024-08-28 17:00:00+00:00,59345.0
2024-08-28 18:00:00+00:00,59198.0
2024-08-28 19:00:00+00:00,59003.0
2024-08-28 20:00:00+00:00,59206.0
2024-08-28 21:00:00+00:00,58656.0
2024-08-28 22:00:00+00:00,59491.0
2024-08-28 23:00:00+00:00,58898.0
2024-08-29 00:00:00+00:00,59341.0
2024-08-29 01:00:00+00:00,59136.0
2024-08-29 02:00:00+00:00,59192.0
2024-08-29 03:00:00+00:00,59033.0
2024-08-29 04:00:00+00:00,59221.0
2024-08-29 05:00:00+00:00,59012.0
2024-08-29 06:00:00+00:00,59168.0
2024-08-29 07:00:00+00:00,59146.0
2024-08-29 08:00:00+00:00,59214.0
2024-08-29 09:00:00+00:00,59457.0
2024-08-29 10:00:00+00:00,59588.0
2024-08-29 11:00:00+00:00,59601.0
2024-08-29 12:00:00+00:00,59549.0
2024-08-29 13:00:00+00:00,59603.0
2024-08-29 14:00:00+00:00,59694.0
2024-08-29 15:00:00+00:00,60090.0
2024-08-29 16:00:00+00:00,60336.0
2024-08-29 17:00:00+00:00,60644.0
2024-08-29 18:00:00+00:00,60830.0
2024-08-29 19:00:00+00:00,60804.0
2024-08-29 20:00:00+00:00,60327.0
2024-08-29 21:00:00+00:00,60546.0
2024-08-29 22:00:00+00:00,59150.0
2024-08-29 23:00:00+00:00,59250.0
2024-08-30 00:00:00+00:00,59509.0
2024-08-30 01:00:00+00:00,59501.0
2024-08-30 02:00:00+00:00,59212.0
2024-08-30 03:00:00+00:00,59365.0
2024-08-30 04:00:00+00:00,59200.0
2024-08-30 05:00:00+00:00,59217.0
2024-08-30 06:00:00+00:00,59206.0
2024-08-30 07:00:00+00:00,59028.0
2024-08-30 08:00:00+00:00,59011.0
2024-08-30 09:00:00+00:00,58775.0
2024-08-30 10:00:00+00:00,59363.0
2024-08-30 11:00:00+00:00,59297.0
2024-08-30 12:00:00+00:00,59456.0
2024-08-30 13:00:00+00:00,59574.0
2024-08-30 14:00:00+00:00,59580.0
2024-08-30 15:00:00+00:00,59402.0
2024-08-30 16:00:00+00:00,59542.0
2024-08-30 17:00:00+00:00,59636.0
2024-08-30 18:00:00+00:00,58468.0
2024-08-30 19:00:00+00:00,58091.0
2024-08-30 20:00:00+00:00,58549.0
2024-08-30 21:00:00+00:00,58623.0
2024-08-30 22:00:00+00:00,59345.0
2024-08-30 23:00:00+00:00,58703.0
2024-08-31 00:00:00+00:00,59045.0
2024-08-31 01:00:00+00:00,59048.0
2024-08-31 02:00:00+00:00,59219.0
2024-08-31 03:00:00+00:00,59113.0
2024-08-31 04:00:00+00:00,59232.0
2024-08-31 05:00:00+00:00,59278.0
2024-08-31 06:00:00+00:00,59191.0
2024-08-31 07:00:00+00:00,59226.0
2024-08-31 08:00:00+00:00,59336.0
2024-08-31 09:00:00+00:00,59210.0
2024-08-31 10:00:00+00:00,59154.0
2024-08-31 11:00:00+00:00,59102.0
2024-08-31 12:00:00+00:00,58994.0
2024-08-31 13:00:00+00:00,58907.0
2024-08-31 14:00:00+00:00,59132.0
2024-08-31 15:00:00+00:00,59114.0
2024-08-31 16:00:00+00:00,59201.0
2024-08-31 17:00:00+00:00,58955.0
2024-08-31 18:00:00+00:00,59128.0
2024-08-31 19:00:00+00:00,59014.0
2024-08-31 20:00:00+00:00,58980.0
2024-08-31 21:00:00+00:00,59016.0
2024-08-31 22:00:00+00:00,58916.0
2024-08-31 23:00:00+00:00,58856.0
2024-09-01 00:00:00+00:00,58949.0
2024-09-01 01:00:00+00:00,59058.0
2024-09-01 02:00:00+00:00,59021.0
2024-09-01 03:00:00+00:00,58967.0
2024-09-01 04:00:00+00:00,58923.0
2024-09-01 05:00:00+00:00,58834.0
2024-09-01 06:00:00+00:00,58532.0
2024-09-01 07:00:00+00:00,58508.0
2024-09-01 08:00:00+00:00,58438.0
2024-09-01 09:00:00+00:00,57960.0
2024-09-01 10:00:00+00:00,58188.0
2024-09-01 11:00:00+00:00,58462.0
2024-09-01 12:00:00+00:00,58221.0
2024-09-01 13:00:00+00:00,58206.0
2024-09-01 14:00:00+00:00,57922.0
2024-09-01 15:00:00+00:00,58217.0
2024-09-01 16:00:00+00:00,57998.0
2024-09-01 17:00:00+00:00,58175.0
2024-09-01 18:00:00+00:00,57875.0
2024-09-01 19:00:00+00:00,58207.0
2024-09-01 20:00:00+00:00,58127.0
2024-09-01 21:00:00+00:00,58118.0
2024-09-01 22:00:00+00:00,58536.0
2024-09-01 23:00:00+00:00,58497.0
2024-09-02 00:00:00+00:00,58409.0
2024-09-02 01:00:00+00:00,58342.0
2024-09-02 02:00:00+00:00,57239.0
2024-09-02 03:00:00+00:00,57310.0
2024-09-02 04:00:00+00:00,57467.0
2024-09-02 05:00:00+00:00,57413.0
2024-09-02 06:00:00+00:00,57508.0
2024-09-02 07:00:00+00:00,57737.0
2024-09-02 08:00:00+00:00,57449.0
2024-09-02 09:00:00+00:00,57776.0
2024-09-02 10:00:00+00:00,57683.0
2024-09-02 11:00:00+00:00,57544.0
2024-09-02 12:00:00+00:00,58074.0
2024-09-02 13:00:00+00:00,58408.0
2024-09-02 14:00:00+00:00,58495.0
2024-09-02 15:00:00+00:00,58429.0
2024-09-02 16:00:00+00:00,58394.0
2024-09-02 17:00:00+00:00,58181.0
2024-09-02 18:00:00+00:00,58613.0
2024-09-02 19:00:00+00:00,58538.0
2024-09-02 20:00:00+00:00,58338.0
2024-09-02 21:00:00+00:00,58521.0
2024-09-02 22:00:00+00:00,58488.0
2024-09-02 23:00:00+00:00,58444.0
2024-09-03 00:00:00+00:00,59011.0
2024-09-03 01:00:00+00:00,59089.0
2024-09-03 02:00:00+00:00,59331.0
2024-09-03 03:00:00+00:00,59133.0
2024-09-03 04:00:00+00:00,59250.0
2024-09-03 05:00:00+00:00,59388.0
2024-09-03 06:00:00+00:00,59317.0
2024-09-03 07:00:00+00:00,59089.0
2024-09-03 08:00:00+00:00,59070.0
2024-09-03 09:00:00+00:00,59204.0
2024-09-03 10:00:00+00:00,58891.0
2024-09-03 11:00:00+00:00,59105.0
2024-09-03 12:00:00+00:00,58778.0
2024-09-03 13:00:00+00:00,58866.0
2024-09-03 14:00:00+00:00,59069.0
2024-09-03 15:00:00+00:00,59062.0
2024-09-03 16:00:00+00:00,59142.0
2024-09-03 17:00:00+00:00,58351.0
2024-09-03 18:00:00+00:00,57655.0
2024-09-03 19:00:00+00:00,57736.0
2024-09-03 20:00:00+00:00,57688.0
2024-09-03 21:00:00+00:00,57677.0
2024-09-03 22:00:00+00:00,57893.0
2024-09-03 23:00:00+00:00,58021.0
2024-09-04 00:00:00+00:00,58176.0
2024-09-04 01:00:00+00:00,58099.0
2024-09-04 02:00:00+00:00,57853.0
2024-09-04 03:00:00+00:00,57493.0
2024-09-04 04:00:00+00:00,57116.0
2024-09-04 05:00:00+00:00,56790.0
2024-09-04 06:00:00+00:00,56632.0
2024-09-04 07:00:00+00:00,56638.0
2024-09-04 08:00:00+00:00,56681.0
2024-09-04 09:00:00+00:00,56235.0
2024-09-04 10:00:00+00:00,56266.0
2024-09-04 11:00:00+00:00,56729.0
2024-09-04 12:00:00+00:00,56778.0
2024-09-04 13:00:00+00:00,56586.0
2024-09-04 14:00:00+00:00,56466.0
2024-09-04 15:00:00+00:00,56568.0
2024-09-04 16:00:00+00:00,56614.0
2024-09-04 17:00:00+00:00,56449.0
2024-09-04 18:00:00+00:00,57515.0
2024-09-04 19:00:00+00:00,58130.0
2024-09-04 20:00:00+00:00,58410.0
2024-09-04 21:00:00+00:00,57876.0
2024-09-04 22:00:00+00:00,57680.0
2024-09-04 23:00:00+00:00,58027.0
2024-09-05 00:00:00+00:00,58040.0
2024-09-05 01:00:00+00:00,58096.0
2024-09-05 02:00:00+00:00,58114.0
2024-09-05 03:00:00+00:00,57956.0
2024-09-05 04:00:00+00:00,58007.0
2024-09-05 05:00:00+00:00,58049.0
2024-09-05 06:00:00+00:00,57667.0
2024-09-05 07:00:00+00:00,57101.0
2024-09-05 08:00:00+00:00,57198.0
2024-09-05 09:00:00+00:00,57191.0
2024-09-05 10:00:00+00:00,56932.0
2024-09-05 11:00:00+00:00,57152.0
2024-09-05 12:00:00+00:00,56998.0
2024-09-05 13:00:00+00:00,56778.0
2024-09-05 14:00:00+00:00,56756.0
2024-09-05 15:00:00+00:00,56685.0
2024-09-05 16:00:00+00:00,56673.0
2024-09-05 17:00:00+00:00,57007.0
2024-09-05 18:00:00+00:00,56550.0
2024-09-05 19:00:00+00:00,55979.0
2024-09-05 20:00:00+00:00,56316.0
2024-09-05 21:00:00+00:00,56590.0
2024-09-05 22:00:00+00:00,56534.0
2024-09-05 23:00:00+00:00,56023.0
2024-09-06 00:00:00+00:00,56084.0
2024-09-06 01:00:00+00:00,56134.0
2024-09-06 02:00:00+00:00,56077.0
2024-09-06 03:00:00+00:00,56158.0
2024-09-06 04:00:00+00:00,56167.0
2024-09-06 05:00:00+00:00,56548.0
2024-09-06 06:00:00+00:00,56708.0
2024-09-06 07:00:00+00:00,56571.0
2024-09-06 08:00:00+00:00,56631.0
2024-09-06 09:00:00+00:00,56464.0
2024-09-06 10:00:00+00:00,56430.0
2024-09-06 11:00:00+00:00,55776.0
2024-09-06 12:00:00+00:00,55782.0
2024-09-06 13:00:00+00:00,55872.0
2024-09-06 14:00:00+00:00,56164.0
2024-09-06 15:00:00+00:00,55986.0
2024-09-06 16:00:00+00:00,56864.0
2024-09-06 17:00:00+00:00,55897.0
2024-09-06 18:00:00+00:00,54702.0
2024-09-06 19:00:00+00:00,54015.0
2024-09-06 20:00:00+00:00,54047.0
2024-09-06 21:00:00+00:00,53879.0
2024-09-06 22:00:00+00:00,53321.0
2024-09-06 23:00:00+00:00,53484.0
2024-09-07 00:00:00+00:00,52853.0
2024-09-07 01:00:00+00:00,53730.0
2024-09-07 02:00:00+00:00,53622.0
2024-09-07 03:00:00+00:00,53955.0
2024-09-07 04:00:00+00:00,53904.0
2024-09-07 05:00:00+00:00,53791.0
2024-09-07 06:00:00+00:00,53798.0
2024-09-07 07:00:00+00:00,53806.0
2024-09-07 08:00:00+00:00,54043.0
2024-09-07 09:00:00+00:00,54172.0
2024-09-07 10:00:00+00:00,54292.0
2024-09-07 11:00:00+00:00,54275.0
2024-09-07 12:00:00+00:00,54366.0
2024-09-07 13:00:00+00:00,54246.0
2024-09-07 14:00:00+00:00,54345.0
2024-09-07 15:00:00+00:00,54324.0
2024-09-07 16:00:00+00:00,54575.0
2024-09-07 17:00:00+00:00,54555.0
2024-09-07 18:00:00+00:00,54630.0
2024-09-07 19:00:00+00:00,54782.0
2024-09-07 20:00:00+00:00,54473.0
2024-09-07 21:00:00+00:00,54144.0
2024-09-07 22:00:00+00:00,54290.0
2024-09-07 23:00:00+00:00,54415.0
2024-09-08 00:00:00+00:00,54179.0
2024-09-08 01:00:00+00:00,53919.0
2024-09-08 02:00:00+00:00,53951.0
2024-09-08 03:00:00+00:00,54147.0
2024-09-08 04:00:00+00:00,54134.0
2024-09-08 05:00:00+00:00,54267.0
2024-09-08 06:00:00+00:00,54321.0
2024-09-08 07:00:00+00:00,54383.0
2024-09-08 08:00:00+00:00,54478.0
2024-09-08 09:00:00+00:00,54349.0
2024-09-08 10:00:00+00:00,54298.0
2024-09-08 11:00:00+00:00,54428.0
2024-09-08 12:00:00+00:00,54466.0
2024-09-08 13:00:00+00:00,54472.0
2024-09-08 14:00:00+00:00,54608.0
2024-09-08 15:00:00+00:00,54554.0
2024-09-08 16:00:00+00:00,54209.0
2024-09-08 17:00:00+00:00,54388.0
2024-09-08 18:00:00+00:00,54148.0
2024-09-08 19:00:00+00:00,53686.0
2024-09-08 20:00:00+00:00,53914.0
2024-09-08 21:00:00+00:00,54511.0
2024-09-08 22:00:00+00:00,54417.0
2024-09-08 23:00:00+00:00,54340.0
2024-09-09 00:00:00+00:00,54379.0
2024-09-09 01:00:00+00:00,54461.0
2024-09-09 02:00:00+00:00,54534.0
2024-09-09 03:00:00+00:00,54866.0
2024-09-09 04:00:00+00:00,55045.0
2024-09-09 05:00:00+00:00,55113.0
2024-09-09 06:00:00+00:00,55116.0
2024-09-09 07:00:00+00:00,55114.0
2024-09-09 08:00:00+00:00,54859.0
2024-09-09 09:00:00+00:00,54657.0
2024-09-09 10:00:00+00:00,54879.0
2024-09-09 11:00:00+00:00,54975.0
2024-09-09 12:00:00+00:00,55233.0
2024-09-09 13:00:00+00:00,55152.0
2024-09-09 14:00:00+00:00,55361.0
2024-09-09 15:00:00+00:00,55267.0
2024-09-09 16:00:00+00:00,55341.0
2024-09-09 17:00:00+00:00,55702.0
2024-09-09 18:00:00+00:00,54840.0
2024-09-09 19:00:00+00:00,55377.0
2024-09-09 20:00:00+00:00,56433.0
2024-09-09 21:00:00+00:00,56514.0
2024-09-09 22:00:00+00:00,56538.0
2024-09-09 23:00:00+00:00,57103.0
2024-09-10 00:00:00+00:00,57015.0
2024-09-10 01:00:00+00:00,57482.0
2024-09-10 02:00:00+00:00,57231.0
2024-09-10 03:00:00+00:00,57059.0
2024-09-10 04:00:00+00:00,56992.0
2024-09-10 05:00:00+00:00,56914.0
2024-09-10 06:00:00+00:00,56780.0
2024-09-10 07:00:00+00:00,56535.0
2024-09-10 08:00:00+00:00,56613.0
2024-09-10 09:00:00+00:00,56938.0
2024-09-10 10:00:00+00:00,56830.0
2024-09-10 11:00:00+00:00,57208.0
2024-09-10 12:00:00+00:00,57033.0
2024-09-10 13:00:00+00:00,57094.0
2024-09-10 14:00:00+00:00,57166.0
2024-09-10 15:00:00+00:00,57233.0
2024-09-10 16:00:00+00:00,57190.0
2024-09-10 17:00:00+00:00,56714.0
2024-09-10 18:00:00+00:00,56943.0
2024-09-10 19:00:00+00:00,56601.0
2024-09-10 20:00:00+00:00,56820.0
2024-09-10 21:00:00+00:00,57171.0
2024-09-10 22:00:00+00:00,57579.0
2024-09-10 23:00:00+00:00,57971.0
2024-09-11 00:00:00+00:00,57572.0
2024-09-11 01:00:00+00:00,57523.0
2024-09-11 02:00:00+00:00,57614.0
2024-09-11 03:00:00+00:00,57659.0
2024-09-11 04:00:00+00:00,57652.0
2024-09-11 05:00:00+00:00,56727.0
2024-09-11 06:00:00+00:00,56934.0
2024-09-11 07:00:00+00:00,56809.0
2024-09-11 08:00:00+00:00,56530.0
2024-09-11 09:00:00+00:00,56256.0
2024-09-11 10:00:00+00:00,56456.0
2024-09-11 11:00:00+00:00,56707.0
2024-09-11 12:00:00+00:00,56416.0
2024-09-11 13:00:00+00:00,56664.0
2024-09-11 14:00:00+00:00,56511.0
2024-09-11 15:00:00+00:00,56787.0
2024-09-11 16:00:00+00:00,56746.0
2024-09-11 17:00:00+00:00,55745.0
2024-09-11 18:00:00+00:00,55956.0
2024-09-11 19:00:00+00:00,56702.0
2024-09-11 20:00:00+00:00,57314.0
2024-09-11 21:00:00+00:00,57709.0
2024-09-11 22:00:00+00:00,57517.0
2024-09-11 23:00:00+00:00,57644.0
2024-09-12 00:00:00+00:00,57498.0
2024-09-12 01:00:00+00:00,57347.0
2024-09-12 02:00:00+00:00,57478.0
2024-09-12 03:00:00+00:00,57342.0
2024-09-12 04:00:00+00:00,57639.0
2024-09-12 05:00:00+00:00,58131.0
2024-09-12 06:00:00+00:00,57960.0
2024-09-12 07:00:00+00:00,58256.0
2024-09-12 08:00:00+00:00,58193.0
2024-09-12 09:00:00+00:00,58000.0
2024-09-12 10:00:00+00:00,57952.0
2024-09-12 11:00:00+00:00,58140.0
2024-09-12 12:00:00+00:00,58172.0
2024-09-12 13:00:00+00:00,58032.0
2024-09-12 14:00:00+00:00,57939.0
2024-09-12 15:00:00+00:00,58059.0
2024-09-12 16:00:00+00:00,57678.0
2024-09-12 17:00:00+00:00,57598.0
2024-09-12 18:00:00+00:00,57544.0
2024-09-12 19:00:00+00:00,57510.0
2024-09-12 20:00:00+00:00,58066.0
2024-09-12 21:00:00+00:00,58406.0
2024-09-12 22:00:00+00:00,58183.0
2024-09-12 23:00:00+00:00,58380.0
2024-09-13 00:00:00+00:00,58197.0
2024-09-13 01:00:00+00:00,57927.0
2024-09-13 02:00:00+00:00,58133.0
2024-09-13 03:00:00+00:00,58139.0
2024-09-13 04:00:00+00:00,58033.0
2024-09-13 05:00:00+00:00,58120.0
2024-09-13 06:00:00+00:00,58055.0
2024-09-13 07:00:00+00:00,57854.0
2024-09-13 08:00:00+00:00,57963.0
2024-09-13 09:00:00+00:00,58069.0
2024-09-13 10:00:00+00:00,58336.0
2024-09-13 11:00:00+00:00,57868.0
2024-09-13 12:00:00+00:00,57906.0
2024-09-13 13:00:00+00:00,58055.0
2024-09-13 14:00:00+00:00,58469.0
2024-09-13 15:00:00+00:00,59687.0
2024-09-13 16:00:00+00:00,59461.0
2024-09-13 17:00:00+00:00,59606.0
2024-09-13 18:00:00+00:00,59778.0
2024-09-13 19:00:00+00:00,59748.0
2024-09-13 20:00:00+00:00,59878.0
2024-09-13 21:00:00+00:00,60319.0
2024-09-13 22:00:00+00:00,60649.0
2024-09-13 23:00:00+00:00,60545.0
2024-09-14 00:00:00+00:00,60465.0
2024-09-14 01:00:00+00:00,60453.0
2024-09-14 02:00:00+00:00,60330.0
2024-09-14 03:00:00+00:00,60360.0
2024-09-14 04:00:00+00:00,60221.0
2024-09-14 05:00:00+00:00,59950.0
2024-09-14 06:00:00+00:00,60067.0
2024-09-14 07:00:00+00:00,60168.0
2024-09-14 08:00:00+00:00,59991.0
2024-09-14 09:00:00+00:00,60083.0
2024-09-14 10:00:00+00:00,59873.0
2024-09-14 11:00:00+00:00,59729.0
2024-09-14 12:00:00+00:00,59821.0
2024-09-14 13:00:00+00:00,59788.0
2024-09-14 14:00:00+00:00,59932.0
2024-09-14 15:00:00+00:00,59895.0
2024-09-14 16:00:00+00:00,59989.0
2024-09-14 17:00:00+00:00,59899.0
2024-09-14 18:00:00+00:00,59799.0
2024-09-14 19:00:00+00:00,59826.0
2024-09-14 20:00:00+00:00,60031.0
2024-09-14 21:00:00+00:00,60046.0
2024-09-14 22:00:00+00:00,60030.0
2024-09-14 23:00:00+00:00,60012.0
2024-09-15 00:00:00+00:00,60043.0
2024-09-15 01:00:00+00:00,60251.0
2024-09-15 02:00:00+00:00,60249.0
2024-09-15 03:00:00+00:00,60174.0
2024-09-15 04:00:00+00:00,60142.0
2024-09-15 05:00:00+00:00,60172.0
2024-09-15 06:00:00+00:00,60176.0
2024-09-15 07:00:00+00:00,60212.0
2024-09-15 08:00:00+00:00,60078.0
2024-09-15 09:00:00+00:00,60027.0
2024-09-15 10:00:00+00:00,60003.0
2024-09-15 11:00:00+00:00,60019.0
2024-09-15 12:00:00+00:00,60116.0
2024-09-15 13:00:00+00:00,60196.0
2024-09-15 14:00:00+00:00,60285.0
2024-09-15 15:00:00+00:00,60342.0
2024-09-15 16:00:00+00:00,59959.0
2024-09-15 17:00:00+00:00,59834.0
2024-09-15 18:00:00+00:00,59983.0
2024-09-15 19:00:00+00:00,59889.0
2024-09-15 20:00:00+00:00,59827.0
2024-09-15 21:00:00+00:00,59650.0
2024-09-15 22:00:00+00:00,59430.0
2024-09-15 23:00:00+00:00,59130.0
2024-09-16 00:00:00+00:00,58682.0
2024-09-16 01:00:00+00:00,58620.0
2024-09-16 02:00:00+00:00,58262.0
2024-09-16 03:00:00+00:00,58583.0
2024-09-16 04:00:00+00:00,58345.0
2024-09-16 05:00:00+00:00,58650.0
2024-09-16 06:00:00+00:00,58696.0
2024-09-16 07:00:00+00:00,58907.0
2024-09-16 08:00:00+00:00,58918.0
2024-09-16 09:00:00+00:00,58641.0
2024-09-16 10:00:00+00:00,58728.0
2024-09-16 11:00:00+00:00,58666.0
2024-09-16 12:00:00+00:00,58508.0
2024-09-16 13:00:00+00:00,58483.0
2024-09-16 14:00:00+00:00,57588.0
2024-09-16 15:00:00+00:00,57875.0
2024-09-16 16:00:00+00:00,57802.0
2024-09-16 17:00:00+00:00,58159.0
2024-09-16 18:00:00+00:00,57885.0
2024-09-16 19:00:00+00:00,57918.0
2024-09-16 20:00:00+00:00,57657.0
2024-09-16 21:00:00+00:00,57985.0
2024-09-16 22:00:00+00:00,57960.0
2024-09-16 23:00:00+00:00,58212.0
2024-09-17 00:00:00+00:00,57639.0
2024-09-17 01:00:00+00:00,57903.0
2024-09-17 02:00:00+00:00,58104.0
2024-09-17 03:00:00+00:00,58049.0
2024-09-17 04:00:00+00:00,58242.0
2024-09-17 05:00:00+00:00,58640.0
2024-09-17 06:00:00+00:00,58486.0
2024-09-17 07:00:00+00:00,58695.0
2024-09-17 08:00:00+00:00,58777.0
2024-09-17 09:00:00+00:00,58970.0
2024-09-17 10:00:00+00:00,59226.0
2024-09-17 11:00:00+00:00,59108.0
2024-09-17 12:00:00+00:00,59398.0
2024-09-17 13:00:00+00:00,58984.0
2024-09-17 14:00:00+00:00,60278.0
2024-09-17 15:00:00+00:00,61128.0
2024-09-17 16:00:00+00:00,60883.0
2024-09-17 17:00:00+00:00,60962.0
2024-09-17 18:00:00+00:00,60555.0
2024-09-17 19:00:00+00:00,59970.0
2024-09-17 20:00:00+00:00,60133.0
2024-09-17 21:00:00+00:00,60332.0
2024-09-17 22:00:00+00:00,60266.0
2024-09-17 23:00:00+00:00,60316.0
2024-09-18 00:00:00+00:00,60239.0
2024-09-18 01:00:00+00:00,60106.0
2024-09-18 02:00:00+00:00,60350.0
2024-09-18 03:00:00+00:00,60517.0
2024-09-18 04:00:00+00:00,60427.0
2024-09-18 05:00:00+00:00,60253.0
2024-09-18 06:00:00+00:00,60434.0
2024-09-18 07:00:00+00:00,60444.0
2024-09-18 08:00:00+00:00,60193.0
2024-09-18 09:00:00+00:00,59674.0
2024-09-18 10:00:00+00:00,59901.0
2024-09-18 11:00:00+00:00,59853.0
2024-09-18 12:00:00+00:00,59991.0
2024-09-18 13:00:00+00:00,59492.0
2024-09-18 14:00:00+00:00,59485.0
2024-09-18 15:00:00+00:00,59428.0
2024-09-18 16:00:00+00:00,59925.0
2024-09-18 17:00:00+00:00,59991.0
2024-09-18 18:00:00+00:00,60645.0
2024-09-18 19:00:00+00:00,60062.0
2024-09-18 20:00:00+00:00,60252.0
2024-09-18 21:00:00+00:00,60213.0
2024-09-18 22:00:00+00:00,60699.0
2024-09-18 23:00:00+00:00,61757.0
2024-09-19 00:00:00+00:00,62242.0
2024-09-19 01:00:00+00:00,62024.0
2024-09-19 02:00:00+00:00,62221.0
2024-09-19 03:00:00+00:00,62125.0
2024-09-19 04:00:00+00:00,62100.0
2024-09-19 05:00:00+00:00,62018.0
2024-09-19 06:00:00+00:00,62047.0
2024-09-19 07:00:00+00:00,62093.0
2024-09-19 08:00:00+00:00,61938.0
2024-09-19 09:00:00+00:00,62293.0
2024-09-19 10:00:00+00:00,62339.0
2024-09-19 11:00:00+00:00,62666.0
2024-09-19 12:00:00+00:00,62939.0
2024-09-19 13:00:00+00:00,63059.0
2024-09-19 14:00:00+00:00,62952.0
2024-09-19 15:00:00+00:00,63159.0
2024-09-19 16:00:00+00:00,63575.0
2024-09-19 17:00:00+00:00,63733.0
2024-09-19 18:00:00+00:00,63655.0
2024-09-19 19:00:00+00:00,63255.0
2024-09-19 20:00:00+00:00,63051.0
2024-09-19 21:00:00+00:00,62894.0
2024-09-19 22:00:00+00:00,62949.0
2024-09-19 23:00:00+00:00,62940.0
2024-09-20 00:00:00+00:00,62769.0
2024-09-20 01:00:00+00:00,63043.0
2024-09-20 02:00:00+00:00,63121.0
2024-09-20 03:00:00+00:00,63737.0
2024-09-20 04:00:00+00:00,63844.0
2024-09-20 05:00:00+00:00,63745.0
2024-09-20 06:00:00+00:00,63797.0
2024-09-20 07:00:00+00:00,63539.0
2024-09-20 08:00:00+00:00,63311.0
2024-09-20 09:00:00+00:00,63468.0
2024-09-20 10:00:00+00:00,63663.0
2024-09-20 11:00:00+00:00,63464.0
2024-09-20 12:00:00+00:00,63417.0
2024-09-20 13:00:00+00:00,62811.0
2024-09-20 14:00:00+00:00,63010.0
2024-09-20 15:00:00+00:00,63169.0
2024-09-20 16:00:00+00:00,62883.0
2024-09-20 17:00:00+00:00,62717.0
2024-09-20 18:00:00+00:00,62872.0
2024-09-20 19:00:00+00:00,62838.0
2024-09-20 20:00:00+00:00,62832.0
2024-09-20 21:00:00+00:00,63134.0
2024-09-20 22:00:00+00:00,63186.0
2024-09-20 23:00:00+00:00,63211.0
2024-09-21 00:00:00+00:00,63202.0
2024-09-21 01:00:00+00:00,62824.0
2024-09-21 02:00:00+00:00,62910.0
2024-09-21 03:00:00+00:00,62891.0
2024-09-21 04:00:00+00:00,62871.0
2024-09-21 05:00:00+00:00,62930.0
2024-09-21 06:00:00+00:00,63003.0
2024-09-21 07:00:00+00:00,63099.0
2024-09-21 08:00:00+00:00,63038.0
2024-09-21 09:00:00+00:00,63130.0
2024-09-21 10:00:00+00:00,62975.0
2024-09-21 11:00:00+00:00,63095.0
2024-09-21 12:00:00+00:00,63156.0
2024-09-21 13:00:00+00:00,63167.0
2024-09-21 14:00:00+00:00,63303.0
2024-09-21 15:00:00+00:00,63177.0
2024-09-21 16:00:00+00:00,63211.0
2024-09-21 17:00:00+00:00,63273.0
2024-09-21 18:00:00+00:00,63269.0
2024-09-21 19:00:00+00:00,63217.0
2024-09-21 20:00:00+00:00,63152.0
2024-09-21 21:00:00+00:00,63100.0
2024-09-21 22:00:00+00:00,63235.0
2024-09-21 23:00:00+00:00,63364.0
2024-09-22 00:00:00+00:00,63238.0
2024-09-22 01:00:00+00:00,63059.0
2024-09-22 02:00:00+00:00,62966.0
2024-09-22 03:00:00+00:00,63108.0
2024-09-22 04:00:00+00:00,63105.0
2024-09-22 05:00:00+00:00,62942.0
2024-09-22 06:00:00+00:00,62882.0
2024-09-22 07:00:00+00:00,62949.0
2024-09-22 08:00:00+00:00,63026.0
2024-09-22 09:00:00+00:00,62710.0
2024-09-22 10:00:00+00:00,62653.0
2024-09-22 11:00:00+00:00,62791.0
2024-09-22 12:00:00+00:00,62840.0
2024-09-22 13:00:00+00:00,62586.0
2024-09-22 14:00:00+00:00,62659.0
2024-09-22 15:00:00+00:00,62665.0
2024-09-22 16:00:00+00:00,62773.0
2024-09-22 17:00:00+00:00,63053.0
2024-09-22 18:00:00+00:00,62951.0
2024-09-22 19:00:00+00:00,63155.0
2024-09-22 20:00:00+00:00,63200.0
2024-09-22 21:00:00+00:00,62773.0
2024-09-22 22:00:00+00:00,63863.0
2024-09-22 23:00:00+00:00,63563.0
2024-09-23 00:00:00+00:00,63603.0
2024-09-23 01:00:00+00:00,63803.0
2024-09-23 02:00:00+00:00,63953.0
2024-09-23 03:00:00+00:00,64342.0
2024-09-23 04:00:00+00:00,63927.0
2024-09-23 05:00:00+00:00,63692.0
2024-09-23 06:00:00+00:00,63649.0
2024-09-23 07:00:00+00:00,63550.0
2024-09-23 08:00:00+00:00,63493.0
2024-09-23 09:00:00+00:00,63633.0
2024-09-23 10:00:00+00:00,63486.0
2024-09-23 11:00:00+00:00,63402.0
2024-09-23 12:00:00+00:00,63338.0
2024-09-23 13:00:00+00:00,63165.0
2024-09-23 14:00:00+00:00,63392.0
2024-09-23 15:00:00+00:00,63613.0
2024-09-23 16:00:00+00:00,63255.0
2024-09-23 17:00:00+00:00,63308.0
2024-09-23 18:00:00+00:00,63432.0
2024-09-23 19:00:00+00:00,63302.0
2024-09-23 20:00:00+00:00,63359.0
2024-09-23 21:00:00+00:00,63359.0
2024-09-23 22:00:00+00:00,63224.0
2024-09-23 23:00:00+00:00,63325.0
2024-09-24 00:00:00+00:00,62901.0
2024-09-24 01:00:00+00:00,62934.0
2024-09-24 02:00:00+00:00,63132.0
2024-09-24 03:00:00+00:00,63107.0
2024-09-24 04:00:00+00:00,63066.0
2024-09-24 05:00:00+00:00,63191.0
2024-09-24 06:00:00+00:00,63297.0
2024-09-24 07:00:00+00:00,63553.0
2024-09-24 08:00:00+00:00,63860.0
2024-09-24 09:00:00+00:00,63523.0
2024-09-24 10:00:00+00:00,63538.0
2024-09-24 11:00:00+00:00,63466.0
2024-09-24 12:00:00+00:00,63445.0
2024-09-24 13:00:00+00:00,63523.0
2024-09-24 14:00:00+00:00,63190.0
2024-09-24 15:00:00+00:00,63180.0
2024-09-24 16:00:00+00:00,63291.0
2024-09-24 17:00:00+00:00,63778.0
2024-09-24 18:00:00+00:00,63731.0
2024-09-24 19:00:00+00:00,64366.0
2024-09-24 20:00:00+00:00,64218.0
2024-09-24 21:00:00+00:00,64047.0
2024-09-24 22:00:00+00:00,64595.0
2024-09-24 23:00:00+00:00,64260.0
2024-09-25 00:00:00+00:00,64136.0
2024-09-25 01:00:00+00:00,64427.0
2024-09-25 02:00:00+00:00,64425.0
2024-09-25 03:00:00+00:00,64454.0
2024-09-25 04:00:00+00:00,64197.0
2024-09-25 05:00:00+00:00,64180.0
2024-09-25 06:00:00+00:00,63817.0
2024-09-25 07:00:00+00:00,63847.0
2024-09-25 08:00:00+00:00,63824.0
2024-09-25 09:00:00+00:00,63609.0
2024-09-25 10:00:00+00:00,63630.0
2024-09-25 11:00:00+00:00,63837.0
2024-09-25 12:00:00+00:00,63607.0
2024-09-25 13:00:00+00:00,63751.0
2024-09-25 14:00:00+00:00,63929.0
2024-09-25 15:00:00+00:00,63495.0
2024-09-25 16:00:00+00:00,63456.0
2024-09-25 17:00:00+00:00,63145.0
2024-09-25 18:00:00+00:00,63347.0
2024-09-25 19:00:00+00:00,63139.0
2024-09-25 20:00:00+00:00,63493.0
2024-09-25 21:00:00+00:00,63433.0
2024-09-25 22:00:00+00:00,63258.0
2024-09-25 23:00:00+00:00,63147.0
2024-09-26 00:00:00+00:00,62878.0
2024-09-26 01:00:00+00:00,63122.0
2024-09-26 02:00:00+00:00,63354.0
2024-09-26 03:00:00+00:00,63479.0
2024-09-26 04:00:00+00:00,63415.0
2024-09-26 05:00:00+00:00,63631.0
2024-09-26 06:00:00+00:00,63715.0
2024-09-26 07:00:00+00:00,63840.0
2024-09-26 08:00:00+00:00,63704.0
2024-09-26 09:00:00+00:00,63778.0
2024-09-26 10:00:00+00:00,64357.0
2024-09-26 11:00:00+00:00,64387.0
2024-09-26 12:00:00+00:00,64503.0
2024-09-26 13:00:00+00:00,64423.0
2024-09-26 14:00:00+00:00,64437.0
2024-09-26 15:00:00+00:00,65268.0
2024-09-26 16:00:00+00:00,65345.0
2024-09-26 17:00:00+00:00,65145.0
2024-09-26 18:00:00+00:00,65282.0
2024-09-26 19:00:00+00:00,64729.0
2024-09-26 20:00:00+00:00,64668.0
2024-09-26 21:00:00+00:00,65047.0
2024-09-26 22:00:00+00:00,65069.0
2024-09-26 23:00:00+00:00,65175.0
2024-09-27 00:00:00+00:00,65244.0
2024-09-27 01:00:00+00:00,65129.0
2024-09-27 02:00:00+00:00,64887.0
2024-09-27 03:00:00+00:00,65384.0
2024-09-27 04:00:00+00:00,65310.0
2024-09-27 05:00:00+00:00,65370.0
2024-09-27 06:00:00+00:00,65351.0
2024-09-27 07:00:00+00:00,65494.0
2024-09-27 08:00:00+00:00,65737.0
2024-09-27 09:00:00+00:00,65768.0
2024-09-27 10:00:00+00:00,65506.0
2024-09-27 11:00:00+00:00,65451.0
2024-09-27 12:00:00+00:00,65748.0
2024-09-27 13:00:00+00:00,65691.0
2024-09-27 14:00:00+00:00,66270.0
2024-09-27 15:00:00+00:00,66034.0
2024-09-27 16:00:00+00:00,66329.0
2024-09-27 17:00:00+00:00,65934.0
2024-09-27 18:00:00+00:00,65888.0
2024-09-27 19:00:00+00:00,65670.0
2024-09-27 20:00:00+00:00,65812.0
2024-09-27 21:00:00+00:00,65828.0
2024-09-27 22:00:00+00:00,65882.0
2024-09-27 23:00:00+00:00,65781.0
2024-09-28 00:00:00+00:00,65903.0
2024-09-28 01:00:00+00:00,65994.0
2024-09-28 02:00:00+00:00,66181.0
2024-09-28 03:00:00+00:00,66062.0
2024-09-28 04:00:00+00:00,66027.0
2024-09-28 05:00:00+00:00,65969.0
2024-09-28 06:00:00+00:00,65821.0
2024-09-28 07:00:00+00:00,65823.0
2024-09-28 08:00:00+00:00,65647.0
2024-09-28 09:00:00+00:00,65623.0
2024-09-28 10:00:00+00:00,65771.0
2024-09-28 11:00:00+00:00,65798.0
2024-09-28 12:00:00+00:00,65551.0
2024-09-28 13:00:00+00:00,65539.0
2024-09-28 14:00:00+00:00,65734.0
2024-09-28 15:00:00+00:00,65639.0
2024-09-28 16:00:00+00:00,65538.0
2024-09-28 17:00:00+00:00,65631.0
2024-09-28 18:00:00+00:00,65712.0
2024-09-28 19:00:00+00:00,65739.0
2024-09-28 20:00:00+00:00,65663.0
2024-09-28 21:00:00+00:00,65680.0
2024-09-28 22:00:00+00:00,65735.0
2024-09-28 23:00:00+00:00,65876.0
2024-09-29 00:00:00+00:00,65671.0
2024-09-29 01:00:00+00:00,65879.0
2024-09-29 02:00:00+00:00,65819.0
2024-09-29 03:00:00+00:00,65818.0
2024-09-29 04:00:00+00:00,65752.0
2024-09-29 05:00:00+00:00,65599.0
2024-09-29 06:00:00+00:00,65499.0
2024-09-29 07:00:00+00:00,65491.0
2024-09-29 08:00:00+00:00,65575.0
2024-09-29 09:00:00+00:00,65584.0
2024-09-29 10:00:00+00:00,65560.0
2024-09-29 11:00:00+00:00,65699.0
2024-09-29 12:00:00+00:00,65643.0
2024-09-29 13:00:00+00:00,65821.0
2024-09-29 14:00:00+00:00,65692.0
2024-09-29 15:00:00+00:00,65748.0
2024-09-29 16:00:00+00:00,65774.0
2024-09-29 17:00:00+00:00,65832.0
2024-09-29 18:00:00+00:00,65806.0
2024-09-29 19:00:00+00:00,65970.0
2024-09-29 20:00:00+00:00,65823.0
2024-09-29 21:00:00+00:00,65881.0
2024-09-29 22:00:00+00:00,65674.0
2024-09-29 23:00:00+00:00,65601.0
2024-09-30 00:00:00+00:00,65471.0
2024-09-30 01:00:00+00:00,64823.0
2024-09-30 02:00:00+00:00,64366.0
2024-09-30 03:00:00+00:00,64539.0
2024-09-30 04:00:00+00:00,64453.0
2024-09-30 05:00:00+00:00,64478.0
2024-09-30 06:00:00+00:00,64350.0
2024-09-30 07:00:00+00:00,64570.0
2024-09-30 08:00:00+00:00,64318.0
2024-09-30 09:00:00+00:00,63550.0
2024-09-30 10:00:00+00:00,63629.0
2024-09-30 11:00:00+00:00,63828.0
2024-09-30 12:00:00+00:00,64041.0
2024-09-30 13:00:00+00:00,63862.0
2024-09-30 14:00:00+00:00,63746.0
2024-09-30 15:00:00+00:00,63542.0
2024-09-30 16:00:00+00:00,63479.0
2024-09-30 17:00:00+00:00,63678.0
2024-09-30 18:00:00+00:00,63325.0
2024-09-30 19:00:00+00:00,63421.0
2024-09-30 20:00:00+00:00,63767.0
2024-09-30 21:00:00+00:00,63699.0
2024-09-30 22:00:00+00:00,63463.0
2024-09-30 23:00:00+00:00,63302.0
2024-10-01 00:00:00+00:00,63516.0
2024-10-01 01:00:00+00:00,63419.0
2024-10-01 02:00:00+00:00,63390.0
2024-10-01 03:00:00+00:00,63687.0
2024-10-01 04:00:00+00:00,63794.0
2024-10-01 05:00:00+00:00,63719.0
2024-10-01 06:00:00+00:00,64036.0
2024-10-01 07:00:00+00:00,64034.0
2024-10-01 08:00:00+00:00,63946.0
2024-10-01 09:00:00+00:00,63860.0
2024-10-01 10:00:00+00:00,63903.0
2024-10-01 11:00:00+00:00,63728.0
2024-10-01 12:00:00+00:00,63667.0
2024-10-01 13:00:00+00:00,62851.0
2024-10-01 14:00:00+00:00,62572.0
2024-10-01 15:00:00+00:00,62627.0
2024-10-01 16:00:00+00:00,62435.0
2024-10-01 17:00:00+00:00,62094.0
2024-10-01 18:00:00+00:00,61975.0
2024-10-01 19:00:00+00:00,61690.0
2024-10-01 20:00:00+00:00,60785.0
2024-10-01 21:00:00+00:00,61144.0
2024-10-01 22:00:00+00:00,60731.0
2024-10-01 23:00:00+00:00,60807.0
2024-10-02 00:00:00+00:00,61018.0
2024-10-02 01:00:00+00:00,61500.0
2024-10-02 02:00:00+00:00,61792.0
2024-10-02 03:00:00+00:00,61736.0
2024-10-02 04:00:00+00:00,61467.0
2024-10-02 05:00:00+00:00,61473.0
2024-10-02 06:00:00+00:00,61694.0
2024-10-02 07:00:00+00:00,61710.0
2024-10-02 08:00:00+00:00,61789.0
2024-10-02 09:00:00+00:00,61246.0
2024-10-02 10:00:00+00:00,61175.0
2024-10-02 11:00:00+00:00,61183.0
2024-10-02 12:00:00+00:00,60807.0
2024-10-02 13:00:00+00:00,61333.0
2024-10-02 14:00:00+00:00,61086.0
2024-10-02 15:00:00+00:00,61879.0
2024-10-02 16:00:00+00:00,61788.0
2024-10-02 17:00:00+00:00,61665.0
2024-10-02 18:00:00+00:00,60765.0
2024-10-02 19:00:00+00:00,60177.0
2024-10-02 20:00:00+00:00,60888.0
2024-10-02 21:00:00+00:00,60819.0
2024-10-02 22:00:00+00:00,60830.0
2024-10-02 23:00:00+00:00,60634.0
2024-10-03 00:00:00+00:00,60885.0
2024-10-03 01:00:00+00:00,60999.0
2024-10-03 02:00:00+00:00,61183.0
2024-10-03 03:00:00+00:00,61447.0
2024-10-03 04:00:00+00:00,61345.0
2024-10-03 05:00:00+00:00,61166.0
2024-10-03 06:00:00+00:00,61327.0
2024-10-03 07:00:00+00:00,60953.0
2024-10-03 08:00:00+00:00,60353.0
2024-10-03 09:00:00+00:00,60706.0
2024-10-03 10:00:00+00:00,61020.0
2024-10-03 11:00:00+00:00,60753.0
2024-10-03 12:00:00+00:00,60520.0
2024-10-03 13:00:00+00:00,60387.0
2024-10-03 14:00:00+00:00,60161.0
2024-10-03 15:00:00+00:00,60614.0
2024-10-03 16:00:00+00:00,60152.0
2024-10-03 17:00:00+00:00,60588.0
2024-10-03 18:00:00+00:00,60736.0
2024-10-03 19:00:00+00:00,61007.0
2024-10-03 20:00:00+00:00,60766.0
2024-10-03 21:00:00+00:00,60817.0
2024-10-03 22:00:00+00:00,60883.0
2024-10-03 23:00:00+00:00,60745.0
2024-10-04 00:00:00+00:00,60516.0
2024-10-04 01:00:00+00:00,61216.0
2024-10-04 02:00:00+00:00,61036.0
2024-10-04 03:00:00+00:00,60928.0
2024-10-04 04:00:00+00:00,61002.0
2024-10-04 05:00:00+00:00,61221.0
2024-10-04 06:00:00+00:00,61116.0
2024-10-04 07:00:00+00:00,61429.0
2024-10-04 08:00:00+00:00,61448.0
2024-10-04 09:00:00+00:00,61328.0
2024-10-04 10:00:00+00:00,61276.0
2024-10-04 11:00:00+00:00,61436.0
2024-10-04 12:00:00+00:00,61898.0
2024-10-04 13:00:00+00:00,61569.0
2024-10-04 14:00:00+00:00,61223.0
2024-10-04 15:00:00+00:00,61852.0
2024-10-04 16:00:00+00:00,62242.0
2024-10-04 17:00:00+00:00,61978.0
2024-10-04 18:00:00+00:00,62334.0
2024-10-04 19:00:00+00:00,62367.0
2024-10-04 20:00:00+00:00,62424.0
2024-10-04 21:00:00+00:00,62280.0
2024-10-04 22:00:00+00:00,62213.0
2024-10-04 23:00:00+00:00,62081.0
2024-10-05 00:00:00+00:00,62158.0
2024-10-05 01:00:00+00:00,62070.0
2024-10-05 02:00:00+00:00,61820.0
2024-10-05 03:00:00+00:00,61858.0
2024-10-05 04:00:00+00:00,61943.0
2024-10-05 05:00:00+00:00,62135.0
2024-10-05 06:00:00+00:00,62215.0
2024-10-05 07:00:00+00:00,62084.0
2024-10-05 08:00:00+00:00,62158.0
2024-10-05 09:00:00+00:00,62251.0
2024-10-05 10:00:00+00:00,62209.0
2024-10-05 11:00:00+00:00,62176.0
2024-10-05 12:00:00+00:00,62308.0
2024-10-05 13:00:00+00:00,62156.0
2024-10-05 14:00:00+00:00,62203.0
2024-10-05 15:00:00+00:00,62177.0
2024-10-05 16:00:00+00:00,61963.0
2024-10-05 17:00:00+00:00,62014.0
2024-10-05 18:00:00+00:00,61869.0
2024-10-05 19:00:00+00:00,61847.0
2024-10-05 20:00:00+00:00,61722.0
2024-10-05 21:00:00+00:00,61854.0
2024-10-05 22:00:00+00:00,62041.0
2024-10-05 23:00:00+00:00,62063.0
2024-10-06 00:00:00+00:00,61917.0
2024-10-06 01:00:00+00:00,62073.0
2024-10-06 02:00:00+00:00,61970.0
2024-10-06 03:00:00+00:00,61891.0
2024-10-06 04:00:00+00:00,61882.0
2024-10-06 05:00:00+00:00,61960.0
2024-10-06 06:00:00+00:00,61957.0
2024-10-06 07:00:00+00:00,61957.0
2024-10-06 08:00:00+00:00,61982.0
2024-10-06 09:00:00+00:00,62064.0
2024-10-06 10:00:00+00:00,62032.0
2024-10-06 11:00:00+00:00,62101.0
2024-10-06 12:00:00+00:00,62214.0
2024-10-06 13:00:00+00:00,62248.0
2024-10-06 14:00:00+00:00,62713.0
2024-10-06 15:00:00+00:00,62720.0
2024-10-06 16:00:00+00:00,62608.0
2024-10-06 17:00:00+00:00,62590.0
2024-10-06 18:00:00+00:00,62720.0
2024-10-06 19:00:00+00:00,62638.0
2024-10-06 20:00:00+00:00,62632.0
2024-10-06 21:00:00+00:00,62298.0
2024-10-06 22:00:00+00:00,62623.0
2024-10-06 23:00:00+00:00,62814.0
2024-10-07 00:00:00+00:00,63665.0
2024-10-07 01:00:00+00:00,63807.0
2024-10-07 02:00:00+00:00,63636.0
2024-10-07 03:00:00+00:00,63520.0
2024-10-07 04:00:00+00:00,63460.0
2024-10-07 05:00:00+00:00,63375.0
2024-10-07 06:00:00+00:00,63720.0
2024-10-07 07:00:00+00:00,63535.0
2024-10-07 08:00:00+00:00,63544.0
2024-10-07 09:00:00+00:00,63193.0
2024-10-07 10:00:00+00:00,62872.0
2024-10-07 11:00:00+00:00,63128.0
2024-10-07 12:00:00+00:00,62855.0
2024-10-07 13:00:00+00:00,63455.0
2024-10-07 14:00:00+00:00,63978.0
2024-10-07 15:00:00+00:00,63651.0
2024-10-07 16:00:00+00:00,63800.0
2024-10-07 17:00:00+00:00,63806.0
2024-10-07 18:00:00+00:00,62839.0
2024-10-07 19:00:00+00:00,63346.0
2024-10-07 20:00:00+00:00,62974.0
2024-10-07 21:00:00+00:00,63323.0
2024-10-07 22:00:00+00:00,62451.0
2024-10-07 23:00:00+00:00,62212.0
2024-10-08 00:00:00+00:00,62527.0
2024-10-08 01:00:00+00:00,62625.0
2024-10-08 02:00:00+00:00,62763.0
2024-10-08 03:00:00+00:00,62607.0
2024-10-08 04:00:00+00:00,62670.0
2024-10-08 05:00:00+00:00,62492.0
2024-10-08 06:00:00+00:00,62460.0
2024-10-08 07:00:00+00:00,62293.0
2024-10-08 08:00:00+00:00,62395.0
2024-10-08 09:00:00+00:00,62570.0
2024-10-08 10:00:00+00:00,62492.0
2024-10-08 11:00:00+00:00,62594.0
2024-10-08 12:00:00+00:00,62420.0
2024-10-08 13:00:00+00:00,63006.0
2024-10-08 14:00:00+00:00,62733.0
2024-10-08 15:00:00+00:00,62274.0
2024-10-08 16:00:00+00:00,62553.0
2024-10-08 17:00:00+00:00,62354.0
2024-10-08 18:00:00+00:00,62086.0
2024-10-08 19:00:00+00:00,62203.0
2024-10-08 20:00:00+00:00,62344.0
2024-10-08 21:00:00+00:00,62419.0
2024-10-08 22:00:00+00:00,62134.0
2024-10-08 23:00:00+00:00,62133.0
2024-10-09 00:00:00+00:00,62112.0
2024-10-09 01:00:00+00:00,62381.0
2024-10-09 02:00:00+00:00,62241.0
2024-10-09 03:00:00+00:00,62356.0
2024-10-09 04:00:00+00:00,62302.0
2024-10-09 05:00:00+00:00,62495.0
2024-10-09 06:00:00+00:00,62395.0
2024-10-09 07:00:00+00:00,62239.0
2024-10-09 08:00:00+00:00,62104.0
2024-10-09 09:00:00+00:00,62215.0
2024-10-09 10:00:00+00:00,62102.0
2024-10-09 11:00:00+00:00,62145.0
2024-10-09 12:00:00+00:00,61925.0
2024-10-09 13:00:00+00:00,61764.0
2024-10-09 14:00:00+00:00,61819.0
2024-10-09 15:00:00+00:00,62269.0
2024-10-09 16:00:00+00:00,61766.0
2024-10-09 17:00:00+00:00,61690.0
2024-10-09 18:00:00+00:00,61141.0
2024-10-09 19:00:00+00:00,60980.0
2024-10-09 20:00:00+00:00,60390.0
2024-10-09 21:00:00+00:00,60868.0
2024-10-09 22:00:00+00:00,60752.0
2024-10-09 23:00:00+00:00,60582.0
2024-10-10 00:00:00+00:00,60387.0
2024-10-10 01:00:00+00:00,60735.0
2024-10-10 02:00:00+00:00,60841.0
2024-10-10 03:00:00+00:00,60806.0
2024-10-10 04:00:00+00:00,60822.0
2024-10-10 05:00:00+00:00,60861.0
2024-10-10 06:00:00+00:00,61078.0
2024-10-10 07:00:00+00:00,60824.0
2024-10-10 08:00:00+00:00,60751.0
2024-10-10 09:00:00+00:00,60866.0
2024-10-10 10:00:00+00:00,60998.0
2024-10-10 11:00:00+00:00,61189.0
2024-10-10 12:00:00+00:00,60910.0
2024-10-10 13:00:00+00:00,60909.0
2024-10-10 14:00:00+00:00,60536.0
2024-10-10 15:00:00+00:00,60725.0
2024-10-10 16:00:00+00:00,60236.0
2024-10-10 17:00:00+00:00,59546.0
2024-10-10 18:00:00+00:00,59426.0
2024-10-10 19:00:00+00:00,59664.0
2024-10-10 20:00:00+00:00,59722.0
2024-10-10 21:00:00+00:00,60119.0
2024-10-10 22:00:00+00:00,60093.0
2024-10-10 23:00:00+00:00,60278.0
2024-10-11 00:00:00+00:00,60150.0
2024-10-11 01:00:00+00:00,60521.0
2024-10-11 02:00:00+00:00,60501.0
2024-10-11 03:00:00+00:00,60577.0
2024-10-11 04:00:00+00:00,60656.0
2024-10-11 05:00:00+00:00,60596.0
2024-10-11 06:00:00+00:00,60755.0
2024-10-11 07:00:00+00:00,60638.0
2024-10-11 08:00:00+00:00,60624.0
2024-10-11 09:00:00+00:00,61033.0
2024-10-11 10:00:00+00:00,61120.0
2024-10-11 11:00:00+00:00,61138.0
2024-10-11 12:00:00+00:00,61349.0
2024-10-11 13:00:00+00:00,61641.0
2024-10-11 14:00:00+00:00,61740.0
2024-10-11 15:00:00+00:00,62291.0
2024-10-11 16:00:00+00:00,62268.0
2024-10-11 17:00:00+00:00,62929.0
2024-10-11 18:00:00+00:00,62925.0
2024-10-11 19:00:00+00:00,63105.0
2024-10-11 20:00:00+00:00,63017.0
2024-10-11 21:00:00+00:00,62854.0
2024-10-11 22:00:00+00:00,62419.0
2024-10-11 23:00:00+00:00,62452.0
2024-10-12 00:00:00+00:00,62859.0
2024-10-12 01:00:00+00:00,62712.0
2024-10-12 02:00:00+00:00,62532.0
2024-10-12 03:00:00+00:00,62551.0
2024-10-12 04:00:00+00:00,62569.0
2024-10-12 05:00:00+00:00,62756.0
2024-10-12 06:00:00+00:00,62662.0
2024-10-12 07:00:00+00:00,62743.0
2024-10-12 08:00:00+00:00,62705.0
2024-10-12 09:00:00+00:00,62810.0
2024-10-12 10:00:00+00:00,63022.0
2024-10-12 11:00:00+00:00,62925.0
2024-10-12 12:00:00+00:00,63036.0
2024-10-12 13:00:00+00:00,63068.0
2024-10-12 14:00:00+00:00,63220.0
2024-10-12 15:00:00+00:00,63150.0
2024-10-12 16:00:00+00:00,63061.0
2024-10-12 17:00:00+00:00,63098.0
2024-10-12 18:00:00+00:00,62939.0
2024-10-12 19:00:00+00:00,62989.0
2024-10-12 20:00:00+00:00,63053.0
2024-10-12 21:00:00+00:00,63204.0
2024-10-12 22:00:00+00:00,63282.0
2024-10-12 23:00:00+00:00,63194.0
2024-10-13 00:00:00+00:00,63178.0
2024-10-13 01:00:00+00:00,62864.0
2024-10-13 02:00:00+00:00,62857.0
2024-10-13 03:00:00+00:00,62683.0
2024-10-13 04:00:00+00:00,62806.0
2024-10-13 05:00:00+00:00,62845.0
2024-10-13 06:00:00+00:00,62863.0
2024-10-13 07:00:00+00:00,62835.0
2024-10-13 08:00:00+00:00,62783.0
2024-10-13 09:00:00+00:00,62815.0
2024-10-13 10:00:00+00:00,62686.0
2024-10-13 11:00:00+00:00,62528.0
2024-10-13 12:00:00+00:00,62650.0
2024-10-13 13:00:00+00:00,62638.0
2024-10-13 14:00:00+00:00,62227.0
2024-10-13 15:00:00+00:00,62217.0
2024-10-13 16:00:00+00:00,62614.0
2024-10-13 17:00:00+00:00,62510.0
2024-10-13 18:00:00+00:00,62427.0
2024-10-13 19:00:00+00:00,62713.0
2024-10-13 20:00:00+00:00,62743.0
2024-10-13 21:00:00+00:00,62874.0
2024-10-13 22:00:00+00:00,62810.0
2024-10-13 23:00:00+00:00,62849.0
2024-10-14 00:00:00+00:00,62500.0
2024-10-14 01:00:00+00:00,62615.0
2024-10-14 02:00:00+00:00,62600.0
2024-10-14 03:00:00+00:00,64251.0
2024-10-14 04:00:00+00:00,64112.0
2024-10-14 05:00:00+00:00,63903.0
2024-10-14 06:00:00+00:00,64050.0
2024-10-14 07:00:00+00:00,64580.0
2024-10-14 08:00:00+00:00,64386.0
2024-10-14 09:00:00+00:00,64782.0
2024-10-14 10:00:00+00:00,64831.0
2024-10-14 11:00:00+00:00,64870.0
2024-10-14 12:00:00+00:00,64845.0
2024-10-14 13:00:00+00:00,65134.0
2024-10-14 14:00:00+00:00,65903.0
2024-10-14 15:00:00+00:00,65841.0
2024-10-14 16:00:00+00:00,65661.0
2024-10-14 17:00:00+00:00,65610.0
2024-10-14 18:00:00+00:00,65750.0
2024-10-14 19:00:00+00:00,65920.0
2024-10-14 20:00:00+00:00,65907.0
2024-10-14 21:00:00+00:00,65777.0
2024-10-14 22:00:00+00:00,66450.0
2024-10-14 23:00:00+00:00,66070.0
2024-10-15 00:00:00+00:00,65914.0
2024-10-15 01:00:00+00:00,65840.0
2024-10-15 02:00:00+00:00,65724.0
2024-10-15 03:00:00+00:00,65326.0
2024-10-15 04:00:00+00:00,65551.0
2024-10-15 05:00:00+00:00,65330.0
2024-10-15 06:00:00+00:00,65542.0
2024-10-15 07:00:00+00:00,65618.0
2024-10-15 08:00:00+00:00,65701.0
2024-10-15 09:00:00+00:00,65596.0
2024-10-15 10:00:00+00:00,65646.0
2024-10-15 11:00:00+00:00,65365.0
2024-10-15 12:00:00+00:00,65798.0
2024-10-15 13:00:00+00:00,67643.0
2024-10-15 14:00:00+00:00,65382.0
2024-10-15 15:00:00+00:00,65992.0
2024-10-15 16:00:00+00:00,66840.0
2024-10-15 17:00:00+00:00,66803.0
2024-10-15 18:00:00+00:00,66891.0
2024-10-15 19:00:00+00:00,66966.0
2024-10-15 20:00:00+00:00,66483.0
2024-10-15 21:00:00+00:00,66427.0
2024-10-15 22:00:00+00:00,66738.0
2024-10-15 23:00:00+00:00,67061.0
2024-10-16 00:00:00+00:00,66876.0
2024-10-16 01:00:00+00:00,67376.0
2024-10-16 02:00:00+00:00,67289.0
2024-10-16 03:00:00+00:00,67087.0
2024-10-16 04:00:00+00:00,67034.0
2024-10-16 05:00:00+00:00,67204.0
2024-10-16 06:00:00+00:00,67043.0
2024-10-16 07:00:00+00:00,66968.0
2024-10-16 08:00:00+00:00,67116.0
2024-10-16 09:00:00+00:00,67413.0
2024-10-16 10:00:00+00:00,67784.0
2024-10-16 11:00:00+00:00,67891.0
2024-10-16 12:00:00+00:00,67822.0
2024-10-16 13:00:00+00:00,67360.0
2024-10-16 14:00:00+00:00,67659.0
2024-10-16 15:00:00+00:00,67733.0
2024-10-16 16:00:00+00:00,67814.0
2024-10-16 17:00:00+00:00,67934.0
2024-10-16 18:00:00+00:00,67819.0
2024-10-16 19:00:00+00:00,67723.0
2024-10-16 20:00:00+00:00,67621.0
2024-10-16 21:00:00+00:00,67566.0
2024-10-16 22:00:00+00:00,67787.0
2024-10-16 23:00:00+00:00,67622.0
2024-10-17 00:00:00+00:00,67683.0
2024-10-17 01:00:00+00:00,67877.0
2024-10-17 02:00:00+00:00,67465.0
2024-10-17 03:00:00+00:00,67586.0
2024-10-17 04:00:00+00:00,67238.0
2024-10-17 05:00:00+00:00,67322.0
2024-10-17 06:00:00+00:00,67135.0
2024-10-17 07:00:00+00:00,67265.0
2024-10-17 08:00:00+00:00,67433.0
2024-10-17 09:00:00+00:00,67176.0
2024-10-17 10:00:00+00:00,67217.0
2024-10-17 11:00:00+00:00,66859.0
2024-10-17 12:00:00+00:00,67134.0
2024-10-17 13:00:00+00:00,66992.0
2024-10-17 14:00:00+00:00,67094.0
2024-10-17 15:00:00+00:00,67564.0
2024-10-17 16:00:00+00:00,67373.0
2024-10-17 17:00:00+00:00,67279.0
2024-10-17 18:00:00+00:00,66939.0
2024-10-17 19:00:00+00:00,66786.0
2024-10-17 20:00:00+00:00,66933.0
2024-10-17 21:00:00+00:00,67063.0
2024-10-17 22:00:00+00:00,67417.0
2024-10-17 23:00:00+00:00,67392.0
2024-10-18 00:00:00+00:00,67209.0
2024-10-18 01:00:00+00:00,68051.0
2024-10-18 02:00:00+00:00,68079.0
2024-10-18 03:00:00+00:00,67528.0
2024-10-18 04:00:00+00:00,67707.0
2024-10-18 05:00:00+00:00,67990.0
2024-10-18 06:00:00+00:00,68091.0
2024-10-18 07:00:00+00:00,67941.0
2024-10-18 08:00:00+00:00,67892.0
2024-10-18 09:00:00+00:00,67780.0
2024-10-18 10:00:00+00:00,67865.0
2024-10-18 11:00:00+00:00,67657.0
2024-10-18 12:00:00+00:00,67642.0
2024-10-18 13:00:00+00:00,68177.0
2024-10-18 14:00:00+00:00,68445.0
2024-10-18 15:00:00+00:00,68713.0
2024-10-18 16:00:00+00:00,68786.0
2024-10-18 17:00:00+00:00,68729.0
2024-10-18 18:00:00+00:00,68905.0
2024-10-18 19:00:00+00:00,68625.0
2024-10-18 20:00:00+00:00,68405.0
2024-10-18 21:00:00+00:00,68411.0
2024-10-18 22:00:00+00:00,68201.0
2024-10-18 23:00:00+00:00,68420.0
2024-10-19 00:00:00+00:00,68323.0
2024-10-19 01:00:00+00:00,68324.0
2024-10-19 02:00:00+00:00,68454.0
2024-10-19 03:00:00+00:00,68446.0
2024-10-19 04:00:00+00:00,68347.0
2024-10-19 05:00:00+00:00,68396.0
2024-10-19 06:00:00+00:00,68350.0
2024-10-19 07:00:00+00:00,68340.0
2024-10-19 08:00:00+00:00,68393.0
2024-10-19 09:00:00+00:00,68348.0
2024-10-19 10:00:00+00:00,68242.0
2024-10-19 11:00:00+00:00,68093.0
2024-10-19 12:00:00+00:00,68218.0
2024-10-19 13:00:00+00:00,68111.0
2024-10-19 14:00:00+00:00,68295.0
2024-10-19 15:00:00+00:00,68224.0
2024-10-19 16:00:00+00:00,68045.0
2024-10-19 17:00:00+00:00,68111.0
2024-10-19 18:00:00+00:00,68178.0
2024-10-19 19:00:00+00:00,68182.0
2024-10-19 20:00:00+00:00,68247.0
2024-10-19 21:00:00+00:00,68209.0
2024-10-19 22:00:00+00:00,68334.0
2024-10-19 23:00:00+00:00,68359.0
2024-10-20 00:00:00+00:00,68226.0
2024-10-20 01:00:00+00:00,68152.0
2024-10-20 02:00:00+00:00,68167.0
2024-10-20 03:00:00+00:00,68184.0
2024-10-20 04:00:00+00:00,68220.0
2024-10-20 05:00:00+00:00,68210.0
2024-10-20 06:00:00+00:00,68391.0
2024-10-20 07:00:00+00:00,68358.0
2024-10-20 08:00:00+00:00,68383.0
2024-10-20 09:00:00+00:00,68423.0
2024-10-20 10:00:00+00:00,68376.0
2024-10-20 11:00:00+00:00,68412.0
2024-10-20 12:00:00+00:00,68279.0
2024-10-20 13:00:00+00:00,68423.0
2024-10-20 14:00:00+00:00,68626.0
2024-10-20 15:00:00+00:00,68602.0
2024-10-20 16:00:00+00:00,68488.0
2024-10-20 17:00:00+00:00,68551.0
2024-10-20 18:00:00+00:00,68585.0
2024-10-20 19:00:00+00:00,68496.0
2024-10-20 20:00:00+00:00,68751.0
2024-10-20 21:00:00+00:00,68750.0
2024-10-20 22:00:00+00:00,69123.0
2024-10-20 23:00:00+00:00,69011.0
2024-10-21 00:00:00+00:00,69139.0
2024-10-21 01:00:00+00:00,69182.0
2024-10-21 02:00:00+00:00,68700.0
2024-10-21 03:00:00+00:00,68907.0
2024-10-21 04:00:00+00:00,69007.0
2024-10-21 05:00:00+00:00,68982.0
2024-10-21 06:00:00+00:00,68683.0
2024-10-21 07:00:00+00:00,68465.0
2024-10-21 08:00:00+00:00,68277.0
2024-10-21 09:00:00+00:00,68332.0
2024-10-21 10:00:00+00:00,68261.0
2024-10-21 11:00:00+00:00,68208.0
2024-10-21 12:00:00+00:00,68167.0
2024-10-21 13:00:00+00:00,67292.0
2024-10-21 14:00:00+00:00,67240.0
2024-10-21 15:00:00+00:00,67297.0
2024-10-21 16:00:00+00:00,67279.0
2024-10-21 17:00:00+00:00,67479.0
2024-10-21 18:00:00+00:00,67286.0
2024-10-21 19:00:00+00:00,67703.0
2024-10-21 20:00:00+00:00,67729.0
2024-10-21 21:00:00+00:00,67791.0
2024-10-21 22:00:00+00:00,67752.0
2024-10-21 23:00:00+00:00,67340.0
2024-10-22 00:00:00+00:00,67115.0
2024-10-22 01:00:00+00:00,67450.0
2024-10-22 02:00:00+00:00,67273.0
2024-10-22 03:00:00+00:00,67355.0
2024-10-22 04:00:00+00:00,67457.0
2024-10-22 05:00:00+00:00,67532.0
2024-10-22 06:00:00+00:00,67522.0
2024-10-22 07:00:00+00:00,67356.0
2024-10-22 08:00:00+00:00,66879.0
2024-10-22 09:00:00+00:00,66914.0
2024-10-22 10:00:00+00:00,67126.0
2024-10-22 11:00:00+00:00,67246.0
2024-10-22 12:00:00+00:00,66926.0
2024-10-22 13:00:00+00:00,66941.0
2024-10-22 14:00:00+00:00,67512.0
2024-10-22 15:00:00+00:00,67228.0
2024-10-22 16:00:00+00:00,66911.0
2024-10-22 17:00:00+00:00,67273.0
2024-10-22 18:00:00+00:00,67331.0
2024-10-22 19:00:00+00:00,67425.0
2024-10-22 20:00:00+00:00,67502.0
2024-10-22 21:00:00+00:00,67487.0
2024-10-22 22:00:00+00:00,67718.0
2024-10-22 23:00:00+00:00,67382.0
2024-10-23 00:00:00+00:00,67131.0
2024-10-23 01:00:00+00:00,67290.0
2024-10-23 02:00:00+00:00,67043.0
2024-10-23 03:00:00+00:00,67030.0
2024-10-23 04:00:00+00:00,67159.0
2024-10-23 05:00:00+00:00,67037.0
2024-10-23 06:00:00+00:00,66871.0
2024-10-23 07:00:00+00:00,66799.0
2024-10-23 08:00:00+00:00,66435.0
2024-10-23 09:00:00+00:00,66464.0
2024-10-23 10:00:00+00:00,66362.0
2024-10-23 11:00:00+00:00,66349.0
2024-10-23 12:00:00+00:00,66362.0
2024-10-23 13:00:00+00:00,66741.0
2024-10-23 14:00:00+00:00,66424.0
2024-10-23 15:00:00+00:00,66153.0
2024-10-23 16:00:00+00:00,65806.0
2024-10-23 17:00:00+00:00,65634.0
2024-10-23 18:00:00+00:00,65968.0
2024-10-23 19:00:00+00:00,66386.0
2024-10-23 20:00:00+00:00,66590.0
2024-10-23 21:00:00+00:00,66357.0
2024-10-23 22:00:00+00:00,66415.0
2024-10-23 23:00:00+00:00,66601.0
2024-10-24 00:00:00+00:00,67362.0
2024-10-24 01:00:00+00:00,67197.0
2024-10-24 02:00:00+00:00,67379.0
2024-10-24 03:00:00+00:00,67152.0
2024-10-24 04:00:00+00:00,67308.0
2024-10-24 05:00:00+00:00,67287.0
2024-10-24 06:00:00+00:00,67056.0
2024-10-24 07:00:00+00:00,67049.0
2024-10-24 08:00:00+00:00,66792.0
2024-10-24 09:00:00+00:00,66801.0
2024-10-24 10:00:00+00:00,66919.0
2024-10-24 11:00:00+00:00,67181.0
2024-10-24 12:00:00+00:00,67459.0
2024-10-24 13:00:00+00:00,67821.0
2024-10-24 14:00:00+00:00,67720.0
2024-10-24 15:00:00+00:00,67628.0
2024-10-24 16:00:00+00:00,67519.0
2024-10-24 17:00:00+00:00,67595.0
2024-10-24 18:00:00+00:00,67777.0
2024-10-24 19:00:00+00:00,68241.0
2024-10-24 20:00:00+00:00,68145.0
2024-10-24 21:00:00+00:00,68309.0
2024-10-24 22:00:00+00:00,68150.0
2024-10-24 23:00:00+00:00,68155.0
2024-10-25 00:00:00+00:00,67953.0
2024-10-25 01:00:00+00:00,67930.0
2024-10-25 02:00:00+00:00,68023.0
2024-10-25 03:00:00+00:00,67956.0
2024-10-25 04:00:00+00:00,67698.0
2024-10-25 05:00:00+00:00,67700.0
2024-10-25 06:00:00+00:00,67583.0
2024-10-25 07:00:00+00:00,67483.0
2024-10-25 08:00:00+00:00,67611.0
2024-10-25 09:00:00+00:00,67782.0
2024-10-25 10:00:00+00:00,67801.0
2024-10-25 11:00:00+00:00,68054.0
2024-10-25 12:00:00+00:00,68024.0
2024-10-25 13:00:00+00:00,68284.0
2024-10-25 14:00:00+00:00,68275.0
2024-10-25 15:00:00+00:00,67654.0
2024-10-25 16:00:00+00:00,67620.0
2024-10-25 17:00:00+00:00,66758.0
2024-10-25 18:00:00+00:00,66919.0
2024-10-25 19:00:00+00:00,66697.0
2024-10-25 20:00:00+00:00,66759.0
2024-10-25 21:00:00+00:00,67167.0
2024-10-25 22:00:00+00:00,66520.0
2024-10-25 23:00:00+00:00,66578.0
2024-10-26 00:00:00+00:00,66674.0
2024-10-26 01:00:00+00:00,66598.0
2024-10-26 02:00:00+00:00,66738.0
2024-10-26 03:00:00+00:00,66817.0
2024-10-26 04:00:00+00:00,66867.0
2024-10-26 05:00:00+00:00,67049.0
2024-10-26 06:00:00+00:00,67092.0
2024-10-26 07:00:00+00:00,66963.0
2024-10-26 08:00:00+00:00,67067.0
2024-10-26 09:00:00+00:00,66986.0
2024-10-26 10:00:00+00:00,66968.0
2024-10-26 11:00:00+00:00,67056.0
2024-10-26 12:00:00+00:00,66940.0
2024-10-26 13:00:00+00:00,66838.0
2024-10-26 14:00:00+00:00,66701.0
2024-10-26 15:00:00+00:00,66794.0
2024-10-26 16:00:00+00:00,66888.0
2024-10-26 17:00:00+00:00,66965.0
2024-10-26 18:00:00+00:00,66945.0
2024-10-26 19:00:00+00:00,67100.0
2024-10-26 20:00:00+00:00,67160.0
2024-10-26 21:00:00+00:00,67088.0
2024-10-26 22:00:00+00:00,67048.0
2024-10-26 23:00:00+00:00,67003.0
2024-10-27 00:00:00+00:00,66925.0
2024-10-27 01:00:00+00:00,66978.0
2024-10-27 02:00:00+00:00,66958.0
2024-10-27 03:00:00+00:00,67176.0
2024-10-27 04:00:00+00:00,67061.0
2024-10-27 05:00:00+00:00,67092.0
2024-10-27 06:00:00+00:00,67085.0
2024-10-27 07:00:00+00:00,67112.0
2024-10-27 08:00:00+00:00,67136.0
2024-10-27 09:00:00+00:00,67058.0
2024-10-27 10:00:00+00:00,67015.0
2024-10-27 11:00:00+00:00,67042.0
2024-10-27 12:00:00+00:00,67318.0
2024-10-27 13:00:00+00:00,67532.0
2024-10-27 14:00:00+00:00,67613.0
2024-10-27 15:00:00+00:00,67708.0
2024-10-27 16:00:00+00:00,67743.0
2024-10-27 17:00:00+00:00,67674.0
2024-10-27 18:00:00+00:00,67476.0
2024-10-27 19:00:00+00:00,67750.0
2024-10-27 20:00:00+00:00,67680.0
2024-10-27 21:00:00+00:00,67851.0
2024-10-27 22:00:00+00:00,68048.0
2024-10-27 23:00:00+00:00,67938.0
2024-10-28 00:00:00+00:00,67770.0
2024-10-28 01:00:00+00:00,67670.0
2024-10-28 02:00:00+00:00,67719.0
2024-10-28 03:00:00+00:00,67654.0
2024-10-28 04:00:00+00:00,67660.0
2024-10-28 05:00:00+00:00,67834.0
2024-10-28 06:00:00+00:00,67859.0
2024-10-28 07:00:00+00:00,68329.0
2024-10-28 08:00:00+00:00,68249.0
2024-10-28 09:00:00+00:00,68488.0
2024-10-28 10:00:00+00:00,68545.0
2024-10-28 11:00:00+00:00,68679.0
2024-10-28 12:00:00+00:00,68835.0
2024-10-28 13:00:00+00:00,68765.0
2024-10-28 14:00:00+00:00,68769.0
2024-10-28 15:00:00+00:00,68424.0
2024-10-28 16:00:00+00:00,68664.0
2024-10-28 17:00:00+00:00,68923.0
2024-10-28 18:00:00+00:00,69180.0
2024-10-28 19:00:00+00:00,69590.0
2024-10-28 20:00:00+00:00,69600.0
2024-10-28 21:00:00+00:00,69747.0
2024-10-28 22:00:00+00:00,69900.0
2024-10-28 23:00:00+00:00,69918.0
2024-10-29 00:00:00+00:00,69911.0
2024-10-29 01:00:00+00:00,70220.0
2024-10-29 02:00:00+00:00,71121.0
2024-10-29 03:00:00+00:00,70871.0
2024-10-29 04:00:00+00:00,71027.0
2024-10-29 05:00:00+00:00,70977.0
2024-10-29 06:00:00+00:00,71193.0
2024-10-29 07:00:00+00:00,70940.0
2024-10-29 08:00:00+00:00,71096.0
2024-10-29 09:00:00+00:00,71229.0
2024-10-29 10:00:00+00:00,71125.0
2024-10-29 11:00:00+00:00,71421.0
2024-10-29 12:00:00+00:00,71061.0
2024-10-29 13:00:00+00:00,71769.0
2024-10-29 14:00:00+00:00,71829.0
2024-10-29 15:00:00+00:00,72377.0
2024-10-29 16:00:00+00:00,72723.0
2024-10-29 17:00:00+00:00,72708.0
2024-10-29 18:00:00+00:00,73171.0
2024-10-29 19:00:00+00:00,72512.0
2024-10-29 20:00:00+00:00,72317.0
2024-10-29 21:00:00+00:00,72265.0
2024-10-29 22:00:00+00:00,72621.0
2024-10-29 23:00:00+00:00,72729.0
2024-10-30 00:00:00+00:00,72240.0
2024-10-30 01:00:00+00:00,72400.0
2024-10-30 02:00:00+00:00,72309.0
2024-10-30 03:00:00+00:00,72214.0
2024-10-30 04:00:00+00:00,72252.0
2024-10-30 05:00:00+00:00,72481.0
2024-10-30 06:00:00+00:00,72288.0
2024-10-30 07:00:00+00:00,72200.0
2024-10-30 08:00:00+00:00,72221.0
2024-10-30 09:00:00+00:00,72563.0
2024-10-30 10:00:00+00:00,72339.0
2024-10-30 11:00:00+00:00,71969.0
2024-10-30 12:00:00+00:00,71858.0
2024-10-30 13:00:00+00:00,71936.0
2024-10-30 14:00:00+00:00,72413.0
2024-10-30 15:00:00+00:00,72049.0
2024-10-30 16:00:00+00:00,72100.0
2024-10-30 17:00:00+00:00,71871.0
2024-10-30 18:00:00+00:00,71954.0
2024-10-30 19:00:00+00:00,71827.0
2024-10-30 20:00:00+00:00,72840.0
2024-10-30 21:00:00+00:00,72378.0
2024-10-30 22:00:00+00:00,72368.0
2024-10-30 23:00:00+00:00,72331.0
2024-10-31 00:00:00+00:00,72131.0
2024-10-31 01:00:00+00:00,72340.0
2024-10-31 02:00:00+00:00,72532.0
2024-10-31 03:00:00+00:00,72330.0
2024-10-31 04:00:00+00:00,72249.0
2024-10-31 05:00:00+00:00,72269.0
2024-10-31 06:00:00+00:00,72209.0
2024-10-31 07:00:00+00:00,72403.0
2024-10-31 08:00:00+00:00,72260.0
2024-10-31 09:00:00+00:00,72313.0
2024-10-31 10:00:00+00:00,72605.0
2024-10-31 11:00:00+00:00,72210.0
2024-10-31 12:00:00+00:00,72102.0
2024-10-31 13:00:00+00:00,71251.0
2024-10-31 14:00:00+00:00,70728.0
2024-10-31 15:00:00+00:00,70553.0
2024-10-31 16:00:00+00:00,70326.0
2024-10-31 17:00:00+00:00,70732.0
2024-10-31 18:00:00+00:00,70555.0
2024-10-31 19:00:00+00:00,69951.0
2024-10-31 20:00:00+00:00,69924.0
2024-10-31 21:00:00+00:00,70328.0
2024-10-31 22:00:00+00:00,70376.0
2024-10-31 23:00:00+00:00,70231.0
2024-11-01 00:00:00+00:00,70062.0
2024-11-01 01:00:00+00:00,69327.0
2024-11-01 02:00:00+00:00,69497.0
2024-11-01 03:00:00+00:00,69279.0
2024-11-01 04:00:00+00:00,69515.0
2024-11-01 05:00:00+00:00,69557.0
2024-11-01 06:00:00+00:00,69164.0
2024-11-01 07:00:00+00:00,69220.0
2024-11-01 08:00:00+00:00,69310.0
2024-11-01 09:00:00+00:00,69471.0
2024-11-01 10:00:00+00:00,69909.0
2024-11-01 11:00:00+00:00,69961.0
2024-11-01 12:00:00+00:00,70304.0
2024-11-01 13:00:00+00:00,71164.0
2024-11-01 14:00:00+00:00,71243.0
2024-11-01 15:00:00+00:00,69336.0
2024-11-01 16:00:00+00:00,69918.0
2024-11-01 17:00:00+00:00,69559.0
2024-11-01 18:00:00+00:00,69105.0
2024-11-01 19:00:00+00:00,69201.0
2024-11-01 20:00:00+00:00,69188.0
2024-11-01 21:00:00+00:00,69214.0
2024-11-01 22:00:00+00:00,69397.0
2024-11-01 23:00:00+00:00,69490.0
2024-11-02 00:00:00+00:00,69655.0
2024-11-02 01:00:00+00:00,69645.0
2024-11-02 02:00:00+00:00,69655.0
2024-11-02 03:00:00+00:00,69579.0
2024-11-02 04:00:00+00:00,69556.0
2024-11-02 05:00:00+00:00,69656.0
2024-11-02 06:00:00+00:00,69706.0
2024-11-02 07:00:00+00:00,69773.0
2024-11-02 08:00:00+00:00,69611.0
2024-11-02 09:00:00+00:00,69524.0
2024-11-02 10:00:00+00:00,69589.0
2024-11-02 11:00:00+00:00,69581.0
2024-11-02 12:00:00+00:00,69426.0
2024-11-02 13:00:00+00:00,69347.0
2024-11-02 14:00:00+00:00,69228.0
2024-11-02 15:00:00+00:00,69372.0
2024-11-02 16:00:00+00:00,69559.0
2024-11-02 17:00:00+00:00,69380.0
2024-11-02 18:00:00+00:00,69402.0
2024-11-02 19:00:00+00:00,69504.0
2024-11-02 20:00:00+00:00,69499.0
2024-11-02 21:00:00+00:00,69417.0
2024-11-02 22:00:00+00:00,69411.0
2024-11-02 23:00:00+00:00,69330.0
2024-11-03 00:00:00+00:00,69147.0
2024-11-03 01:00:00+00:00,68991.0
2024-11-03 02:00:00+00:00,68183.0
2024-11-03 03:00:00+00:00,68365.0
2024-11-03 04:00:00+00:00,68559.0
2024-11-03 05:00:00+00:00,68411.0
2024-11-03 06:00:00+00:00,68543.0
2024-11-03 07:00:00+00:00,68342.0
2024-11-03 08:00:00+00:00,68442.0
2024-11-03 09:00:00+00:00,68196.0
2024-11-03 10:00:00+00:00,68405.0
2024-11-03 11:00:00+00:00,68348.0
2024-11-03 12:00:00+00:00,68473.0
2024-11-03 13:00:00+00:00,68021.0
2024-11-03 14:00:00+00:00,67749.0
2024-11-03 15:00:00+00:00,68073.0
2024-11-03 16:00:00+00:00,68131.0
2024-11-03 17:00:00+00:00,68327.0
2024-11-03 18:00:00+00:00,67981.0
2024-11-03 19:00:00+00:00,68645.0
2024-11-03 20:00:00+00:00,68940.0
2024-11-03 21:00:00+00:00,69098.0
2024-11-03 22:00:00+00:00,68856.0
2024-11-03 23:00:00+00:00,68738.0
2024-11-04 00:00:00+00:00,68669.0
2024-11-04 01:00:00+00:00,68925.0
2024-11-04 02:00:00+00:00,69244.0
2024-11-04 03:00:00+00:00,68998.0
2024-11-04 04:00:00+00:00,69095.0
2024-11-04 05:00:00+00:00,68763.0
2024-11-04 06:00:00+00:00,69063.0
2024-11-04 07:00:00+00:00,68536.0
2024-11-04 08:00:00+00:00,68634.0
2024-11-04 09:00:00+00:00,68601.0
2024-11-04 10:00:00+00:00,68778.0
2024-11-04 11:00:00+00:00,68740.0
2024-11-04 12:00:00+00:00,68927.0
2024-11-04 13:00:00+00:00,68621.0
2024-11-04 14:00:00+00:00,68359.0
2024-11-04 15:00:00+00:00,68619.0
2024-11-04 16:00:00+00:00,67704.0
2024-11-04 17:00:00+00:00,67791.0
2024-11-04 18:00:00+00:00,67614.0
2024-11-04 19:00:00+00:00,67804.0
2024-11-04 20:00:00+00:00,67281.0
2024-11-04 21:00:00+00:00,67083.0
2024-11-04 22:00:00+00:00,67884.0
2024-11-04 23:00:00+00:00,67818.0
2024-11-05 00:00:00+00:00,67975.0
2024-11-05 01:00:00+00:00,67938.0
2024-11-05 02:00:00+00:00,67839.0
2024-11-05 03:00:00+00:00,68205.0
2024-11-05 04:00:00+00:00,68272.0
2024-11-05 05:00:00+00:00,68692.0
2024-11-05 06:00:00+00:00,68745.0
2024-11-05 07:00:00+00:00,68851.0
2024-11-05 08:00:00+00:00,69000.0
2024-11-05 09:00:00+00:00,68746.0
2024-11-05 10:00:00+00:00,68733.0
2024-11-05 11:00:00+00:00,68772.0
2024-11-05 12:00:00+00:00,68839.0
2024-11-05 13:00:00+00:00,68796.0
2024-11-05 14:00:00+00:00,69962.0
2024-11-05 15:00:00+00:00,69600.0
2024-11-05 16:00:00+00:00,70171.0
2024-11-05 17:00:00+00:00,69956.0
2024-11-05 18:00:00+00:00,70229.0
2024-11-05 19:00:00+00:00,69123.0
2024-11-05 20:00:00+00:00,69419.0
2024-11-05 21:00:00+00:00,69086.0
2024-11-05 22:00:00+00:00,69586.0
2024-11-05 23:00:00+00:00,69386.0
2024-11-06 00:00:00+00:00,71118.0
2024-11-06 01:00:00+00:00,71148.0
2024-11-06 02:00:00+00:00,73097.0
2024-11-06 03:00:00+00:00,74348.0
2024-11-06 04:00:00+00:00,74282.0
2024-11-06 05:00:00+00:00,74780.0
2024-11-06 06:00:00+00:00,74280.0
2024-11-06 07:00:00+00:00,73372.0
2024-11-06 08:00:00+00:00,73473.0
2024-11-06 09:00:00+00:00,73800.0
2024-11-06 10:00:00+00:00,73847.0
2024-11-06 11:00:00+00:00,74303.0
2024-11-06 12:00:00+00:00,74215.0
2024-11-06 13:00:00+00:00,74019.0
2024-11-06 14:00:00+00:00,73653.0
2024-11-06 15:00:00+00:00,74372.0
2024-11-06 16:00:00+00:00,74385.0
2024-11-06 17:00:00+00:00,74516.0
2024-11-06 18:00:00+00:00,75324.0
2024-11-06 19:00:00+00:00,75914.0
2024-11-06 20:00:00+00:00,76204.0
2024-11-06 21:00:00+00:00,75980.0
2024-11-06 22:00:00+00:00,75700.0
2024-11-06 23:00:00+00:00,75637.0
2024-11-07 00:00:00+00:00,75402.0
2024-11-07 01:00:00+00:00,75441.0
2024-11-07 02:00:00+00:00,75338.0
2024-11-07 03:00:00+00:00,75101.0
2024-11-07 04:00:00+00:00,74809.0
2024-11-07 05:00:00+00:00,74797.0
2024-11-07 06:00:00+00:00,74796.0
2024-11-07 07:00:00+00:00,74799.0
2024-11-07 08:00:00+00:00,75124.0
2024-11-07 09:00:00+00:00,74963.0
2024-11-07 10:00:00+00:00,75045.0
2024-11-07 11:00:00+00:00,74757.0
2024-11-07 12:00:00+00:00,75021.0
2024-11-07 13:00:00+00:00,74704.0
2024-11-07 14:00:00+00:00,74871.0
2024-11-07 15:00:00+00:00,76140.0
2024-11-07 16:00:00+00:00,75980.0
2024-11-07 17:00:00+00:00,76419.0
2024-11-07 18:00:00+00:00,76683.0
2024-11-07 19:00:00+00:00,76618.0
2024-11-07 20:00:00+00:00,76619.0
2024-11-07 21:00:00+00:00,75969.0
2024-11-07 22:00:00+00:00,75889.0
2024-11-07 23:00:00+00:00,75921.0
2024-11-08 00:00:00+00:00,76074.0
2024-11-08 01:00:00+00:00,76059.0
2024-11-08 02:00:00+00:00,75775.0
2024-11-08 03:00:00+00:00,75969.0
2024-11-08 04:00:00+00:00,75922.0
2024-11-08 05:00:00+00:00,76046.0
2024-11-08 06:00:00+00:00,75936.0
2024-11-08 07:00:00+00:00,76274.0
2024-11-08 08:00:00+00:00,75902.0
2024-11-08 09:00:00+00:00,76031.0
2024-11-08 10:00:00+00:00,76341.0
2024-11-08 11:00:00+00:00,76023.0
2024-11-08 12:00:00+00:00,76149.0
2024-11-08 13:00:00+00:00,76361.0
2024-11-08 14:00:00+00:00,75831.0
2024-11-08 15:00:00+00:00,76491.0
2024-11-08 16:00:00+00:00,75976.0
2024-11-08 17:00:00+00:00,76442.0
2024-11-08 18:00:00+00:00,76919.0
2024-11-08 19:00:00+00:00,77020.0
2024-11-08 20:00:00+00:00,76670.0
2024-11-08 21:00:00+00:00,76532.0
2024-11-08 22:00:00+00:00,76413.0
2024-11-08 23:00:00+00:00,76561.0
2024-11-09 00:00:00+00:00,76491.0
2024-11-09 01:00:00+00:00,76361.0
2024-11-09 02:00:00+00:00,76473.0
2024-11-09 03:00:00+00:00,76403.0
2024-11-09 04:00:00+00:00,76427.0
2024-11-09 05:00:00+00:00,76605.0
2024-11-09 06:00:00+00:00,76549.0
2024-11-09 07:00:00+00:00,76581.0
2024-11-09 08:00:00+00:00,76582.0
2024-11-09 09:00:00+00:00,76598.0
2024-11-09 10:00:00+00:00,76510.0
2024-11-09 11:00:00+00:00,76526.0
2024-11-09 12:00:00+00:00,76355.0
2024-11-09 13:00:00+00:00,76460.0
2024-11-09 14:00:00+00:00,76388.0
2024-11-09 15:00:00+00:00,76350.0
2024-11-09 16:00:00+00:00,76119.0
2024-11-09 17:00:00+00:00,76268.0
2024-11-09 18:00:00+00:00,76404.0
2024-11-09 19:00:00+00:00,76245.0
2024-11-09 20:00:00+00:00,76327.0
2024-11-09 21:00:00+00:00,76491.0
2024-11-09 22:00:00+00:00,76543.0
2024-11-09 23:00:00+00:00,76722.0
2024-11-10 00:00:00+00:00,76942.0
2024-11-10 01:00:00+00:00,76729.0
2024-11-10 02:00:00+00:00,77070.0
2024-11-10 03:00:00+00:00,77270.0
2024-11-10 04:00:00+00:00,79109.0
2024-11-10 05:00:00+00:00,79099.0
2024-11-10 06:00:00+00:00,78946.0
2024-11-10 07:00:00+00:00,78863.0
2024-11-10 08:00:00+00:00,79159.0
2024-11-10 09:00:00+00:00,79416.0
2024-11-10 10:00:00+00:00,79596.0
2024-11-10 11:00:00+00:00,79915.0
2024-11-10 12:00:00+00:00,79694.0
2024-11-10 13:00:00+00:00,79781.0
2024-11-10 14:00:00+00:00,79562.0
2024-11-10 15:00:00+00:00,79751.0
2024-11-10 16:00:00+00:00,79837.0
2024-11-10 17:00:00+00:00,80420.0
2024-11-10 18:00:00+00:00,80607.0
2024-11-10 19:00:00+00:00,79788.0
2024-11-10 20:00:00+00:00,78991.0
2024-11-10 21:00:00+00:00,79951.0
2024-11-10 22:00:00+00:00,80683.0
2024-11-10 23:00:00+00:00,80425.0
2024-11-11 00:00:00+00:00,80612.0
2024-11-11 01:00:00+00:00,81258.0
2024-11-11 02:00:00+00:00,81507.0
2024-11-11 03:00:00+00:00,81686.0
2024-11-11 04:00:00+00:00,81526.0
2024-11-11 05:00:00+00:00,80774.0
2024-11-11 06:00:00+00:00,80969.0
2024-11-11 07:00:00+00:00,81198.0
2024-11-11 08:00:00+00:00,81327.0
2024-11-11 09:00:00+00:00,81783.0
2024-11-11 10:00:00+00:00,82049.0
2024-11-11 11:00:00+00:00,82230.0
2024-11-11 12:00:00+00:00,82251.0
2024-11-11 13:00:00+00:00,81925.0
2024-11-11 14:00:00+00:00,82599.0
2024-11-11 15:00:00+00:00,84200.0
2024-11-11 16:00:00+00:00,84354.0
2024-11-11 17:00:00+00:00,84744.0
2024-11-11 18:00:00+00:00,85958.0
2024-11-11 19:00:00+00:00,86278.0
2024-11-11 20:00:00+00:00,87064.0
2024-11-11 21:00:00+00:00,88033.0
2024-11-11 22:00:00+00:00,88119.0
2024-11-11 23:00:00+00:00,88770.0
2024-11-12 00:00:00+00:00,89080.0
2024-11-12 01:00:00+00:00,88650.0
2024-11-12 02:00:00+00:00,87837.0
2024-11-12 03:00:00+00:00,88199.0
2024-11-12 04:00:00+00:00,88580.0
2024-11-12 05:00:00+00:00,88488.0
2024-11-12 06:00:00+00:00,89691.0
2024-11-12 07:00:00+00:00,89136.0
2024-11-12 08:00:00+00:00,89412.0
2024-11-12 09:00:00+00:00,87755.0
2024-11-12 10:00:00+00:00,86868.0
2024-11-12 11:00:00+00:00,87251.0
2024-11-12 12:00:00+00:00,86422.0
2024-11-12 13:00:00+00:00,86347.0
2024-11-12 14:00:00+00:00,87075.0
2024-11-12 15:00:00+00:00,86707.0
2024-11-12 16:00:00+00:00,87210.0
2024-11-12 17:00:00+00:00,87076.0
2024-11-12 18:00:00+00:00,88958.0
2024-11-12 19:00:00+00:00,88870.0
2024-11-12 20:00:00+00:00,89610.0
2024-11-12 21:00:00+00:00,88309.0
2024-11-12 22:00:00+00:00,88655.0
2024-11-12 23:00:00+00:00,88031.0
2024-11-13 00:00:00+00:00,88172.0
2024-11-13 01:00:00+00:00,88380.0
2024-11-13 02:00:00+00:00,87996.0
2024-11-13 03:00:00+00:00,87232.0
2024-11-13 04:00:00+00:00,87311.0
2024-11-13 05:00:00+00:00,86660.0
2024-11-13 06:00:00+00:00,86586.0
2024-11-13 07:00:00+00:00,87502.0
2024-11-13 08:00:00+00:00,87323.0
2024-11-13 09:00:00+00:00,87524.0
2024-11-13 10:00:00+00:00,87634.0
2024-11-13 11:00:00+00:00,87801.0
2024-11-13 12:00:00+00:00,87802.0
2024-11-13 13:00:00+00:00,89370.0
2024-11-13 14:00:00+00:00,91670.0
2024-11-13 15:00:00+00:00,92762.0
2024-11-13 16:00:00+00:00,92457.0
2024-11-13 17:00:00+00:00,92336.0
2024-11-13 18:00:00+00:00,92955.0
2024-11-13 19:00:00+00:00,90337.0
2024-11-13 20:00:00+00:00,89814.0
2024-11-13 21:00:00+00:00,88629.0
2024-11-13 22:00:00+00:00,89835.0
2024-11-13 23:00:00+00:00,90521.0
2024-11-14 00:00:00+00:00,90255.0
2024-11-14 01:00:00+00:00,90495.0
2024-11-14 02:00:00+00:00,90179.0
2024-11-14 03:00:00+00:00,90032.0
2024-11-14 04:00:00+00:00,90173.0
2024-11-14 05:00:00+00:00,90017.0
2024-11-14 06:00:00+00:00,89378.0
2024-11-14 07:00:00+00:00,90850.0
2024-11-14 08:00:00+00:00,90611.0
2024-11-14 09:00:00+00:00,90955.0
2024-11-14 10:00:00+00:00,91153.0
2024-11-14 11:00:00+00:00,91561.0
2024-11-14 12:00:00+00:00,91299.0
2024-11-14 13:00:00+00:00,90818.0
2024-11-14 14:00:00+00:00,88742.0
2024-11-14 15:00:00+00:00,87955.0
2024-11-14 16:00:00+00:00,89241.0
2024-11-14 17:00:00+00:00,89249.0
2024-11-14 18:00:00+00:00,89156.0
2024-11-14 19:00:00+00:00,89463.0
2024-11-14 20:00:00+00:00,87589.0
2024-11-14 21:00:00+00:00,88200.0
2024-11-14 22:00:00+00:00,87691.0
2024-11-14 23:00:00+00:00,87333.0
2024-11-15 00:00:00+00:00,87903.0
2024-11-15 01:00:00+00:00,88098.0
2024-11-15 02:00:00+00:00,88407.0
2024-11-15 03:00:00+00:00,88257.0
2024-11-15 04:00:00+00:00,87486.0
2024-11-15 05:00:00+00:00,87771.0
2024-11-15 06:00:00+00:00,88210.0
2024-11-15 07:00:00+00:00,87681.0
2024-11-15 08:00:00+00:00,88103.0
2024-11-15 09:00:00+00:00,89209.0
2024-11-15 10:00:00+00:00,89361.0
2024-11-15 11:00:00+00:00,89759.0
2024-11-15 12:00:00+00:00,89783.0
2024-11-15 13:00:00+00:00,90160.0
2024-11-15 14:00:00+00:00,89126.0
2024-11-15 15:00:00+00:00,88451.0
2024-11-15 16:00:00+00:00,89402.0
2024-11-15 17:00:00+00:00,89506.0
2024-11-15 18:00:00+00:00,89409.0
2024-11-15 19:00:00+00:00,90399.0
2024-11-15 20:00:00+00:00,91500.0
2024-11-15 21:00:00+00:00,91750.0
2024-11-15 22:00:00+00:00,91223.0
2024-11-15 23:00:00+00:00,91070.0
2024-11-16 00:00:00+00:00,91059.0
2024-11-16 01:00:00+00:00,91317.0
2024-11-16 02:00:00+00:00,91458.0
2024-11-16 03:00:00+00:00,91314.0
2024-11-16 04:00:00+00:00,91333.0
2024-11-16 05:00:00+00:00,91372.0
2024-11-16 06:00:00+00:00,91265.0
2024-11-16 07:00:00+00:00,91199.0
2024-11-16 08:00:00+00:00,91446.0
2024-11-16 09:00:00+00:00,91276.0
2024-11-16 10:00:00+00:00,91440.0
2024-11-16 11:00:00+00:00,91195.0
2024-11-16 12:00:00+00:00,90917.0
2024-11-16 13:00:00+00:00,90791.0
2024-11-16 14:00:00+00:00,91004.0
2024-11-16 15:00:00+00:00,90565.0
2024-11-16 16:00:00+00:00,90673.0
2024-11-16 17:00:00+00:00,90965.0
2024-11-16 18:00:00+00:00,91353.0
2024-11-16 19:00:00+00:00,91156.0
2024-11-16 20:00:00+00:00,90775.0
2024-11-16 21:00:00+00:00,91046.0
2024-11-16 22:00:00+00:00,90379.0
2024-11-16 23:00:00+00:00,90608.0
2024-11-17 00:00:00+00:00,90844.0
2024-11-17 01:00:00+00:00,90326.0
2024-11-17 02:00:00+00:00,90070.0
2024-11-17 03:00:00+00:00,90286.0
2024-11-17 04:00:00+00:00,90569.0
2024-11-17 05:00:00+00:00,90464.0
2024-11-17 06:00:00+00:00,90658.0
2024-11-17 07:00:00+00:00,90533.0
2024-11-17 08:00:00+00:00,90963.0
2024-11-17 09:00:00+00:00,91300.0
2024-11-17 10:00:00+00:00,91083.0
2024-11-17 11:00:00+00:00,90688.0
2024-11-17 12:00:00+00:00,91062.0
2024-11-17 13:00:00+00:00,90496.0
2024-11-17 14:00:00+00:00,90309.0
2024-11-17 15:00:00+00:00,90263.0
2024-11-17 16:00:00+00:00,90457.0
2024-11-17 17:00:00+00:00,90572.0
2024-11-17 18:00:00+00:00,89943.0
2024-11-17 19:00:00+00:00,90044.0
2024-11-17 20:00:00+00:00,89635.0
2024-11-17 21:00:00+00:00,89165.0
2024-11-17 22:00:00+00:00,89501.0
2024-11-17 23:00:00+00:00,89861.0
2024-11-18 00:00:00+00:00,89959.0
2024-11-18 01:00:00+00:00,90750.0
2024-11-18 02:00:00+00:00,90488.0
2024-11-18 03:00:00+00:00,90675.0
2024-11-18 04:00:00+00:00,90461.0
2024-11-18 05:00:00+00:00,90628.0
2024-11-18 06:00:00+00:00,92037.0
2024-11-18 07:00:00+00:00,91713.0
2024-11-18 08:00:00+00:00,91791.0
2024-11-18 09:00:00+00:00,91723.0
2024-11-18 10:00:00+00:00,91773.0
2024-11-18 11:00:00+00:00,90272.0
2024-11-18 12:00:00+00:00,90530.0
2024-11-18 13:00:00+00:00,89505.0
2024-11-18 14:00:00+00:00,90338.0
2024-11-18 15:00:00+00:00,92320.0
2024-11-18 16:00:00+00:00,91457.0
2024-11-18 17:00:00+00:00,91620.0
2024-11-18 18:00:00+00:00,90426.0
2024-11-18 19:00:00+00:00,90689.0
2024-11-18 20:00:00+00:00,91585.0
2024-11-18 21:00:00+00:00,91386.0
2024-11-18 22:00:00+00:00,91227.0
2024-11-18 23:00:00+00:00,90512.0
2024-11-19 00:00:00+00:00,91073.0
2024-11-19 01:00:00+00:00,90755.0
2024-11-19 02:00:00+00:00,91274.0
2024-11-19 03:00:00+00:00,91472.0
2024-11-19 04:00:00+00:00,91575.0
2024-11-19 05:00:00+00:00,91957.0
2024-11-19 06:00:00+00:00,92024.0
2024-11-19 07:00:00+00:00,91669.0
2024-11-19 08:00:00+00:00,91816.0
2024-11-19 09:00:00+00:00,91757.0
2024-11-19 10:00:00+00:00,91795.0
2024-11-19 11:00:00+00:00,91720.0
2024-11-19 12:00:00+00:00,92516.0
2024-11-19 13:00:00+00:00,91203.0
2024-11-19 14:00:00+00:00,91874.0
2024-11-19 15:00:00+00:00,92466.0
2024-11-19 16:00:00+00:00,92654.0
2024-11-19 17:00:00+00:00,92950.0
2024-11-19 18:00:00+00:00,93749.0
2024-11-19 19:00:00+00:00,93295.0
2024-11-19 20:00:00+00:00,92583.0
2024-11-19 21:00:00+00:00,92315.0
2024-11-19 22:00:00+00:00,91937.0
2024-11-19 23:00:00+00:00,92424.0
2024-11-20 00:00:00+00:00,92187.0
2024-11-20 01:00:00+00:00,92116.0
2024-11-20 02:00:00+00:00,91867.0
2024-11-20 03:00:00+00:00,92157.0
2024-11-20 04:00:00+00:00,92200.0
2024-11-20 05:00:00+00:00,92601.0
2024-11-20 06:00:00+00:00,92471.0
2024-11-20 07:00:00+00:00,92935.0
2024-11-20 08:00:00+00:00,93302.0
2024-11-20 09:00:00+00:00,93208.0
2024-11-20 10:00:00+00:00,93374.0
2024-11-20 11:00:00+00:00,93568.0
2024-11-20 12:00:00+00:00,93621.0
2024-11-20 13:00:00+00:00,94487.0
2024-11-20 14:00:00+00:00,94682.0
2024-11-20 15:00:00+00:00,94852.0
2024-11-20 16:00:00+00:00,94187.0
2024-11-20 17:00:00+00:00,94061.0
2024-11-20 18:00:00+00:00,93805.0
2024-11-20 19:00:00+00:00,94133.0
2024-11-20 20:00:00+00:00,94370.0
2024-11-20 21:00:00+00:00,94470.0
2024-11-20 22:00:00+00:00,94260.0
2024-11-20 23:00:00+00:00,94373.0
2024-11-21 00:00:00+00:00,94840.0
2024-11-21 01:00:00+00:00,94825.0
2024-11-21 02:00:00+00:00,94502.0
2024-11-21 03:00:00+00:00,95899.0
2024-11-21 04:00:00+00:00,97592.0
2024-11-21 05:00:00+00:00,97407.0
2024-11-21 06:00:00+00:00,97073.0
2024-11-21 07:00:00+00:00,96969.0
2024-11-21 08:00:00+00:00,97156.0
2024-11-21 09:00:00+00:00,97650.0
2024-11-21 10:00:00+00:00,97761.0
2024-11-21 11:00:00+00:00,97989.0
2024-11-21 12:00:00+00:00,97351.0
2024-11-21 13:00:00+00:00,97585.0
2024-11-21 14:00:00+00:00,97084.0
2024-11-21 15:00:00+00:00,96698.0
2024-11-21 16:00:00+00:00,97195.0
2024-11-21 17:00:00+00:00,98137.0
2024-11-21 18:00:00+00:00,98400.0
2024-11-21 19:00:00+00:00,97947.0
2024-11-21 20:00:00+00:00,98304.0
2024-11-21 21:00:00+00:00,98087.0
2024-11-21 22:00:00+00:00,98469.0
2024-11-21 23:00:00+00:00,98451.0
2024-11-22 00:00:00+00:00,98087.0
2024-11-22 01:00:00+00:00,98191.0
2024-11-22 02:00:00+00:00,98718.0
2024-11-22 03:00:00+00:00,98963.0
2024-11-22 04:00:00+00:00,98907.0
2024-11-22 05:00:00+00:00,98924.0
2024-11-22 06:00:00+00:00,99117.0
2024-11-22 07:00:00+00:00,99322.0
2024-11-22 08:00:00+00:00,98915.0
2024-11-22 09:00:00+00:00,98799.0
2024-11-22 10:00:00+00:00,98440.0
2024-11-22 11:00:00+00:00,98951.0
2024-11-22 12:00:00+00:00,98736.0
2024-11-22 13:00:00+00:00,97860.0
2024-11-22 14:00:00+00:00,97358.0
2024-11-22 15:00:00+00:00,98821.0
2024-11-22 16:00:00+00:00,99001.0
2024-11-22 17:00:00+00:00,98948.0
2024-11-22 18:00:00+00:00,99312.0
2024-11-22 19:00:00+00:00,99391.0
2024-11-22 20:00:00+00:00,99328.0
2024-11-22 21:00:00+00:00,99414.0
2024-11-22 22:00:00+00:00,98731.0
2024-11-22 23:00:00+00:00,99013.0
2024-11-23 00:00:00+00:00,98783.0
2024-11-23 01:00:00+00:00,98714.0
2024-11-23 02:00:00+00:00,98608.0
2024-11-23 03:00:00+00:00,98801.0
2024-11-23 04:00:00+00:00,98698.0
2024-11-23 05:00:00+00:00,98894.0
2024-11-23 06:00:00+00:00,98839.0
2024-11-23 07:00:00+00:00,98692.0
2024-11-23 08:00:00+00:00,98560.0
2024-11-23 09:00:00+00:00,98559.0
2024-11-23 10:00:00+00:00,98553.0
2024-11-23 11:00:00+00:00,98554.0
2024-11-23 12:00:00+00:00,98739.0
2024-11-23 13:00:00+00:00,98672.0
2024-11-23 14:00:00+00:00,98909.0
2024-11-23 15:00:00+00:00,98600.0
2024-11-23 16:00:00+00:00,97884.0
2024-11-23 17:00:00+00:00,98093.0
2024-11-23 18:00:00+00:00,97992.0
2024-11-23 19:00:00+00:00,97616.0
2024-11-23 20:00:00+00:00,97836.0
2024-11-23 21:00:00+00:00,98081.0
2024-11-23 22:00:00+00:00,97755.0
2024-11-23 23:00:00+00:00,97775.0
2024-11-24 00:00:00+00:00,98026.0
2024-11-24 01:00:00+00:00,98317.0
2024-11-24 02:00:00+00:00,98518.0
2024-11-24 03:00:00+00:00,98291.0
2024-11-24 04:00:00+00:00,98308.0
2024-11-24 05:00:00+00:00,98374.0
2024-11-24 06:00:00+00:00,98460.0
2024-11-24 07:00:00+00:00,98504.0
2024-11-24 08:00:00+00:00,98177.0
2024-11-24 09:00:00+00:00,98058.0
2024-11-24 10:00:00+00:00,97791.0
2024-11-24 11:00:00+00:00,97403.0
2024-11-24 12:00:00+00:00,96968.0
2024-11-24 13:00:00+00:00,97308.0
2024-11-24 14:00:00+00:00,97143.0
2024-11-24 15:00:00+00:00,95972.0
2024-11-24 16:00:00+00:00,96477.0
2024-11-24 17:00:00+00:00,95942.0
2024-11-24 18:00:00+00:00,96607.0
2024-11-24 19:00:00+00:00,96367.0
2024-11-24 20:00:00+00:00,96880.0
2024-11-24 21:00:00+00:00,97049.0
2024-11-24 22:00:00+00:00,98091.0
2024-11-24 23:00:00+00:00,98007.0
2024-11-25 00:00:00+00:00,97956.0
2024-11-25 01:00:00+00:00,97343.0
2024-11-25 02:00:00+00:00,97484.0
2024-11-25 03:00:00+00:00,97978.0
2024-11-25 04:00:00+00:00,97910.0
2024-11-25 05:00:00+00:00,98192.0
2024-11-25 06:00:00+00:00,98200.0
2024-11-25 07:00:00+00:00,98156.0
2024-11-25 08:00:00+00:00,98339.0
2024-11-25 09:00:00+00:00,98599.0
2024-11-25 10:00:00+00:00,98415.0
2024-11-25 11:00:00+00:00,98290.0
2024-11-25 12:00:00+00:00,97988.0
2024-11-25 13:00:00+00:00,97551.0
2024-11-25 14:00:00+00:00,95384.0
2024-11-25 15:00:00+00:00,96015.0
2024-11-25 16:00:00+00:00,95953.0
2024-11-25 17:00:00+00:00,95213.0
2024-11-25 18:00:00+00:00,95107.0
2024-11-25 19:00:00+00:00,94670.0
2024-11-25 20:00:00+00:00,94943.0
2024-11-25 21:00:00+00:00,93672.0
2024-11-25 22:00:00+00:00,94375.0
2024-11-25 23:00:00+00:00,93035.0
2024-11-26 00:00:00+00:00,93796.0
2024-11-26 01:00:00+00:00,94873.0
2024-11-26 02:00:00+00:00,94614.0
2024-11-26 03:00:00+00:00,94508.0
2024-11-26 04:00:00+00:00,94322.0
2024-11-26 05:00:00+00:00,94683.0
2024-11-26 06:00:00+00:00,94537.0
2024-11-26 07:00:00+00:00,93778.0
2024-11-26 08:00:00+00:00,93130.0
2024-11-26 09:00:00+00:00,93583.0
2024-11-26 10:00:00+00:00,92297.0
2024-11-26 11:00:00+00:00,92346.0
2024-11-26 12:00:00+00:00,92140.0
2024-11-26 13:00:00+00:00,92146.0
2024-11-26 14:00:00+00:00,93284.0
2024-11-26 15:00:00+00:00,92857.0
2024-11-26 16:00:00+00:00,94101.0
2024-11-26 17:00:00+00:00,93586.0
2024-11-26 18:00:00+00:00,92137.0
2024-11-26 19:00:00+00:00,91687.0
2024-11-26 20:00:00+00:00,91080.0
2024-11-26 21:00:00+00:00,91657.0
2024-11-26 22:00:00+00:00,91801.0
2024-11-26 23:00:00+00:00,91928.0
2024-11-27 00:00:00+00:00,91901.0
2024-11-27 01:00:00+00:00,92731.0
2024-11-27 02:00:00+00:00,92953.0
2024-11-27 03:00:00+00:00,92576.0
2024-11-27 04:00:00+00:00,92559.0
2024-11-27 05:00:00+00:00,92747.0
2024-11-27 06:00:00+00:00,93064.0
2024-11-27 07:00:00+00:00,93581.0
2024-11-27 08:00:00+00:00,93446.0
2024-11-27 09:00:00+00:00,93400.0
2024-11-27 10:00:00+00:00,93830.0
2024-11-27 11:00:00+00:00,93377.0
2024-11-27 12:00:00+00:00,93494.0
2024-11-27 13:00:00+00:00,94260.0
2024-11-27 14:00:00+00:00,94897.0
2024-11-27 15:00:00+00:00,95686.0
2024-11-27 16:00:00+00:00,95790.0
2024-11-27 17:00:00+00:00,96356.0
2024-11-27 18:00:00+00:00,96229.0
2024-11-27 19:00:00+00:00,96779.0
2024-11-27 20:00:00+00:00,96610.0
2024-11-27 21:00:00+00:00,96423.0
2024-11-27 22:00:00+00:00,96157.0
2024-11-27 23:00:00+00:00,95978.0
2024-11-28 00:00:00+00:00,96658.0
2024-11-28 01:00:00+00:00,96362.0
2024-11-28 02:00:00+00:00,95779.0
2024-11-28 03:00:00+00:00,95582.0
2024-11-28 04:00:00+00:00,95839.0
2024-11-28 05:00:00+00:00,95536.0
2024-11-28 06:00:00+00:00,95544.0
2024-11-28 07:00:00+00:00,95348.0
2024-11-28 08:00:00+00:00,95481.0
2024-11-28 09:00:00+00:00,94999.0
2024-11-28 10:00:00+00:00,95015.0
2024-11-28 11:00:00+00:00,95501.0
2024-11-28 12:00:00+00:00,95509.0
2024-11-28 13:00:00+00:00,95753.0
2024-11-28 14:00:00+00:00,95421.0
2024-11-28 15:00:00+00:00,95019.0
2024-11-28 16:00:00+00:00,94994.0
2024-11-28 17:00:00+00:00,94888.0
2024-11-28 18:00:00+00:00,95316.0
2024-11-28 19:00:00+00:00,95131.0
2024-11-28 20:00:00+00:00,94835.0
2024-11-28 21:00:00+00:00,95137.0
2024-11-28 22:00:00+00:00,95670.0
2024-11-28 23:00:00+00:00,95661.0
2024-11-29 00:00:00+00:00,95535.0
2024-11-29 01:00:00+00:00,95925.0
2024-11-29 02:00:00+00:00,96768.0
2024-11-29 03:00:00+00:00,96589.0
2024-11-29 04:00:00+00:00,96285.0
2024-11-29 05:00:00+00:00,96203.0
2024-11-29 06:00:00+00:00,96280.0
2024-11-29 07:00:00+00:00,95630.0
2024-11-29 08:00:00+00:00,95992.0
2024-11-29 09:00:00+00:00,96384.0
2024-11-29 10:00:00+00:00,96886.0
2024-11-29 11:00:00+00:00,97293.0
2024-11-29 12:00:00+00:00,96961.0
2024-11-29 13:00:00+00:00,97258.0
2024-11-29 14:00:00+00:00,98106.0
2024-11-29 15:00:00+00:00,98141.0
2024-11-29 16:00:00+00:00,97881.0
2024-11-29 17:00:00+00:00,97060.0
2024-11-29 18:00:00+00:00,97251.0
2024-11-29 19:00:00+00:00,97448.0
2024-11-29 20:00:00+00:00,97408.0
2024-11-29 21:00:00+00:00,97447.0
2024-11-29 22:00:00+00:00,97369.0
2024-11-29 23:00:00+00:00,97512.0
2024-11-30 00:00:00+00:00,97072.0
2024-11-30 01:00:00+00:00,96480.0
2024-11-30 02:00:00+00:00,96613.0
2024-11-30 03:00:00+00:00,96677.0
2024-11-30 04:00:00+00:00,96761.0
2024-11-30 05:00:00+00:00,97152.0
2024-11-30 06:00:00+00:00,96670.0
2024-11-30 07:00:00+00:00,96823.0
2024-11-30 08:00:00+00:00,96988.0
2024-11-30 09:00:00+00:00,96812.0
2024-11-30 10:00:00+00:00,96174.0
2024-11-30 11:00:00+00:00,96290.0
2024-11-30 12:00:00+00:00,96577.0
2024-11-30 13:00:00+00:00,96469.0
2024-11-30 14:00:00+00:00,96509.0
2024-11-30 15:00:00+00:00,96691.0
2024-11-30 16:00:00+00:00,96920.0
2024-11-30 17:00:00+00:00,96833.0
2024-11-30 18:00:00+00:00,97001.0
2024-11-30 19:00:00+00:00,97065.0
2024-11-30 20:00:00+00:00,97033.0
2024-11-30 21:00:00+00:00,96824.0
2024-11-30 22:00:00+00:00,96519.0
2024-11-30 23:00:00+00:00,96441.0
2024-12-01 00:00:00+00:00,96370.0
2024-12-01 01:00:00+00:00,96169.0
2024-12-01 02:00:00+00:00,95838.0
2024-12-01 03:00:00+00:00,96362.0
2024-12-01 04:00:00+00:00,96531.0
2024-12-01 05:00:00+00:00,96362.0
2024-12-01 06:00:00+00:00,96383.0
2024-12-01 07:00:00+00:00,96530.0
2024-12-01 08:00:00+00:00,97096.0
2024-12-01 09:00:00+00:00,97085.0
2024-12-01 10:00:00+00:00,96868.0
2024-12-01 11:00:00+00:00,97176.0
2024-12-01 12:00:00+00:00,96863.0
2024-12-01 13:00:00+00:00,97147.0
2024-12-01 14:00:00+00:00,97375.0
2024-12-01 15:00:00+00:00,97104.0
2024-12-01 16:00:00+00:00,97261.0
2024-12-01 17:00:00+00:00,97370.0
2024-12-01 18:00:00+00:00,97189.0
2024-12-01 19:00:00+00:00,97250.0
2024-12-01 20:00:00+00:00,97151.0
2024-12-01 21:00:00+00:00,97829.0
2024-12-01 22:00:00+00:00,97586.0
2024-12-01 23:00:00+00:00,97291.0
2024-12-02 00:00:00+00:00,97551.0
2024-12-02 01:00:00+00:00,98067.0
2024-12-02 02:00:00+00:00,97707.0
2024-12-02 03:00:00+00:00,96541.0
2024-12-02 04:00:00+00:00,96768.0
2024-12-02 05:00:00+00:00,96403.0
2024-12-02 06:00:00+00:00,96328.0
2024-12-02 07:00:00+00:00,96050.0
2024-12-02 08:00:00+00:00,95105.0
2024-12-02 09:00:00+00:00,95537.0
2024-12-02 10:00:00+00:00,94992.0
2024-12-02 11:00:00+00:00,95143.0
2024-12-02 12:00:00+00:00,94989.0
2024-12-02 13:00:00+00:00,95710.0
2024-12-02 14:00:00+00:00,96393.0
2024-12-02 15:00:00+00:00,97186.0
2024-12-02 16:00:00+00:00,96204.0
2024-12-02 17:00:00+00:00,94626.0
2024-12-02 18:00:00+00:00,95672.0
2024-12-02 19:00:00+00:00,95844.0
2024-12-02 20:00:00+00:00,95685.0
2024-12-02 21:00:00+00:00,95417.0
2024-12-02 22:00:00+00:00,95404.0
2024-12-02 23:00:00+00:00,95859.0
2024-12-03 00:00:00+00:00,95831.0
2024-12-03 01:00:00+00:00,95542.0
2024-12-03 02:00:00+00:00,96032.0
2024-12-03 03:00:00+00:00,96099.0
2024-12-03 04:00:00+00:00,95934.0
2024-12-03 05:00:00+00:00,96173.0
2024-12-03 06:00:00+00:00,95658.0
2024-12-03 07:00:00+00:00,95592.0
2024-12-03 08:00:00+00:00,95535.0
2024-12-03 09:00:00+00:00,95278.0
2024-12-03 10:00:00+00:00,94739.0
2024-12-03 11:00:00+00:00,95005.0
2024-12-03 12:00:00+00:00,94829.0
2024-12-03 13:00:00+00:00,93730.0
2024-12-03 14:00:00+00:00,95231.0
2024-12-03 15:00:00+00:00,95729.0
2024-12-03 16:00:00+00:00,95139.0
2024-12-03 17:00:00+00:00,95860.0
2024-12-03 18:00:00+00:00,95497.0
2024-12-03 19:00:00+00:00,95446.0
2024-12-03 20:00:00+00:00,95687.0
2024-12-03 21:00:00+00:00,96089.0
2024-12-03 22:00:00+00:00,96148.0
2024-12-03 23:00:00+00:00,95926.0
2024-12-04 00:00:00+00:00,95813.0
2024-12-04 01:00:00+00:00,96300.0
2024-12-04 02:00:00+00:00,95868.0
2024-12-04 03:00:00+00:00,95836.0
2024-12-04 04:00:00+00:00,96058.0
2024-12-04 05:00:00+00:00,96554.0
2024-12-04 06:00:00+00:00,96599.0
2024-12-04 07:00:00+00:00,96657.0
2024-12-04 08:00:00+00:00,96754.0
2024-12-04 09:00:00+00:00,96869.0
2024-12-04 10:00:00+00:00,96581.0
2024-12-04 11:00:00+00:00,96253.0
2024-12-04 12:00:00+00:00,96036.0
2024-12-04 13:00:00+00:00,95708.0
2024-12-04 14:00:00+00:00,95915.0
2024-12-04 15:00:00+00:00,95862.0
2024-12-04 16:00:00+00:00,94899.0
2024-12-04 17:00:00+00:00,95611.0
2024-12-04 18:00:00+00:00,96267.0
2024-12-04 19:00:00+00:00,97422.0
2024-12-04 20:00:00+00:00,99023.0
2024-12-04 21:00:00+00:00,97877.0
2024-12-04 22:00:00+00:00,98351.0
2024-12-04 23:00:00+00:00,98773.0
2024-12-05 00:00:00+00:00,98486.0
2024-12-05 01:00:00+00:00,98326.0
2024-12-05 02:00:00+00:00,101288.0
2024-12-05 03:00:00+00:00,103028.0
2024-12-05 04:00:00+00:00,103401.0
2024-12-05 05:00:00+00:00,102561.0
2024-12-05 06:00:00+00:00,101938.0
2024-12-05 07:00:00+00:00,102300.0
2024-12-05 08:00:00+00:00,102866.0
2024-12-05 09:00:00+00:00,102756.0
2024-12-05 10:00:00+00:00,102352.0
2024-12-05 11:00:00+00:00,102644.0
2024-12-05 12:00:00+00:00,102933.0
2024-12-05 13:00:00+00:00,102831.0
2024-12-05 14:00:00+00:00,103590.0
2024-12-05 15:00:00+00:00,101397.0
2024-12-05 16:00:00+00:00,101144.0
2024-12-05 17:00:00+00:00,101364.0
2024-12-05 18:00:00+00:00,100240.0
2024-12-05 19:00:00+00:00,99057.0
2024-12-05 20:00:00+00:00,99149.0
2024-12-05 21:00:00+00:00,99010.0
2024-12-05 22:00:00+00:00,96810.0
2024-12-05 23:00:00+00:00,97057.0
2024-12-06 00:00:00+00:00,97587.0
2024-12-06 01:00:00+00:00,98176.0
2024-12-06 02:00:00+00:00,97550.0
2024-12-06 03:00:00+00:00,97682.0
2024-12-06 04:00:00+00:00,97934.0
2024-12-06 05:00:00+00:00,97973.0
2024-12-06 06:00:00+00:00,98136.0
2024-12-06 07:00:00+00:00,98211.0
2024-12-06 08:00:00+00:00,98422.0
2024-12-06 09:00:00+00:00,98101.0
2024-12-06 10:00:00+00:00,98219.0
2024-12-06 11:00:00+00:00,98153.0
2024-12-06 12:00:00+00:00,97737.0
2024-12-06 13:00:00+00:00,98673.0
2024-12-06 14:00:00+00:00,99579.0
2024-12-06 15:00:00+00:00,99406.0
2024-12-06 16:00:00+00:00,99139.0
2024-12-06 17:00:00+00:00,100996.0
2024-12-06 18:00:00+00:00,101510.0
2024-12-06 19:00:00+00:00,101599.0
2024-12-06 20:00:00+00:00,101558.0
2024-12-06 21:00:00+00:00,100578.0
2024-12-06 22:00:00+00:00,100662.0
2024-12-06 23:00:00+00:00,99898.0
2024-12-07 00:00:00+00:00,100447.0
2024-12-07 01:00:00+00:00,100324.0
2024-12-07 02:00:00+00:00,100324.0
2024-12-07 03:00:00+00:00,100324.0
2024-12-07 04:00:00+00:00,99658.0
2024-12-07 05:00:00+00:00,99327.0
2024-12-07 06:00:00+00:00,99455.0
2024-12-07 07:00:00+00:00,99560.0
2024-12-07 08:00:00+00:00,99558.0
2024-12-07 09:00:00+00:00,99782.0
2024-12-07 10:00:00+00:00,99636.0
2024-12-07 11:00:00+00:00,99730.0
2024-12-07 12:00:00+00:00,99551.0
2024-12-07 13:00:00+00:00,99466.0
2024-12-07 14:00:00+00:00,99584.0
2024-12-07 15:00:00+00:00,99864.0
2024-12-07 16:00:00+00:00,99692.0
2024-12-07 17:00:00+00:00,99690.0
2024-12-07 18:00:00+00:00,100233.0
2024-12-07 19:00:00+00:00,100161.0
2024-12-07 20:00:00+00:00,100397.0
2024-12-07 21:00:00+00:00,99976.0
2024-12-07 22:00:00+00:00,99717.0
2024-12-07 23:00:00+00:00,99929.0
2024-12-08 00:00:00+00:00,100052.0
2024-12-08 01:00:00+00:00,99936.0
2024-12-08 02:00:00+00:00,100200.0
2024-12-08 03:00:00+00:00,100017.0
2024-12-08 04:00:00+00:00,99839.0
2024-12-08 05:00:00+00:00,99571.0
2024-12-08 06:00:00+00:00,99751.0
2024-12-08 07:00:00+00:00,99782.0
2024-12-08 08:00:00+00:00,99053.0
2024-12-08 09:00:00+00:00,98965.0
2024-12-08 10:00:00+00:00,99369.0
2024-12-08 11:00:00+00:00,99762.0
2024-12-08 12:00:00+00:00,99993.0
2024-12-08 13:00:00+00:00,100491.0
2024-12-08 14:00:00+00:00,99802.0
2024-12-08 15:00:00+00:00,99971.0
2024-12-08 16:00:00+00:00,99884.0
2024-12-08 17:00:00+00:00,100002.0
2024-12-08 18:00:00+00:00,99704.0
2024-12-08 19:00:00+00:00,100130.0
2024-12-08 20:00:00+00:00,99853.0
2024-12-08 21:00:00+00:00,100099.0
2024-12-08 22:00:00+00:00,100296.0
2024-12-08 23:00:00+00:00,101204.0
2024-12-09 00:00:00+00:00,99687.0
2024-12-09 01:00:00+00:00,99623.0
2024-12-09 02:00:00+00:00,99244.0
2024-12-09 03:00:00+00:00,99162.0
2024-12-09 04:00:00+00:00,99442.0
2024-12-09 05:00:00+00:00,99488.0
2024-12-09 06:00:00+00:00,99117.0
2024-12-09 07:00:00+00:00,99622.0
2024-12-09 08:00:00+00:00,98958.0
2024-12-09 09:00:00+00:00,98423.0
2024-12-09 10:00:00+00:00,98710.0
2024-12-09 11:00:00+00:00,98066.0
2024-12-09 12:00:00+00:00,98575.0
2024-12-09 13:00:00+00:00,98986.0
2024-12-09 14:00:00+00:00,100202.0
2024-12-09 15:00:00+00:00,97822.0
2024-12-09 16:00:00+00:00,97812.0
2024-12-09 17:00:00+00:00,97341.0
2024-12-09 18:00:00+00:00,97785.0
2024-12-09 19:00:00+00:00,96986.0
2024-12-09 20:00:00+00:00,96241.0
2024-12-09 21:00:00+00:00,96953.0
2024-12-09 22:00:00+00:00,97033.0
2024-12-09 23:00:00+00:00,97468.0
2024-12-10 00:00:00+00:00,97904.0
2024-12-10 01:00:00+00:00,98001.0
2024-12-10 02:00:00+00:00,96802.0
2024-12-10 03:00:00+00:00,96796.0
2024-12-10 04:00:00+00:00,97074.0
2024-12-10 05:00:00+00:00,96974.0
2024-12-10 06:00:00+00:00,97482.0
2024-12-10 07:00:00+00:00,97210.0
2024-12-10 08:00:00+00:00,97432.0
2024-12-10 09:00:00+00:00,97515.0
2024-12-10 10:00:00+00:00,97739.0
2024-12-10 11:00:00+00:00,97815.0
2024-12-10 12:00:00+00:00,97179.0
2024-12-10 13:00:00+00:00,97767.0
2024-12-10 14:00:00+00:00,97858.0
2024-12-10 15:00:00+00:00,95703.0
2024-12-10 16:00:00+00:00,96327.0
2024-12-10 17:00:00+00:00,94582.0
2024-12-10 18:00:00+00:00,95110.0
2024-12-10 19:00:00+00:00,95933.0
2024-12-10 20:00:00+00:00,96512.0
2024-12-10 21:00:00+00:00,96824.0
2024-12-10 22:00:00+00:00,96966.0
2024-12-10 23:00:00+00:00,96648.0
2024-12-11 00:00:00+00:00,96464.0
2024-12-11 01:00:00+00:00,95725.0
2024-12-11 02:00:00+00:00,97275.0
2024-12-11 03:00:00+00:00,97445.0
2024-12-11 04:00:00+00:00,97580.0
2024-12-11 05:00:00+00:00,97526.0
2024-12-11 06:00:00+00:00,97716.0
2024-12-11 07:00:00+00:00,97446.0
2024-12-11 08:00:00+00:00,98165.0
2024-12-11 09:00:00+00:00,98001.0
2024-12-11 10:00:00+00:00,98220.0
2024-12-11 11:00:00+00:00,98321.0
2024-12-11 12:00:00+00:00,98302.0
2024-12-11 13:00:00+00:00,98776.0
2024-12-11 14:00:00+00:00,99569.0
2024-12-11 15:00:00+00:00,100484.0
2024-12-11 16:00:00+00:00,100687.0
2024-12-11 17:00:00+00:00,99857.0
2024-12-11 18:00:00+00:00,100486.0
2024-12-11 19:00:00+00:00,101248.0
2024-12-11 20:00:00+00:00,101388.0
2024-12-11 21:00:00+00:00,101622.0
2024-12-11 22:00:00+00:00,101291.0
2024-12-11 23:00:00+00:00,101201.0
2024-12-12 00:00:00+00:00,100838.0
2024-12-12 01:00:00+00:00,100577.0
2024-12-12 02:00:00+00:00,101910.0
2024-12-12 03:00:00+00:00,101045.0
2024-12-12 04:00:00+00:00,100730.0
2024-12-12 05:00:00+00:00,100667.0
2024-12-12 06:00:00+00:00,100639.0
2024-12-12 07:00:00+00:00,100525.0
2024-12-12 08:00:00+00:00,101023.0
2024-12-12 09:00:00+00:00,100924.0
2024-12-12 10:00:00+00:00,100624.0
2024-12-12 11:00:00+00:00,100366.0
2024-12-12 12:00:00+00:00,100853.0
2024-12-12 13:00:00+00:00,100945.0
2024-12-12 14:00:00+00:00,101747.0
2024-12-12 15:00:00+00:00,101863.0
2024-12-12 16:00:00+00:00,101516.0
2024-12-12 17:00:00+00:00,101613.0
2024-12-12 18:00:00+00:00,100877.0
2024-12-12 19:00:00+00:00,99482.0
2024-12-12 20:00:00+00:00,100032.0
2024-12-12 21:00:00+00:00,99884.0
2024-12-12 22:00:00+00:00,100497.0
2024-12-12 23:00:00+00:00,100068.0
2024-12-13 00:00:00+00:00,100102.0
2024-12-13 01:00:00+00:00,99359.0
2024-12-13 02:00:00+00:00,99509.0
2024-12-13 03:00:00+00:00,99747.0
2024-12-13 04:00:00+00:00,99999.0
2024-12-13 05:00:00+00:00,99909.0
2024-12-13 06:00:00+00:00,99730.0
2024-12-13 07:00:00+00:00,100149.0
2024-12-13 08:00:00+00:00,100293.0
2024-12-13 09:00:00+00:00,100119.0
2024-12-13 10:00:00+00:00,100530.0
2024-12-13 11:00:00+00:00,100378.0
2024-12-13 12:00:00+00:00,100302.0
2024-12-13 13:00:00+00:00,100247.0
2024-12-13 14:00:00+00:00,101042.0
2024-12-13 15:00:00+00:00,99937.0
2024-12-13 16:00:00+00:00,101015.0
2024-12-13 17:00:00+00:00,101764.0
2024-12-13 18:00:00+00:00,101569.0
2024-12-13 19:00:00+00:00,101493.0
2024-12-13 20:00:00+00:00,101682.0
2024-12-13 21:00:00+00:00,101377.0
2024-12-13 22:00:00+00:00,101275.0
2024-12-13 23:00:00+00:00,101435.0
2024-12-14 00:00:00+00:00,101212.0
2024-12-14 01:00:00+00:00,102186.0
2024-12-14 02:00:00+00:00,102025.0
2024-12-14 03:00:00+00:00,102099.0
2024-12-14 04:00:00+00:00,101688.0
2024-12-14 05:00:00+00:00,101710.0
2024-12-14 06:00:00+00:00,101907.0
2024-12-14 07:00:00+00:00,101836.0
2024-12-14 08:00:00+00:00,101838.0
2024-12-14 09:00:00+00:00,101557.0
2024-12-14 10:00:00+00:00,101549.0
2024-12-14 11:00:00+00:00,101586.0
2024-12-14 12:00:00+00:00,101278.0
2024-12-14 13:00:00+00:00,101191.0
2024-12-14 14:00:00+00:00,101464.0
2024-12-14 15:00:00+00:00,101622.0
2024-12-14 16:00:00+00:00,101605.0
2024-12-14 17:00:00+00:00,100990.0
2024-12-14 18:00:00+00:00,100863.0
2024-12-14 19:00:00+00:00,101323.0
2024-12-14 20:00:00+00:00,100756.0
2024-12-14 21:00:00+00:00,101091.0
2024-12-14 22:00:00+00:00,101140.0
2024-12-14 23:00:00+00:00,101382.0
2024-12-15 00:00:00+00:00,101440.0
2024-12-15 01:00:00+00:00,102123.0
2024-12-15 02:00:00+00:00,101802.0
2024-12-15 03:00:00+00:00,101730.0
2024-12-15 04:00:00+00:00,102305.0
2024-12-15 05:00:00+00:00,102113.0
2024-12-15 06:00:00+00:00,101760.0
2024-12-15 07:00:00+00:00,101745.0
2024-12-15 08:00:00+00:00,101994.0
2024-12-15 09:00:00+00:00,102236.0
2024-12-15 10:00:00+00:00,102290.0
2024-12-15 11:00:00+00:00,102651.0
2024-12-15 12:00:00+00:00,102804.0
2024-12-15 13:00:00+00:00,102788.0
2024-12-15 14:00:00+00:00,102948.0
2024-12-15 15:00:00+00:00,102688.0
2024-12-15 16:00:00+00:00,103076.0
2024-12-15 17:00:00+00:00,103143.0
2024-12-15 18:00:00+00:00,103159.0
2024-12-15 19:00:00+00:00,103241.0
2024-12-15 20:00:00+00:00,103138.0
2024-12-15 21:00:00+00:00,102845.0
2024-12-15 22:00:00+00:00,103253.0
2024-12-15 23:00:00+00:00,104427.0
2024-12-16 00:00:00+00:00,105387.0
2024-12-16 01:00:00+00:00,105501.0
2024-12-16 02:00:00+00:00,104546.0
2024-12-16 03:00:00+00:00,104556.0
2024-12-16 04:00:00+00:00,104656.0
2024-12-16 05:00:00+00:00,105013.0
2024-12-16 06:00:00+00:00,105109.0
2024-12-16 07:00:00+00:00,104956.0
2024-12-16 08:00:00+00:00,104506.0
2024-12-16 09:00:00+00:00,104658.0
2024-12-16 10:00:00+00:00,104640.0
2024-12-16 11:00:00+00:00,103716.0
2024-12-16 12:00:00+00:00,103615.0
2024-12-16 13:00:00+00:00,103874.0
2024-12-16 14:00:00+00:00,105410.0
2024-12-16 15:00:00+00:00,106371.0
2024-12-16 16:00:00+00:00,106852.0
2024-12-16 17:00:00+00:00,107102.0
2024-12-16 18:00:00+00:00,107067.0
2024-12-16 19:00:00+00:00,106639.0
2024-12-16 20:00:00+00:00,105845.0
2024-12-16 21:00:00+00:00,106086.0
2024-12-16 22:00:00+00:00,105854.0
2024-12-16 23:00:00+00:00,106073.0
2024-12-17 00:00:00+00:00,106045.0
2024-12-17 01:00:00+00:00,106409.0
2024-12-17 02:00:00+00:00,106293.0
2024-12-17 03:00:00+00:00,106895.0
2024-12-17 04:00:00+00:00,106516.0
2024-12-17 05:00:00+00:00,106820.0
2024-12-17 06:00:00+00:00,106541.0
2024-12-17 07:00:00+00:00,106841.0
2024-12-17 08:00:00+00:00,107387.0
2024-12-17 09:00:00+00:00,107307.0
2024-12-17 10:00:00+00:00,107211.0
2024-12-17 11:00:00+00:00,106844.0
2024-12-17 12:00:00+00:00,107139.0
2024-12-17 13:00:00+00:00,107327.0
2024-12-17 14:00:00+00:00,108276.0
2024-12-17 15:00:00+00:00,106483.0
2024-12-17 16:00:00+00:00,107058.0
2024-12-17 17:00:00+00:00,107545.0
2024-12-17 18:00:00+00:00,106537.0
2024-12-17 19:00:00+00:00,106479.0
2024-12-17 20:00:00+00:00,106713.0
2024-12-17 21:00:00+00:00,106490.0
2024-12-17 22:00:00+00:00,105976.0
2024-12-17 23:00:00+00:00,106187.0
2024-12-18 00:00:00+00:00,106110.0
2024-12-18 01:00:00+00:00,105428.0
2024-12-18 02:00:00+00:00,105321.0
2024-12-18 03:00:00+00:00,104852.0
2024-12-18 04:00:00+00:00,103880.0
2024-12-18 05:00:00+00:00,103536.0
2024-12-18 06:00:00+00:00,103743.0
2024-12-18 07:00:00+00:00,104242.0
2024-12-18 08:00:00+00:00,103797.0
2024-12-18 09:00:00+00:00,104023.0
2024-12-18 10:00:00+00:00,104511.0
2024-12-18 11:00:00+00:00,105010.0
2024-12-18 12:00:00+00:00,104894.0
2024-12-18 13:00:00+00:00,104532.0
2024-12-18 14:00:00+00:00,104024.0
2024-12-18 15:00:00+00:00,104411.0
2024-12-18 16:00:00+00:00,104174.0
2024-12-18 17:00:00+00:00,104663.0
2024-12-18 18:00:00+00:00,104769.0
2024-12-18 19:00:00+00:00,102829.0
2024-12-18 20:00:00+00:00,100761.0
2024-12-18 21:00:00+00:00,100961.0
2024-12-18 22:00:00+00:00,101128.0
2024-12-18 23:00:00+00:00,100153.0
2024-12-19 00:00:00+00:00,100719.0
2024-12-19 01:00:00+00:00,99659.0
2024-12-19 02:00:00+00:00,100436.0
2024-12-19 03:00:00+00:00,101118.0
2024-12-19 04:00:00+00:00,100604.0
2024-12-19 05:00:00+00:00,101244.0
2024-12-19 06:00:00+00:00,101181.0
2024-12-19 07:00:00+00:00,101611.0
2024-12-19 08:00:00+00:00,101616.0
2024-12-19 09:00:00+00:00,101735.0
2024-12-19 10:00:00+00:00,102408.0
2024-12-19 11:00:00+00:00,102385.0
2024-12-19 12:00:00+00:00,101920.0
2024-12-19 13:00:00+00:00,101921.0
2024-12-19 14:00:00+00:00,100816.0
2024-12-19 15:00:00+00:00,100609.0
2024-12-19 16:00:00+00:00,100663.0
2024-12-19 17:00:00+00:00,98821.0
2024-12-19 18:00:00+00:00,98822.0
2024-12-19 19:00:00+00:00,97080.0
2024-12-19 20:00:00+00:00,96290.0
2024-12-19 21:00:00+00:00,97323.0
2024-12-19 22:00:00+00:00,98187.0
2024-12-19 23:00:00+00:00,97375.0
2024-12-20 00:00:00+00:00,97162.0
2024-12-20 01:00:00+00:00,96145.0
2024-12-20 02:00:00+00:00,97496.0
2024-12-20 03:00:00+00:00,97002.0
2024-12-20 04:00:00+00:00,97216.0
2024-12-20 05:00:00+00:00,96707.0
2024-12-20 06:00:00+00:00,97151.0
2024-12-20 07:00:00+00:00,97655.0
2024-12-20 08:00:00+00:00,95298.0
2024-12-20 09:00:00+00:00,94698.0
2024-12-20 10:00:00+00:00,94203.0
2024-12-20 11:00:00+00:00,92600.0
2024-12-20 12:00:00+00:00,93831.0
2024-12-20 13:00:00+00:00,95114.0
2024-12-20 14:00:00+00:00,95520.0
2024-12-20 15:00:00+00:00,96926.0
2024-12-20 16:00:00+00:00,96665.0
2024-12-20 17:00:00+00:00,97164.0
2024-12-20 18:00:00+00:00,96976.0
2024-12-20 19:00:00+00:00,97065.0
2024-12-20 20:00:00+00:00,96388.0
2024-12-20 21:00:00+00:00,96561.0
2024-12-20 22:00:00+00:00,97407.0
2024-12-20 23:00:00+00:00,97760.0
2024-12-21 00:00:00+00:00,97564.0
2024-12-21 01:00:00+00:00,97358.0
2024-12-21 02:00:00+00:00,97369.0
2024-12-21 03:00:00+00:00,97440.0
2024-12-21 04:00:00+00:00,97565.0
2024-12-21 05:00:00+00:00,98622.0
2024-12-21 06:00:00+00:00,98682.0
2024-12-21 07:00:00+00:00,98995.0
2024-12-21 08:00:00+00:00,98629.0
2024-12-21 09:00:00+00:00,98543.0
2024-12-21 10:00:00+00:00,98101.0
2024-12-21 11:00:00+00:00,98240.0
2024-12-21 12:00:00+00:00,97102.0
2024-12-21 13:00:00+00:00,97423.0
2024-12-21 14:00:00+00:00,97056.0
2024-12-21 15:00:00+00:00,97473.0
2024-12-21 16:00:00+00:00,97241.0
2024-12-21 17:00:00+00:00,97564.0
2024-12-21 18:00:00+00:00,97356.0
2024-12-21 19:00:00+00:00,97228.0
2024-12-21 20:00:00+00:00,97424.0
2024-12-21 21:00:00+00:00,96834.0
2024-12-21 22:00:00+00:00,97101.0
2024-12-21 23:00:00+00:00,97211.0
2024-12-22 00:00:00+00:00,97200.0
2024-12-22 01:00:00+00:00,96999.0
2024-12-22 02:00:00+00:00,96632.0
2024-12-22 03:00:00+00:00,96921.0
2024-12-22 04:00:00+00:00,96034.0
2024-12-22 05:00:00+00:00,96086.0
2024-12-22 06:00:00+00:00,96681.0
2024-12-22 07:00:00+00:00,96070.0
2024-12-22 08:00:00+00:00,96462.0
2024-12-22 09:00:00+00:00,96885.0
2024-12-22 10:00:00+00:00,96907.0
2024-12-22 11:00:00+00:00,97045.0
2024-12-22 12:00:00+00:00,96980.0
2024-12-22 13:00:00+00:00,96913.0
2024-12-22 14:00:00+00:00,95238.0
2024-12-22 15:00:00+00:00,95304.0
2024-12-22 16:00:00+00:00,95634.0
2024-12-22 17:00:00+00:00,95552.0
2024-12-22 18:00:00+00:00,95879.0
2024-12-22 19:00:00+00:00,94692.0
2024-12-22 20:00:00+00:00,95491.0
2024-12-22 21:00:00+00:00,95119.0
2024-12-22 22:00:00+00:00,95426.0
2024-12-22 23:00:00+00:00,95098.0
2024-12-23 00:00:00+00:00,94319.0
2024-12-23 01:00:00+00:00,94373.0
2024-12-23 02:00:00+00:00,94615.0
2024-12-23 03:00:00+00:00,95914.0
2024-12-23 04:00:00+00:00,95743.0
2024-12-23 05:00:00+00:00,95525.0
2024-12-23 06:00:00+00:00,94711.0
2024-12-23 07:00:00+00:00,95287.0
2024-12-23 08:00:00+00:00,95448.0
2024-12-23 09:00:00+00:00,95924.0
2024-12-23 10:00:00+00:00,96302.0
2024-12-23 11:00:00+00:00,95811.0
2024-12-23 12:00:00+00:00,96188.0
2024-12-23 13:00:00+00:00,94759.0
2024-12-23 14:00:00+00:00,94274.0
2024-12-23 15:00:00+00:00,93104.0
2024-12-23 16:00:00+00:00,93844.0
2024-12-23 17:00:00+00:00,93266.0
2024-12-23 18:00:00+00:00,92654.0
2024-12-23 19:00:00+00:00,92924.0
2024-12-23 20:00:00+00:00,93064.0
2024-12-23 21:00:00+00:00,93832.0
2024-12-23 22:00:00+00:00,95056.0
2024-12-23 23:00:00+00:00,94750.0
2024-12-24 00:00:00+00:00,94458.0
2024-12-24 01:00:00+00:00,93978.0
2024-12-24 02:00:00+00:00,93789.0
2024-12-24 03:00:00+00:00,94211.0
2024-12-24 04:00:00+00:00,94265.0
2024-12-24 05:00:00+00:00,94495.0
2024-12-24 06:00:00+00:00,93803.0
2024-12-24 07:00:00+00:00,94088.0
2024-12-24 08:00:00+00:00,94381.0
2024-12-24 09:00:00+00:00,93987.0
2024-12-24 10:00:00+00:00,93829.0
2024-12-24 11:00:00+00:00,94281.0
2024-12-24 12:00:00+00:00,94176.0
2024-12-24 13:00:00+00:00,95972.0
2024-12-24 14:00:00+00:00,97381.0
2024-12-24 15:00:00+00:00,98200.0
2024-12-24 16:00:00+00:00,98477.0
2024-12-24 17:00:00+00:00,98923.0
2024-12-24 18:00:00+00:00,98579.0
2024-12-24 19:00:00+00:00,97562.0
2024-12-24 20:00:00+00:00,97263.0
2024-12-24 21:00:00+00:00,98325.0
2024-12-24 22:00:00+00:00,98704.0
2024-12-24 23:00:00+00:00,98596.0
2024-12-25 00:00:00+00:00,98372.0
2024-12-25 01:00:00+00:00,97911.0
2024-12-25 02:00:00+00:00,98075.0
2024-12-25 03:00:00+00:00,97962.0
2024-12-25 04:00:00+00:00,98158.0
2024-12-25 05:00:00+00:00,98231.0
2024-12-25 06:00:00+00:00,97824.0
2024-12-25 07:00:00+00:00,98018.0
2024-12-25 08:00:00+00:00,98003.0
2024-12-25 09:00:00+00:00,98098.0
2024-12-25 10:00:00+00:00,98288.0
2024-12-25 11:00:00+00:00,97837.0
2024-12-25 12:00:00+00:00,98121.0
2024-12-25 13:00:00+00:00,98381.0
2024-12-25 14:00:00+00:00,98626.0
2024-12-25 15:00:00+00:00,98413.0
2024-12-25 16:00:00+00:00,98328.0
2024-12-25 17:00:00+00:00,98474.0
2024-12-25 18:00:00+00:00,98627.0
2024-12-25 19:00:00+00:00,98929.0
2024-12-25 20:00:00+00:00,99056.0
2024-12-25 21:00:00+00:00,98401.0
2024-12-25 22:00:00+00:00,98721.0
2024-12-25 23:00:00+00:00,99374.0
2024-12-26 00:00:00+00:00,98954.0
2024-12-26 01:00:00+00:00,98990.0
2024-12-26 02:00:00+00:00,98666.0
2024-12-26 03:00:00+00:00,98935.0
2024-12-26 04:00:00+00:00,98221.0
2024-12-26 05:00:00+00:00,98317.0
2024-12-26 06:00:00+00:00,98017.0
2024-12-26 07:00:00+00:00,97674.0
2024-12-26 08:00:00+00:00,95810.0
2024-12-26 09:00:00+00:00,95320.0
2024-12-26 10:00:00+00:00,95383.0
2024-12-26 11:00:00+00:00,95584.0
2024-12-26 12:00:00+00:00,95594.0
2024-12-26 13:00:00+00:00,95610.0
2024-12-26 14:00:00+00:00,95360.0
2024-12-26 15:00:00+00:00,95982.0
2024-12-26 16:00:00+00:00,96441.0
2024-12-26 17:00:00+00:00,95725.0
2024-12-26 18:00:00+00:00,95663.0
2024-12-26 19:00:00+00:00,96033.0
2024-12-26 20:00:00+00:00,95493.0
2024-12-26 21:00:00+00:00,95673.0
2024-12-26 22:00:00+00:00,95703.0
2024-12-26 23:00:00+00:00,95687.0
2024-12-27 00:00:00+00:00,95652.0
2024-12-27 01:00:00+00:00,95780.0
2024-12-27 02:00:00+00:00,95895.0
2024-12-27 03:00:00+00:00,96305.0
2024-12-27 04:00:00+00:00,96165.0
2024-12-27 05:00:00+00:00,96133.0
2024-12-27 06:00:00+00:00,96479.0
2024-12-27 07:00:00+00:00,94988.0
2024-12-27 08:00:00+00:00,95627.0
2024-12-27 09:00:00+00:00,96669.0
2024-12-27 10:00:00+00:00,96481.0
2024-12-27 11:00:00+00:00,96841.0
2024-12-27 12:00:00+00:00,96556.0
2024-12-27 13:00:00+00:00,96288.0
2024-12-27 14:00:00+00:00,95563.0
2024-12-27 15:00:00+00:00,94437.0
2024-12-27 16:00:00+00:00,94000.0
2024-12-27 17:00:00+00:00,94159.0
2024-12-27 18:00:00+00:00,94432.0
2024-12-27 19:00:00+00:00,94593.0
2024-12-27 20:00:00+00:00,94438.0
2024-12-27 21:00:00+00:00,94404.0
2024-12-27 22:00:00+00:00,94306.0
2024-12-27 23:00:00+00:00,94168.0
2024-12-28 00:00:00+00:00,94264.0
2024-12-28 01:00:00+00:00,94428.0
2024-12-28 02:00:00+00:00,94199.0
2024-12-28 03:00:00+00:00,94440.0
2024-12-28 04:00:00+00:00,94384.0
2024-12-28 05:00:00+00:00,94464.0
2024-12-28 06:00:00+00:00,94323.0
2024-12-28 07:00:00+00:00,94231.0
2024-12-28 08:00:00+00:00,94328.0
2024-12-28 09:00:00+00:00,94455.0
2024-12-28 10:00:00+00:00,94472.0
2024-12-28 11:00:00+00:00,94611.0
2024-12-28 12:00:00+00:00,94464.0
2024-12-28 13:00:00+00:00,94532.0
2024-12-28 14:00:00+00:00,94424.0
2024-12-28 15:00:00+00:00,94293.0
2024-12-28 16:00:00+00:00,94712.0
2024-12-28 17:00:00+00:00,94866.0
2024-12-28 18:00:00+00:00,94680.0
2024-12-28 19:00:00+00:00,94863.0
2024-12-28 20:00:00+00:00,94910.0
2024-12-28 21:00:00+00:00,94998.0
2024-12-28 22:00:00+00:00,95166.0
2024-12-28 23:00:00+00:00,95139.0
2024-12-29 00:00:00+00:00,94977.0
2024-12-29 01:00:00+00:00,94700.0
2024-12-29 02:00:00+00:00,94972.0
2024-12-29 03:00:00+00:00,95006.0
2024-12-29 04:00:00+00:00,94911.0
2024-12-29 05:00:00+00:00,94973.0
2024-12-29 06:00:00+00:00,95017.0
2024-12-29 07:00:00+00:00,95101.0
2024-12-29 08:00:00+00:00,94967.0
2024-12-29 09:00:00+00:00,95034.0
2024-12-29 10:00:00+00:00,95013.0
2024-12-29 11:00:00+00:00,94886.0
2024-12-29 12:00:00+00:00,94760.0
2024-12-29 13:00:00+00:00,94781.0
2024-12-29 14:00:00+00:00,94455.0
2024-12-29 15:00:00+00:00,94351.0
2024-12-29 16:00:00+00:00,93743.0
2024-12-29 17:00:00+00:00,93790.0
2024-12-29 18:00:00+00:00,93492.0
2024-12-29 19:00:00+00:00,93431.0
2024-12-29 20:00:00+00:00,93673.0
2024-12-29 21:00:00+00:00,93236.0
2024-12-29 22:00:00+00:00,92935.0
2024-12-29 23:00:00+00:00,93557.0
2024-12-30 00:00:00+00:00,93373.0
2024-12-30 01:00:00+00:00,93709.0
2024-12-30 02:00:00+00:00,93737.0
2024-12-30 03:00:00+00:00,93522.0
2024-12-30 04:00:00+00:00,93110.0
2024-12-30 05:00:00+00:00,93359.0
2024-12-30 06:00:00+00:00,93680.0
2024-12-30 07:00:00+00:00,93579.0
2024-12-30 08:00:00+00:00,93675.0
2024-12-30 09:00:00+00:00,93722.0
2024-12-30 10:00:00+00:00,93653.0
2024-12-30 11:00:00+00:00,93750.0
2024-12-30 12:00:00+00:00,93610.0
2024-12-30 13:00:00+00:00,92504.0
2024-12-30 14:00:00+00:00,91642.0
2024-12-30 15:00:00+00:00,91929.0
2024-12-30 16:00:00+00:00,91950.0
2024-12-30 17:00:00+00:00,93715.0
2024-12-30 18:00:00+00:00,94456.0
2024-12-30 19:00:00+00:00,94254.0
2024-12-30 20:00:00+00:00,94198.0
2024-12-30 21:00:00+00:00,91919.0
2024-12-30 22:00:00+00:00,92622.0
2024-12-30 23:00:00+00:00,92628.0
2024-12-31 00:00:00+00:00,92255.0
2024-12-31 01:00:00+00:00,92269.0
2024-12-31 02:00:00+00:00,92332.0
2024-12-31 03:00:00+00:00,92342.0
2024-12-31 04:00:00+00:00,92314.0
2024-12-31 05:00:00+00:00,92475.0
2024-12-31 06:00:00+00:00,92649.0
2024-12-31 07:00:00+00:00,92713.0
2024-12-31 08:00:00+00:00,93782.0
2024-12-31 09:00:00+00:00,93861.0
2024-12-31 10:00:00+00:00,93966.0
2024-12-31 11:00:00+00:00,94088.0
2024-12-31 12:00:00+00:00,94426.0
2024-12-31 13:00:00+00:00,95444.0
2024-12-31 14:00:00+00:00,95532.0
2024-12-31 15:00:00+00:00,95285.0
2024-12-31 16:00:00+00:00,94679.0
2024-12-31 17:00:00+00:00,93981.0
2024-12-31 18:00:00+00:00,93758.0
2024-12-31 19:00:00+00:00,94008.0
2024-12-31 20:00:00+00:00,93415.0
2024-12-31 21:00:00+00:00,93682.0
2024-12-31 22:00:00+00:00,93294.0
2024-12-31 23:00:00+00:00,93381.0
2025-01-01 00:00:00+00:00,94211.0
2025-01-01 01:00:00+00:00,93421.0
2025-01-01 02:00:00+00:00,93858.0
2025-01-01 03:00:00+00:00,93629.0
2025-01-01 04:00:00+00:00,93355.0
2025-01-01 05:00:00+00:00,93565.0
2025-01-01 06:00:00+00:00,93542.0
2025-01-01 07:00:00+00:00,93475.0
2025-01-01 08:00:00+00:00,93251.0
2025-01-01 09:00:00+00:00,93219.0
2025-01-01 10:00:00+00:00,93106.0
2025-01-01 11:00:00+00:00,93278.0
2025-01-01 12:00:00+00:00,93623.0
2025-01-01 13:00:00+00:00,93843.0
2025-01-01 14:00:00+00:00,93978.0
2025-01-01 15:00:00+00:00,94240.0
2025-01-01 16:00:00+00:00,93901.0
2025-01-01 17:00:00+00:00,93939.0
2025-01-01 18:00:00+00:00,94144.0
2025-01-01 19:00:00+00:00,94419.0
2025-01-01 20:00:00+00:00,94597.0
2025-01-01 21:00:00+00:00,94757.0
2025-01-01 22:00:00+00:00,94608.0
2025-01-01 23:00:00+00:00,94388.0
2025-01-02 00:00:00+00:00,94900.0
2025-01-02 01:00:00+00:00,94680.0
2025-01-02 02:00:00+00:00,95016.0
2025-01-02 03:00:00+00:00,94833.0
2025-01-02 04:00:00+00:00,95509.0
2025-01-02 05:00:00+00:00,95421.0
2025-01-02 06:00:00+00:00,95425.0
2025-01-02 07:00:00+00:00,95700.0
2025-01-02 08:00:00+00:00,96007.0
2025-01-02 09:00:00+00:00,96634.0
2025-01-02 10:00:00+00:00,96610.0
2025-01-02 11:00:00+00:00,96618.0
2025-01-02 12:00:00+00:00,96754.0
2025-01-02 13:00:00+00:00,96364.0
2025-01-02 14:00:00+00:00,97151.0
2025-01-02 15:00:00+00:00,96363.0
2025-01-02 16:00:00+00:00,97149.0
2025-01-02 17:00:00+00:00,96678.0
2025-01-02 18:00:00+00:00,97236.0
2025-01-02 19:00:00+00:00,97212.0
2025-01-02 20:00:00+00:00,97220.0
2025-01-02 21:00:00+00:00,97136.0
2025-01-02 22:00:00+00:00,96831.0
2025-01-02 23:00:00+00:00,96907.0
2025-01-03 00:00:00+00:00,96740.0
2025-01-03 01:00:00+00:00,96888.0
2025-01-03 02:00:00+00:00,96889.0
2025-01-03 03:00:00+00:00,96998.0
2025-01-03 04:00:00+00:00,96727.0
2025-01-03 05:00:00+00:00,96673.0
2025-01-03 06:00:00+00:00,96482.0
2025-01-03 07:00:00+00:00,96247.0
2025-01-03 08:00:00+00:00,96042.0
2025-01-03 09:00:00+00:00,96508.0
2025-01-03 10:00:00+00:00,96436.0
2025-01-03 11:00:00+00:00,96690.0
2025-01-03 12:00:00+00:00,96609.0
2025-01-03 13:00:00+00:00,96451.0
2025-01-03 14:00:00+00:00,96975.0
2025-01-03 15:00:00+00:00,97461.0
2025-01-03 16:00:00+00:00,97809.0
2025-01-03 17:00:00+00:00,97981.0
2025-01-03 18:00:00+00:00,98483.0
2025-01-03 19:00:00+00:00,98573.0
2025-01-03 20:00:00+00:00,98320.0
2025-01-03 21:00:00+00:00,98235.0
2025-01-03 22:00:00+00:00,98262.0
2025-01-03 23:00:00+00:00,98133.0
2025-01-04 00:00:00+00:00,97916.0
2025-01-04 01:00:00+00:00,98000.0
2025-01-04 02:00:00+00:00,98227.0
2025-01-04 03:00:00+00:00,98200.0
2025-01-04 04:00:00+00:00,97967.0
2025-01-04 05:00:00+00:00,98092.0
2025-01-04 06:00:00+00:00,98082.0
2025-01-04 07:00:00+00:00,98215.0
2025-01-04 08:00:00+00:00,97893.0
2025-01-04 09:00:00+00:00,97674.0
2025-01-04 10:00:00+00:00,97763.0
2025-01-04 11:00:00+00:00,97882.0
2025-01-04 12:00:00+00:00,97859.0
2025-01-04 13:00:00+00:00,97949.0
2025-01-04 14:00:00+00:00,98021.0
2025-01-04 15:00:00+00:00,97683.0
2025-01-04 16:00:00+00:00,97695.0
2025-01-04 17:00:00+00:00,98005.0
2025-01-04 18:00:00+00:00,97953.0
2025-01-04 19:00:00+00:00,98151.0
2025-01-04 20:00:00+00:00,98590.0
2025-01-04 21:00:00+00:00,98342.0
2025-01-04 22:00:00+00:00,98433.0
2025-01-04 23:00:00+00:00,98209.0
2025-01-05 00:00:00+00:00,98209.0
2025-01-05 01:00:00+00:00,98127.0
2025-01-05 02:00:00+00:00,98213.0
2025-01-05 03:00:00+00:00,98165.0
2025-01-05 04:00:00+00:00,98332.0
2025-01-05 05:00:00+00:00,98340.0
2025-01-05 06:00:00+00:00,98443.0
2025-01-05 07:00:00+00:00,98257.0
2025-01-05 08:00:00+00:00,97812.0
2025-01-05 09:00:00+00:00,97629.0
2025-01-05 10:00:00+00:00,97706.0
2025-01-05 11:00:00+00:00,97620.0
2025-01-05 12:00:00+00:00,97744.0
2025-01-05 13:00:00+00:00,97675.0
2025-01-05 14:00:00+00:00,97830.0
2025-01-05 15:00:00+00:00,98005.0
2025-01-05 16:00:00+00:00,98013.0
2025-01-05 17:00:00+00:00,97705.0
2025-01-05 18:00:00+00:00,97911.0
2025-01-05 19:00:00+00:00,98063.0
2025-01-05 20:00:00+00:00,98241.0
2025-01-05 21:00:00+00:00,98465.0
2025-01-05 22:00:00+00:00,98654.0
2025-01-05 23:00:00+00:00,98327.0
2025-01-06 00:00:00+00:00,98201.0
2025-01-06 01:00:00+00:00,98720.0
2025-01-06 02:00:00+00:00,98793.0
2025-01-06 03:00:00+00:00,99019.0
2025-01-06 04:00:00+00:00,99427.0
2025-01-06 05:00:00+00:00,99575.0
2025-01-06 06:00:00+00:00,99486.0
2025-01-06 07:00:00+00:00,99279.0
2025-01-06 08:00:00+00:00,99015.0
2025-01-06 09:00:00+00:00,98961.0
2025-01-06 10:00:00+00:00,98728.0
2025-01-06 11:00:00+00:00,99221.0
2025-01-06 12:00:00+00:00,99134.0
2025-01-06 13:00:00+00:00,99464.0
2025-01-06 14:00:00+00:00,100741.0
2025-01-06 15:00:00+00:00,102138.0
2025-01-06 16:00:00+00:00,102172.0
2025-01-06 17:00:00+00:00,101870.0
2025-01-06 18:00:00+00:00,101776.0
2025-01-06 19:00:00+00:00,101853.0
2025-01-06 20:00:00+00:00,102137.0
2025-01-06 21:00:00+00:00,101653.0
2025-01-06 22:00:00+00:00,102038.0
2025-01-06 23:00:00+00:00,102280.0
2025-01-07 00:00:00+00:00,102095.0
2025-01-07 01:00:00+00:00,101968.0
2025-01-07 02:00:00+00:00,101711.0
2025-01-07 03:00:00+00:00,101742.0
2025-01-07 04:00:00+00:00,101698.0
2025-01-07 05:00:00+00:00,101749.0
2025-01-07 06:00:00+00:00,101824.0
2025-01-07 07:00:00+00:00,101664.0
2025-01-07 08:00:00+00:00,101906.0
2025-01-07 09:00:00+00:00,101730.0
2025-01-07 10:00:00+00:00,101415.0
2025-01-07 11:00:00+00:00,100855.0
2025-01-07 12:00:00+00:00,100756.0
2025-01-07 13:00:00+00:00,100651.0
2025-01-07 14:00:00+00:00,100013.0
2025-01-07 15:00:00+00:00,97915.0
2025-01-07 16:00:00+00:00,97715.0
2025-01-07 17:00:00+00:00,97245.0
2025-01-07 18:00:00+00:00,96707.0
2025-01-07 19:00:00+00:00,96394.0
2025-01-07 20:00:00+00:00,96501.0
2025-01-07 21:00:00+00:00,96512.0
2025-01-07 22:00:00+00:00,97117.0
2025-01-07 23:00:00+00:00,96946.0
2025-01-08 00:00:00+00:00,97247.0
2025-01-08 01:00:00+00:00,96901.0
2025-01-08 02:00:00+00:00,96933.0
2025-01-08 03:00:00+00:00,96506.0
2025-01-08 04:00:00+00:00,96259.0
2025-01-08 05:00:00+00:00,96477.0
2025-01-08 06:00:00+00:00,95258.0
2025-01-08 07:00:00+00:00,95630.0
2025-01-08 08:00:00+00:00,95937.0
2025-01-08 09:00:00+00:00,95413.0
2025-01-08 10:00:00+00:00,95924.0
2025-01-08 11:00:00+00:00,95104.0
2025-01-08 12:00:00+00:00,94845.0
2025-01-08 13:00:00+00:00,95361.0
2025-01-08 14:00:00+00:00,95300.0
2025-01-08 15:00:00+00:00,95458.0
2025-01-08 16:00:00+00:00,94757.0
2025-01-08 17:00:00+00:00,94001.0
2025-01-08 18:00:00+00:00,94245.0
2025-01-08 19:00:00+00:00,94226.0
2025-01-08 20:00:00+00:00,93930.0
2025-01-08 21:00:00+00:00,94433.0
2025-01-08 22:00:00+00:00,95273.0
2025-01-08 23:00:00+00:00,95065.0
2025-01-09 00:00:00+00:00,95101.0
2025-01-09 01:00:00+00:00,94954.0
2025-01-09 02:00:00+00:00,94738.0
2025-01-09 03:00:00+00:00,93989.0
2025-01-09 04:00:00+00:00,94387.0
2025-01-09 05:00:00+00:00,94427.0
2025-01-09 06:00:00+00:00,94060.0
2025-01-09 07:00:00+00:00,93179.0
2025-01-09 08:00:00+00:00,92985.0
2025-01-09 09:00:00+00:00,93467.0
2025-01-09 10:00:00+00:00,93405.0
2025-01-09 11:00:00+00:00,93414.0
2025-01-09 12:00:00+00:00,93347.0
2025-01-09 13:00:00+00:00,91956.0
2025-01-09 14:00:00+00:00,92830.0
2025-01-09 15:00:00+00:00,94223.0
2025-01-09 16:00:00+00:00,94243.0
2025-01-09 17:00:00+00:00,92688.0
2025-01-09 18:00:00+00:00,93028.0
2025-01-09 19:00:00+00:00,91916.0
2025-01-09 20:00:00+00:00,91896.0
2025-01-09 21:00:00+00:00,92061.0
2025-01-09 22:00:00+00:00,92460.0
2025-01-09 23:00:00+00:00,92542.0
2025-01-10 00:00:00+00:00,92741.0
2025-01-10 01:00:00+00:00,93097.0
2025-01-10 02:00:00+00:00,93373.0
2025-01-10 03:00:00+00:00,93699.0
2025-01-10 04:00:00+00:00,93832.0
2025-01-10 05:00:00+00:00,93963.0
2025-01-10 06:00:00+00:00,94245.0
2025-01-10 07:00:00+00:00,94517.0
2025-01-10 08:00:00+00:00,94691.0
2025-01-10 09:00:00+00:00,94801.0
2025-01-10 10:00:00+00:00,95229.0
2025-01-10 11:00:00+00:00,95092.0
2025-01-10 12:00:00+00:00,95023.0
2025-01-10 13:00:00+00:00,93536.0
2025-01-10 14:00:00+00:00,94114.0
2025-01-10 15:00:00+00:00,93739.0
2025-01-10 16:00:00+00:00,93768.0
2025-01-10 17:00:00+00:00,95737.0
2025-01-10 18:00:00+00:00,94851.0
2025-01-10 19:00:00+00:00,95313.0
2025-01-10 20:00:00+00:00,94691.0
2025-01-10 21:00:00+00:00,94606.0
2025-01-10 22:00:00+00:00,94759.0
2025-01-10 23:00:00+00:00,94702.0
2025-01-11 00:00:00+00:00,94578.0
2025-01-11 01:00:00+00:00,94418.0
2025-01-11 02:00:00+00:00,94407.0
2025-01-11 03:00:00+00:00,94195.0
2025-01-11 04:00:00+00:00,94046.0
2025-01-11 05:00:00+00:00,94340.0
2025-01-11 06:00:00+00:00,94187.0
2025-01-11 07:00:00+00:00,94216.0
2025-01-11 08:00:00+00:00,94050.0
2025-01-11 09:00:00+00:00,94309.0
2025-01-11 10:00:00+00:00,94430.0
2025-01-11 11:00:00+00:00,94574.0
2025-01-11 12:00:00+00:00,94499.0
2025-01-11 13:00:00+00:00,94365.0
2025-01-11 14:00:00+00:00,94583.0
2025-01-11 15:00:00+00:00,94379.0
2025-01-11 16:00:00+00:00,94397.0
2025-01-11 17:00:00+00:00,94101.0
2025-01-11 18:00:00+00:00,94228.0
2025-01-11 19:00:00+00:00,94188.0
2025-01-11 20:00:00+00:00,94560.0
2025-01-11 21:00:00+00:00,94906.0
2025-01-11 22:00:00+00:00,94570.0
2025-01-11 23:00:00+00:00,94568.0
2025-01-12 00:00:00+00:00,94415.0
2025-01-12 01:00:00+00:00,94537.0
2025-01-12 02:00:00+00:00,94583.0
2025-01-12 03:00:00+00:00,94571.0
2025-01-12 04:00:00+00:00,94546.0
2025-01-12 05:00:00+00:00,94494.0
2025-01-12 06:00:00+00:00,94368.0
2025-01-12 07:00:00+00:00,94277.0
2025-01-12 08:00:00+00:00,94107.0
2025-01-12 09:00:00+00:00,93858.0
2025-01-12 10:00:00+00:00,93962.0
2025-01-12 11:00:00+00:00,94201.0
2025-01-12 12:00:00+00:00,94295.0
2025-01-12 13:00:00+00:00,94624.0
2025-01-12 14:00:00+00:00,94737.0
2025-01-12 15:00:00+00:00,95029.0
2025-01-12 16:00:00+00:00,95005.0
2025-01-12 17:00:00+00:00,95119.0
2025-01-12 18:00:00+00:00,94971.0
2025-01-12 19:00:00+00:00,94613.0
2025-01-12 20:00:00+00:00,94646.0
2025-01-12 21:00:00+00:00,94290.0
2025-01-12 22:00:00+00:00,93880.0
2025-01-12 23:00:00+00:00,94497.0
2025-01-13 00:00:00+00:00,95288.0
2025-01-13 01:00:00+00:00,94176.0
2025-01-13 02:00:00+00:00,94173.0
2025-01-13 03:00:00+00:00,94225.0
2025-01-13 04:00:00+00:00,94506.0
2025-01-13 05:00:00+00:00,94123.0
2025-01-13 06:00:00+00:00,93538.0
2025-01-13 07:00:00+00:00,93479.0
2025-01-13 08:00:00+00:00,92981.0
2025-01-13 09:00:00+00:00,92801.0
2025-01-13 10:00:00+00:00,91543.0
2025-01-13 11:00:00+00:00,90775.0
2025-01-13 12:00:00+00:00,90633.0
2025-01-13 13:00:00+00:00,91049.0
2025-01-13 14:00:00+00:00,91768.0
2025-01-13 15:00:00+00:00,92102.0
2025-01-13 16:00:00+00:00,91281.0
2025-01-13 17:00:00+00:00,91865.0
2025-01-13 18:00:00+00:00,92031.0
2025-01-13 19:00:00+00:00,92277.0
2025-01-13 20:00:00+00:00,93542.0
2025-01-13 21:00:00+00:00,94168.0
2025-01-13 22:00:00+00:00,94353.0
2025-01-13 23:00:00+00:00,94505.0
2025-01-14 00:00:00+00:00,94452.0
2025-01-14 01:00:00+00:00,94815.0
2025-01-14 02:00:00+00:00,94854.0
2025-01-14 03:00:00+00:00,94835.0
2025-01-14 04:00:00+00:00,95087.0
2025-01-14 05:00:00+00:00,94867.0
2025-01-14 06:00:00+00:00,94973.0
2025-01-14 07:00:00+00:00,94832.0
2025-01-14 08:00:00+00:00,95469.0
2025-01-14 09:00:00+00:00,97120.0
2025-01-14 10:00:00+00:00,96648.0
2025-01-14 11:00:00+00:00,96500.0
2025-01-14 12:00:00+00:00,95961.0
2025-01-14 13:00:00+00:00,96324.0
2025-01-14 14:00:00+00:00,96157.0
2025-01-14 15:00:00+00:00,96437.0
2025-01-14 16:00:00+00:00,95687.0
2025-01-14 17:00:00+00:00,96482.0
2025-01-14 18:00:00+00:00,96722.0
2025-01-14 19:00:00+00:00,96487.0
2025-01-14 20:00:00+00:00,96459.0
2025-01-14 21:00:00+00:00,96427.0
2025-01-14 22:00:00+00:00,96685.0
2025-01-14 23:00:00+00:00,96523.0
2025-01-15 00:00:00+00:00,96892.0
2025-01-15 01:00:00+00:00,97339.0
2025-01-15 02:00:00+00:00,96785.0
2025-01-15 03:00:00+00:00,97269.0
2025-01-15 04:00:00+00:00,97154.0
2025-01-15 05:00:00+00:00,96989.0
2025-01-15 06:00:00+00:00,97049.0
2025-01-15 07:00:00+00:00,97269.0
2025-01-15 08:00:00+00:00,97176.0
2025-01-15 09:00:00+00:00,96792.0
2025-01-15 10:00:00+00:00,96890.0
2025-01-15 11:00:00+00:00,96728.0
2025-01-15 12:00:00+00:00,96887.0
2025-01-15 13:00:00+00:00,98938.0
2025-01-15 14:00:00+00:00,99427.0
2025-01-15 15:00:00+00:00,98985.0
2025-01-15 16:00:00+00:00,99000.0
2025-01-15 17:00:00+00:00,98650.0
2025-01-15 18:00:00+00:00,99475.0
2025-01-15 19:00:00+00:00,99870.0
2025-01-15 20:00:00+00:00,99618.0
2025-01-15 21:00:00+00:00,99694.0
2025-01-15 22:00:00+00:00,99721.0
2025-01-15 23:00:00+00:00,100512.0
2025-01-16 00:00:00+00:00,99873.0
2025-01-16 01:00:00+00:00,100089.0
2025-01-16 02:00:00+00:00,99611.0
2025-01-16 03:00:00+00:00,99455.0
2025-01-16 04:00:00+00:00,99602.0
2025-01-16 05:00:00+00:00,99373.0
2025-01-16 06:00:00+00:00,99780.0
2025-01-16 07:00:00+00:00,99772.0
2025-01-16 08:00:00+00:00,98953.0
2025-01-16 09:00:00+00:00,99117.0
2025-01-16 10:00:00+00:00,99182.0
2025-01-16 11:00:00+00:00,99135.0
2025-01-16 12:00:00+00:00,99362.0
2025-01-16 13:00:00+00:00,99060.0
2025-01-16 14:00:00+00:00,97536.0
2025-01-16 15:00:00+00:00,99251.0
2025-01-16 16:00:00+00:00,99372.0
2025-01-16 17:00:00+00:00,99822.0
2025-01-16 18:00:00+00:00,99581.0
2025-01-16 19:00:00+00:00,100394.0
2025-01-16 20:00:00+00:00,100346.0
2025-01-16 21:00:00+00:00,100137.0
2025-01-16 22:00:00+00:00,99833.0
2025-01-16 23:00:00+00:00,99975.0
2025-01-17 00:00:00+00:00,100127.0
2025-01-17 01:00:00+00:00,101636.0
2025-01-17 02:00:00+00:00,101071.0
2025-01-17 03:00:00+00:00,100999.0
2025-01-17 04:00:00+00:00,101467.0
2025-01-17 05:00:00+00:00,101311.0
2025-01-17 06:00:00+00:00,101380.0
2025-01-17 07:00:00+00:00,101461.0
2025-01-17 08:00:00+00:00,102106.0
2025-01-17 09:00:00+00:00,101845.0
2025-01-17 10:00:00+00:00,102279.0
2025-01-17 11:00:00+00:00,102244.0
2025-01-17 12:00:00+00:00,102749.0
2025-01-17 13:00:00+00:00,102465.0
2025-01-17 14:00:00+00:00,103364.0
2025-01-17 15:00:00+00:00,104053.0
2025-01-17 16:00:00+00:00,105042.0
2025-01-17 17:00:00+00:00,104145.0
2025-01-17 18:00:00+00:00,104894.0
2025-01-17 19:00:00+00:00,105912.0
2025-01-17 20:00:00+00:00,104723.0
2025-01-17 21:00:00+00:00,104639.0
2025-01-17 22:00:00+00:00,104429.0
2025-01-17 23:00:00+00:00,104119.0
2025-01-18 00:00:00+00:00,104698.0
2025-01-18 01:00:00+00:00,104298.0
2025-01-18 02:00:00+00:00,104346.0
2025-01-18 03:00:00+00:00,103558.0
2025-01-18 04:00:00+00:00,103557.0
2025-01-18 05:00:00+00:00,102820.0
2025-01-18 06:00:00+00:00,103395.0
2025-01-18 07:00:00+00:00,102771.0
2025-01-18 08:00:00+00:00,103236.0
2025-01-18 09:00:00+00:00,103091.0
2025-01-18 10:00:00+00:00,103149.0
2025-01-18 11:00:00+00:00,103521.0
2025-01-18 12:00:00+00:00,103429.0
2025-01-18 13:00:00+00:00,104301.0
2025-01-18 14:00:00+00:00,103931.0
2025-01-18 15:00:00+00:00,104500.0
2025-01-18 16:00:00+00:00,103200.0
2025-01-18 17:00:00+00:00,103705.0
2025-01-18 18:00:00+00:00,104001.0
2025-01-18 19:00:00+00:00,104268.0
2025-01-18 20:00:00+00:00,103930.0
2025-01-18 21:00:00+00:00,103807.0
2025-01-18 22:00:00+00:00,104195.0
2025-01-18 23:00:00+00:00,104436.0
2025-01-19 00:00:00+00:00,104039.0
2025-01-19 01:00:00+00:00,104377.0
2025-01-19 02:00:00+00:00,104780.0
2025-01-19 03:00:00+00:00,104856.0
2025-01-19 04:00:00+00:00,104902.0
2025-01-19 05:00:00+00:00,105007.0
2025-01-19 06:00:00+00:00,105424.0
2025-01-19 07:00:00+00:00,105002.0
2025-01-19 08:00:00+00:00,104275.0
2025-01-19 09:00:00+00:00,105130.0
2025-01-19 10:00:00+00:00,104622.0
2025-01-19 11:00:00+00:00,104171.0
2025-01-19 12:00:00+00:00,104766.0
2025-01-19 13:00:00+00:00,104804.0
2025-01-19 14:00:00+00:00,104996.0
2025-01-19 15:00:00+00:00,104801.0
2025-01-19 16:00:00+00:00,104820.0
2025-01-19 17:00:00+00:00,104952.0
2025-01-19 18:00:00+00:00,104903.0
2025-01-19 19:00:00+00:00,106077.0
2025-01-19 20:00:00+00:00,106158.0
2025-01-19 21:00:00+00:00,103546.0
2025-01-19 22:00:00+00:00,103291.0
2025-01-19 23:00:00+00:00,101237.0
2025-01-20 00:00:00+00:00,99679.0
2025-01-20 01:00:00+00:00,100510.0
2025-01-20 02:00:00+00:00,101783.0
2025-01-20 03:00:00+00:00,101804.0
2025-01-20 04:00:00+00:00,102120.0
2025-01-20 05:00:00+00:00,102230.0
2025-01-20 06:00:00+00:00,107272.0
2025-01-20 07:00:00+00:00,106945.0
2025-01-20 08:00:00+00:00,108176.0
2025-01-20 09:00:00+00:00,108006.0
2025-01-20 10:00:00+00:00,107825.0
2025-01-20 11:00:00+00:00,108099.0
2025-01-20 12:00:00+00:00,106789.0
2025-01-20 13:00:00+00:00,107793.0
2025-01-20 14:00:00+00:00,107747.0
2025-01-20 15:00:00+00:00,104791.0
2025-01-20 16:00:00+00:00,106564.0
2025-01-20 17:00:00+00:00,102877.0
2025-01-20 18:00:00+00:00,103807.0
2025-01-20 19:00:00+00:00,103583.0
2025-01-20 20:00:00+00:00,103520.0
2025-01-20 21:00:00+00:00,102475.0
2025-01-20 22:00:00+00:00,103466.0
2025-01-20 23:00:00+00:00,102141.0
2025-01-21 00:00:00+00:00,101038.0
2025-01-21 01:00:00+00:00,101335.0
2025-01-21 02:00:00+00:00,102390.0
2025-01-21 03:00:00+00:00,102809.0
2025-01-21 04:00:00+00:00,102190.0
2025-01-21 05:00:00+00:00,101259.0
2025-01-21 06:00:00+00:00,102020.0
2025-01-21 07:00:00+00:00,101887.0
2025-01-21 08:00:00+00:00,102352.0
2025-01-21 09:00:00+00:00,102610.0
2025-01-21 10:00:00+00:00,103052.0
2025-01-21 11:00:00+00:00,103673.0
2025-01-21 12:00:00+00:00,104418.0
2025-01-21 13:00:00+00:00,104368.0
2025-01-21 14:00:00+00:00,103167.0
2025-01-21 15:00:00+00:00,103846.0
2025-01-21 16:00:00+00:00,104945.0
2025-01-21 17:00:00+00:00,106166.0
2025-01-21 18:00:00+00:00,106881.0
2025-01-21 19:00:00+00:00,107061.0
2025-01-21 20:00:00+00:00,106121.0
2025-01-21 21:00:00+00:00,106796.0
2025-01-21 22:00:00+00:00,106001.0
2025-01-21 23:00:00+00:00,106149.0
2025-01-22 00:00:00+00:00,105970.0
2025-01-22 01:00:00+00:00,105793.0
2025-01-22 02:00:00+00:00,105556.0
2025-01-22 03:00:00+00:00,105598.0
2025-01-22 04:00:00+00:00,105578.0
2025-01-22 05:00:00+00:00,105678.0
2025-01-22 06:00:00+00:00,105360.0
2025-01-22 07:00:00+00:00,105064.0
2025-01-22 08:00:00+00:00,105247.0
2025-01-22 09:00:00+00:00,104956.0
2025-01-22 10:00:00+00:00,105123.0
2025-01-22 11:00:00+00:00,105049.0
2025-01-22 12:00:00+00:00,105277.0
2025-01-22 13:00:00+00:00,104044.0
2025-01-22 14:00:00+00:00,104342.0
2025-01-22 15:00:00+00:00,104200.0
2025-01-22 16:00:00+00:00,103711.0
2025-01-22 17:00:00+00:00,104373.0
2025-01-22 18:00:00+00:00,103901.0
2025-01-22 19:00:00+00:00,104622.0
2025-01-22 20:00:00+00:00,104322.0
2025-01-22 21:00:00+00:00,104067.0
2025-01-22 22:00:00+00:00,103837.0
2025-01-22 23:00:00+00:00,103632.0
2025-01-23 00:00:00+00:00,103262.0
2025-01-23 01:00:00+00:00,102871.0
2025-01-23 02:00:00+00:00,102599.0
2025-01-23 03:00:00+00:00,102390.0
2025-01-23 04:00:00+00:00,101994.0
2025-01-23 05:00:00+00:00,102485.0
2025-01-23 06:00:00+00:00,102216.0
2025-01-23 07:00:00+00:00,102634.0
2025-01-23 08:00:00+00:00,102173.0
2025-01-23 09:00:00+00:00,101661.0
2025-01-23 10:00:00+00:00,101653.0
2025-01-23 11:00:00+00:00,101904.0
2025-01-23 12:00:00+00:00,101590.0
2025-01-23 13:00:00+00:00,102462.0
2025-01-23 14:00:00+00:00,105172.0
2025-01-23 15:00:00+00:00,105247.0
2025-01-23 16:00:00+00:00,105168.0
2025-01-23 17:00:00+00:00,105949.0
2025-01-23 18:00:00+00:00,105467.0
2025-01-23 19:00:00+00:00,103835.0
2025-01-23 20:00:00+00:00,103340.0
2025-01-23 21:00:00+00:00,103112.0
2025-01-23 22:00:00+00:00,104001.0
2025-01-23 23:00:00+00:00,103933.0
2025-01-24 00:00:00+00:00,103442.0
2025-01-24 01:00:00+00:00,103190.0
2025-01-24 02:00:00+00:00,103037.0
2025-01-24 03:00:00+00:00,103885.0
2025-01-24 04:00:00+00:00,104614.0
2025-01-24 05:00:00+00:00,105200.0
2025-01-24 06:00:00+00:00,104994.0
2025-01-24 07:00:00+00:00,105042.0
2025-01-24 08:00:00+00:00,105519.0
2025-01-24 09:00:00+00:00,105187.0
2025-01-24 10:00:00+00:00,105426.0
2025-01-24 11:00:00+00:00,105421.0
2025-01-24 12:00:00+00:00,105528.0
2025-01-24 13:00:00+00:00,105120.0
2025-01-24 14:00:00+00:00,105786.0
2025-01-24 15:00:00+00:00,105864.0
2025-01-24 16:00:00+00:00,105678.0
2025-01-24 17:00:00+00:00,106488.0
2025-01-24 18:00:00+00:00,106330.0
2025-01-24 19:00:00+00:00,105830.0
2025-01-24 20:00:00+00:00,104819.0
2025-01-24 21:00:00+00:00,105096.0
2025-01-24 22:00:00+00:00,104751.0
2025-01-24 23:00:00+00:00,104855.0
2025-01-25 00:00:00+00:00,104417.0
2025-01-25 01:00:00+00:00,104713.0
2025-01-25 02:00:00+00:00,104516.0
2025-01-25 03:00:00+00:00,105145.0
2025-01-25 04:00:00+00:00,104624.0
2025-01-25 05:00:00+00:00,104315.0
2025-01-25 06:00:00+00:00,104308.0
2025-01-25 07:00:00+00:00,104342.0
2025-01-25 08:00:00+00:00,104292.0
2025-01-25 09:00:00+00:00,104361.0
2025-01-25 10:00:00+00:00,104516.0
2025-01-25 11:00:00+00:00,104656.0
2025-01-25 12:00:00+00:00,104736.0
2025-01-25 13:00:00+00:00,104718.0
2025-01-25 14:00:00+00:00,104596.0
2025-01-25 15:00:00+00:00,104904.0
2025-01-25 16:00:00+00:00,104642.0
2025-01-25 17:00:00+00:00,104884.0
2025-01-25 18:00:00+00:00,104948.0
2025-01-25 19:00:00+00:00,105037.0
2025-01-25 20:00:00+00:00,104924.0
2025-01-25 21:00:00+00:00,105087.0
2025-01-25 22:00:00+00:00,105039.0
2025-01-25 23:00:00+00:00,104738.0
2025-01-26 00:00:00+00:00,104589.0
2025-01-26 01:00:00+00:00,104604.0
2025-01-26 02:00:00+00:00,104659.0
2025-01-26 03:00:00+00:00,105037.0
2025-01-26 04:00:00+00:00,105151.0
2025-01-26 05:00:00+00:00,105080.0
2025-01-26 06:00:00+00:00,104971.0
2025-01-26 07:00:00+00:00,104975.0
2025-01-26 08:00:00+00:00,105006.0
2025-01-26 09:00:00+00:00,104630.0
2025-01-26 10:00:00+00:00,104683.0
2025-01-26 11:00:00+00:00,104809.0
2025-01-26 12:00:00+00:00,104859.0
2025-01-26 13:00:00+00:00,104945.0
2025-01-26 14:00:00+00:00,104953.0
2025-01-26 15:00:00+00:00,104953.0
2025-01-26 16:00:00+00:00,104926.0
2025-01-26 17:00:00+00:00,104941.0
2025-01-26 18:00:00+00:00,105164.0
2025-01-26 19:00:00+00:00,105076.0
2025-01-26 20:00:00+00:00,104933.0
2025-01-26 21:00:00+00:00,104558.0
2025-01-26 22:00:00+00:00,104322.0
2025-01-26 23:00:00+00:00,102573.0
2025-01-27 00:00:00+00:00,101635.0
2025-01-27 01:00:00+00:00,101250.0
2025-01-27 02:00:00+00:00,100906.0
2025-01-27 03:00:00+00:00,101354.0
2025-01-27 04:00:00+00:00,100360.0
2025-01-27 05:00:00+00:00,100329.0
2025-01-27 06:00:00+00:00,98901.0
2025-01-27 07:00:00+00:00,99025.0
2025-01-27 08:00:00+00:00,99002.0
2025-01-27 09:00:00+00:00,99372.0
2025-01-27 10:00:00+00:00,98338.0
2025-01-27 11:00:00+00:00,98750.0
2025-01-27 12:00:00+00:00,100553.0
2025-01-27 13:00:00+00:00,100469.0
2025-01-27 14:00:00+00:00,101945.0
2025-01-27 15:00:00+00:00,101105.0
2025-01-27 16:00:00+00:00,99715.0
2025-01-27 17:00:00+00:00,99137.0
2025-01-27 18:00:00+00:00,99088.0
2025-01-27 19:00:00+00:00,99644.0
2025-01-27 20:00:00+00:00,101408.0
2025-01-27 21:00:00+00:00,101334.0
2025-01-27 22:00:00+00:00,101589.0
2025-01-27 23:00:00+00:00,102090.0
2025-01-28 00:00:00+00:00,101901.0
2025-01-28 01:00:00+00:00,101375.0
2025-01-28 02:00:00+00:00,102398.0
2025-01-28 03:00:00+00:00,102629.0
2025-01-28 04:00:00+00:00,102902.0
2025-01-28 05:00:00+00:00,103024.0
2025-01-28 06:00:00+00:00,102751.0
2025-01-28 07:00:00+00:00,102808.0
2025-01-28 08:00:00+00:00,102830.0
2025-01-28 09:00:00+00:00,102944.0
2025-01-28 10:00:00+00:00,102747.0
2025-01-28 11:00:00+00:00,102779.0
2025-01-28 12:00:00+00:00,102581.0
2025-01-28 13:00:00+00:00,102578.0
2025-01-28 14:00:00+00:00,102642.0
2025-01-28 15:00:00+00:00,102765.0
2025-01-28 16:00:00+00:00,102245.0
2025-01-28 17:00:00+00:00,102559.0
2025-01-28 18:00:00+00:00,102192.0
2025-01-28 19:00:00+00:00,102401.0
2025-01-28 20:00:00+00:00,101212.0
2025-01-28 21:00:00+00:00,100298.0
2025-01-28 22:00:00+00:00,101215.0
2025-01-28 23:00:00+00:00,101292.0
2025-01-29 00:00:00+00:00,101676.0
2025-01-29 01:00:00+00:00,101795.0
2025-01-29 02:00:00+00:00,101768.0
2025-01-29 03:00:00+00:00,102011.0
2025-01-29 04:00:00+00:00,101979.0
2025-01-29 05:00:00+00:00,102213.0
2025-01-29 06:00:00+00:00,102750.0
2025-01-29 07:00:00+00:00,102687.0
2025-01-29 08:00:00+00:00,102696.0
2025-01-29 09:00:00+00:00,102294.0
2025-01-29 10:00:00+00:00,102499.0
2025-01-29 11:00:00+00:00,102585.0
2025-01-29 12:00:00+00:00,102188.0
2025-01-29 13:00:00+00:00,101803.0
2025-01-29 14:00:00+00:00,101999.0
2025-01-29 15:00:00+00:00,101969.0
2025-01-29 16:00:00+00:00,102087.0
2025-01-29 17:00:00+00:00,102381.0
2025-01-29 18:00:00+00:00,102904.0
2025-01-29 19:00:00+00:00,103586.0
2025-01-29 20:00:00+00:00,104199.0
2025-01-29 21:00:00+00:00,103746.0
2025-01-29 22:00:00+00:00,103500.0
2025-01-29 23:00:00+00:00,103747.0
2025-01-30 00:00:00+00:00,104037.0
2025-01-30 01:00:00+00:00,104272.0
2025-01-30 02:00:00+00:00,104641.0
2025-01-30 03:00:00+00:00,105232.0
2025-01-30 04:00:00+00:00,105469.0
2025-01-30 05:00:00+00:00,105375.0
2025-01-30 06:00:00+00:00,105186.0
2025-01-30 07:00:00+00:00,105131.0
2025-01-30 08:00:00+00:00,105062.0
2025-01-30 09:00:00+00:00,105422.0
2025-01-30 10:00:00+00:00,105319.0
2025-01-30 11:00:00+00:00,105295.0
2025-01-30 12:00:00+00:00,105020.0
2025-01-30 13:00:00+00:00,104824.0
2025-01-30 14:00:00+00:00,105897.0
2025-01-30 15:00:00+00:00,105584.0
2025-01-30 16:00:00+00:00,105712.0
2025-01-30 17:00:00+00:00,105322.0
2025-01-30 18:00:00+00:00,105606.0
2025-01-30 19:00:00+00:00,105713.0
2025-01-30 20:00:00+00:00,104948.0
2025-01-30 21:00:00+00:00,105051.0
2025-01-30 22:00:00+00:00,105129.0
2025-01-30 23:00:00+00:00,104738.0
2025-01-31 00:00:00+00:00,104898.0
2025-01-31 01:00:00+00:00,104737.0
2025-01-31 02:00:00+00:00,104389.0
2025-01-31 03:00:00+00:00,104337.0
2025-01-31 04:00:00+00:00,103997.0
2025-01-31 05:00:00+00:00,104298.0
2025-01-31 06:00:00+00:00,104519.0
2025-01-31 07:00:00+00:00,104188.0
2025-01-31 08:00:00+00:00,104021.0
2025-01-31 09:00:00+00:00,104249.0
2025-01-31 10:00:00+00:00,104283.0
2025-01-31 11:00:00+00:00,104752.0
2025-01-31 12:00:00+00:00,104699.0
2025-01-31 13:00:00+00:00,104625.0
2025-01-31 14:00:00+00:00,104391.0
2025-01-31 15:00:00+00:00,105473.0
2025-01-31 16:00:00+00:00,105101.0
2025-01-31 17:00:00+00:00,104589.0
2025-01-31 18:00:00+00:00,102575.0
2025-01-31 19:00:00+00:00,102271.0
2025-01-31 20:00:00+00:00,101613.0
2025-01-31 21:00:00+00:00,102098.0
2025-01-31 22:00:00+00:00,102239.0
2025-01-31 23:00:00+00:00,102412.0
2025-02-01 00:00:00+00:00,102477.0
2025-02-01 01:00:00+00:00,102558.0
2025-02-01 02:00:00+00:00,102448.0
2025-02-01 03:00:00+00:00,102225.0
2025-02-01 04:00:00+00:00,102303.0
2025-02-01 05:00:00+00:00,102486.0
2025-02-01 06:00:00+00:00,102390.0
2025-02-01 07:00:00+00:00,102148.0
2025-02-01 08:00:00+00:00,101976.0
2025-02-01 09:00:00+00:00,101634.0
2025-02-01 10:00:00+00:00,101626.0
2025-02-01 11:00:00+00:00,102005.0
2025-02-01 12:00:00+00:00,102240.0
2025-02-01 13:00:00+00:00,101824.0
2025-02-01 14:00:00+00:00,101821.0
2025-02-01 15:00:00+00:00,102052.0
2025-02-01 16:00:00+00:00,101893.0
2025-02-01 17:00:00+00:00,102248.0
2025-02-01 18:00:00+00:00,102005.0
2025-02-01 19:00:00+00:00,101663.0
2025-02-01 20:00:00+00:00,101288.0
2025-02-01 21:00:00+00:00,101207.0
2025-02-01 22:00:00+00:00,100660.0
2025-02-01 23:00:00+00:00,100638.0
2025-02-02 00:00:00+00:00,101245.0
2025-02-02 01:00:00+00:00,101230.0
2025-02-02 02:00:00+00:00,100453.0
2025-02-02 03:00:00+00:00,99174.0
2025-02-02 04:00:00+00:00,99532.0
2025-02-02 05:00:00+00:00,100237.0
2025-02-02 06:00:00+00:00,100248.0
2025-02-02 07:00:00+00:00,99605.0
2025-02-02 08:00:00+00:00,99819.0
2025-02-02 09:00:00+00:00,99684.0
2025-02-02 10:00:00+00:00,99383.0
2025-02-02 11:00:00+00:00,98796.0
2025-02-02 12:00:00+00:00,98150.0
2025-02-02 13:00:00+00:00,98745.0
2025-02-02 14:00:00+00:00,99200.0
2025-02-02 15:00:00+00:00,99337.0
2025-02-02 16:00:00+00:00,98235.0
2025-02-02 17:00:00+00:00,97141.0
2025-02-02 18:00:00+00:00,97001.0
2025-02-02 19:00:00+00:00,98214.0
2025-02-02 20:00:00+00:00,97774.0
2025-02-02 21:00:00+00:00,96989.0
2025-02-02 22:00:00+00:00,97962.0
2025-02-02 23:00:00+00:00,97675.0
2025-02-03 00:00:00+00:00,96480.0
2025-02-03 01:00:00+00:00,93431.0
2025-02-03 02:00:00+00:00,93522.0
2025-02-03 03:00:00+00:00,94071.0
2025-02-03 04:00:00+00:00,92831.0
2025-02-03 05:00:00+00:00,94279.0
2025-02-03 06:00:00+00:00,93948.0
2025-02-03 07:00:00+00:00,95440.0
2025-02-03 08:00:00+00:00,95422.0
2025-02-03 09:00:00+00:00,95386.0
2025-02-03 10:00:00+00:00,95772.0
2025-02-03 11:00:00+00:00,95176.0
2025-02-03 12:00:00+00:00,94871.0
2025-02-03 13:00:00+00:00,94740.0
2025-02-03 14:00:00+00:00,96655.0
2025-02-03 15:00:00+00:00,99031.0
2025-02-03 16:00:00+00:00,98687.0
2025-02-03 17:00:00+00:00,99363.0
2025-02-03 18:00:00+00:00,100021.0
2025-02-03 19:00:00+00:00,102065.0
2025-02-03 20:00:00+00:00,101207.0
2025-02-03 21:00:00+00:00,101950.0
2025-02-03 22:00:00+00:00,101767.0
2025-02-03 23:00:00+00:00,101457.0
2025-02-04 00:00:00+00:00,101198.0
2025-02-04 01:00:00+00:00,101469.0
2025-02-04 02:00:00+00:00,100924.0
2025-02-04 03:00:00+00:00,100710.0
2025-02-04 04:00:00+00:00,100150.0
2025-02-04 05:00:00+00:00,98966.0
2025-02-04 06:00:00+00:00,99449.0
2025-02-04 07:00:00+00:00,98550.0
2025-02-04 08:00:00+00:00,98370.0
2025-02-04 09:00:00+00:00,98424.0
2025-02-04 10:00:00+00:00,98880.0
2025-02-04 11:00:00+00:00,99056.0
2025-02-04 12:00:00+00:00,99461.0
2025-02-04 13:00:00+00:00,99110.0
2025-02-04 14:00:00+00:00,100087.0
2025-02-04 15:00:00+00:00,99446.0
2025-02-04 16:00:00+00:00,99071.0
2025-02-04 17:00:00+00:00,99224.0
2025-02-04 18:00:00+00:00,99469.0
2025-02-04 19:00:00+00:00,98955.0
2025-02-04 20:00:00+00:00,98681.0
2025-02-04 21:00:00+00:00,96531.0
2025-02-04 22:00:00+00:00,97724.0
2025-02-04 23:00:00+00:00,97786.0
2025-02-05 00:00:00+00:00,98332.0
2025-02-05 01:00:00+00:00,97865.0
2025-02-05 02:00:00+00:00,98033.0
2025-02-05 03:00:00+00:00,98091.0
2025-02-05 04:00:00+00:00,98075.0
2025-02-05 05:00:00+00:00,98177.0
2025-02-05 06:00:00+00:00,97697.0
2025-02-05 07:00:00+00:00,97909.0
2025-02-05 08:00:00+00:00,97658.0
2025-02-05 09:00:00+00:00,97446.0
2025-02-05 10:00:00+00:00,97784.0
2025-02-05 11:00:00+00:00,98271.0
2025-02-05 12:00:00+00:00,98091.0
2025-02-05 13:00:00+00:00,98626.0
2025-02-05 14:00:00+00:00,98336.0
2025-02-05 15:00:00+00:00,98156.0
2025-02-05 16:00:00+00:00,98005.0
2025-02-05 17:00:00+00:00,97576.0
2025-02-05 18:00:00+00:00,96735.0
2025-02-05 19:00:00+00:00,97383.0
2025-02-05 20:00:00+00:00,97321.0
2025-02-05 21:00:00+00:00,96920.0
2025-02-05 22:00:00+00:00,96496.0
2025-02-05 23:00:00+00:00,96614.0
2025-02-06 00:00:00+00:00,96840.0
2025-02-06 01:00:00+00:00,97172.0
2025-02-06 02:00:00+00:00,97373.0
2025-02-06 03:00:00+00:00,97373.0
2025-02-06 04:00:00+00:00,97627.0
2025-02-06 05:00:00+00:00,97838.0
2025-02-06 06:00:00+00:00,98408.0
2025-02-06 07:00:00+00:00,98210.0
2025-02-06 08:00:00+00:00,98165.0
2025-02-06 09:00:00+00:00,98659.0
2025-02-06 10:00:00+00:00,99062.0
2025-02-06 11:00:00+00:00,98931.0
2025-02-06 12:00:00+00:00,98357.0
2025-02-06 13:00:00+00:00,98663.0
2025-02-06 14:00:00+00:00,97860.0
2025-02-06 15:00:00+00:00,97354.0
2025-02-06 16:00:00+00:00,96599.0
2025-02-06 17:00:00+00:00,96735.0
2025-02-06 18:00:00+00:00,96343.0
2025-02-06 19:00:00+00:00,95995.0
2025-02-06 20:00:00+00:00,96908.0
2025-02-06 21:00:00+00:00,96811.0
2025-02-06 22:00:00+00:00,96880.0
2025-02-06 23:00:00+00:00,96573.0
2025-02-07 00:00:00+00:00,96520.0
2025-02-07 01:00:00+00:00,97405.0
2025-02-07 02:00:00+00:00,97592.0
2025-02-07 03:00:00+00:00,97450.0
2025-02-07 04:00:00+00:00,97458.0
2025-02-07 05:00:00+00:00,97337.0
2025-02-07 06:00:00+00:00,96771.0
2025-02-07 07:00:00+00:00,96772.0
2025-02-07 08:00:00+00:00,97057.0
2025-02-07 09:00:00+00:00,97319.0
2025-02-07 10:00:00+00:00,97287.0
2025-02-07 11:00:00+00:00,97766.0
2025-02-07 12:00:00+00:00,97968.0
2025-02-07 13:00:00+00:00,98871.0
2025-02-07 14:00:00+00:00,99795.0
2025-02-07 15:00:00+00:00,98308.0
2025-02-07 16:00:00+00:00,97865.0
2025-02-07 17:00:00+00:00,97460.0
2025-02-07 18:00:00+00:00,97805.0
2025-02-07 19:00:00+00:00,96914.0
2025-02-07 20:00:00+00:00,95782.0
2025-02-07 21:00:00+00:00,96012.0
2025-02-07 22:00:00+00:00,96089.0
2025-02-07 23:00:00+00:00,96535.0
2025-02-08 00:00:00+00:00,96683.0
2025-02-08 01:00:00+00:00,96524.0
2025-02-08 02:00:00+00:00,96785.0
2025-02-08 03:00:00+00:00,96724.0
2025-02-08 04:00:00+00:00,96299.0
2025-02-08 05:00:00+00:00,96215.0
2025-02-08 06:00:00+00:00,96007.0
2025-02-08 07:00:00+00:00,96213.0
2025-02-08 08:00:00+00:00,95895.0
2025-02-08 09:00:00+00:00,96159.0
2025-02-08 10:00:00+00:00,96064.0
2025-02-08 11:00:00+00:00,96111.0
2025-02-08 12:00:00+00:00,96048.0
2025-02-08 13:00:00+00:00,96245.0
2025-02-08 14:00:00+00:00,96095.0
2025-02-08 15:00:00+00:00,95840.0
2025-02-08 16:00:00+00:00,96111.0
2025-02-08 17:00:00+00:00,96376.0
2025-02-08 18:00:00+00:00,96515.0
2025-02-08 19:00:00+00:00,96606.0
2025-02-08 20:00:00+00:00,96488.0
2025-02-08 21:00:00+00:00,96505.0
2025-02-08 22:00:00+00:00,96507.0
2025-02-08 23:00:00+00:00,96472.0
2025-02-09 00:00:00+00:00,96608.0
2025-02-09 01:00:00+00:00,96966.0
2025-02-09 02:00:00+00:00,96782.0
2025-02-09 03:00:00+00:00,97318.0
2025-02-09 04:00:00+00:00,97249.0
2025-02-09 05:00:00+00:00,97050.0
2025-02-09 06:00:00+00:00,97041.0
2025-02-09 07:00:00+00:00,97088.0
2025-02-09 08:00:00+00:00,97107.0
2025-02-09 09:00:00+00:00,96952.0
2025-02-09 10:00:00+00:00,96804.0
2025-02-09 11:00:00+00:00,96607.0
2025-02-09 12:00:00+00:00,96553.0
2025-02-09 13:00:00+00:00,95906.0
2025-02-09 14:00:00+00:00,96155.0
2025-02-09 15:00:00+00:00,96528.0
2025-02-09 16:00:00+00:00,96487.0
2025-02-09 17:00:00+00:00,96214.0
2025-02-09 18:00:00+00:00,96242.0
2025-02-09 19:00:00+00:00,96084.0
2025-02-09 20:00:00+00:00,96356.0
2025-02-09 21:00:00+00:00,95247.0
2025-02-09 22:00:00+00:00,95896.0
2025-02-09 23:00:00+00:00,96477.0
2025-02-10 00:00:00+00:00,96751.0
2025-02-10 01:00:00+00:00,95597.0
2025-02-10 02:00:00+00:00,95824.0
2025-02-10 03:00:00+00:00,96781.0
2025-02-10 04:00:00+00:00,96955.0
2025-02-10 05:00:00+00:00,96996.0
2025-02-10 06:00:00+00:00,97143.0
2025-02-10 07:00:00+00:00,97435.0
2025-02-10 08:00:00+00:00,97698.0
2025-02-10 09:00:00+00:00,97699.0
2025-02-10 10:00:00+00:00,97750.0
2025-02-10 11:00:00+00:00,97691.0
2025-02-10 12:00:00+00:00,97377.0
2025-02-10 13:00:00+00:00,98214.0
2025-02-10 14:00:00+00:00,97317.0
2025-02-10 15:00:00+00:00,97262.0
2025-02-10 16:00:00+00:00,97336.0
2025-02-10 17:00:00+00:00,97528.0
2025-02-10 18:00:00+00:00,97562.0
2025-02-10 19:00:00+00:00,97401.0
2025-02-10 20:00:00+00:00,97406.0
2025-02-10 21:00:00+00:00,97406.0
2025-02-10 22:00:00+00:00,97436.0
2025-02-10 23:00:00+00:00,97469.0
2025-02-11 00:00:00+00:00,97821.0
2025-02-11 01:00:00+00:00,98036.0
2025-02-11 02:00:00+00:00,97795.0
2025-02-11 03:00:00+00:00,97653.0
2025-02-11 04:00:00+00:00,98113.0
2025-02-11 05:00:00+00:00,98422.0
2025-02-11 06:00:00+00:00,98451.0
2025-02-11 07:00:00+00:00,98290.0
2025-02-11 08:00:00+00:00,98250.0
2025-02-11 09:00:00+00:00,98032.0
2025-02-11 10:00:00+00:00,97983.0
2025-02-11 11:00:00+00:00,98172.0
2025-02-11 12:00:00+00:00,97798.0
2025-02-11 13:00:00+00:00,96824.0
2025-02-11 14:00:00+00:00,96980.0
2025-02-11 15:00:00+00:00,97003.0
2025-02-11 16:00:00+00:00,96313.0
2025-02-11 17:00:00+00:00,96159.0
2025-02-11 18:00:00+00:00,95435.0
2025-02-11 19:00:00+00:00,95022.0
2025-02-11 20:00:00+00:00,95283.0
2025-02-11 21:00:00+00:00,96378.0
2025-02-11 22:00:00+00:00,95531.0
2025-02-11 23:00:00+00:00,95754.0
2025-02-12 00:00:00+00:00,96053.0
2025-02-12 01:00:00+00:00,96181.0
2025-02-12 02:00:00+00:00,95550.0
2025-02-12 03:00:00+00:00,95261.0
2025-02-12 04:00:00+00:00,95524.0
2025-02-12 05:00:00+00:00,95867.0
2025-02-12 06:00:00+00:00,95801.0
2025-02-12 07:00:00+00:00,96059.0
2025-02-12 08:00:00+00:00,96350.0
2025-02-12 09:00:00+00:00,96125.0
2025-02-12 10:00:00+00:00,95977.0
2025-02-12 11:00:00+00:00,96083.0
2025-02-12 12:00:00+00:00,95983.0
2025-02-12 13:00:00+00:00,94972.0
2025-02-12 14:00:00+00:00,95637.0
2025-02-12 15:00:00+00:00,95784.0
2025-02-12 16:00:00+00:00,96993.0
2025-02-12 17:00:00+00:00,97358.0
2025-02-12 18:00:00+00:00,96933.0
2025-02-12 19:00:00+00:00,97177.0
2025-02-12 20:00:00+00:00,97024.0
2025-02-12 21:00:00+00:00,97646.0
2025-02-12 22:00:00+00:00,97801.0
2025-02-12 23:00:00+00:00,97882.0
2025-02-13 00:00:00+00:00,97824.0
2025-02-13 01:00:00+00:00,97996.0
2025-02-13 02:00:00+00:00,97485.0
2025-02-13 03:00:00+00:00,97516.0
2025-02-13 04:00:00+00:00,96966.0
2025-02-13 05:00:00+00:00,96670.0
2025-02-13 06:00:00+00:00,96049.0
2025-02-13 07:00:00+00:00,96050.0
2025-02-13 08:00:00+00:00,95952.0
2025-02-13 09:00:00+00:00,96261.0
2025-02-13 10:00:00+00:00,96166.0
2025-02-13 11:00:00+00:00,95926.0
2025-02-13 12:00:00+00:00,95838.0
2025-02-13 13:00:00+00:00,96099.0
2025-02-13 14:00:00+00:00,95885.0
2025-02-13 15:00:00+00:00,95989.0
2025-02-13 16:00:00+00:00,95373.0
2025-02-13 17:00:00+00:00,95710.0
2025-02-13 18:00:00+00:00,95982.0
2025-02-13 19:00:00+00:00,95607.0
2025-02-13 20:00:00+00:00,96304.0
2025-02-13 21:00:00+00:00,96474.0
2025-02-13 22:00:00+00:00,96416.0
2025-02-13 23:00:00+00:00,96627.0
2025-02-14 00:00:00+00:00,96758.0
2025-02-14 01:00:00+00:00,96546.0
2025-02-14 02:00:00+00:00,96608.0
2025-02-14 03:00:00+00:00,97132.0
2025-02-14 04:00:00+00:00,96775.0
2025-02-14 05:00:00+00:00,96723.0
2025-02-14 06:00:00+00:00,96835.0
2025-02-14 07:00:00+00:00,96956.0
2025-02-14 08:00:00+00:00,96895.0
2025-02-14 09:00:00+00:00,97111.0
2025-02-14 10:00:00+00:00,97046.0
2025-02-14 11:00:00+00:00,96904.0
2025-02-14 12:00:00+00:00,96662.0
2025-02-14 13:00:00+00:00,96816.0
2025-02-14 14:00:00+00:00,97275.0
2025-02-14 15:00:00+00:00,96927.0
2025-02-14 16:00:00+00:00,97702.0
2025-02-14 17:00:00+00:00,98560.0
2025-02-14 18:00:00+00:00,98250.0
2025-02-14 19:00:00+00:00,97990.0
2025-02-14 20:00:00+00:00,97232.0
2025-02-14 21:00:00+00:00,97523.0
2025-02-14 22:00:00+00:00,97160.0
2025-02-14 23:00:00+00:00,97520.0
2025-02-15 00:00:00+00:00,97458.0
2025-02-15 01:00:00+00:00,97814.0
2025-02-15 02:00:00+00:00,97853.0
2025-02-15 03:00:00+00:00,97680.0
2025-02-15 04:00:00+00:00,97529.0
2025-02-15 05:00:00+00:00,97626.0
2025-02-15 06:00:00+00:00,97489.0
2025-02-15 07:00:00+00:00,97379.0
2025-02-15 08:00:00+00:00,97515.0
2025-02-15 09:00:00+00:00,97574.0
2025-02-15 10:00:00+00:00,97675.0
2025-02-15 11:00:00+00:00,97632.0
2025-02-15 12:00:00+00:00,97758.0
2025-02-15 13:00:00+00:00,97731.0
2025-02-15 14:00:00+00:00,97621.0
2025-02-15 15:00:00+00:00,97649.0
2025-02-15 16:00:00+00:00,97542.0
2025-02-15 17:00:00+00:00,97424.0
2025-02-15 18:00:00+00:00,97538.0
2025-02-15 19:00:00+00:00,97540.0
2025-02-15 20:00:00+00:00,97543.0
2025-02-15 21:00:00+00:00,97684.0
2025-02-15 22:00:00+00:00,97547.0
2025-02-15 23:00:00+00:00,97591.0
2025-02-16 00:00:00+00:00,97621.0
2025-02-16 01:00:00+00:00,97663.0
2025-02-16 02:00:00+00:00,97547.0
2025-02-16 03:00:00+00:00,97553.0
2025-02-16 04:00:00+00:00,97541.0
2025-02-16 05:00:00+00:00,97611.0
2025-02-16 06:00:00+00:00,97494.0
2025-02-16 07:00:00+00:00,97240.0
2025-02-16 08:00:00+00:00,97174.0
2025-02-16 09:00:00+00:00,97353.0
2025-02-16 10:00:00+00:00,97200.0
2025-02-16 11:00:00+00:00,97347.0
2025-02-16 12:00:00+00:00,97137.0
2025-02-16 13:00:00+00:00,96853.0
2025-02-16 14:00:00+00:00,96991.0
2025-02-16 15:00:00+00:00,96921.0
2025-02-16 16:00:00+00:00,97066.0
2025-02-16 17:00:00+00:00,96998.0
2025-02-16 18:00:00+00:00,96885.0
2025-02-16 19:00:00+00:00,97074.0
2025-02-16 20:00:00+00:00,96934.0
2025-02-16 21:00:00+00:00,97187.0
2025-02-16 22:00:00+00:00,96868.0
2025-02-16 23:00:00+00:00,96132.0
2025-02-17 00:00:00+00:00,96318.0
2025-02-17 01:00:00+00:00,96522.0
2025-02-17 02:00:00+00:00,96216.0
2025-02-17 03:00:00+00:00,96234.0
2025-02-17 04:00:00+00:00,96043.0
2025-02-17 05:00:00+00:00,96229.0
2025-02-17 06:00:00+00:00,96388.0
2025-02-17 07:00:00+00:00,96078.0
2025-02-17 08:00:00+00:00,96157.0
2025-02-17 09:00:00+00:00,96170.0
2025-02-17 10:00:00+00:00,96108.0
2025-02-17 11:00:00+00:00,96066.0
2025-02-17 12:00:00+00:00,96448.0
2025-02-17 13:00:00+00:00,96411.0
2025-02-17 14:00:00+00:00,96809.0
2025-02-17 15:00:00+00:00,95670.0
2025-02-17 16:00:00+00:00,95337.0
2025-02-17 17:00:00+00:00,95489.0
2025-02-17 18:00:00+00:00,95339.0
2025-02-17 19:00:00+00:00,95555.0
2025-02-17 20:00:00+00:00,95997.0
2025-02-17 21:00:00+00:00,96411.0
2025-02-17 22:00:00+00:00,95884.0
2025-02-17 23:00:00+00:00,95772.0
2025-02-18 00:00:00+00:00,95617.0
2025-02-18 01:00:00+00:00,96270.0
2025-02-18 02:00:00+00:00,96051.0
2025-02-18 03:00:00+00:00,96202.0
2025-02-18 04:00:00+00:00,96061.0
2025-02-18 05:00:00+00:00,95580.0
2025-02-18 06:00:00+00:00,95368.0
2025-02-18 07:00:00+00:00,95458.0
2025-02-18 08:00:00+00:00,95234.0
2025-02-18 09:00:00+00:00,95758.0
2025-02-18 10:00:00+00:00,95699.0
2025-02-18 11:00:00+00:00,95604.0
2025-02-18 12:00:00+00:00,96158.0
2025-02-18 13:00:00+00:00,96194.0
2025-02-18 14:00:00+00:00,95500.0
2025-02-18 15:00:00+00:00,95513.0
2025-02-18 16:00:00+00:00,94597.0
2025-02-18 17:00:00+00:00,94065.0
2025-02-18 18:00:00+00:00,93870.0
2025-02-18 19:00:00+00:00,94025.0
2025-02-18 20:00:00+00:00,94144.0
2025-02-18 21:00:00+00:00,95001.0
2025-02-18 22:00:00+00:00,95257.0
2025-02-18 23:00:00+00:00,95612.0
2025-02-19 00:00:00+00:00,95297.0
2025-02-19 01:00:00+00:00,95410.0
2025-02-19 02:00:00+00:00,95773.0
2025-02-19 03:00:00+00:00,95666.0
2025-02-19 04:00:00+00:00,95215.0
2025-02-19 05:00:00+00:00,95254.0
2025-02-19 06:00:00+00:00,95581.0
2025-02-19 07:00:00+00:00,95665.0
2025-02-19 08:00:00+00:00,95600.0
2025-02-19 09:00:00+00:00,95864.0
2025-02-19 10:00:00+00:00,96306.0
2025-02-19 11:00:00+00:00,96406.0
2025-02-19 12:00:00+00:00,96158.0
2025-02-19 13:00:00+00:00,96273.0
2025-02-19 14:00:00+00:00,95751.0
2025-02-19 15:00:00+00:00,95915.0
2025-02-19 16:00:00+00:00,96296.0
2025-02-19 17:00:00+00:00,96392.0
2025-02-19 18:00:00+00:00,95650.0
2025-02-19 19:00:00+00:00,96203.0
2025-02-19 20:00:00+00:00,96139.0
2025-02-19 21:00:00+00:00,96321.0
2025-02-19 22:00:00+00:00,96539.0
2025-02-19 23:00:00+00:00,96642.0
2025-02-20 00:00:00+00:00,96822.0
2025-02-20 01:00:00+00:00,96758.0
2025-02-20 02:00:00+00:00,97130.0
2025-02-20 03:00:00+00:00,97084.0
2025-02-20 04:00:00+00:00,97223.0
2025-02-20 05:00:00+00:00,96913.0
2025-02-20 06:00:00+00:00,96917.0
2025-02-20 07:00:00+00:00,96889.0
2025-02-20 08:00:00+00:00,97177.0
2025-02-20 09:00:00+00:00,97199.0
2025-02-20 10:00:00+00:00,97364.0
2025-02-20 11:00:00+00:00,97211.0
2025-02-20 12:00:00+00:00,97444.0
2025-02-20 13:00:00+00:00,97572.0
2025-02-20 14:00:00+00:00,97000.0
2025-02-20 15:00:00+00:00,96871.0
2025-02-20 16:00:00+00:00,97566.0
2025-02-20 17:00:00+00:00,97997.0
2025-02-20 18:00:00+00:00,98346.0
2025-02-20 19:00:00+00:00,98459.0
2025-02-20 20:00:00+00:00,98519.0
2025-02-20 21:00:00+00:00,98136.0
2025-02-20 22:00:00+00:00,98154.0
2025-02-20 23:00:00+00:00,98337.0
2025-02-21 00:00:00+00:00,98261.0
2025-02-21 01:00:00+00:00,98339.0
2025-02-21 02:00:00+00:00,98162.0
2025-02-21 03:00:00+00:00,98162.0
2025-02-21 04:00:00+00:00,98232.0
2025-02-21 05:00:00+00:00,98366.0
2025-02-21 06:00:00+00:00,98430.0
2025-02-21 07:00:00+00:00,98211.0
2025-02-21 08:00:00+00:00,98239.0
2025-02-21 09:00:00+00:00,98372.0
2025-02-21 10:00:00+00:00,98639.0
2025-02-21 11:00:00+00:00,98656.0
2025-02-21 12:00:00+00:00,98924.0
2025-02-21 13:00:00+00:00,99381.0
2025-02-21 14:00:00+00:00,98803.0
2025-02-21 15:00:00+00:00,98128.0
2025-02-21 16:00:00+00:00,98231.0
2025-02-21 17:00:00+00:00,96972.0
2025-02-21 18:00:00+00:00,96541.0
2025-02-21 19:00:00+00:00,95222.0
2025-02-21 20:00:00+00:00,94944.0
2025-02-21 21:00:00+00:00,95304.0
2025-02-21 22:00:00+00:00,95765.0
2025-02-21 23:00:00+00:00,96131.0
2025-02-22 00:00:00+00:00,96170.0
2025-02-22 01:00:00+00:00,96235.0
2025-02-22 02:00:00+00:00,96343.0
2025-02-22 03:00:00+00:00,96284.0
2025-02-22 04:00:00+00:00,96402.0
2025-02-22 05:00:00+00:00,96515.0
2025-02-22 06:00:00+00:00,96397.0
2025-02-22 07:00:00+00:00,96296.0
2025-02-22 08:00:00+00:00,96195.0
2025-02-22 09:00:00+00:00,96467.0
2025-02-22 10:00:00+00:00,96500.0
2025-02-22 11:00:00+00:00,96572.0
2025-02-22 12:00:00+00:00,96828.0
2025-02-22 13:00:00+00:00,96560.0
2025-02-22 14:00:00+00:00,96544.0
2025-02-22 15:00:00+00:00,96598.0
2025-02-22 16:00:00+00:00,96517.0
2025-02-22 17:00:00+00:00,96628.0
2025-02-22 18:00:00+00:00,96457.0
2025-02-22 19:00:00+00:00,96630.0
2025-02-22 20:00:00+00:00,96589.0
2025-02-22 21:00:00+00:00,96676.0
2025-02-22 22:00:00+00:00,96668.0
2025-02-22 23:00:00+00:00,96572.0
2025-02-23 00:00:00+00:00,96666.0
2025-02-23 01:00:00+00:00,96486.0
2025-02-23 02:00:00+00:00,96430.0
2025-02-23 03:00:00+00:00,96448.0
2025-02-23 04:00:00+00:00,96417.0
2025-02-23 05:00:00+00:00,96227.0
2025-02-23 06:00:00+00:00,96350.0
2025-02-23 07:00:00+00:00,96529.0
2025-02-23 08:00:00+00:00,96372.0
2025-02-23 09:00:00+00:00,96304.0
2025-02-23 10:00:00+00:00,96187.0
2025-02-23 11:00:00+00:00,96124.0
2025-02-23 12:00:00+00:00,95735.0
2025-02-23 13:00:00+00:00,95961.0
2025-02-23 14:00:00+00:00,95606.0
2025-02-23 15:00:00+00:00,95457.0
2025-02-23 16:00:00+00:00,95457.0
2025-02-23 17:00:00+00:00,95659.0
2025-02-23 18:00:00+00:00,95733.0
2025-02-23 19:00:00+00:00,95768.0
2025-02-23 20:00:00+00:00,95791.0
2025-02-23 21:00:00+00:00,95770.0
2025-02-23 22:00:00+00:00,95802.0
2025-02-23 23:00:00+00:00,96262.0
2025-02-24 00:00:00+00:00,96259.0
2025-02-24 01:00:00+00:00,95970.0
2025-02-24 02:00:00+00:00,95826.0
2025-02-24 03:00:00+00:00,95476.0
2025-02-24 04:00:00+00:00,95295.0
2025-02-24 05:00:00+00:00,95737.0
2025-02-24 06:00:00+00:00,95868.0
2025-02-24 07:00:00+00:00,95896.0
2025-02-24 08:00:00+00:00,95505.0
2025-02-24 09:00:00+00:00,95795.0
2025-02-24 10:00:00+00:00,95654.0
2025-02-24 11:00:00+00:00,95846.0
2025-02-24 12:00:00+00:00,95803.0
2025-02-24 13:00:00+00:00,95595.0
2025-02-24 14:00:00+00:00,94648.0
2025-02-24 15:00:00+00:00,94304.0
2025-02-24 16:00:00+00:00,94398.0
2025-02-24 17:00:00+00:00,94665.0
2025-02-24 18:00:00+00:00,94165.0
2025-02-24 19:00:00+00:00,93942.0
2025-02-24 20:00:00+00:00,93975.0
2025-02-24 21:00:00+00:00,93953.0
2025-02-24 22:00:00+00:00,92477.0
2025-02-24 23:00:00+00:00,91554.0
2025-02-25 00:00:00+00:00,91833.0
2025-02-25 01:00:00+00:00,92022.0
2025-02-25 02:00:00+00:00,92356.0
2025-02-25 03:00:00+00:00,92137.0
2025-02-25 04:00:00+00:00,91923.0
2025-02-25 05:00:00+00:00,92038.0
2025-02-25 06:00:00+00:00,91242.0
2025-02-25 07:00:00+00:00,89342.0
2025-02-25 08:00:00+00:00,89368.0
2025-02-25 09:00:00+00:00,88252.0
2025-02-25 10:00:00+00:00,88180.0
2025-02-25 11:00:00+00:00,89211.0
2025-02-25 12:00:00+00:00,89348.0
2025-02-25 13:00:00+00:00,88822.0
2025-02-25 14:00:00+00:00,87110.0
2025-02-25 15:00:00+00:00,87070.0
2025-02-25 16:00:00+00:00,87345.0
2025-02-25 17:00:00+00:00,87125.0
2025-02-25 18:00:00+00:00,86960.0
2025-02-25 19:00:00+00:00,87824.0
2025-02-25 20:00:00+00:00,88058.0
2025-02-25 21:00:00+00:00,88720.0
2025-02-25 22:00:00+00:00,88738.0
2025-02-25 23:00:00+00:00,88576.0
2025-02-26 00:00:00+00:00,88055.0
2025-02-26 01:00:00+00:00,88598.0
2025-02-26 02:00:00+00:00,88906.0
2025-02-26 03:00:00+00:00,88804.0
2025-02-26 04:00:00+00:00,88603.0
2025-02-26 05:00:00+00:00,88315.0
2025-02-26 06:00:00+00:00,88829.0
2025-02-26 07:00:00+00:00,88636.0
2025-02-26 08:00:00+00:00,88415.0
2025-02-26 09:00:00+00:00,89047.0
2025-02-26 10:00:00+00:00,89195.0
2025-02-26 11:00:00+00:00,88585.0
2025-02-26 12:00:00+00:00,87878.0
2025-02-26 13:00:00+00:00,87101.0
2025-02-26 14:00:00+00:00,87528.0
2025-02-26 15:00:00+00:00,87457.0
2025-02-26 16:00:00+00:00,86696.0
2025-02-26 17:00:00+00:00,85957.0
2025-02-26 18:00:00+00:00,84177.0
2025-02-26 19:00:00+00:00,83764.0
2025-02-26 20:00:00+00:00,84217.0
2025-02-26 21:00:00+00:00,84477.0
2025-02-26 22:00:00+00:00,84297.0
2025-02-26 23:00:00+00:00,84071.0
2025-02-27 00:00:00+00:00,84605.0
2025-02-27 01:00:00+00:00,84681.0
2025-02-27 02:00:00+00:00,84222.0
2025-02-27 03:00:00+00:00,85151.0
2025-02-27 04:00:00+00:00,85056.0
2025-02-27 05:00:00+00:00,85794.0
2025-02-27 06:00:00+00:00,86187.0
2025-02-27 07:00:00+00:00,86204.0
2025-02-27 08:00:00+00:00,85986.0
2025-02-27 09:00:00+00:00,86102.0
2025-02-27 10:00:00+00:00,86971.0
2025-02-27 11:00:00+00:00,86620.0
2025-02-27 12:00:00+00:00,86240.0
2025-02-27 13:00:00+00:00,86034.0
2025-02-27 14:00:00+00:00,84937.0
2025-02-27 15:00:00+00:00,85439.0
2025-02-27 16:00:00+00:00,84393.0
2025-02-27 17:00:00+00:00,84484.0
2025-02-27 18:00:00+00:00,84519.0
2025-02-27 19:00:00+00:00,83983.0
2025-02-27 20:00:00+00:00,83345.0
2025-02-27 21:00:00+00:00,84263.0
2025-02-27 22:00:00+00:00,84637.0
2025-02-27 23:00:00+00:00,84639.0
2025-02-28 00:00:00+00:00,84238.0
2025-02-28 01:00:00+00:00,81639.0
2025-02-28 02:00:00+00:00,80690.0
2025-02-28 03:00:00+00:00,80348.0
2025-02-28 04:00:00+00:00,80313.0
2025-02-28 05:00:00+00:00,79747.0
2025-02-28 06:00:00+00:00,79279.0
2025-02-28 07:00:00+00:00,79104.0
2025-02-28 08:00:00+00:00,78890.0
2025-02-28 09:00:00+00:00,80278.0
2025-02-28 10:00:00+00:00,80030.0
2025-02-28 11:00:00+00:00,80470.0
2025-02-28 12:00:00+00:00,80739.0
2025-02-28 13:00:00+00:00,81464.0
2025-02-28 14:00:00+00:00,82090.0
2025-02-28 15:00:00+00:00,84036.0
2025-02-28 16:00:00+00:00,84351.0
2025-02-28 17:00:00+00:00,83614.0
2025-02-28 18:00:00+00:00,84467.0
2025-02-28 19:00:00+00:00,84460.0
2025-02-28 20:00:00+00:00,84141.0
2025-02-28 21:00:00+00:00,84196.0
2025-02-28 22:00:00+00:00,84091.0
2025-02-28 23:00:00+00:00,84321.0
2025-03-01 00:00:00+00:00,83830.0
2025-03-01 01:00:00+00:00,84619.0
2025-03-01 02:00:00+00:00,85204.0
2025-03-01 03:00:00+00:00,85292.0
2025-03-01 04:00:00+00:00,86154.0
2025-03-01 05:00:00+00:00,85562.0
2025-03-01 06:00:00+00:00,85043.0
2025-03-01 07:00:00+00:00,84713.0
2025-03-01 08:00:00+00:00,85284.0
2025-03-01 09:00:00+00:00,85374.0
2025-03-01 10:00:00+00:00,84881.0
2025-03-01 11:00:00+00:00,84600.0
2025-03-01 12:00:00+00:00,84717.0
2025-03-01 13:00:00+00:00,84490.0
2025-03-01 14:00:00+00:00,84684.0
2025-03-01 15:00:00+00:00,84761.0
2025-03-01 16:00:00+00:00,85223.0
2025-03-01 17:00:00+00:00,85175.0
2025-03-01 18:00:00+00:00,85288.0
2025-03-01 19:00:00+00:00,85436.0
2025-03-01 20:00:00+00:00,85485.0
2025-03-01 21:00:00+00:00,86035.0
2025-03-01 22:00:00+00:00,86080.0
2025-03-01 23:00:00+00:00,86033.0
2025-03-02 00:00:00+00:00,85980.0
2025-03-02 01:00:00+00:00,86313.0
2025-03-02 02:00:00+00:00,85756.0
2025-03-02 03:00:00+00:00,85841.0
2025-03-02 04:00:00+00:00,85706.0
2025-03-02 05:00:00+00:00,85912.0
2025-03-02 06:00:00+00:00,86249.0
2025-03-02 07:00:00+00:00,86210.0
2025-03-02 08:00:00+00:00,85719.0
2025-03-02 09:00:00+00:00,85874.0
2025-03-02 10:00:00+00:00,85951.0
2025-03-02 11:00:00+00:00,86079.0
2025-03-02 12:00:00+00:00,85944.0
2025-03-02 13:00:00+00:00,85662.0
2025-03-02 14:00:00+00:00,85079.0
2025-03-02 15:00:00+00:00,87420.0
2025-03-02 16:00:00+00:00,91208.0
2025-03-02 17:00:00+00:00,94113.0
2025-03-02 18:00:00+00:00,92758.0
2025-03-02 19:00:00+00:00,93533.0
2025-03-02 20:00:00+00:00,94349.0
2025-03-02 21:00:00+00:00,94291.0
2025-03-02 22:00:00+00:00,94265.0
2025-03-02 23:00:00+00:00,94273.0
2025-03-03 00:00:00+00:00,93284.0
2025-03-03 01:00:00+00:00,93035.0
2025-03-03 02:00:00+00:00,93282.0
2025-03-03 03:00:00+00:00,92697.0
2025-03-03 04:00:00+00:00,92820.0
2025-03-03 05:00:00+00:00,93304.0
2025-03-03 06:00:00+00:00,91595.0
2025-03-03 07:00:00+00:00,92362.0
2025-03-03 08:00:00+00:00,91433.0
2025-03-03 09:00:00+00:00,91806.0
2025-03-03 10:00:00+00:00,92492.0
2025-03-03 11:00:00+00:00,92713.0
2025-03-03 12:00:00+00:00,92995.0
2025-03-03 13:00:00+00:00,93563.0
2025-03-03 14:00:00+00:00,89179.0
2025-03-03 15:00:00+00:00,89989.0
2025-03-03 16:00:00+00:00,90101.0
2025-03-03 17:00:00+00:00,90247.0
2025-03-03 18:00:00+00:00,87097.0
2025-03-03 19:00:00+00:00,85536.0
2025-03-03 20:00:00+00:00,85992.0
2025-03-03 21:00:00+00:00,85336.0
2025-03-03 22:00:00+00:00,86605.0
2025-03-03 23:00:00+00:00,86160.0
2025-03-04 00:00:00+00:00,85950.0
2025-03-04 01:00:00+00:00,83320.0
2025-03-04 02:00:00+00:00,83898.0
2025-03-04 03:00:00+00:00,83920.0
2025-03-04 04:00:00+00:00,83354.0
2025-03-04 05:00:00+00:00,84225.0
2025-03-04 06:00:00+00:00,83833.0
2025-03-04 07:00:00+00:00,83142.0
2025-03-04 08:00:00+00:00,83850.0
2025-03-04 09:00:00+00:00,83710.0
2025-03-04 10:00:00+00:00,83920.0
2025-03-04 11:00:00+00:00,83911.0
2025-03-04 12:00:00+00:00,83762.0
2025-03-04 13:00:00+00:00,82740.0
2025-03-04 14:00:00+00:00,83109.0
2025-03-04 15:00:00+00:00,82922.0
2025-03-04 16:00:00+00:00,83505.0
2025-03-04 17:00:00+00:00,85418.0
2025-03-04 18:00:00+00:00,86772.0
2025-03-04 19:00:00+00:00,88221.0
2025-03-04 20:00:00+00:00,86761.0
2025-03-04 21:00:00+00:00,87506.0
2025-03-04 22:00:00+00:00,87425.0
2025-03-04 23:00:00+00:00,87240.0
2025-03-05 00:00:00+00:00,86781.0
2025-03-05 01:00:00+00:00,87645.0
2025-03-05 02:00:00+00:00,87467.0
2025-03-05 03:00:00+00:00,86765.0
2025-03-05 04:00:00+00:00,86875.0
2025-03-05 05:00:00+00:00,87127.0
2025-03-05 06:00:00+00:00,87466.0
2025-03-05 07:00:00+00:00,87597.0
2025-03-05 08:00:00+00:00,87736.0
2025-03-05 09:00:00+00:00,88476.0
2025-03-05 10:00:00+00:00,89911.0
2025-03-05 11:00:00+00:00,89829.0
2025-03-05 12:00:00+00:00,90360.0
2025-03-05 13:00:00+00:00,89477.0
2025-03-05 14:00:00+00:00,88517.0
2025-03-05 15:00:00+00:00,88323.0
2025-03-05 16:00:00+00:00,88919.0
2025-03-05 17:00:00+00:00,89673.0
2025-03-05 18:00:00+00:00,89688.0
2025-03-05 19:00:00+00:00,89734.0
2025-03-05 20:00:00+00:00,90478.0
2025-03-05 21:00:00+00:00,90380.0
2025-03-05 22:00:00+00:00,90463.0
2025-03-05 23:00:00+00:00,90611.0
2025-03-06 00:00:00+00:00,90089.0
2025-03-06 01:00:00+00:00,91047.0
2025-03-06 02:00:00+00:00,91805.0
2025-03-06 03:00:00+00:00,91563.0
2025-03-06 04:00:00+00:00,92279.0
2025-03-06 05:00:00+00:00,92774.0
2025-03-06 06:00:00+00:00,91918.0
2025-03-06 07:00:00+00:00,91343.0
2025-03-06 08:00:00+00:00,91160.0
2025-03-06 09:00:00+00:00,90749.0
2025-03-06 10:00:00+00:00,91273.0
2025-03-06 11:00:00+00:00,91339.0
2025-03-06 12:00:00+00:00,90131.0
2025-03-06 13:00:00+00:00,89572.0
2025-03-06 14:00:00+00:00,89812.0
2025-03-06 15:00:00+00:00,90847.0
2025-03-06 16:00:00+00:00,89292.0
2025-03-06 17:00:00+00:00,88590.0
2025-03-06 18:00:00+00:00,88399.0
2025-03-06 19:00:00+00:00,88512.0
2025-03-06 20:00:00+00:00,89026.0
2025-03-06 21:00:00+00:00,89875.0
2025-03-06 22:00:00+00:00,90311.0
2025-03-06 23:00:00+00:00,89918.0
2025-03-07 00:00:00+00:00,85493.0
2025-03-07 01:00:00+00:00,88295.0
2025-03-07 02:00:00+00:00,87261.0
2025-03-07 03:00:00+00:00,86968.0
2025-03-07 04:00:00+00:00,87615.0
2025-03-07 05:00:00+00:00,88198.0
2025-03-07 06:00:00+00:00,88185.0
2025-03-07 07:00:00+00:00,88353.0
2025-03-07 08:00:00+00:00,88392.0
2025-03-07 09:00:00+00:00,88932.0
2025-03-07 10:00:00+00:00,89257.0
2025-03-07 11:00:00+00:00,88957.0
2025-03-07 12:00:00+00:00,89060.0
2025-03-07 13:00:00+00:00,89139.0
2025-03-07 14:00:00+00:00,90458.0
2025-03-07 15:00:00+00:00,88454.0
2025-03-07 16:00:00+00:00,87202.0
2025-03-07 17:00:00+00:00,87654.0
2025-03-07 18:00:00+00:00,88550.0
2025-03-07 19:00:00+00:00,87772.0
2025-03-07 20:00:00+00:00,86949.0
2025-03-07 21:00:00+00:00,86332.0
2025-03-07 22:00:00+00:00,86733.0
2025-03-07 23:00:00+00:00,86759.0
2025-03-08 00:00:00+00:00,86693.0
2025-03-08 01:00:00+00:00,86060.0
2025-03-08 02:00:00+00:00,86160.0
2025-03-08 03:00:00+00:00,85897.0
2025-03-08 04:00:00+00:00,86417.0
2025-03-08 05:00:00+00:00,86260.0
2025-03-08 06:00:00+00:00,86456.0
2025-03-08 07:00:00+00:00,86179.0
2025-03-08 08:00:00+00:00,86078.0
2025-03-08 09:00:00+00:00,85926.0
2025-03-08 10:00:00+00:00,86101.0
2025-03-08 11:00:00+00:00,85922.0
2025-03-08 12:00:00+00:00,86190.0
2025-03-08 13:00:00+00:00,86299.0
2025-03-08 14:00:00+00:00,86330.0
2025-03-08 15:00:00+00:00,86367.0
2025-03-08 16:00:00+00:00,86113.0
2025-03-08 17:00:00+00:00,85927.0
2025-03-08 18:00:00+00:00,86019.0
2025-03-08 19:00:00+00:00,86199.0
2025-03-08 20:00:00+00:00,86247.0
2025-03-08 21:00:00+00:00,86211.0
2025-03-08 22:00:00+00:00,86314.0
2025-03-08 23:00:00+00:00,86192.0
2025-03-09 00:00:00+00:00,86392.0
2025-03-09 01:00:00+00:00,86166.0
2025-03-09 02:00:00+00:00,85994.0
2025-03-09 03:00:00+00:00,86145.0
2025-03-09 04:00:00+00:00,86038.0
2025-03-09 05:00:00+00:00,86020.0
2025-03-09 06:00:00+00:00,85862.0
2025-03-09 07:00:00+00:00,85959.0
2025-03-09 08:00:00+00:00,85767.0
2025-03-09 09:00:00+00:00,85507.0
2025-03-09 10:00:00+00:00,84822.0
2025-03-09 11:00:00+00:00,85003.0
2025-03-09 12:00:00+00:00,84556.0
2025-03-09 13:00:00+00:00,83491.0
2025-03-09 14:00:00+00:00,83578.0
2025-03-09 15:00:00+00:00,83059.0
2025-03-09 16:00:00+00:00,82503.0
2025-03-09 17:00:00+00:00,82311.0
2025-03-09 18:00:00+00:00,82645.0
2025-03-09 19:00:00+00:00,82628.0
2025-03-09 20:00:00+00:00,83080.0
2025-03-09 21:00:00+00:00,81788.0
2025-03-09 22:00:00+00:00,80284.0
2025-03-09 23:00:00+00:00,80708.0
2025-03-10 00:00:00+00:00,81271.0
2025-03-10 01:00:00+00:00,81721.0
2025-03-10 02:00:00+00:00,82170.0
2025-03-10 03:00:00+00:00,82028.0
2025-03-10 04:00:00+00:00,82639.0
2025-03-10 05:00:00+00:00,82287.0
2025-03-10 06:00:00+00:00,82326.0
2025-03-10 07:00:00+00:00,82317.0
2025-03-10 08:00:00+00:00,81371.0
2025-03-10 09:00:00+00:00,82488.0
2025-03-10 10:00:00+00:00,82307.0
2025-03-10 11:00:00+00:00,83483.0
2025-03-10 12:00:00+00:00,83267.0
2025-03-10 13:00:00+00:00,81520.0
2025-03-10 14:00:00+00:00,79807.0
2025-03-10 15:00:00+00:00,80004.0
2025-03-10 16:00:00+00:00,78969.0
2025-03-10 17:00:00+00:00,78424.0
2025-03-10 18:00:00+00:00,77600.0
2025-03-10 19:00:00+00:00,78938.0
2025-03-10 20:00:00+00:00,79260.0
2025-03-10 21:00:00+00:00,79470.0
2025-03-10 22:00:00+00:00,79517.0
2025-03-10 23:00:00+00:00,78561.0
2025-03-11 00:00:00+00:00,77655.0
2025-03-11 01:00:00+00:00,79049.0
2025-03-11 02:00:00+00:00,79322.0
2025-03-11 03:00:00+00:00,79492.0
2025-03-11 04:00:00+00:00,79741.0
2025-03-11 05:00:00+00:00,80207.0
2025-03-11 06:00:00+00:00,80088.0
2025-03-11 07:00:00+00:00,80431.0
2025-03-11 08:00:00+00:00,81136.0
2025-03-11 09:00:00+00:00,81452.0
2025-03-11 10:00:00+00:00,81790.0
2025-03-11 11:00:00+00:00,81710.0
2025-03-11 12:00:00+00:00,81235.0
2025-03-11 13:00:00+00:00,80900.0
2025-03-11 14:00:00+00:00,79742.0
2025-03-11 15:00:00+00:00,81173.0
2025-03-11 16:00:00+00:00,81356.0
2025-03-11 17:00:00+00:00,81289.0
2025-03-11 18:00:00+00:00,83282.0
2025-03-11 19:00:00+00:00,83107.0
2025-03-11 20:00:00+00:00,82766.0
2025-03-11 21:00:00+00:00,83103.0
2025-03-11 22:00:00+00:00,83173.0
2025-03-11 23:00:00+00:00,82869.0
2025-03-12 00:00:00+00:00,82732.0
2025-03-12 01:00:00+00:00,83293.0
2025-03-12 02:00:00+00:00,82414.0
2025-03-12 03:00:00+00:00,82091.0
2025-03-12 04:00:00+00:00,81767.0
2025-03-12 05:00:00+00:00,81968.0
2025-03-12 06:00:00+00:00,81434.0
2025-03-12 07:00:00+00:00,82409.0
2025-03-12 08:00:00+00:00,82678.0
2025-03-12 09:00:00+00:00,82643.0
2025-03-12 10:00:00+00:00,82461.0
2025-03-12 11:00:00+00:00,82983.0
2025-03-12 12:00:00+00:00,84048.0
2025-03-12 13:00:00+00:00,82656.0
2025-03-12 14:00:00+00:00,81478.0
2025-03-12 15:00:00+00:00,81713.0
2025-03-12 16:00:00+00:00,81958.0
2025-03-12 17:00:00+00:00,81839.0
2025-03-12 18:00:00+00:00,82628.0
2025-03-12 19:00:00+00:00,82930.0
2025-03-12 20:00:00+00:00,83124.0
2025-03-12 21:00:00+00:00,83061.0
2025-03-12 22:00:00+00:00,83651.0
2025-03-12 23:00:00+00:00,83620.0
2025-03-13 00:00:00+00:00,83432.0
2025-03-13 01:00:00+00:00,83891.0
2025-03-13 02:00:00+00:00,83770.0
2025-03-13 03:00:00+00:00,83543.0
2025-03-13 04:00:00+00:00,83281.0
2025-03-13 05:00:00+00:00,83137.0
2025-03-13 06:00:00+00:00,83264.0
2025-03-13 07:00:00+00:00,83133.0
2025-03-13 08:00:00+00:00,82983.0
2025-03-13 09:00:00+00:00,83421.0
2025-03-13 10:00:00+00:00,83173.0
2025-03-13 11:00:00+00:00,82957.0
2025-03-13 12:00:00+00:00,82480.0
2025-03-13 13:00:00+00:00,81758.0
2025-03-13 14:00:00+00:00,81958.0
2025-03-13 15:00:00+00:00,81044.0
2025-03-13 16:00:00+00:00,80787.0
2025-03-13 17:00:00+00:00,80024.0
2025-03-13 18:00:00+00:00,80762.0
2025-03-13 19:00:00+00:00,80128.0
2025-03-13 20:00:00+00:00,80275.0
2025-03-13 21:00:00+00:00,80722.0
2025-03-13 22:00:00+00:00,81355.0
2025-03-13 23:00:00+00:00,81079.0
2025-03-14 00:00:00+00:00,81508.0
2025-03-14 01:00:00+00:00,81584.0
2025-03-14 02:00:00+00:00,82187.0
2025-03-14 03:00:00+00:00,81877.0
2025-03-14 04:00:00+00:00,81945.0
2025-03-14 05:00:00+00:00,82120.0
2025-03-14 06:00:00+00:00,82019.0
2025-03-14 07:00:00+00:00,82180.0
2025-03-14 08:00:00+00:00,82573.0
2025-03-14 09:00:00+00:00,82760.0
2025-03-14 10:00:00+00:00,83034.0
2025-03-14 11:00:00+00:00,83248.0
2025-03-14 12:00:00+00:00,83406.0
2025-03-14 13:00:00+00:00,83622.0
2025-03-14 14:00:00+00:00,83502.0
2025-03-14 15:00:00+00:00,84724.0
2025-03-14 16:00:00+00:00,84786.0
2025-03-14 17:00:00+00:00,84338.0
2025-03-14 18:00:00+00:00,84574.0
2025-03-14 19:00:00+00:00,84559.0
2025-03-14 20:00:00+00:00,84137.0
2025-03-14 21:00:00+00:00,84205.0
2025-03-14 22:00:00+00:00,84449.0
2025-03-14 23:00:00+00:00,83975.0
2025-03-15 00:00:00+00:00,84042.0
2025-03-15 01:00:00+00:00,84055.68421052632
2025-03-15 02:00:00+00:00,84069.36842105263
2025-03-15 03:00:00+00:00,84083.05263157895
2025-03-15 04:00:00+00:00,84096.73684210527
2025-03-15 05:00:00+00:00,84110.42105263157
2025-03-15 06:00:00+00:00,84124.1052631579
2025-03-15 07:00:00+00:00,84137.78947368421
2025-03-15 08:00:00+00:00,84151.47368421052
2025-03-15 09:00:00+00:00,84165.15789473684
2025-03-15 10:00:00+00:00,84178.84210526316
2025-03-15 11:00:00+00:00,84192.52631578948
2025-03-15 12:00:00+00:00,84206.21052631579
2025-03-15 13:00:00+00:00,84219.8947368421
2025-03-15 14:00:00+00:00,84233.57894736843
2025-03-15 15:00:00+00:00,84247.26315789473
2025-03-15 16:00:00+00:00,84260.94736842105
2025-03-15 17:00:00+00:00,84274.63157894737
2025-03-15 18:00:00+00:00,84288.31578947368
2025-03-15 19:00:00+00:00,84302.0
2025-03-15 20:00:00+00:00,84378.0
2025-03-15 21:00:00+00:00,84393.0
2025-03-15 22:00:00+00:00,84384.0
2025-03-15 23:00:00+00:00,84347.0
2025-03-16 00:00:00+00:00,84228.0
2025-03-16 01:00:00+00:00,83885.0
2025-03-16 02:00:00+00:00,83963.0
2025-03-16 03:00:00+00:00,84323.0
2025-03-16 04:00:00+00:00,84400.0
2025-03-16 05:00:00+00:00,84397.0
2025-03-16 06:00:00+00:00,84242.0
2025-03-16 07:00:00+00:00,84261.0
2025-03-16 08:00:00+00:00,84259.0
2025-03-16 09:00:00+00:00,83873.0
2025-03-16 10:00:00+00:00,83673.0
2025-03-16 11:00:00+00:00,82405.0
2025-03-16 12:00:00+00:00,82761.0
2025-03-16 13:00:00+00:00,82588.0
2025-03-16 14:00:00+00:00,83342.0
2025-03-16 15:00:00+00:00,83323.0
2025-03-16 16:00:00+00:00,83639.0
2025-03-16 17:00:00+00:00,83901.0
2025-03-16 18:00:00+00:00,83692.0
2025-03-16 19:00:00+00:00,83093.0
2025-03-16 20:00:00+00:00,83217.0
2025-03-16 21:00:00+00:00,82746.0
2025-03-16 22:00:00+00:00,82101.0
2025-03-16 23:00:00+00:00,82555.0
2025-03-17 00:00:00+00:00,83044.0
2025-03-17 01:00:00+00:00,83225.0
2025-03-17 02:00:00+00:00,83197.0
2025-03-17 03:00:00+00:00,83709.0
2025-03-17 04:00:00+00:00,83591.0
2025-03-17 05:00:00+00:00,83132.0
2025-03-17 06:00:00+00:00,83212.0
2025-03-17 07:00:00+00:00,83564.0
2025-03-17 08:00:00+00:00,83534.0
2025-03-17 09:00:00+00:00,83641.0
2025-03-17 10:00:00+00:00,83325.0
2025-03-17 11:00:00+00:00,83502.0
2025-03-17 12:00:00+00:00,83055.0
2025-03-17 13:00:00+00:00,83028.0
2025-03-17 14:00:00+00:00,82900.0
2025-03-17 15:00:00+00:00,83522.0
2025-03-17 16:00:00+00:00,83451.0
2025-03-17 17:00:00+00:00,84186.0
2025-03-17 18:00:00+00:00,84511.0
2025-03-17 19:00:00+00:00,84452.0
2025-03-17 20:00:00+00:00,83956.0
2025-03-17 21:00:00+00:00,84081.0
2025-03-17 22:00:00+00:00,84057.0
2025-03-17 23:00:00+00:00,84058.0
2025-03-18 00:00:00+00:00,83794.0
2025-03-18 01:00:00+00:00,83172.0
2025-03-18 02:00:00+00:00,83361.0
2025-03-18 03:00:00+00:00,83136.0
2025-03-18 04:00:00+00:00,82974.0
2025-03-18 05:00:00+00:00,83018.0
2025-03-18 06:00:00+00:00,82453.0
2025-03-18 07:00:00+00:00,83160.0
2025-03-18 08:00:00+00:00,83275.0
2025-03-18 09:00:00+00:00,82816.0
2025-03-18 10:00:00+00:00,82825.0
2025-03-18 11:00:00+00:00,82587.0
2025-03-18 12:00:00+00:00,82369.0
2025-03-18 13:00:00+00:00,81367.0
2025-03-18 14:00:00+00:00,81855.0
2025-03-18 15:00:00+00:00,81606.0
2025-03-18 16:00:00+00:00,81872.0
2025-03-18 17:00:00+00:00,81455.0
2025-03-18 18:00:00+00:00,81869.0
2025-03-18 19:00:00+00:00,82302.0
2025-03-18 20:00:00+00:00,82040.0
2025-03-18 21:00:00+00:00,82041.0
2025-03-18 22:00:00+00:00,82383.0
2025-03-18 23:00:00+00:00,82715.0
2025-03-19 00:00:00+00:00,83087.0
2025-03-19 01:00:00+00:00,82614.0
2025-03-19 02:00:00+00:00,82866.0
2025-03-19 03:00:00+00:00,83039.0
2025-03-19 04:00:00+00:00,82952.0
2025-03-19 05:00:00+00:00,83249.0
2025-03-19 06:00:00+00:00,83190.0
2025-03-19 07:00:00+00:00,83181.0
2025-03-19 08:00:00+00:00,83429.0
2025-03-19 09:00:00+00:00,83530.0
2025-03-19 10:00:00+00:00,83502.0
2025-03-19 11:00:00+00:00,83863.0
2025-03-19 12:00:00+00:00,83780.0
2025-03-19 13:00:00+00:00,84123.0
2025-03-19 14:00:00+00:00,84316.0
2025-03-19 15:00:00+00:00,84753.0
2025-03-19 16:00:00+00:00,84595.0
2025-03-19 17:00:00+00:00,84156.0
2025-03-19 18:00:00+00:00,85644.0
2025-03-19 19:00:00+00:00,85467.0
2025-03-19 20:00:00+00:00,85372.0
2025-03-19 21:00:00+00:00,85647.0
2025-03-19 22:00:00+00:00,86188.0
2025-03-19 23:00:00+00:00,86868.0
2025-03-20 00:00:00+00:00,86062.0
2025-03-20 01:00:00+00:00,85884.0
2025-03-20 02:00:00+00:00,86089.0
2025-03-20 03:00:00+00:00,85906.0
2025-03-20 04:00:00+00:00,85683.0
2025-03-20 05:00:00+00:00,85828.0
2025-03-20 06:00:00+00:00,85789.0
2025-03-20 07:00:00+00:00,85811.0
2025-03-20 08:00:00+00:00,86244.0
2025-03-20 09:00:00+00:00,85862.0
2025-03-20 10:00:00+00:00,85168.0
2025-03-20 11:00:00+00:00,85463.0
2025-03-20 12:00:00+00:00,85325.0
2025-03-20 13:00:00+00:00,85483.0
2025-03-20 14:00:00+00:00,86144.0
2025-03-20 15:00:00+00:00,84649.0
2025-03-20 16:00:00+00:00,83758.0
2025-03-20 17:00:00+00:00,84036.0
2025-03-20 18:00:00+00:00,83989.0
2025-03-20 19:00:00+00:00,84149.0
2025-03-20 20:00:00+00:00,84494.0
2025-03-20 21:00:00+00:00,84320.0
2025-03-20 22:00:00+00:00,84093.0
2025-03-20 23:00:00+00:00,84158.0
2025-03-21 00:00:00+00:00,84434.0
2025-03-21 01:00:00+00:00,84735.0
2025-03-21 02:00:00+00:00,84640.0
2025-03-21 03:00:00+00:00,84421.0
2025-03-21 04:00:00+00:00,84638.0
2025-03-21 05:00:00+00:00,84437.0
2025-03-21 06:00:00+00:00,84169.0
2025-03-21 07:00:00+00:00,83898.0
2025-03-21 08:00:00+00:00,83971.0
2025-03-21 09:00:00+00:00,84095.0
2025-03-21 10:00:00+00:00,84125.0
2025-03-21 11:00:00+00:00,84012.0
2025-03-21 12:00:00+00:00,83435.0
2025-03-21 13:00:00+00:00,83903.0
2025-03-21 14:00:00+00:00,84214.0
2025-03-21 15:00:00+00:00,83513.0
2025-03-21 16:00:00+00:00,84054.0
2025-03-21 17:00:00+00:00,83977.0
2025-03-21 18:00:00+00:00,84090.0
2025-03-21 19:00:00+00:00,83927.0
2025-03-21 20:00:00+00:00,84183.0
2025-03-21 21:00:00+00:00,84386.0
2025-03-21 22:00:00+00:00,84148.0
2025-03-21 23:00:00+00:00,84061.0
2025-03-22 00:00:00+00:00,84170.0
2025-03-22 01:00:00+00:00,84045.0
2025-03-22 02:00:00+00:00,84163.0
2025-03-22 03:00:00+00:00,84223.0
2025-03-22 04:00:00+00:00,84330.0
2025-03-22 05:00:00+00:00,84277.0
2025-03-22 06:00:00+00:00,84302.0
2025-03-22 07:00:00+00:00,84250.0
2025-03-22 08:00:00+00:00,84200.0
2025-03-22 09:00:00+00:00,84339.0
2025-03-22 10:00:00+00:00,84384.0
2025-03-22 11:00:00+00:00,84206.0
2025-03-22 12:00:00+00:00,84220.0
2025-03-22 13:00:00+00:00,84154.0
2025-03-22 14:00:00+00:00,84002.0
2025-03-22 15:00:00+00:00,84107.0
2025-03-22 16:00:00+00:00,84128.0
2025-03-22 17:00:00+00:00,84235.0
2025-03-22 18:00:00+00:00,84254.0
2025-03-22 19:00:00+00:00,84169.0
2025-03-22 20:00:00+00:00,83936.0
2025-03-22 21:00:00+00:00,84006.0
2025-03-22 22:00:00+00:00,83964.0
2025-03-22 23:00:00+00:00,83823.0
2025-03-23 00:00:00+00:00,83996.0
2025-03-23 01:00:00+00:00,84047.0
2025-03-23 02:00:00+00:00,84215.0
2025-03-23 03:00:00+00:00,84201.0
2025-03-23 04:00:00+00:00,84092.0
2025-03-23 05:00:00+00:00,84209.0
2025-03-23 06:00:00+00:00,84227.0
2025-03-23 07:00:00+00:00,84272.0
2025-03-23 08:00:00+00:00,84322.0
2025-03-23 09:00:00+00:00,84322.0
2025-03-23 10:00:00+00:00,84451.0
2025-03-23 11:00:00+00:00,84651.0
2025-03-23 12:00:00+00:00,84705.0
2025-03-23 13:00:00+00:00,85056.0
2025-03-23 14:00:00+00:00,84893.0
2025-03-23 15:00:00+00:00,85170.0
2025-03-23 16:00:00+00:00,85240.0
2025-03-23 17:00:00+00:00,85011.0
2025-03-23 18:00:00+00:00,84965.0
2025-03-23 19:00:00+00:00,84996.0
2025-03-23 20:00:00+00:00,85107.0
2025-03-23 21:00:00+00:00,85175.0
2025-03-23 22:00:00+00:00,85353.0
2025-03-23 23:00:00+00:00,86084.0
2025-03-24 00:00:00+00:00,86013.0
2025-03-24 01:00:00+00:00,85566.0
2025-03-24 02:00:00+00:00,85899.0
2025-03-24 03:00:00+00:00,86551.0
2025-03-24 04:00:00+00:00,86852.0
2025-03-24 05:00:00+00:00,86909.0
2025-03-24 06:00:00+00:00,87112.0
2025-03-24 07:00:00+00:00,86882.0
2025-03-24 08:00:00+00:00,87416.0
2025-03-24 09:00:00+00:00,87186.0
2025-03-24 10:00:00+00:00,87815.0
2025-03-24 11:00:00+00:00,87699.0
2025-03-24 12:00:00+00:00,87342.0
2025-03-24 13:00:00+00:00,87710.0
2025-03-24 14:00:00+00:00,87953.0
2025-03-24 15:00:00+00:00,88346.0
2025-03-24 16:00:00+00:00,88061.0
2025-03-24 17:00:00+00:00,88456.0
2025-03-24 18:00:00+00:00,88484.0
2025-03-24 19:00:00+00:00,88274.0
2025-03-24 20:00:00+00:00,87879.0
2025-03-24 21:00:00+00:00,88139.0
2025-03-24 22:00:00+00:00,87468.0
2025-03-24 23:00:00+00:00,87512.0
2025-03-25 00:00:00+00:00,87623.0
2025-03-25 01:00:00+00:00,87093.0
2025-03-25 02:00:00+00:00,86873.0
2025-03-25 03:00:00+00:00,86529.0
2025-03-25 04:00:00+00:00,86563.0
2025-03-25 05:00:00+00:00,86688.0
2025-03-25 06:00:00+00:00,86574.0
2025-03-25 07:00:00+00:00,86441.0
2025-03-25 08:00:00+00:00,86725.0
2025-03-25 09:00:00+00:00,87238.0
2025-03-25 10:00:00+00:00,87143.0
2025-03-25 11:00:00+00:00,87378.0
2025-03-25 12:00:00+00:00,87092.0
2025-03-25 13:00:00+00:00,87618.0
2025-03-25 14:00:00+00:00,88047.0
2025-03-25 15:00:00+00:00,87817.0
2025-03-25 16:00:00+00:00,87822.0
2025-03-25 17:00:00+00:00,87986.0
2025-03-25 18:00:00+00:00,87868.0
2025-03-25 19:00:00+00:00,88139.0
2025-03-25 20:00:00+00:00,87888.0
2025-03-25 21:00:00+00:00,87763.0
2025-03-25 22:00:00+00:00,87505.0
2025-03-25 23:00:00+00:00,87436.0
2025-03-26 00:00:00+00:00,87666.0
2025-03-26 01:00:00+00:00,87864.0
2025-03-26 02:00:00+00:00,87357.0
2025-03-26 03:00:00+00:00,87169.0
2025-03-26 04:00:00+00:00,87349.0
2025-03-26 05:00:00+00:00,87544.0
2025-03-26 06:00:00+00:00,87932.0
2025-03-26 07:00:00+00:00,88157.0
2025-03-26 08:00:00+00:00,88003.0
2025-03-26 09:00:00+00:00,87960.0
2025-03-26 10:00:00+00:00,88236.0
2025-03-26 11:00:00+00:00,87992.0
2025-03-26 12:00:00+00:00,87802.0
2025-03-26 13:00:00+00:00,86868.0
2025-03-26 14:00:00+00:00,86789.0
2025-03-26 15:00:00+00:00,86771.0
2025-03-26 16:00:00+00:00,86526.0
2025-03-26 17:00:00+00:00,86568.0
2025-03-26 18:00:00+00:00,86208.0
2025-03-26 19:00:00+00:00,86587.0
2025-03-26 20:00:00+00:00,87288.0
2025-03-26 21:00:00+00:00,87143.0
2025-03-26 22:00:00+00:00,86823.0
2025-03-26 23:00:00+00:00,86913.0
2025-03-27 00:00:00+00:00,87302.0
2025-03-27 01:00:00+00:00,87395.0
2025-03-27 02:00:00+00:00,87589.0
2025-03-27 03:00:00+00:00,87687.0
2025-03-27 04:00:00+00:00,87543.0
2025-03-27 05:00:00+00:00,87335.0
2025-03-27 06:00:00+00:00,87357.0
2025-03-27 07:00:00+00:00,87425.0
2025-03-27 08:00:00+00:00,87455.0
2025-03-27 09:00:00+00:00,87425.0
2025-03-27 10:00:00+00:00,87205.0
2025-03-27 11:00:00+00:00,86958.0
2025-03-27 12:00:00+00:00,86771.0
2025-03-27 13:00:00+00:00,86362.0
2025-03-27 14:00:00+00:00,87274.0
2025-03-27 15:00:00+00:00,86958.0
2025-03-27 16:00:00+00:00,86816.0
2025-03-27 17:00:00+00:00,86899.0
2025-03-27 18:00:00+00:00,87201.0
2025-03-27 19:00:00+00:00,87027.0
2025-03-27 20:00:00+00:00,87308.0
2025-03-27 21:00:00+00:00,87553.0
2025-03-27 22:00:00+00:00,87345.0
2025-03-27 23:00:00+00:00,87219.0
2025-03-28 00:00:00+00:00,87347.0
2025-03-28 01:00:00+00:00,87223.0
2025-03-28 02:00:00+00:00,86948.0
2025-03-28 03:00:00+00:00,86788.0
2025-03-28 04:00:00+00:00,86303.0
2025-03-28 05:00:00+00:00,86046.0
2025-03-28 06:00:00+00:00,85696.0
2025-03-28 07:00:00+00:00,85167.0
2025-03-28 08:00:00+00:00,85176.0
2025-03-28 09:00:00+00:00,85122.0
2025-03-28 10:00:00+00:00,84917.0
2025-03-28 11:00:00+00:00,85212.0
2025-03-28 12:00:00+00:00,85021.0
2025-03-28 13:00:00+00:00,84978.0
2025-03-28 14:00:00+00:00,84150.0
2025-03-28 15:00:00+00:00,83993.0
2025-03-28 16:00:00+00:00,83750.0
2025-03-28 17:00:00+00:00,83940.0
2025-03-28 18:00:00+00:00,83800.0
2025-03-28 19:00:00+00:00,83714.0
2025-03-28 20:00:00+00:00,83753.0
2025-03-28 21:00:00+00:00,84000.0
2025-03-28 22:00:00+00:00,84419.0
2025-03-28 23:00:00+00:00,84379.0
2025-03-29 00:00:00+00:00,84345.0
2025-03-29 01:00:00+00:00,84256.0
2025-03-29 02:00:00+00:00,83831.0
2025-03-29 03:00:00+00:00,84138.0
2025-03-29 04:00:00+00:00,84041.0
2025-03-29 05:00:00+00:00,83993.0
2025-03-29 06:00:00+00:00,83770.0
2025-03-29 07:00:00+00:00,83707.0
2025-03-29 08:00:00+00:00,83892.0
2025-03-29 09:00:00+00:00,83519.0
2025-03-29 10:00:00+00:00,82872.0
2025-03-29 11:00:00+00:00,82256.0
2025-03-29 12:00:00+00:00,82418.0
2025-03-29 13:00:00+00:00,82792.0
2025-03-29 14:00:00+00:00,82471.0
2025-03-29 15:00:00+00:00,82388.0
2025-03-29 16:00:00+00:00,82161.0
2025-03-29 17:00:00+00:00,82304.0
2025-03-29 18:00:00+00:00,82329.0
2025-03-29 19:00:00+00:00,82700.0
2025-03-29 20:00:00+00:00,82465.0
2025-03-29 21:00:00+00:00,82467.0
2025-03-29 22:00:00+00:00,82370.0
2025-03-29 23:00:00+00:00,82608.0
2025-03-30 00:00:00+00:00,82770.0
2025-03-30 01:00:00+00:00,82925.0
2025-03-30 02:00:00+00:00,83312.0
2025-03-30 03:00:00+00:00,83080.0
2025-03-30 04:00:00+00:00,83083.0
2025-03-30 05:00:00+00:00,82932.0
2025-03-30 06:00:00+00:00,83164.0
2025-03-30 07:00:00+00:00,83054.0
2025-03-30 08:00:00+00:00,83351.0
2025-03-30 09:00:00+00:00,83473.0
2025-03-30 10:00:00+00:00,83100.0
2025-03-30 11:00:00+00:00,83097.0
2025-03-30 12:00:00+00:00,83039.0
2025-03-30 13:00:00+00:00,82674.0
2025-03-30 14:00:00+00:00,82782.0
2025-03-30 15:00:00+00:00,82706.0
2025-03-30 16:00:00+00:00,82277.0
2025-03-30 17:00:00+00:00,82389.0
2025-03-30 18:00:00+00:00,82688.0
2025-03-30 19:00:00+00:00,82538.0
2025-03-30 20:00:00+00:00,82531.0
2025-03-30 21:00:00+00:00,82239.0
2025-03-30 22:00:00+00:00,82363.0
2025-03-30 23:00:00+00:00,82359.0
2025-03-31 00:00:00+00:00,81591.0
2025-03-31 01:00:00+00:00,81975.0
2025-03-31 02:00:00+00:00,81911.0
2025-03-31 03:00:00+00:00,81502.0
2025-03-31 04:00:00+00:00,81842.0
2025-03-31 05:00:00+00:00,82154.0
2025-03-31 06:00:00+00:00,82038.0
2025-03-31 07:00:00+00:00,81925.0
2025-03-31 08:00:00+00:00,81886.0
2025-03-31 09:00:00+00:00,81440.0
2025-03-31 10:00:00+00:00,82185.0
2025-03-31 11:00:00+00:00,82197.0
2025-03-31 12:00:00+00:00,82772.0
2025-03-31 13:00:00+00:00,82480.0
2025-03-31 14:00:00+00:00,83471.0
2025-03-31 15:00:00+00:00,83404.0
2025-03-31 16:00:00+00:00,83289.0
2025-03-31 17:00:00+00:00,82675.0
2025-03-31 18:00:00+00:00,83288.0
2025-03-31 19:00:00+00:00,82422.0
2025-03-31 20:00:00+00:00,82414.0
2025-03-31 21:00:00+00:00,82538.0
2025-03-31 22:00:00+00:00,82377.0
2025-03-31 23:00:00+00:00,82538.0
2025-04-01 00:00:00+00:00,82639.0
2025-04-01 01:00:00+00:00,82699.0
2025-04-01 02:00:00+00:00,83072.0
2025-04-01 03:00:00+00:00,82932.0
2025-04-01 04:00:00+00:00,83042.0
2025-04-01 05:00:00+00:00,82984.0
2025-04-01 06:00:00+00:00,83437.0
2025-04-01 07:00:00+00:00,83457.0
