date,Press_mm_hg
2016-01-11 17:00:00,733.5
2016-01-11 17:10:00,733.6
2016-01-11 17:20:00,733.7
2016-01-11 17:30:00,733.7999999999998
2016-01-11 17:40:00,733.9
2016-01-11 17:50:00,734.0
2016-01-11 18:00:00,734.1
2016-01-11 18:10:00,734.1666666666669
2016-01-11 18:20:00,734.233333333333
2016-01-11 18:30:00,734.2999999999998
2016-01-11 18:40:00,734.366666666667
2016-01-11 18:50:00,734.4333333333329
2016-01-11 19:00:00,734.5
2016-01-11 19:10:00,734.616666666667
2016-01-11 19:20:00,734.733333333333
2016-01-11 19:30:00,734.85
2016-01-11 19:40:00,734.966666666667
2016-01-11 19:50:00,735.0833333333329
2016-01-11 20:00:00,735.2
2016-01-11 20:10:00,735.233333333333
2016-01-11 20:20:00,735.266666666667
2016-01-11 20:30:00,735.2999999999998
2016-01-11 20:40:00,735.3333333333329
2016-01-11 20:50:00,735.366666666667
2016-01-11 21:00:00,735.4
2016-01-11 21:10:00,735.466666666667
2016-01-11 21:20:00,735.533333333333
2016-01-11 21:30:00,735.6
2016-01-11 21:40:00,735.6666666666669
2016-01-11 21:50:00,735.733333333333
2016-01-11 22:00:00,735.7999999999998
2016-01-11 22:10:00,735.8833333333331
2016-01-11 22:20:00,735.966666666667
2016-01-11 22:30:00,736.0499999999998
2016-01-11 22:40:00,736.1333333333331
2016-01-11 22:50:00,736.216666666667
2016-01-11 23:00:00,736.2999999999998
2016-01-11 23:10:00,736.4
2016-01-11 23:20:00,736.5
2016-01-11 23:30:00,736.6
2016-01-11 23:40:00,736.7
2016-01-11 23:50:00,736.7999999999998
2016-01-12 00:00:00,736.9
2016-01-12 00:10:00,737.0
2016-01-12 00:20:00,737.1
2016-01-12 00:30:00,737.2
2016-01-12 00:40:00,737.2999999999998
2016-01-12 00:50:00,737.4
2016-01-12 01:00:00,737.5
2016-01-12 01:10:00,737.6333333333331
2016-01-12 01:20:00,737.766666666667
2016-01-12 01:30:00,737.9
2016-01-12 01:40:00,738.033333333333
2016-01-12 01:50:00,738.1666666666669
2016-01-12 02:00:00,738.2999999999998
2016-01-12 02:10:00,738.4
2016-01-12 02:20:00,738.5
2016-01-12 02:30:00,738.6
2016-01-12 02:40:00,738.7
2016-01-12 02:50:00,738.7999999999998
2016-01-12 03:00:00,738.9
2016-01-12 03:10:00,739.016666666667
2016-01-12 03:20:00,739.1333333333331
2016-01-12 03:30:00,739.25
2016-01-12 03:40:00,739.366666666667
2016-01-12 03:50:00,739.483333333333
2016-01-12 04:00:00,739.6
2016-01-12 04:10:00,739.65
2016-01-12 04:20:00,739.7
2016-01-12 04:30:00,739.75
2016-01-12 04:40:00,739.7999999999998
2016-01-12 04:50:00,739.85
2016-01-12 05:00:00,739.9
2016-01-12 05:10:00,739.966666666667
2016-01-12 05:20:00,740.033333333333
2016-01-12 05:30:00,740.1
2016-01-12 05:40:00,740.1666666666669
2016-01-12 05:50:00,740.233333333333
2016-01-12 06:00:00,740.2999999999998
2016-01-12 06:10:00,740.4333333333329
2016-01-12 06:20:00,740.5666666666668
2016-01-12 06:30:00,740.7
2016-01-12 06:40:00,740.8333333333329
2016-01-12 06:50:00,740.966666666667
2016-01-12 07:00:00,741.1
2016-01-12 07:10:00,741.216666666667
2016-01-12 07:20:00,741.3333333333329
2016-01-12 07:30:00,741.45
2016-01-12 07:40:00,741.5666666666668
2016-01-12 07:50:00,741.6833333333329
2016-01-12 08:00:00,741.7999999999998
2016-01-12 08:10:00,741.8833333333331
2016-01-12 08:20:00,741.966666666667
2016-01-12 08:30:00,742.0499999999998
2016-01-12 08:40:00,742.1333333333331
2016-01-12 08:50:00,742.216666666667
2016-01-12 09:00:00,742.2999999999998
2016-01-12 09:10:00,742.3833333333331
2016-01-12 09:20:00,742.466666666667
2016-01-12 09:30:00,742.5499999999998
2016-01-12 09:40:00,742.6333333333331
2016-01-12 09:50:00,742.716666666667
2016-01-12 10:00:00,742.7999999999998
2016-01-12 10:10:00,742.8833333333331
2016-01-12 10:20:00,742.966666666667
2016-01-12 10:30:00,743.0499999999998
2016-01-12 10:40:00,743.1333333333331
2016-01-12 10:50:00,743.216666666667
2016-01-12 11:00:00,743.2999999999998
2016-01-12 11:10:00,743.3333333333329
2016-01-12 11:20:00,743.366666666667
2016-01-12 11:30:00,743.4
2016-01-12 11:40:00,743.4333333333329
2016-01-12 11:50:00,743.466666666667
2016-01-12 12:00:00,743.5
2016-01-12 12:10:00,743.5
2016-01-12 12:20:00,743.5
2016-01-12 12:30:00,743.5
2016-01-12 12:40:00,743.5
2016-01-12 12:50:00,743.5
2016-01-12 13:00:00,743.5
2016-01-12 13:10:00,743.5
2016-01-12 13:20:00,743.5
2016-01-12 13:30:00,743.5
2016-01-12 13:40:00,743.5
2016-01-12 13:50:00,743.5
2016-01-12 14:00:00,743.5
2016-01-12 14:10:00,743.5499999999998
2016-01-12 14:20:00,743.6
2016-01-12 14:30:00,743.65
2016-01-12 14:40:00,743.7
2016-01-12 14:50:00,743.75
2016-01-12 15:00:00,743.7999999999998
2016-01-12 15:10:00,743.8166666666668
2016-01-12 15:20:00,743.8333333333329
2016-01-12 15:30:00,743.85
2016-01-12 15:40:00,743.866666666667
2016-01-12 15:50:00,743.8833333333331
2016-01-12 16:00:00,743.9
2016-01-12 16:10:00,743.95
2016-01-12 16:20:00,744.0
2016-01-12 16:30:00,744.0499999999998
2016-01-12 16:40:00,744.1
2016-01-12 16:50:00,744.15
2016-01-12 17:00:00,744.2
2016-01-12 17:10:00,744.283333333333
2016-01-12 17:20:00,744.366666666667
2016-01-12 17:30:00,744.45
2016-01-12 17:40:00,744.533333333333
2016-01-12 17:50:00,744.616666666667
2016-01-12 18:00:00,744.7
2016-01-12 18:10:00,744.75
2016-01-12 18:20:00,744.7999999999998
2016-01-12 18:30:00,744.85
2016-01-12 18:40:00,744.9
2016-01-12 18:50:00,744.95
2016-01-12 19:00:00,745.0
2016-01-12 19:10:00,745.033333333333
2016-01-12 19:20:00,745.0666666666668
2016-01-12 19:30:00,745.1
2016-01-12 19:40:00,745.1333333333331
2016-01-12 19:50:00,745.1666666666669
2016-01-12 20:00:00,745.2
2016-01-12 20:10:00,745.3166666666668
2016-01-12 20:20:00,745.4333333333329
2016-01-12 20:30:00,745.5499999999998
2016-01-12 20:40:00,745.6666666666669
2016-01-12 20:50:00,745.783333333333
2016-01-12 21:00:00,745.9
2016-01-12 21:10:00,745.95
2016-01-12 21:20:00,746.0
2016-01-12 21:30:00,746.0499999999998
2016-01-12 21:40:00,746.1
2016-01-12 21:50:00,746.15
2016-01-12 22:00:00,746.2
2016-01-12 22:10:00,746.266666666667
2016-01-12 22:20:00,746.3333333333329
2016-01-12 22:30:00,746.4
2016-01-12 22:40:00,746.466666666667
2016-01-12 22:50:00,746.533333333333
2016-01-12 23:00:00,746.6
2016-01-12 23:10:00,746.733333333333
2016-01-12 23:20:00,746.866666666667
2016-01-12 23:30:00,747.0
2016-01-12 23:40:00,747.1333333333331
2016-01-12 23:50:00,747.266666666667
2016-01-13 00:00:00,747.4
2016-01-13 00:10:00,747.533333333333
2016-01-13 00:20:00,747.6666666666669
2016-01-13 00:30:00,747.7999999999998
2016-01-13 00:40:00,747.9333333333329
2016-01-13 00:50:00,748.0666666666668
2016-01-13 01:00:00,748.2
2016-01-13 01:10:00,748.3166666666668
2016-01-13 01:20:00,748.4333333333329
2016-01-13 01:30:00,748.5499999999998
2016-01-13 01:40:00,748.6666666666669
2016-01-13 01:50:00,748.783333333333
2016-01-13 02:00:00,748.9
2016-01-13 02:10:00,749.0833333333329
2016-01-13 02:20:00,749.266666666667
2016-01-13 02:30:00,749.45
2016-01-13 02:40:00,749.6333333333331
2016-01-13 02:50:00,749.8166666666668
2016-01-13 03:00:00,750.0
2016-01-13 03:10:00,750.2
2016-01-13 03:20:00,750.4
2016-01-13 03:30:00,750.6
2016-01-13 03:40:00,750.7999999999998
2016-01-13 03:50:00,751.0
2016-01-13 04:00:00,751.2
2016-01-13 04:10:00,751.3166666666668
2016-01-13 04:20:00,751.4333333333329
2016-01-13 04:30:00,751.5499999999998
2016-01-13 04:40:00,751.6666666666669
2016-01-13 04:50:00,751.783333333333
2016-01-13 05:00:00,751.9
2016-01-13 05:10:00,752.0499999999998
2016-01-13 05:20:00,752.2
2016-01-13 05:30:00,752.35
2016-01-13 05:40:00,752.5
2016-01-13 05:50:00,752.65
2016-01-13 06:00:00,752.7999999999998
2016-01-13 06:10:00,752.983333333333
2016-01-13 06:20:00,753.1666666666669
2016-01-13 06:30:00,753.35
2016-01-13 06:40:00,753.533333333333
2016-01-13 06:50:00,753.716666666667
2016-01-13 07:00:00,753.9
2016-01-13 07:10:00,753.966666666667
2016-01-13 07:20:00,754.033333333333
2016-01-13 07:30:00,754.1
2016-01-13 07:40:00,754.1666666666669
2016-01-13 07:50:00,754.233333333333
2016-01-13 08:00:00,754.2999999999998
2016-01-13 08:10:00,754.45
2016-01-13 08:20:00,754.6
2016-01-13 08:30:00,754.75
2016-01-13 08:40:00,754.9
2016-01-13 08:50:00,755.0499999999998
2016-01-13 09:00:00,755.2
2016-01-13 09:10:00,755.3166666666668
2016-01-13 09:20:00,755.4333333333329
2016-01-13 09:30:00,755.5499999999998
2016-01-13 09:40:00,755.6666666666669
2016-01-13 09:50:00,755.783333333333
2016-01-13 10:00:00,755.9
2016-01-13 10:10:00,756.033333333333
2016-01-13 10:20:00,756.1666666666669
2016-01-13 10:30:00,756.2999999999998
2016-01-13 10:40:00,756.4333333333329
2016-01-13 10:50:00,756.5666666666668
2016-01-13 11:00:00,756.7
2016-01-13 11:10:00,756.783333333333
2016-01-13 11:20:00,756.866666666667
2016-01-13 11:30:00,756.95
2016-01-13 11:40:00,757.033333333333
2016-01-13 11:50:00,757.116666666667
2016-01-13 12:00:00,757.2
2016-01-13 12:10:00,757.283333333333
2016-01-13 12:20:00,757.366666666667
2016-01-13 12:30:00,757.45
2016-01-13 12:40:00,757.533333333333
2016-01-13 12:50:00,757.616666666667
2016-01-13 13:00:00,757.7
2016-01-13 13:10:00,757.6833333333329
2016-01-13 13:20:00,757.6666666666669
2016-01-13 13:30:00,757.65
2016-01-13 13:40:00,757.6333333333331
2016-01-13 13:50:00,757.616666666667
2016-01-13 14:00:00,757.6
2016-01-13 14:10:00,757.5499999999998
2016-01-13 14:20:00,757.5
2016-01-13 14:30:00,757.45
2016-01-13 14:40:00,757.4
2016-01-13 14:50:00,757.35
2016-01-13 15:00:00,757.2999999999998
2016-01-13 15:10:00,757.3166666666668
2016-01-13 15:20:00,757.3333333333329
2016-01-13 15:30:00,757.35
2016-01-13 15:40:00,757.366666666667
2016-01-13 15:50:00,757.3833333333331
2016-01-13 16:00:00,757.4
2016-01-13 16:10:00,757.3833333333331
2016-01-13 16:20:00,757.366666666667
2016-01-13 16:30:00,757.35
2016-01-13 16:40:00,757.3333333333329
2016-01-13 16:50:00,757.3166666666668
2016-01-13 17:00:00,757.2999999999998
2016-01-13 17:10:00,757.2999999999998
2016-01-13 17:20:00,757.2999999999998
2016-01-13 17:30:00,757.2999999999998
2016-01-13 17:40:00,757.2999999999998
2016-01-13 17:50:00,757.2999999999998
2016-01-13 18:00:00,757.2999999999998
2016-01-13 18:10:00,757.2999999999998
2016-01-13 18:20:00,757.2999999999998
2016-01-13 18:30:00,757.2999999999998
2016-01-13 18:40:00,757.2999999999998
2016-01-13 18:50:00,757.2999999999998
2016-01-13 19:00:00,757.2999999999998
2016-01-13 19:10:00,757.233333333333
2016-01-13 19:20:00,757.1666666666669
2016-01-13 19:30:00,757.1
2016-01-13 19:40:00,757.033333333333
2016-01-13 19:50:00,756.966666666667
2016-01-13 20:00:00,756.9
2016-01-13 20:10:00,756.9
2016-01-13 20:20:00,756.9
2016-01-13 20:30:00,756.9
2016-01-13 20:40:00,756.9
2016-01-13 20:50:00,756.9
2016-01-13 21:00:00,756.9
2016-01-13 21:10:00,756.8166666666668
2016-01-13 21:20:00,756.733333333333
2016-01-13 21:30:00,756.65
2016-01-13 21:40:00,756.5666666666668
2016-01-13 21:50:00,756.483333333333
2016-01-13 22:00:00,756.4
2016-01-13 22:10:00,756.3166666666668
2016-01-13 22:20:00,756.233333333333
2016-01-13 22:30:00,756.15
2016-01-13 22:40:00,756.0666666666668
2016-01-13 22:50:00,755.983333333333
2016-01-13 23:00:00,755.9
2016-01-13 23:10:00,755.8333333333329
2016-01-13 23:20:00,755.766666666667
2016-01-13 23:30:00,755.7
2016-01-13 23:40:00,755.6333333333331
2016-01-13 23:50:00,755.5666666666668
2016-01-14 00:00:00,755.5
2016-01-14 00:10:00,755.366666666667
2016-01-14 00:20:00,755.233333333333
2016-01-14 00:30:00,755.1
2016-01-14 00:40:00,754.966666666667
2016-01-14 00:50:00,754.8333333333329
2016-01-14 01:00:00,754.7
2016-01-14 01:10:00,754.5666666666668
2016-01-14 01:20:00,754.4333333333329
2016-01-14 01:30:00,754.2999999999998
2016-01-14 01:40:00,754.1666666666669
2016-01-14 01:50:00,754.033333333333
2016-01-14 02:00:00,753.9
2016-01-14 02:10:00,753.733333333333
2016-01-14 02:20:00,753.5666666666668
2016-01-14 02:30:00,753.4
2016-01-14 02:40:00,753.233333333333
2016-01-14 02:50:00,753.0666666666668
2016-01-14 03:00:00,752.9
2016-01-14 03:10:00,752.766666666667
2016-01-14 03:20:00,752.6333333333331
2016-01-14 03:30:00,752.5
2016-01-14 03:40:00,752.366666666667
2016-01-14 03:50:00,752.233333333333
2016-01-14 04:00:00,752.1
2016-01-14 04:10:00,751.9166666666669
2016-01-14 04:20:00,751.733333333333
2016-01-14 04:30:00,751.5499999999998
2016-01-14 04:40:00,751.366666666667
2016-01-14 04:50:00,751.1833333333329
2016-01-14 05:00:00,751.0
2016-01-14 05:10:00,750.866666666667
2016-01-14 05:20:00,750.733333333333
2016-01-14 05:30:00,750.6
2016-01-14 05:40:00,750.466666666667
2016-01-14 05:50:00,750.3333333333329
2016-01-14 06:00:00,750.2
2016-01-14 06:10:00,750.0833333333329
2016-01-14 06:20:00,749.966666666667
2016-01-14 06:30:00,749.85
2016-01-14 06:40:00,749.733333333333
2016-01-14 06:50:00,749.616666666667
2016-01-14 07:00:00,749.5
2016-01-14 07:10:00,749.4
2016-01-14 07:20:00,749.2999999999998
2016-01-14 07:30:00,749.2
2016-01-14 07:40:00,749.1
2016-01-14 07:50:00,749.0
2016-01-14 08:00:00,748.9
2016-01-14 08:10:00,749.0
2016-01-14 08:20:00,749.1
2016-01-14 08:30:00,749.2
2016-01-14 08:40:00,749.2999999999998
2016-01-14 08:50:00,749.4
2016-01-14 09:00:00,749.5
2016-01-14 09:10:00,749.366666666667
2016-01-14 09:20:00,749.233333333333
2016-01-14 09:30:00,749.1
2016-01-14 09:40:00,748.966666666667
2016-01-14 09:50:00,748.8333333333329
2016-01-14 10:00:00,748.7
2016-01-14 10:10:00,748.733333333333
2016-01-14 10:20:00,748.766666666667
2016-01-14 10:30:00,748.7999999999998
2016-01-14 10:40:00,748.8333333333329
2016-01-14 10:50:00,748.866666666667
2016-01-14 11:00:00,748.9
2016-01-14 11:10:00,748.85
2016-01-14 11:20:00,748.7999999999998
2016-01-14 11:30:00,748.75
2016-01-14 11:40:00,748.7
2016-01-14 11:50:00,748.65
2016-01-14 12:00:00,748.6
2016-01-14 12:10:00,748.5499999999998
2016-01-14 12:20:00,748.5
2016-01-14 12:30:00,748.45
2016-01-14 12:40:00,748.4
2016-01-14 12:50:00,748.35
2016-01-14 13:00:00,748.2999999999998
2016-01-14 13:10:00,748.216666666667
2016-01-14 13:20:00,748.1333333333331
2016-01-14 13:30:00,748.0499999999998
2016-01-14 13:40:00,747.966666666667
2016-01-14 13:50:00,747.8833333333331
2016-01-14 14:00:00,747.7999999999998
2016-01-14 14:10:00,747.733333333333
2016-01-14 14:20:00,747.6666666666669
2016-01-14 14:30:00,747.6
2016-01-14 14:40:00,747.533333333333
2016-01-14 14:50:00,747.466666666667
2016-01-14 15:00:00,747.4
2016-01-14 15:10:00,747.4333333333329
2016-01-14 15:20:00,747.466666666667
2016-01-14 15:30:00,747.5
2016-01-14 15:40:00,747.533333333333
2016-01-14 15:50:00,747.5666666666668
2016-01-14 16:00:00,747.6
2016-01-14 16:10:00,747.65
2016-01-14 16:20:00,747.7
2016-01-14 16:30:00,747.75
2016-01-14 16:40:00,747.7999999999998
2016-01-14 16:50:00,747.85
2016-01-14 17:00:00,747.9
2016-01-14 17:10:00,747.9333333333329
2016-01-14 17:20:00,747.966666666667
2016-01-14 17:30:00,748.0
2016-01-14 17:40:00,748.033333333333
2016-01-14 17:50:00,748.0666666666668
2016-01-14 18:00:00,748.1
2016-01-14 18:10:00,748.1666666666669
2016-01-14 18:20:00,748.233333333333
2016-01-14 18:30:00,748.2999999999998
2016-01-14 18:40:00,748.366666666667
2016-01-14 18:50:00,748.4333333333329
2016-01-14 19:00:00,748.5
2016-01-14 19:10:00,748.5499999999998
2016-01-14 19:20:00,748.6
2016-01-14 19:30:00,748.65
2016-01-14 19:40:00,748.7
2016-01-14 19:50:00,748.75
2016-01-14 20:00:00,748.7999999999998
2016-01-14 20:10:00,748.85
2016-01-14 20:20:00,748.9
2016-01-14 20:30:00,748.95
2016-01-14 20:40:00,749.0
2016-01-14 20:50:00,749.0499999999998
2016-01-14 21:00:00,749.1
2016-01-14 21:10:00,749.1666666666669
2016-01-14 21:20:00,749.233333333333
2016-01-14 21:30:00,749.2999999999998
2016-01-14 21:40:00,749.366666666667
2016-01-14 21:50:00,749.4333333333329
2016-01-14 22:00:00,749.5
2016-01-14 22:10:00,749.516666666667
2016-01-14 22:20:00,749.533333333333
2016-01-14 22:30:00,749.5499999999998
2016-01-14 22:40:00,749.5666666666668
2016-01-14 22:50:00,749.5833333333329
2016-01-14 23:00:00,749.6
2016-01-14 23:10:00,749.5499999999998
2016-01-14 23:20:00,749.5
2016-01-14 23:30:00,749.45
2016-01-14 23:40:00,749.4
2016-01-14 23:50:00,749.35
2016-01-15 00:00:00,749.2999999999998
2016-01-15 00:10:00,749.283333333333
2016-01-15 00:20:00,749.266666666667
2016-01-15 00:30:00,749.25
2016-01-15 00:40:00,749.233333333333
2016-01-15 00:50:00,749.216666666667
2016-01-15 01:00:00,749.2
2016-01-15 01:10:00,749.233333333333
2016-01-15 01:20:00,749.266666666667
2016-01-15 01:30:00,749.2999999999998
2016-01-15 01:40:00,749.3333333333329
2016-01-15 01:50:00,749.366666666667
2016-01-15 02:00:00,749.4
2016-01-15 02:10:00,749.516666666667
2016-01-15 02:20:00,749.6333333333331
2016-01-15 02:30:00,749.75
2016-01-15 02:40:00,749.866666666667
2016-01-15 02:50:00,749.983333333333
2016-01-15 03:00:00,750.1
2016-01-15 03:10:00,750.216666666667
2016-01-15 03:20:00,750.3333333333329
2016-01-15 03:30:00,750.45
2016-01-15 03:40:00,750.5666666666668
2016-01-15 03:50:00,750.6833333333329
2016-01-15 04:00:00,750.7999999999998
2016-01-15 04:10:00,750.8833333333331
2016-01-15 04:20:00,750.966666666667
2016-01-15 04:30:00,751.0499999999998
2016-01-15 04:40:00,751.1333333333331
2016-01-15 04:50:00,751.216666666667
2016-01-15 05:00:00,751.2999999999998
2016-01-15 05:10:00,751.3833333333331
2016-01-15 05:20:00,751.466666666667
2016-01-15 05:30:00,751.5499999999998
2016-01-15 05:40:00,751.6333333333331
2016-01-15 05:50:00,751.716666666667
2016-01-15 06:00:00,751.7999999999998
2016-01-15 06:10:00,751.8833333333331
2016-01-15 06:20:00,751.966666666667
2016-01-15 06:30:00,752.0499999999998
2016-01-15 06:40:00,752.1333333333331
2016-01-15 06:50:00,752.216666666667
2016-01-15 07:00:00,752.2999999999998
2016-01-15 07:10:00,752.3833333333331
2016-01-15 07:20:00,752.466666666667
2016-01-15 07:30:00,752.5499999999998
2016-01-15 07:40:00,752.6333333333331
2016-01-15 07:50:00,752.716666666667
2016-01-15 08:00:00,752.7999999999998
2016-01-15 08:10:00,752.866666666667
2016-01-15 08:20:00,752.9333333333329
2016-01-15 08:30:00,753.0
2016-01-15 08:40:00,753.0666666666668
2016-01-15 08:50:00,753.1333333333331
2016-01-15 09:00:00,753.2
2016-01-15 09:10:00,753.283333333333
2016-01-15 09:20:00,753.366666666667
2016-01-15 09:30:00,753.45
2016-01-15 09:40:00,753.533333333333
2016-01-15 09:50:00,753.616666666667
2016-01-15 10:00:00,753.7
2016-01-15 10:10:00,753.7999999999998
2016-01-15 10:20:00,753.9
2016-01-15 10:30:00,754.0
2016-01-15 10:40:00,754.1
2016-01-15 10:50:00,754.2
2016-01-15 11:00:00,754.2999999999998
2016-01-15 11:10:00,754.366666666667
2016-01-15 11:20:00,754.4333333333329
2016-01-15 11:30:00,754.5
2016-01-15 11:40:00,754.5666666666668
2016-01-15 11:50:00,754.6333333333331
2016-01-15 12:00:00,754.7
2016-01-15 12:10:00,754.75
2016-01-15 12:20:00,754.7999999999998
2016-01-15 12:30:00,754.85
2016-01-15 12:40:00,754.9
2016-01-15 12:50:00,754.95
2016-01-15 13:00:00,755.0
2016-01-15 13:10:00,755.0
2016-01-15 13:20:00,755.0
2016-01-15 13:30:00,755.0
2016-01-15 13:40:00,755.0
2016-01-15 13:50:00,755.0
2016-01-15 14:00:00,755.0
2016-01-15 14:10:00,755.0499999999998
2016-01-15 14:20:00,755.1
2016-01-15 14:30:00,755.15
2016-01-15 14:40:00,755.2
2016-01-15 14:50:00,755.25
2016-01-15 15:00:00,755.2999999999998
2016-01-15 15:10:00,755.45
2016-01-15 15:20:00,755.6
2016-01-15 15:30:00,755.75
2016-01-15 15:40:00,755.9
2016-01-15 15:50:00,756.0499999999998
2016-01-15 16:00:00,756.2
2016-01-15 16:10:00,756.266666666667
2016-01-15 16:20:00,756.3333333333329
2016-01-15 16:30:00,756.4
2016-01-15 16:40:00,756.466666666667
2016-01-15 16:50:00,756.533333333333
2016-01-15 17:00:00,756.6
2016-01-15 17:10:00,756.716666666667
2016-01-15 17:20:00,756.8333333333329
2016-01-15 17:30:00,756.95
2016-01-15 17:40:00,757.0666666666668
2016-01-15 17:50:00,757.1833333333329
2016-01-15 18:00:00,757.2999999999998
2016-01-15 18:10:00,757.4166666666669
2016-01-15 18:20:00,757.533333333333
2016-01-15 18:30:00,757.65
2016-01-15 18:40:00,757.766666666667
2016-01-15 18:50:00,757.8833333333331
2016-01-15 19:00:00,758.0
2016-01-15 19:10:00,758.1333333333331
2016-01-15 19:20:00,758.266666666667
2016-01-15 19:30:00,758.4
2016-01-15 19:40:00,758.533333333333
2016-01-15 19:50:00,758.6666666666669
2016-01-15 20:00:00,758.7999999999998
2016-01-15 20:10:00,758.8833333333331
2016-01-15 20:20:00,758.966666666667
2016-01-15 20:30:00,759.0499999999998
2016-01-15 20:40:00,759.1333333333331
2016-01-15 20:50:00,759.216666666667
2016-01-15 21:00:00,759.2999999999998
2016-01-15 21:10:00,759.4166666666669
2016-01-15 21:20:00,759.533333333333
2016-01-15 21:30:00,759.65
2016-01-15 21:40:00,759.766666666667
2016-01-15 21:50:00,759.8833333333331
2016-01-15 22:00:00,760.0
2016-01-15 22:10:00,760.1
2016-01-15 22:20:00,760.2
2016-01-15 22:30:00,760.2999999999998
2016-01-15 22:40:00,760.4
2016-01-15 22:50:00,760.5
2016-01-15 23:00:00,760.6
2016-01-15 23:10:00,760.6833333333329
2016-01-15 23:20:00,760.766666666667
2016-01-15 23:30:00,760.85
2016-01-15 23:40:00,760.9333333333329
2016-01-15 23:50:00,761.016666666667
2016-01-16 00:00:00,761.1
2016-01-16 00:10:00,761.158333333333
2016-01-16 00:20:00,761.216666666667
2016-01-16 00:30:00,761.275
2016-01-16 00:40:00,761.3333333333329
2016-01-16 00:50:00,761.391666666667
2016-01-16 01:00:00,761.45
2016-01-16 01:10:00,761.5083333333331
2016-01-16 01:20:00,761.5666666666668
2016-01-16 01:30:00,761.625
2016-01-16 01:40:00,761.6833333333329
2016-01-16 01:50:00,761.741666666667
2016-01-16 02:00:00,761.7999999999998
2016-01-16 02:10:00,761.866666666667
2016-01-16 02:20:00,761.9333333333329
2016-01-16 02:30:00,762.0
2016-01-16 02:40:00,762.0666666666668
2016-01-16 02:50:00,762.1333333333331
2016-01-16 03:00:00,762.2
2016-01-16 03:10:00,762.216666666667
2016-01-16 03:20:00,762.233333333333
2016-01-16 03:30:00,762.25
2016-01-16 03:40:00,762.266666666667
2016-01-16 03:50:00,762.283333333333
2016-01-16 04:00:00,762.2999999999998
2016-01-16 04:10:00,762.35
2016-01-16 04:20:00,762.4
2016-01-16 04:30:00,762.45
2016-01-16 04:40:00,762.5
2016-01-16 04:50:00,762.5499999999998
2016-01-16 05:00:00,762.6
2016-01-16 05:10:00,762.5499999999998
2016-01-16 05:20:00,762.5
2016-01-16 05:30:00,762.45
2016-01-16 05:40:00,762.4
2016-01-16 05:50:00,762.35
2016-01-16 06:00:00,762.2999999999998
2016-01-16 06:10:00,762.3166666666668
2016-01-16 06:20:00,762.3333333333329
2016-01-16 06:30:00,762.35
2016-01-16 06:40:00,762.366666666667
2016-01-16 06:50:00,762.3833333333331
2016-01-16 07:00:00,762.4
2016-01-16 07:10:00,762.4166666666669
2016-01-16 07:20:00,762.4333333333329
2016-01-16 07:30:00,762.45
2016-01-16 07:40:00,762.466666666667
2016-01-16 07:50:00,762.483333333333
2016-01-16 08:00:00,762.5
2016-01-16 08:10:00,762.5499999999998
2016-01-16 08:20:00,762.6
2016-01-16 08:30:00,762.65
2016-01-16 08:40:00,762.7
2016-01-16 08:50:00,762.75
2016-01-16 09:00:00,762.7999999999998
2016-01-16 09:10:00,762.8833333333331
2016-01-16 09:20:00,762.966666666667
2016-01-16 09:30:00,763.0499999999998
2016-01-16 09:40:00,763.1333333333331
2016-01-16 09:50:00,763.216666666667
2016-01-16 10:00:00,763.2999999999998
2016-01-16 10:10:00,763.3166666666668
2016-01-16 10:20:00,763.3333333333329
2016-01-16 10:30:00,763.35
2016-01-16 10:40:00,763.366666666667
2016-01-16 10:50:00,763.3833333333331
2016-01-16 11:00:00,763.4
2016-01-16 11:10:00,763.483333333333
2016-01-16 11:20:00,763.5666666666668
2016-01-16 11:30:00,763.65
2016-01-16 11:40:00,763.733333333333
2016-01-16 11:50:00,763.8166666666668
2016-01-16 12:00:00,763.9
2016-01-16 12:10:00,763.866666666667
2016-01-16 12:20:00,763.8333333333329
2016-01-16 12:30:00,763.7999999999998
2016-01-16 12:40:00,763.766666666667
2016-01-16 12:50:00,763.733333333333
2016-01-16 13:00:00,763.7
2016-01-16 13:10:00,763.7
2016-01-16 13:20:00,763.7
2016-01-16 13:30:00,763.7
2016-01-16 13:40:00,763.7
2016-01-16 13:50:00,763.7
2016-01-16 14:00:00,763.7
2016-01-16 14:10:00,763.7
2016-01-16 14:20:00,763.7
2016-01-16 14:30:00,763.7
2016-01-16 14:40:00,763.7
2016-01-16 14:50:00,763.7
2016-01-16 15:00:00,763.7
2016-01-16 15:10:00,763.8833333333331
2016-01-16 15:20:00,764.0666666666668
2016-01-16 15:30:00,764.25
2016-01-16 15:40:00,764.4333333333329
2016-01-16 15:50:00,764.616666666667
2016-01-16 16:00:00,764.7999999999998
2016-01-16 16:10:00,764.733333333333
2016-01-16 16:20:00,764.6666666666669
2016-01-16 16:30:00,764.6
2016-01-16 16:40:00,764.533333333333
2016-01-16 16:50:00,764.466666666667
2016-01-16 17:00:00,764.4
2016-01-16 17:10:00,764.45
2016-01-16 17:20:00,764.5
2016-01-16 17:30:00,764.5499999999998
2016-01-16 17:40:00,764.6
2016-01-16 17:50:00,764.65
2016-01-16 18:00:00,764.7
2016-01-16 18:10:00,764.766666666667
2016-01-16 18:20:00,764.8333333333329
2016-01-16 18:30:00,764.9
2016-01-16 18:40:00,764.966666666667
2016-01-16 18:50:00,765.033333333333
2016-01-16 19:00:00,765.1
2016-01-16 19:10:00,765.0666666666668
2016-01-16 19:20:00,765.033333333333
2016-01-16 19:30:00,765.0
2016-01-16 19:40:00,764.966666666667
2016-01-16 19:50:00,764.9333333333329
2016-01-16 20:00:00,764.9
2016-01-16 20:10:00,764.9333333333329
2016-01-16 20:20:00,764.966666666667
2016-01-16 20:30:00,765.0
2016-01-16 20:40:00,765.033333333333
2016-01-16 20:50:00,765.0666666666668
2016-01-16 21:00:00,765.1
2016-01-16 21:10:00,765.0499999999998
2016-01-16 21:20:00,765.0
2016-01-16 21:30:00,764.95
2016-01-16 21:40:00,764.9
2016-01-16 21:50:00,764.85
2016-01-16 22:00:00,764.7999999999998
2016-01-16 22:10:00,764.75
2016-01-16 22:20:00,764.7
2016-01-16 22:30:00,764.65
2016-01-16 22:40:00,764.6
2016-01-16 22:50:00,764.5499999999998
2016-01-16 23:00:00,764.5
2016-01-16 23:10:00,764.5
2016-01-16 23:20:00,764.5
2016-01-16 23:30:00,764.5
2016-01-16 23:40:00,764.5
2016-01-16 23:50:00,764.5
2016-01-17 00:00:00,764.5
2016-01-17 00:10:00,764.5
2016-01-17 00:20:00,764.5
2016-01-17 00:30:00,764.5
2016-01-17 00:40:00,764.5
2016-01-17 00:50:00,764.5
2016-01-17 01:00:00,764.5
2016-01-17 01:10:00,764.5499999999998
2016-01-17 01:20:00,764.6
2016-01-17 01:30:00,764.65
2016-01-17 01:40:00,764.7
2016-01-17 01:50:00,764.75
2016-01-17 02:00:00,764.7999999999998
2016-01-17 02:10:00,764.75
2016-01-17 02:20:00,764.7
2016-01-17 02:30:00,764.65
2016-01-17 02:40:00,764.6
2016-01-17 02:50:00,764.5499999999998
2016-01-17 03:00:00,764.5
2016-01-17 03:10:00,764.466666666667
2016-01-17 03:20:00,764.4333333333329
2016-01-17 03:30:00,764.4
2016-01-17 03:40:00,764.366666666667
2016-01-17 03:50:00,764.3333333333329
2016-01-17 04:00:00,764.2999999999998
2016-01-17 04:10:00,764.266666666667
2016-01-17 04:20:00,764.233333333333
2016-01-17 04:30:00,764.2
2016-01-17 04:40:00,764.1666666666669
2016-01-17 04:50:00,764.1333333333331
2016-01-17 05:00:00,764.1
2016-01-17 05:10:00,764.1
2016-01-17 05:20:00,764.1
2016-01-17 05:30:00,764.1
2016-01-17 05:40:00,764.1
2016-01-17 05:50:00,764.1
2016-01-17 06:00:00,764.1
2016-01-17 06:10:00,764.1333333333331
2016-01-17 06:20:00,764.1666666666669
2016-01-17 06:30:00,764.2
2016-01-17 06:40:00,764.233333333333
2016-01-17 06:50:00,764.266666666667
2016-01-17 07:00:00,764.2999999999998
2016-01-17 07:10:00,764.366666666667
2016-01-17 07:20:00,764.4333333333329
2016-01-17 07:30:00,764.5
2016-01-17 07:40:00,764.5666666666668
2016-01-17 07:50:00,764.6333333333331
2016-01-17 08:00:00,764.7
2016-01-17 08:10:00,764.716666666667
2016-01-17 08:20:00,764.733333333333
2016-01-17 08:30:00,764.75
2016-01-17 08:40:00,764.766666666667
2016-01-17 08:50:00,764.783333333333
2016-01-17 09:00:00,764.7999999999998
2016-01-17 09:10:00,764.85
2016-01-17 09:20:00,764.9
2016-01-17 09:30:00,764.95
2016-01-17 09:40:00,765.0
2016-01-17 09:50:00,765.0499999999998
2016-01-17 10:00:00,765.1
2016-01-17 10:10:00,765.15
2016-01-17 10:20:00,765.2
2016-01-17 10:30:00,765.25
2016-01-17 10:40:00,765.2999999999998
2016-01-17 10:50:00,765.35
2016-01-17 11:00:00,765.4
2016-01-17 11:10:00,765.4333333333329
2016-01-17 11:20:00,765.466666666667
2016-01-17 11:30:00,765.5
2016-01-17 11:40:00,765.533333333333
2016-01-17 11:50:00,765.5666666666668
2016-01-17 12:00:00,765.6
2016-01-17 12:10:00,765.5833333333329
2016-01-17 12:20:00,765.5666666666668
2016-01-17 12:30:00,765.5499999999998
2016-01-17 12:40:00,765.533333333333
2016-01-17 12:50:00,765.516666666667
2016-01-17 13:00:00,765.5
2016-01-17 13:10:00,765.483333333333
2016-01-17 13:20:00,765.466666666667
2016-01-17 13:30:00,765.45
2016-01-17 13:40:00,765.4333333333329
2016-01-17 13:50:00,765.4166666666669
2016-01-17 14:00:00,765.4
2016-01-17 14:10:00,765.366666666667
2016-01-17 14:20:00,765.3333333333329
2016-01-17 14:30:00,765.2999999999998
2016-01-17 14:40:00,765.266666666667
2016-01-17 14:50:00,765.233333333333
2016-01-17 15:00:00,765.2
2016-01-17 15:10:00,765.1833333333329
2016-01-17 15:20:00,765.1666666666669
2016-01-17 15:30:00,765.15
2016-01-17 15:40:00,765.1333333333331
2016-01-17 15:50:00,765.116666666667
2016-01-17 16:00:00,765.1
2016-01-17 16:10:00,765.0666666666668
2016-01-17 16:20:00,765.033333333333
2016-01-17 16:30:00,765.0
2016-01-17 16:40:00,764.966666666667
2016-01-17 16:50:00,764.9333333333329
2016-01-17 17:00:00,764.9
2016-01-17 17:10:00,764.8833333333331
2016-01-17 17:20:00,764.866666666667
2016-01-17 17:30:00,764.85
2016-01-17 17:40:00,764.8333333333329
2016-01-17 17:50:00,764.8166666666668
2016-01-17 18:00:00,764.7999999999998
2016-01-17 18:10:00,764.7999999999998
2016-01-17 18:20:00,764.7999999999998
2016-01-17 18:30:00,764.7999999999998
2016-01-17 18:40:00,764.7999999999998
2016-01-17 18:50:00,764.7999999999998
2016-01-17 19:00:00,764.7999999999998
2016-01-17 19:10:00,764.7999999999998
2016-01-17 19:20:00,764.7999999999998
2016-01-17 19:30:00,764.7999999999998
2016-01-17 19:40:00,764.7999999999998
2016-01-17 19:50:00,764.7999999999998
2016-01-17 20:00:00,764.7999999999998
2016-01-17 20:10:00,764.75
2016-01-17 20:20:00,764.7
2016-01-17 20:30:00,764.65
2016-01-17 20:40:00,764.6
2016-01-17 20:50:00,764.5499999999998
2016-01-17 21:00:00,764.5
2016-01-17 21:10:00,764.483333333333
2016-01-17 21:20:00,764.466666666667
2016-01-17 21:30:00,764.45
2016-01-17 21:40:00,764.4333333333329
2016-01-17 21:50:00,764.4166666666669
2016-01-17 22:00:00,764.4
2016-01-17 22:10:00,764.35
2016-01-17 22:20:00,764.2999999999998
2016-01-17 22:30:00,764.25
2016-01-17 22:40:00,764.2
2016-01-17 22:50:00,764.15
2016-01-17 23:00:00,764.1
2016-01-17 23:10:00,764.033333333333
2016-01-17 23:20:00,763.966666666667
2016-01-17 23:30:00,763.9
2016-01-17 23:40:00,763.8333333333329
2016-01-17 23:50:00,763.766666666667
2016-01-18 00:00:00,763.7
2016-01-18 00:10:00,763.5833333333329
2016-01-18 00:20:00,763.466666666667
2016-01-18 00:30:00,763.35
2016-01-18 00:40:00,763.233333333333
2016-01-18 00:50:00,763.116666666667
2016-01-18 01:00:00,763.0
2016-01-18 01:10:00,762.9166666666669
2016-01-18 01:20:00,762.8333333333329
2016-01-18 01:30:00,762.75
2016-01-18 01:40:00,762.6666666666669
2016-01-18 01:50:00,762.5833333333329
2016-01-18 02:00:00,762.5
2016-01-18 02:10:00,762.4
2016-01-18 02:20:00,762.2999999999998
2016-01-18 02:30:00,762.2
2016-01-18 02:40:00,762.1
2016-01-18 02:50:00,762.0
2016-01-18 03:00:00,761.9
2016-01-18 03:10:00,761.8166666666668
2016-01-18 03:20:00,761.733333333333
2016-01-18 03:30:00,761.65
2016-01-18 03:40:00,761.5666666666668
2016-01-18 03:50:00,761.483333333333
2016-01-18 04:00:00,761.4
2016-01-18 04:10:00,761.2999999999998
2016-01-18 04:20:00,761.2
2016-01-18 04:30:00,761.1
2016-01-18 04:40:00,761.0
2016-01-18 04:50:00,760.9
2016-01-18 05:00:00,760.7999999999998
2016-01-18 05:10:00,760.716666666667
2016-01-18 05:20:00,760.6333333333331
2016-01-18 05:30:00,760.5499999999998
2016-01-18 05:40:00,760.466666666667
2016-01-18 05:50:00,760.3833333333331
2016-01-18 06:00:00,760.2999999999998
2016-01-18 06:10:00,760.25
2016-01-18 06:20:00,760.2
2016-01-18 06:30:00,760.15
2016-01-18 06:40:00,760.1
2016-01-18 06:50:00,760.0499999999998
2016-01-18 07:00:00,760.0
2016-01-18 07:10:00,759.966666666667
2016-01-18 07:20:00,759.9333333333329
2016-01-18 07:30:00,759.9
2016-01-18 07:40:00,759.866666666667
2016-01-18 07:50:00,759.8333333333329
2016-01-18 08:00:00,759.7999999999998
2016-01-18 08:10:00,759.766666666667
2016-01-18 08:20:00,759.733333333333
2016-01-18 08:30:00,759.7
2016-01-18 08:40:00,759.6666666666669
2016-01-18 08:50:00,759.6333333333331
2016-01-18 09:00:00,759.6
2016-01-18 09:10:00,759.5499999999998
2016-01-18 09:20:00,759.5
2016-01-18 09:30:00,759.45
2016-01-18 09:40:00,759.4
2016-01-18 09:50:00,759.35
2016-01-18 10:00:00,759.2999999999998
2016-01-18 10:10:00,759.233333333333
2016-01-18 10:20:00,759.1666666666669
2016-01-18 10:30:00,759.1
2016-01-18 10:40:00,759.033333333333
2016-01-18 10:50:00,758.966666666667
2016-01-18 11:00:00,758.9
2016-01-18 11:10:00,758.8166666666668
2016-01-18 11:20:00,758.733333333333
2016-01-18 11:30:00,758.65
2016-01-18 11:40:00,758.5666666666668
2016-01-18 11:50:00,758.483333333333
2016-01-18 12:00:00,758.4
2016-01-18 12:10:00,758.2999999999998
2016-01-18 12:20:00,758.2
2016-01-18 12:30:00,758.1
2016-01-18 12:40:00,758.0
2016-01-18 12:50:00,757.9
2016-01-18 13:00:00,757.7999999999998
2016-01-18 13:10:00,757.716666666667
2016-01-18 13:20:00,757.6333333333331
2016-01-18 13:30:00,757.5499999999998
2016-01-18 13:40:00,757.466666666667
2016-01-18 13:50:00,757.3833333333331
2016-01-18 14:00:00,757.2999999999998
2016-01-18 14:10:00,757.25
2016-01-18 14:20:00,757.2
2016-01-18 14:30:00,757.15
2016-01-18 14:40:00,757.1
2016-01-18 14:50:00,757.0499999999998
2016-01-18 15:00:00,757.0
2016-01-18 15:10:00,756.966666666667
2016-01-18 15:20:00,756.9333333333329
2016-01-18 15:30:00,756.9
2016-01-18 15:40:00,756.866666666667
2016-01-18 15:50:00,756.8333333333329
2016-01-18 16:00:00,756.7999999999998
2016-01-18 16:10:00,756.766666666667
2016-01-18 16:20:00,756.733333333333
2016-01-18 16:30:00,756.7
2016-01-18 16:40:00,756.6666666666669
2016-01-18 16:50:00,756.6333333333331
2016-01-18 17:00:00,756.6
2016-01-18 17:10:00,756.6
2016-01-18 17:20:00,756.6
2016-01-18 17:30:00,756.6
2016-01-18 17:40:00,756.6
2016-01-18 17:50:00,756.6
2016-01-18 18:00:00,756.6
2016-01-18 18:10:00,756.6
2016-01-18 18:20:00,756.6
2016-01-18 18:30:00,756.6
2016-01-18 18:40:00,756.6
2016-01-18 18:50:00,756.6
2016-01-18 19:00:00,756.6
2016-01-18 19:10:00,756.65
2016-01-18 19:20:00,756.7
2016-01-18 19:30:00,756.75
2016-01-18 19:40:00,756.7999999999998
2016-01-18 19:50:00,756.85
2016-01-18 20:00:00,756.9
2016-01-18 20:10:00,756.8833333333331
2016-01-18 20:20:00,756.866666666667
2016-01-18 20:30:00,756.85
2016-01-18 20:40:00,756.8333333333329
2016-01-18 20:50:00,756.8166666666668
2016-01-18 21:00:00,756.7999999999998
2016-01-18 21:10:00,756.766666666667
2016-01-18 21:20:00,756.733333333333
2016-01-18 21:30:00,756.7
2016-01-18 21:40:00,756.6666666666669
2016-01-18 21:50:00,756.6333333333331
2016-01-18 22:00:00,756.6
2016-01-18 22:10:00,756.6
2016-01-18 22:20:00,756.6
2016-01-18 22:30:00,756.6
2016-01-18 22:40:00,756.6
2016-01-18 22:50:00,756.6
2016-01-18 23:00:00,756.6
2016-01-18 23:10:00,756.6
2016-01-18 23:20:00,756.6
2016-01-18 23:30:00,756.6
2016-01-18 23:40:00,756.6
2016-01-18 23:50:00,756.6
2016-01-19 00:00:00,756.6
2016-01-19 00:10:00,756.6
2016-01-19 00:20:00,756.6
2016-01-19 00:30:00,756.6
2016-01-19 00:40:00,756.6
2016-01-19 00:50:00,756.6
2016-01-19 01:00:00,756.6
2016-01-19 01:10:00,756.533333333333
2016-01-19 01:20:00,756.466666666667
2016-01-19 01:30:00,756.4
2016-01-19 01:40:00,756.3333333333329
2016-01-19 01:50:00,756.266666666667
2016-01-19 02:00:00,756.2
2016-01-19 02:10:00,756.25
2016-01-19 02:20:00,756.2999999999998
2016-01-19 02:30:00,756.35
2016-01-19 02:40:00,756.4
2016-01-19 02:50:00,756.45
2016-01-19 03:00:00,756.5
2016-01-19 03:10:00,756.45
2016-01-19 03:20:00,756.4
2016-01-19 03:30:00,756.35
2016-01-19 03:40:00,756.2999999999998
2016-01-19 03:50:00,756.25
2016-01-19 04:00:00,756.2
2016-01-19 04:10:00,756.216666666667
2016-01-19 04:20:00,756.233333333333
2016-01-19 04:30:00,756.25
2016-01-19 04:40:00,756.266666666667
2016-01-19 04:50:00,756.283333333333
2016-01-19 05:00:00,756.2999999999998
2016-01-19 05:10:00,756.3166666666668
2016-01-19 05:20:00,756.3333333333329
2016-01-19 05:30:00,756.35
2016-01-19 05:40:00,756.366666666667
2016-01-19 05:50:00,756.3833333333331
2016-01-19 06:00:00,756.4
2016-01-19 06:10:00,756.4166666666669
2016-01-19 06:20:00,756.4333333333329
2016-01-19 06:30:00,756.45
2016-01-19 06:40:00,756.466666666667
2016-01-19 06:50:00,756.483333333333
2016-01-19 07:00:00,756.5
2016-01-19 07:10:00,756.5499999999998
2016-01-19 07:20:00,756.6
2016-01-19 07:30:00,756.65
2016-01-19 07:40:00,756.7
2016-01-19 07:50:00,756.75
2016-01-19 08:00:00,756.7999999999998
2016-01-19 08:10:00,756.866666666667
2016-01-19 08:20:00,756.9333333333329
2016-01-19 08:30:00,757.0
2016-01-19 08:40:00,757.0666666666668
2016-01-19 08:50:00,757.1333333333331
2016-01-19 09:00:00,757.2
2016-01-19 09:10:00,757.216666666667
2016-01-19 09:20:00,757.233333333333
2016-01-19 09:30:00,757.25
2016-01-19 09:40:00,757.266666666667
2016-01-19 09:50:00,757.283333333333
2016-01-19 10:00:00,757.2999999999998
2016-01-19 10:10:00,757.3166666666668
2016-01-19 10:20:00,757.3333333333329
2016-01-19 10:30:00,757.35
2016-01-19 10:40:00,757.366666666667
2016-01-19 10:50:00,757.3833333333331
2016-01-19 11:00:00,757.4
2016-01-19 11:10:00,757.4333333333329
2016-01-19 11:20:00,757.466666666667
2016-01-19 11:30:00,757.5
2016-01-19 11:40:00,757.533333333333
2016-01-19 11:50:00,757.5666666666668
2016-01-19 12:00:00,757.6
2016-01-19 12:10:00,757.6
2016-01-19 12:20:00,757.6
2016-01-19 12:30:00,757.6
2016-01-19 12:40:00,757.6
2016-01-19 12:50:00,757.6
2016-01-19 13:00:00,757.6
2016-01-19 13:10:00,757.5499999999998
2016-01-19 13:20:00,757.5
2016-01-19 13:30:00,757.45
2016-01-19 13:40:00,757.4
2016-01-19 13:50:00,757.35
2016-01-19 14:00:00,757.2999999999998
2016-01-19 14:10:00,757.283333333333
2016-01-19 14:20:00,757.266666666667
2016-01-19 14:30:00,757.25
2016-01-19 14:40:00,757.233333333333
2016-01-19 14:50:00,757.216666666667
2016-01-19 15:00:00,757.2
2016-01-19 15:10:00,757.216666666667
2016-01-19 15:20:00,757.233333333333
2016-01-19 15:30:00,757.25
2016-01-19 15:40:00,757.266666666667
2016-01-19 15:50:00,757.283333333333
2016-01-19 16:00:00,757.2999999999998
2016-01-19 16:10:00,757.3166666666668
2016-01-19 16:20:00,757.3333333333329
2016-01-19 16:30:00,757.35
2016-01-19 16:40:00,757.366666666667
2016-01-19 16:50:00,757.3833333333331
2016-01-19 17:00:00,757.4
2016-01-19 17:10:00,757.45
2016-01-19 17:20:00,757.5
2016-01-19 17:30:00,757.5499999999998
2016-01-19 17:40:00,757.6
2016-01-19 17:50:00,757.65
2016-01-19 18:00:00,757.7
2016-01-19 18:10:00,757.733333333333
2016-01-19 18:20:00,757.766666666667
2016-01-19 18:30:00,757.7999999999998
2016-01-19 18:40:00,757.8333333333329
2016-01-19 18:50:00,757.866666666667
2016-01-19 19:00:00,757.9
2016-01-19 19:10:00,757.95
2016-01-19 19:20:00,758.0
2016-01-19 19:30:00,758.0499999999998
2016-01-19 19:40:00,758.1
2016-01-19 19:50:00,758.15
2016-01-19 20:00:00,758.2
2016-01-19 20:10:00,758.2
2016-01-19 20:20:00,758.2
2016-01-19 20:30:00,758.2
2016-01-19 20:40:00,758.2
2016-01-19 20:50:00,758.2
2016-01-19 21:00:00,758.2
2016-01-19 21:10:00,758.2
2016-01-19 21:20:00,758.2
2016-01-19 21:30:00,758.2
2016-01-19 21:40:00,758.2
2016-01-19 21:50:00,758.2
2016-01-19 22:00:00,758.2
2016-01-19 22:10:00,758.25
2016-01-19 22:20:00,758.2999999999998
2016-01-19 22:30:00,758.35
2016-01-19 22:40:00,758.4
2016-01-19 22:50:00,758.45
2016-01-19 23:00:00,758.5
2016-01-19 23:10:00,758.5499999999998
2016-01-19 23:20:00,758.6
2016-01-19 23:30:00,758.65
2016-01-19 23:40:00,758.7
2016-01-19 23:50:00,758.75
2016-01-20 00:00:00,758.7999999999998
2016-01-20 00:10:00,758.783333333333
2016-01-20 00:20:00,758.766666666667
2016-01-20 00:30:00,758.75
2016-01-20 00:40:00,758.733333333333
2016-01-20 00:50:00,758.716666666667
2016-01-20 01:00:00,758.7
2016-01-20 01:10:00,758.711111111111
2016-01-20 01:20:00,758.722222222222
2016-01-20 01:30:00,758.733333333333
2016-01-20 01:40:00,758.7444444444451
2016-01-20 01:50:00,758.755555555556
2016-01-20 02:00:00,758.766666666667
2016-01-20 02:10:00,758.7777777777779
2016-01-20 02:20:00,758.788888888889
2016-01-20 02:30:00,758.7999999999998
2016-01-20 02:40:00,758.811111111111
2016-01-20 02:50:00,758.822222222222
2016-01-20 03:00:00,758.8333333333329
2016-01-20 03:10:00,758.8444444444439
2016-01-20 03:20:00,758.855555555555
2016-01-20 03:30:00,758.866666666667
2016-01-20 03:40:00,758.877777777778
2016-01-20 03:50:00,758.8888888888889
2016-01-20 04:00:00,758.9
2016-01-20 04:10:00,758.9333333333329
2016-01-20 04:20:00,758.966666666667
2016-01-20 04:30:00,759.0
2016-01-20 04:40:00,759.033333333333
2016-01-20 04:50:00,759.0666666666668
2016-01-20 05:00:00,759.1
2016-01-20 05:10:00,759.0666666666668
2016-01-20 05:20:00,759.033333333333
2016-01-20 05:30:00,759.0
2016-01-20 05:40:00,758.966666666667
2016-01-20 05:50:00,758.9333333333329
2016-01-20 06:00:00,758.9
2016-01-20 06:10:00,758.9
2016-01-20 06:20:00,758.9
2016-01-20 06:30:00,758.9
2016-01-20 06:40:00,758.9
2016-01-20 06:50:00,758.9
2016-01-20 07:00:00,758.9
2016-01-20 07:10:00,758.95
2016-01-20 07:20:00,759.0
2016-01-20 07:30:00,759.0499999999998
2016-01-20 07:40:00,759.1
2016-01-20 07:50:00,759.15
2016-01-20 08:00:00,759.2
2016-01-20 08:10:00,759.2999999999998
2016-01-20 08:20:00,759.4
2016-01-20 08:30:00,759.5
2016-01-20 08:40:00,759.6
2016-01-20 08:50:00,759.7
2016-01-20 09:00:00,759.7999999999998
2016-01-20 09:10:00,759.8333333333329
2016-01-20 09:20:00,759.866666666667
2016-01-20 09:30:00,759.9
2016-01-20 09:40:00,759.9333333333329
2016-01-20 09:50:00,759.966666666667
2016-01-20 10:00:00,760.0
2016-01-20 10:10:00,760.1
2016-01-20 10:20:00,760.2
2016-01-20 10:30:00,760.2999999999998
2016-01-20 10:40:00,760.4
2016-01-20 10:50:00,760.5
2016-01-20 11:00:00,760.6
2016-01-20 11:10:00,760.6
2016-01-20 11:20:00,760.6
2016-01-20 11:30:00,760.6
2016-01-20 11:40:00,760.6
2016-01-20 11:50:00,760.6
2016-01-20 12:00:00,760.6
2016-01-20 12:10:00,760.6
2016-01-20 12:20:00,760.6
2016-01-20 12:30:00,760.6
2016-01-20 12:40:00,760.6
2016-01-20 12:50:00,760.6
2016-01-20 13:00:00,760.6
2016-01-20 13:10:00,760.5499999999998
2016-01-20 13:20:00,760.5
2016-01-20 13:30:00,760.45
2016-01-20 13:40:00,760.4
2016-01-20 13:50:00,760.35
2016-01-20 14:00:00,760.2999999999998
2016-01-20 14:10:00,760.2999999999998
2016-01-20 14:20:00,760.2999999999998
2016-01-20 14:30:00,760.2999999999998
2016-01-20 14:40:00,760.2999999999998
2016-01-20 14:50:00,760.2999999999998
2016-01-20 15:00:00,760.2999999999998
2016-01-20 15:10:00,760.2999999999998
2016-01-20 15:20:00,760.2999999999998
2016-01-20 15:30:00,760.2999999999998
2016-01-20 15:40:00,760.2999999999998
2016-01-20 15:50:00,760.2999999999998
2016-01-20 16:00:00,760.2999999999998
2016-01-20 16:10:00,760.2999999999998
2016-01-20 16:20:00,760.2999999999998
2016-01-20 16:30:00,760.2999999999998
2016-01-20 16:40:00,760.2999999999998
2016-01-20 16:50:00,760.2999999999998
2016-01-20 17:00:00,760.2999999999998
2016-01-20 17:10:00,760.366666666667
2016-01-20 17:20:00,760.4333333333329
2016-01-20 17:30:00,760.5
2016-01-20 17:40:00,760.5666666666668
2016-01-20 17:50:00,760.6333333333331
2016-01-20 18:00:00,760.7
2016-01-20 18:10:00,760.7
2016-01-20 18:20:00,760.7
2016-01-20 18:30:00,760.7
2016-01-20 18:40:00,760.7
2016-01-20 18:50:00,760.7
2016-01-20 19:00:00,760.7
2016-01-20 19:10:00,760.783333333333
2016-01-20 19:20:00,760.866666666667
2016-01-20 19:30:00,760.95
2016-01-20 19:40:00,761.033333333333
2016-01-20 19:50:00,761.116666666667
2016-01-20 20:00:00,761.2
2016-01-20 20:10:00,761.25
2016-01-20 20:20:00,761.2999999999998
2016-01-20 20:30:00,761.35
2016-01-20 20:40:00,761.4
2016-01-20 20:50:00,761.45
2016-01-20 21:00:00,761.5
2016-01-20 21:10:00,761.5
2016-01-20 21:20:00,761.5
2016-01-20 21:30:00,761.5
2016-01-20 21:40:00,761.5
2016-01-20 21:50:00,761.5
2016-01-20 22:00:00,761.5
2016-01-20 22:10:00,761.5499999999998
2016-01-20 22:20:00,761.6
2016-01-20 22:30:00,761.65
2016-01-20 22:40:00,761.7
2016-01-20 22:50:00,761.75
2016-01-20 23:00:00,761.7999999999998
2016-01-20 23:10:00,761.7999999999998
2016-01-20 23:20:00,761.7999999999998
2016-01-20 23:30:00,761.7999999999998
2016-01-20 23:40:00,761.7999999999998
2016-01-20 23:50:00,761.7999999999998
2016-01-21 00:00:00,761.7999999999998
2016-01-21 00:10:00,761.866666666667
2016-01-21 00:20:00,761.9333333333329
2016-01-21 00:30:00,762.0
2016-01-21 00:40:00,762.0666666666668
2016-01-21 00:50:00,762.1333333333331
2016-01-21 01:00:00,762.2
2016-01-21 01:10:00,762.2
2016-01-21 01:20:00,762.2
2016-01-21 01:30:00,762.2
2016-01-21 01:40:00,762.2
2016-01-21 01:50:00,762.2
2016-01-21 02:00:00,762.2
2016-01-21 02:10:00,762.216666666667
2016-01-21 02:20:00,762.233333333333
2016-01-21 02:30:00,762.25
2016-01-21 02:40:00,762.266666666667
2016-01-21 02:50:00,762.283333333333
2016-01-21 03:00:00,762.2999999999998
2016-01-21 03:10:00,762.283333333333
2016-01-21 03:20:00,762.266666666667
2016-01-21 03:30:00,762.25
2016-01-21 03:40:00,762.233333333333
2016-01-21 03:50:00,762.216666666667
2016-01-21 04:00:00,762.2
2016-01-21 04:10:00,762.233333333333
2016-01-21 04:20:00,762.266666666667
2016-01-21 04:30:00,762.2999999999998
2016-01-21 04:40:00,762.3333333333329
2016-01-21 04:50:00,762.366666666667
2016-01-21 05:00:00,762.4
2016-01-21 05:10:00,762.45
2016-01-21 05:20:00,762.5
2016-01-21 05:30:00,762.5499999999998
2016-01-21 05:40:00,762.6
2016-01-21 05:50:00,762.65
2016-01-21 06:00:00,762.7
2016-01-21 06:10:00,762.7
2016-01-21 06:20:00,762.7
2016-01-21 06:30:00,762.7
2016-01-21 06:40:00,762.7
2016-01-21 06:50:00,762.7
2016-01-21 07:00:00,762.7
2016-01-21 07:10:00,762.7999999999998
2016-01-21 07:20:00,762.9
2016-01-21 07:30:00,763.0
2016-01-21 07:40:00,763.1
2016-01-21 07:50:00,763.2
2016-01-21 08:00:00,763.2999999999998
2016-01-21 08:10:00,763.366666666667
2016-01-21 08:20:00,763.4333333333329
2016-01-21 08:30:00,763.5
2016-01-21 08:40:00,763.5666666666668
2016-01-21 08:50:00,763.6333333333331
2016-01-21 09:00:00,763.7
2016-01-21 09:10:00,763.783333333333
2016-01-21 09:20:00,763.866666666667
2016-01-21 09:30:00,763.95
2016-01-21 09:40:00,764.033333333333
2016-01-21 09:50:00,764.116666666667
2016-01-21 10:00:00,764.2
2016-01-21 10:10:00,764.25
2016-01-21 10:20:00,764.2999999999998
2016-01-21 10:30:00,764.35
2016-01-21 10:40:00,764.4
2016-01-21 10:50:00,764.45
2016-01-21 11:00:00,764.5
2016-01-21 11:10:00,764.5
2016-01-21 11:20:00,764.5
2016-01-21 11:30:00,764.5
2016-01-21 11:40:00,764.5
2016-01-21 11:50:00,764.5
2016-01-21 12:00:00,764.5
2016-01-21 12:10:00,764.45
2016-01-21 12:20:00,764.4
2016-01-21 12:30:00,764.35
2016-01-21 12:40:00,764.2999999999998
2016-01-21 12:50:00,764.25
2016-01-21 13:00:00,764.2
2016-01-21 13:10:00,764.15
2016-01-21 13:20:00,764.1
2016-01-21 13:30:00,764.0499999999998
2016-01-21 13:40:00,764.0
2016-01-21 13:50:00,763.95
2016-01-21 14:00:00,763.9
2016-01-21 14:10:00,763.866666666667
2016-01-21 14:20:00,763.8333333333329
2016-01-21 14:30:00,763.7999999999998
2016-01-21 14:40:00,763.766666666667
2016-01-21 14:50:00,763.733333333333
2016-01-21 15:00:00,763.7
2016-01-21 15:10:00,763.766666666667
2016-01-21 15:20:00,763.8333333333329
2016-01-21 15:30:00,763.9
2016-01-21 15:40:00,763.966666666667
2016-01-21 15:50:00,764.033333333333
2016-01-21 16:00:00,764.1
2016-01-21 16:10:00,764.1333333333331
2016-01-21 16:20:00,764.1666666666669
2016-01-21 16:30:00,764.2
2016-01-21 16:40:00,764.233333333333
2016-01-21 16:50:00,764.266666666667
2016-01-21 17:00:00,764.2999999999998
2016-01-21 17:10:00,764.366666666667
2016-01-21 17:20:00,764.4333333333329
2016-01-21 17:30:00,764.5
2016-01-21 17:40:00,764.5666666666668
2016-01-21 17:50:00,764.6333333333331
2016-01-21 18:00:00,764.7
2016-01-21 18:10:00,764.6666666666669
2016-01-21 18:20:00,764.6333333333331
2016-01-21 18:30:00,764.6
2016-01-21 18:40:00,764.5666666666668
2016-01-21 18:50:00,764.533333333333
2016-01-21 19:00:00,764.5
2016-01-21 19:10:00,764.533333333333
2016-01-21 19:20:00,764.5666666666668
2016-01-21 19:30:00,764.6
2016-01-21 19:40:00,764.6333333333331
2016-01-21 19:50:00,764.6666666666669
2016-01-21 20:00:00,764.7
2016-01-21 20:10:00,764.6666666666669
2016-01-21 20:20:00,764.6333333333331
2016-01-21 20:30:00,764.6
2016-01-21 20:40:00,764.5666666666668
2016-01-21 20:50:00,764.533333333333
2016-01-21 21:00:00,764.5
2016-01-21 21:10:00,764.5499999999998
2016-01-21 21:20:00,764.6
2016-01-21 21:30:00,764.65
2016-01-21 21:40:00,764.7
2016-01-21 21:50:00,764.75
2016-01-21 22:00:00,764.7999999999998
2016-01-21 22:10:00,764.7999999999998
2016-01-21 22:20:00,764.7999999999998
2016-01-21 22:30:00,764.7999999999998
2016-01-21 22:40:00,764.7999999999998
2016-01-21 22:50:00,764.7999999999998
2016-01-21 23:00:00,764.7999999999998
2016-01-21 23:10:00,764.85
2016-01-21 23:20:00,764.9
2016-01-21 23:30:00,764.95
2016-01-21 23:40:00,765.0
2016-01-21 23:50:00,765.0499999999998
2016-01-22 00:00:00,765.1
2016-01-22 00:10:00,765.1
2016-01-22 00:20:00,765.1
2016-01-22 00:30:00,765.1
2016-01-22 00:40:00,765.1
2016-01-22 00:50:00,765.1
2016-01-22 01:00:00,765.1
2016-01-22 01:10:00,765.0
2016-01-22 01:20:00,764.9
2016-01-22 01:30:00,764.7999999999998
2016-01-22 01:40:00,764.7
2016-01-22 01:50:00,764.6
2016-01-22 02:00:00,764.5
2016-01-22 02:10:00,764.533333333333
2016-01-22 02:20:00,764.5666666666668
2016-01-22 02:30:00,764.6
2016-01-22 02:40:00,764.6333333333331
2016-01-22 02:50:00,764.6666666666669
2016-01-22 03:00:00,764.7
2016-01-22 03:10:00,764.6
2016-01-22 03:20:00,764.5
2016-01-22 03:30:00,764.4
2016-01-22 03:40:00,764.2999999999998
2016-01-22 03:50:00,764.2
2016-01-22 04:00:00,764.1
2016-01-22 04:10:00,764.1
2016-01-22 04:20:00,764.1
2016-01-22 04:30:00,764.1
2016-01-22 04:40:00,764.1
2016-01-22 04:50:00,764.1
2016-01-22 05:00:00,764.1
2016-01-22 05:10:00,764.016666666667
2016-01-22 05:20:00,763.9333333333329
2016-01-22 05:30:00,763.85
2016-01-22 05:40:00,763.766666666667
2016-01-22 05:50:00,763.6833333333329
2016-01-22 06:00:00,763.6
2016-01-22 06:10:00,763.5666666666668
2016-01-22 06:20:00,763.533333333333
2016-01-22 06:30:00,763.5
2016-01-22 06:40:00,763.466666666667
2016-01-22 06:50:00,763.4333333333329
2016-01-22 07:00:00,763.4
2016-01-22 07:10:00,763.3833333333331
2016-01-22 07:20:00,763.366666666667
2016-01-22 07:30:00,763.35
2016-01-22 07:40:00,763.3333333333329
2016-01-22 07:50:00,763.3166666666668
2016-01-22 08:00:00,763.2999999999998
2016-01-22 08:10:00,763.233333333333
2016-01-22 08:20:00,763.1666666666669
2016-01-22 08:30:00,763.1
2016-01-22 08:40:00,763.033333333333
2016-01-22 08:50:00,762.966666666667
2016-01-22 09:00:00,762.9
2016-01-22 09:10:00,762.8833333333331
2016-01-22 09:20:00,762.866666666667
2016-01-22 09:30:00,762.85
2016-01-22 09:40:00,762.8333333333329
2016-01-22 09:50:00,762.8166666666668
2016-01-22 10:00:00,762.7999999999998
2016-01-22 10:10:00,762.766666666667
2016-01-22 10:20:00,762.733333333333
2016-01-22 10:30:00,762.7
2016-01-22 10:40:00,762.6666666666669
2016-01-22 10:50:00,762.6333333333331
2016-01-22 11:00:00,762.6
2016-01-22 11:10:00,762.516666666667
2016-01-22 11:20:00,762.4333333333329
2016-01-22 11:30:00,762.35
2016-01-22 11:40:00,762.266666666667
2016-01-22 11:50:00,762.1833333333329
2016-01-22 12:00:00,762.1
2016-01-22 12:10:00,762.0
2016-01-22 12:20:00,761.9
2016-01-22 12:30:00,761.7999999999998
2016-01-22 12:40:00,761.7
2016-01-22 12:50:00,761.6
2016-01-22 13:00:00,761.5
2016-01-22 13:10:00,761.4
2016-01-22 13:20:00,761.2999999999998
2016-01-22 13:30:00,761.2
2016-01-22 13:40:00,761.1
2016-01-22 13:50:00,761.0
2016-01-22 14:00:00,760.9
2016-01-22 14:10:00,760.85
2016-01-22 14:20:00,760.7999999999998
2016-01-22 14:30:00,760.75
2016-01-22 14:40:00,760.7
2016-01-22 14:50:00,760.65
2016-01-22 15:00:00,760.6
2016-01-22 15:10:00,760.6
2016-01-22 15:20:00,760.6
2016-01-22 15:30:00,760.6
2016-01-22 15:40:00,760.6
2016-01-22 15:50:00,760.6
2016-01-22 16:00:00,760.6
2016-01-22 16:10:00,760.5499999999998
2016-01-22 16:20:00,760.5
2016-01-22 16:30:00,760.45
2016-01-22 16:40:00,760.4
2016-01-22 16:50:00,760.35
2016-01-22 17:00:00,760.2999999999998
2016-01-22 17:10:00,760.2999999999998
2016-01-22 17:20:00,760.2999999999998
2016-01-22 17:30:00,760.2999999999998
2016-01-22 17:40:00,760.2999999999998
2016-01-22 17:50:00,760.2999999999998
2016-01-22 18:00:00,760.2999999999998
2016-01-22 18:10:00,760.35
2016-01-22 18:20:00,760.4
2016-01-22 18:30:00,760.45
2016-01-22 18:40:00,760.5
2016-01-22 18:50:00,760.5499999999998
2016-01-22 19:00:00,760.6
2016-01-22 19:10:00,760.6833333333329
2016-01-22 19:20:00,760.766666666667
2016-01-22 19:30:00,760.85
2016-01-22 19:40:00,760.9333333333329
2016-01-22 19:50:00,761.016666666667
2016-01-22 20:00:00,761.1
2016-01-22 20:10:00,761.2
2016-01-22 20:20:00,761.2999999999998
2016-01-22 20:30:00,761.4
2016-01-22 20:40:00,761.5
2016-01-22 20:50:00,761.6
2016-01-22 21:00:00,761.7
2016-01-22 21:10:00,761.766666666667
2016-01-22 21:20:00,761.8333333333329
2016-01-22 21:30:00,761.9
2016-01-22 21:40:00,761.966666666667
2016-01-22 21:50:00,762.033333333333
2016-01-22 22:00:00,762.1
2016-01-22 22:10:00,762.1666666666669
2016-01-22 22:20:00,762.233333333333
2016-01-22 22:30:00,762.2999999999998
2016-01-22 22:40:00,762.366666666667
2016-01-22 22:50:00,762.4333333333329
2016-01-22 23:00:00,762.5
2016-01-22 23:10:00,762.5833333333329
2016-01-22 23:20:00,762.6666666666669
2016-01-22 23:30:00,762.75
2016-01-22 23:40:00,762.8333333333329
2016-01-22 23:50:00,762.9166666666669
2016-01-23 00:00:00,763.0
2016-01-23 00:10:00,763.1
2016-01-23 00:20:00,763.2
2016-01-23 00:30:00,763.2999999999998
2016-01-23 00:40:00,763.4
2016-01-23 00:50:00,763.5
2016-01-23 01:00:00,763.6
2016-01-23 01:10:00,763.6833333333329
2016-01-23 01:20:00,763.766666666667
2016-01-23 01:30:00,763.85
2016-01-23 01:40:00,763.9333333333329
2016-01-23 01:50:00,764.016666666667
2016-01-23 02:00:00,764.1
2016-01-23 02:10:00,764.266666666667
2016-01-23 02:20:00,764.4333333333329
2016-01-23 02:30:00,764.6
2016-01-23 02:40:00,764.766666666667
2016-01-23 02:50:00,764.9333333333329
2016-01-23 03:00:00,765.1
2016-01-23 03:10:00,765.233333333333
2016-01-23 03:20:00,765.366666666667
2016-01-23 03:30:00,765.5
2016-01-23 03:40:00,765.6333333333331
2016-01-23 03:50:00,765.766666666667
2016-01-23 04:00:00,765.9
2016-01-23 04:10:00,765.966666666667
2016-01-23 04:20:00,766.033333333333
2016-01-23 04:30:00,766.1
2016-01-23 04:40:00,766.1666666666669
2016-01-23 04:50:00,766.233333333333
2016-01-23 05:00:00,766.2999999999998
2016-01-23 05:10:00,766.35
2016-01-23 05:20:00,766.4
2016-01-23 05:30:00,766.45
2016-01-23 05:40:00,766.5
2016-01-23 05:50:00,766.5499999999998
2016-01-23 06:00:00,766.6
2016-01-23 06:10:00,766.733333333333
2016-01-23 06:20:00,766.866666666667
2016-01-23 06:30:00,767.0
2016-01-23 06:40:00,767.1333333333331
2016-01-23 06:50:00,767.266666666667
2016-01-23 07:00:00,767.4
2016-01-23 07:10:00,767.466666666667
2016-01-23 07:20:00,767.533333333333
2016-01-23 07:30:00,767.6
2016-01-23 07:40:00,767.6666666666669
2016-01-23 07:50:00,767.733333333333
2016-01-23 08:00:00,767.7999999999998
2016-01-23 08:10:00,767.9
2016-01-23 08:20:00,768.0
2016-01-23 08:30:00,768.1
2016-01-23 08:40:00,768.2
2016-01-23 08:50:00,768.2999999999998
2016-01-23 09:00:00,768.4
2016-01-23 09:10:00,768.516666666667
2016-01-23 09:20:00,768.6333333333331
2016-01-23 09:30:00,768.75
2016-01-23 09:40:00,768.866666666667
2016-01-23 09:50:00,768.983333333333
2016-01-23 10:00:00,769.1
2016-01-23 10:10:00,769.233333333333
2016-01-23 10:20:00,769.366666666667
2016-01-23 10:30:00,769.5
2016-01-23 10:40:00,769.6333333333331
2016-01-23 10:50:00,769.766666666667
2016-01-23 11:00:00,769.9
2016-01-23 11:10:00,769.9333333333329
2016-01-23 11:20:00,769.966666666667
2016-01-23 11:30:00,770.0
2016-01-23 11:40:00,770.033333333333
2016-01-23 11:50:00,770.0666666666668
2016-01-23 12:00:00,770.1
2016-01-23 12:10:00,770.1333333333331
2016-01-23 12:20:00,770.1666666666669
2016-01-23 12:30:00,770.2
2016-01-23 12:40:00,770.233333333333
2016-01-23 12:50:00,770.266666666667
2016-01-23 13:00:00,770.2999999999998
2016-01-23 13:10:00,770.266666666667
2016-01-23 13:20:00,770.233333333333
2016-01-23 13:30:00,770.2
2016-01-23 13:40:00,770.1666666666669
2016-01-23 13:50:00,770.1333333333331
2016-01-23 14:00:00,770.1
2016-01-23 14:10:00,770.1333333333331
2016-01-23 14:20:00,770.1666666666669
2016-01-23 14:30:00,770.2
2016-01-23 14:40:00,770.233333333333
2016-01-23 14:50:00,770.266666666667
2016-01-23 15:00:00,770.2999999999998
2016-01-23 15:10:00,770.366666666667
2016-01-23 15:20:00,770.4333333333329
2016-01-23 15:30:00,770.5
2016-01-23 15:40:00,770.5666666666668
2016-01-23 15:50:00,770.6333333333331
2016-01-23 16:00:00,770.7
2016-01-23 16:10:00,770.6833333333329
2016-01-23 16:20:00,770.6666666666669
2016-01-23 16:30:00,770.65
2016-01-23 16:40:00,770.6333333333331
2016-01-23 16:50:00,770.616666666667
2016-01-23 17:00:00,770.6
2016-01-23 17:10:00,770.5833333333329
2016-01-23 17:20:00,770.5666666666668
2016-01-23 17:30:00,770.5499999999998
2016-01-23 17:40:00,770.533333333333
2016-01-23 17:50:00,770.516666666667
2016-01-23 18:00:00,770.5
2016-01-23 18:10:00,770.533333333333
2016-01-23 18:20:00,770.5666666666668
2016-01-23 18:30:00,770.6
2016-01-23 18:40:00,770.6333333333331
2016-01-23 18:50:00,770.6666666666669
2016-01-23 19:00:00,770.7
2016-01-23 19:10:00,770.6666666666669
2016-01-23 19:20:00,770.6333333333331
2016-01-23 19:30:00,770.6
2016-01-23 19:40:00,770.5666666666668
2016-01-23 19:50:00,770.533333333333
2016-01-23 20:00:00,770.5
2016-01-23 20:10:00,770.466666666667
2016-01-23 20:20:00,770.4333333333329
2016-01-23 20:30:00,770.4
2016-01-23 20:40:00,770.366666666667
2016-01-23 20:50:00,770.3333333333329
2016-01-23 21:00:00,770.2999999999998
2016-01-23 21:10:00,770.266666666667
2016-01-23 21:20:00,770.233333333333
2016-01-23 21:30:00,770.2
2016-01-23 21:40:00,770.1666666666669
2016-01-23 21:50:00,770.1333333333331
2016-01-23 22:00:00,770.1
2016-01-23 22:10:00,770.0666666666668
2016-01-23 22:20:00,770.033333333333
2016-01-23 22:30:00,770.0
2016-01-23 22:40:00,769.966666666667
2016-01-23 22:50:00,769.9333333333329
2016-01-23 23:00:00,769.9
2016-01-23 23:10:00,769.85
2016-01-23 23:20:00,769.7999999999998
2016-01-23 23:30:00,769.75
2016-01-23 23:40:00,769.7
2016-01-23 23:50:00,769.65
2016-01-24 00:00:00,769.6
2016-01-24 00:10:00,769.5833333333329
2016-01-24 00:20:00,769.5666666666668
2016-01-24 00:30:00,769.5499999999998
2016-01-24 00:40:00,769.533333333333
2016-01-24 00:50:00,769.516666666667
2016-01-24 01:00:00,769.5
2016-01-24 01:10:00,769.4333333333329
2016-01-24 01:20:00,769.366666666667
2016-01-24 01:30:00,769.2999999999998
2016-01-24 01:40:00,769.233333333333
2016-01-24 01:50:00,769.1666666666669
2016-01-24 02:00:00,769.1
2016-01-24 02:10:00,769.016666666667
2016-01-24 02:20:00,768.9333333333329
2016-01-24 02:30:00,768.85
2016-01-24 02:40:00,768.766666666667
2016-01-24 02:50:00,768.6833333333329
2016-01-24 03:00:00,768.6
2016-01-24 03:10:00,768.533333333333
2016-01-24 03:20:00,768.466666666667
2016-01-24 03:30:00,768.4
2016-01-24 03:40:00,768.3333333333329
2016-01-24 03:50:00,768.266666666667
2016-01-24 04:00:00,768.2
2016-01-24 04:10:00,768.1833333333329
2016-01-24 04:20:00,768.1666666666669
2016-01-24 04:30:00,768.15
2016-01-24 04:40:00,768.1333333333331
2016-01-24 04:50:00,768.116666666667
2016-01-24 05:00:00,768.1
2016-01-24 05:10:00,768.0499999999998
2016-01-24 05:20:00,768.0
2016-01-24 05:30:00,767.95
2016-01-24 05:40:00,767.9
2016-01-24 05:50:00,767.85
2016-01-24 06:00:00,767.7999999999998
2016-01-24 06:10:00,767.783333333333
2016-01-24 06:20:00,767.766666666667
2016-01-24 06:30:00,767.75
2016-01-24 06:40:00,767.733333333333
2016-01-24 06:50:00,767.716666666667
2016-01-24 07:00:00,767.7
2016-01-24 07:10:00,767.6333333333331
2016-01-24 07:20:00,767.5666666666668
2016-01-24 07:30:00,767.5
2016-01-24 07:40:00,767.4333333333329
2016-01-24 07:50:00,767.366666666667
2016-01-24 08:00:00,767.2999999999998
2016-01-24 08:10:00,767.3333333333329
2016-01-24 08:20:00,767.366666666667
2016-01-24 08:30:00,767.4
2016-01-24 08:40:00,767.4333333333329
2016-01-24 08:50:00,767.466666666667
2016-01-24 09:00:00,767.5
2016-01-24 09:10:00,767.5499999999998
2016-01-24 09:20:00,767.6
2016-01-24 09:30:00,767.65
2016-01-24 09:40:00,767.7
2016-01-24 09:50:00,767.75
2016-01-24 10:00:00,767.7999999999998
2016-01-24 10:10:00,767.85
2016-01-24 10:20:00,767.9
2016-01-24 10:30:00,767.95
2016-01-24 10:40:00,768.0
2016-01-24 10:50:00,768.0499999999998
2016-01-24 11:00:00,768.1
2016-01-24 11:10:00,768.1
2016-01-24 11:20:00,768.1
2016-01-24 11:30:00,768.1
2016-01-24 11:40:00,768.1
2016-01-24 11:50:00,768.1
2016-01-24 12:00:00,768.1
2016-01-24 12:10:00,768.0499999999998
2016-01-24 12:20:00,768.0
2016-01-24 12:30:00,767.95
2016-01-24 12:40:00,767.9
2016-01-24 12:50:00,767.85
2016-01-24 13:00:00,767.7999999999998
2016-01-24 13:10:00,767.7999999999998
2016-01-24 13:20:00,767.7999999999998
2016-01-24 13:30:00,767.7999999999998
2016-01-24 13:40:00,767.7999999999998
2016-01-24 13:50:00,767.7999999999998
2016-01-24 14:00:00,767.7999999999998
2016-01-24 14:10:00,767.75
2016-01-24 14:20:00,767.7
2016-01-24 14:30:00,767.65
2016-01-24 14:40:00,767.6
2016-01-24 14:50:00,767.5499999999998
2016-01-24 15:00:00,767.5
2016-01-24 15:10:00,767.483333333333
2016-01-24 15:20:00,767.466666666667
2016-01-24 15:30:00,767.45
2016-01-24 15:40:00,767.4333333333329
2016-01-24 15:50:00,767.4166666666669
2016-01-24 16:00:00,767.4
2016-01-24 16:10:00,767.4166666666669
2016-01-24 16:20:00,767.4333333333329
2016-01-24 16:30:00,767.45
2016-01-24 16:40:00,767.466666666667
2016-01-24 16:50:00,767.483333333333
2016-01-24 17:00:00,767.5
2016-01-24 17:10:00,767.5
2016-01-24 17:20:00,767.5
2016-01-24 17:30:00,767.5
2016-01-24 17:40:00,767.5
2016-01-24 17:50:00,767.5
2016-01-24 18:00:00,767.5
2016-01-24 18:10:00,767.5
2016-01-24 18:20:00,767.5
2016-01-24 18:30:00,767.5
2016-01-24 18:40:00,767.5
2016-01-24 18:50:00,767.5
2016-01-24 19:00:00,767.5
2016-01-24 19:10:00,767.5499999999998
2016-01-24 19:20:00,767.6
2016-01-24 19:30:00,767.65
2016-01-24 19:40:00,767.7
2016-01-24 19:50:00,767.75
2016-01-24 20:00:00,767.7999999999998
2016-01-24 20:10:00,767.733333333333
2016-01-24 20:20:00,767.6666666666669
2016-01-24 20:30:00,767.6
2016-01-24 20:40:00,767.533333333333
2016-01-24 20:50:00,767.466666666667
2016-01-24 21:00:00,767.4
2016-01-24 21:10:00,767.4166666666669
2016-01-24 21:20:00,767.4333333333329
2016-01-24 21:30:00,767.45
2016-01-24 21:40:00,767.466666666667
2016-01-24 21:50:00,767.483333333333
2016-01-24 22:00:00,767.5
2016-01-24 22:10:00,767.4333333333329
2016-01-24 22:20:00,767.366666666667
2016-01-24 22:30:00,767.2999999999998
2016-01-24 22:40:00,767.233333333333
2016-01-24 22:50:00,767.1666666666669
2016-01-24 23:00:00,767.1
2016-01-24 23:10:00,767.0833333333329
2016-01-24 23:20:00,767.0666666666668
2016-01-24 23:30:00,767.0499999999998
2016-01-24 23:40:00,767.033333333333
2016-01-24 23:50:00,767.016666666667
2016-01-25 00:00:00,767.0
2016-01-25 00:10:00,766.966666666667
2016-01-25 00:20:00,766.9333333333329
2016-01-25 00:30:00,766.9
2016-01-25 00:40:00,766.866666666667
2016-01-25 00:50:00,766.8333333333329
2016-01-25 01:00:00,766.7999999999998
2016-01-25 01:10:00,766.716666666667
2016-01-25 01:20:00,766.6333333333331
2016-01-25 01:30:00,766.5499999999998
2016-01-25 01:40:00,766.466666666667
2016-01-25 01:50:00,766.3833333333331
2016-01-25 02:00:00,766.2999999999998
2016-01-25 02:10:00,766.25
2016-01-25 02:20:00,766.2
2016-01-25 02:30:00,766.15
2016-01-25 02:40:00,766.1
2016-01-25 02:50:00,766.0499999999998
2016-01-25 03:00:00,766.0
2016-01-25 03:10:00,765.9333333333329
2016-01-25 03:20:00,765.866666666667
2016-01-25 03:30:00,765.7999999999998
2016-01-25 03:40:00,765.733333333333
2016-01-25 03:50:00,765.6666666666669
2016-01-25 04:00:00,765.6
2016-01-25 04:10:00,765.533333333333
2016-01-25 04:20:00,765.466666666667
2016-01-25 04:30:00,765.4
2016-01-25 04:40:00,765.3333333333329
2016-01-25 04:50:00,765.266666666667
2016-01-25 05:00:00,765.2
2016-01-25 05:10:00,765.1333333333331
2016-01-25 05:20:00,765.0666666666668
2016-01-25 05:30:00,765.0
2016-01-25 05:40:00,764.9333333333329
2016-01-25 05:50:00,764.866666666667
2016-01-25 06:00:00,764.7999999999998
2016-01-25 06:10:00,764.75
2016-01-25 06:20:00,764.7
2016-01-25 06:30:00,764.65
2016-01-25 06:40:00,764.6
2016-01-25 06:50:00,764.5499999999998
2016-01-25 07:00:00,764.5
2016-01-25 07:10:00,764.4333333333329
2016-01-25 07:20:00,764.366666666667
2016-01-25 07:30:00,764.2999999999998
2016-01-25 07:40:00,764.233333333333
2016-01-25 07:50:00,764.1666666666669
2016-01-25 08:00:00,764.1
2016-01-25 08:10:00,764.0833333333329
2016-01-25 08:20:00,764.0666666666668
2016-01-25 08:30:00,764.0499999999998
2016-01-25 08:40:00,764.033333333333
2016-01-25 08:50:00,764.016666666667
2016-01-25 09:00:00,764.0
2016-01-25 09:10:00,763.9333333333329
2016-01-25 09:20:00,763.866666666667
2016-01-25 09:30:00,763.7999999999998
2016-01-25 09:40:00,763.733333333333
2016-01-25 09:50:00,763.6666666666669
2016-01-25 10:00:00,763.6
2016-01-25 10:10:00,763.5499999999998
2016-01-25 10:20:00,763.5
2016-01-25 10:30:00,763.45
2016-01-25 10:40:00,763.4
2016-01-25 10:50:00,763.35
2016-01-25 11:00:00,763.2999999999998
2016-01-25 11:10:00,763.2999999999998
2016-01-25 11:20:00,763.2999999999998
2016-01-25 11:30:00,763.2999999999998
2016-01-25 11:40:00,763.2999999999998
2016-01-25 11:50:00,763.2999999999998
2016-01-25 12:00:00,763.2999999999998
2016-01-25 12:10:00,763.233333333333
2016-01-25 12:20:00,763.1666666666669
2016-01-25 12:30:00,763.1
2016-01-25 12:40:00,763.033333333333
2016-01-25 12:50:00,762.966666666667
2016-01-25 13:00:00,762.9
2016-01-25 13:10:00,762.7999999999998
2016-01-25 13:20:00,762.7
2016-01-25 13:30:00,762.6
2016-01-25 13:40:00,762.5
2016-01-25 13:50:00,762.4
2016-01-25 14:00:00,762.2999999999998
2016-01-25 14:10:00,762.266666666667
2016-01-25 14:20:00,762.233333333333
2016-01-25 14:30:00,762.2
2016-01-25 14:40:00,762.1666666666669
2016-01-25 14:50:00,762.1333333333331
2016-01-25 15:00:00,762.1
2016-01-25 15:10:00,762.0666666666668
2016-01-25 15:20:00,762.033333333333
2016-01-25 15:30:00,762.0
2016-01-25 15:40:00,761.966666666667
2016-01-25 15:50:00,761.9333333333329
2016-01-25 16:00:00,761.9
2016-01-25 16:10:00,761.966666666667
2016-01-25 16:20:00,762.033333333333
2016-01-25 16:30:00,762.1
2016-01-25 16:40:00,762.1666666666669
2016-01-25 16:50:00,762.233333333333
2016-01-25 17:00:00,762.2999999999998
2016-01-25 17:10:00,762.2999999999998
2016-01-25 17:20:00,762.2999999999998
2016-01-25 17:30:00,762.2999999999998
2016-01-25 17:40:00,762.2999999999998
2016-01-25 17:50:00,762.2999999999998
2016-01-25 18:00:00,762.2999999999998
2016-01-25 18:10:00,762.35
2016-01-25 18:20:00,762.4
2016-01-25 18:30:00,762.45
2016-01-25 18:40:00,762.5
2016-01-25 18:50:00,762.5499999999998
2016-01-25 19:00:00,762.6
2016-01-25 19:10:00,762.6333333333331
2016-01-25 19:20:00,762.6666666666669
2016-01-25 19:30:00,762.7
2016-01-25 19:40:00,762.733333333333
2016-01-25 19:50:00,762.766666666667
2016-01-25 20:00:00,762.7999999999998
2016-01-25 20:10:00,762.9333333333329
2016-01-25 20:20:00,763.0666666666668
2016-01-25 20:30:00,763.2
2016-01-25 20:40:00,763.3333333333329
2016-01-25 20:50:00,763.466666666667
2016-01-25 21:00:00,763.6
2016-01-25 21:10:00,763.616666666667
2016-01-25 21:20:00,763.6333333333331
2016-01-25 21:30:00,763.65
2016-01-25 21:40:00,763.6666666666669
2016-01-25 21:50:00,763.6833333333329
2016-01-25 22:00:00,763.7
2016-01-25 22:10:00,763.8333333333329
2016-01-25 22:20:00,763.966666666667
2016-01-25 22:30:00,764.1
2016-01-25 22:40:00,764.233333333333
2016-01-25 22:50:00,764.366666666667
2016-01-25 23:00:00,764.5
2016-01-25 23:10:00,764.4333333333329
2016-01-25 23:20:00,764.366666666667
2016-01-25 23:30:00,764.2999999999998
2016-01-25 23:40:00,764.233333333333
2016-01-25 23:50:00,764.1666666666669
2016-01-26 00:00:00,764.1
2016-01-26 00:10:00,764.1333333333331
2016-01-26 00:20:00,764.1666666666669
2016-01-26 00:30:00,764.2
2016-01-26 00:40:00,764.233333333333
2016-01-26 00:50:00,764.266666666667
2016-01-26 01:00:00,764.2999999999998
2016-01-26 01:10:00,764.3833333333331
2016-01-26 01:20:00,764.466666666667
2016-01-26 01:30:00,764.5499999999998
2016-01-26 01:40:00,764.6333333333331
2016-01-26 01:50:00,764.716666666667
2016-01-26 02:00:00,764.7999999999998
2016-01-26 02:10:00,764.75
2016-01-26 02:20:00,764.7
2016-01-26 02:30:00,764.65
2016-01-26 02:40:00,764.6
2016-01-26 02:50:00,764.5499999999998
2016-01-26 03:00:00,764.5
2016-01-26 03:10:00,764.4333333333329
2016-01-26 03:20:00,764.366666666667
2016-01-26 03:30:00,764.2999999999998
2016-01-26 03:40:00,764.233333333333
2016-01-26 03:50:00,764.1666666666669
2016-01-26 04:00:00,764.1
2016-01-26 04:10:00,764.0499999999998
2016-01-26 04:20:00,764.0
2016-01-26 04:30:00,763.95
2016-01-26 04:40:00,763.9
2016-01-26 04:50:00,763.85
2016-01-26 05:00:00,763.7999999999998
2016-01-26 05:10:00,763.783333333333
2016-01-26 05:20:00,763.766666666667
2016-01-26 05:30:00,763.75
2016-01-26 05:40:00,763.733333333333
2016-01-26 05:50:00,763.716666666667
2016-01-26 06:00:00,763.7
2016-01-26 06:10:00,763.65
2016-01-26 06:20:00,763.6
2016-01-26 06:30:00,763.5499999999998
2016-01-26 06:40:00,763.5
2016-01-26 06:50:00,763.45
2016-01-26 07:00:00,763.4
2016-01-26 07:10:00,763.366666666667
2016-01-26 07:20:00,763.3333333333329
2016-01-26 07:30:00,763.2999999999998
2016-01-26 07:40:00,763.266666666667
2016-01-26 07:50:00,763.233333333333
2016-01-26 08:00:00,763.2
2016-01-26 08:10:00,763.15
2016-01-26 08:20:00,763.1
2016-01-26 08:30:00,763.0499999999998
2016-01-26 08:40:00,763.0
2016-01-26 08:50:00,762.95
2016-01-26 09:00:00,762.9
2016-01-26 09:10:00,762.85
2016-01-26 09:20:00,762.7999999999998
2016-01-26 09:30:00,762.75
2016-01-26 09:40:00,762.7
2016-01-26 09:50:00,762.65
2016-01-26 10:00:00,762.6
2016-01-26 10:10:00,762.5499999999998
2016-01-26 10:20:00,762.5
2016-01-26 10:30:00,762.45
2016-01-26 10:40:00,762.4
2016-01-26 10:50:00,762.35
2016-01-26 11:00:00,762.2999999999998
2016-01-26 11:10:00,762.266666666667
2016-01-26 11:20:00,762.233333333333
2016-01-26 11:30:00,762.2
2016-01-26 11:40:00,762.1666666666669
2016-01-26 11:50:00,762.1333333333331
2016-01-26 12:00:00,762.1
2016-01-26 12:10:00,762.033333333333
2016-01-26 12:20:00,761.966666666667
2016-01-26 12:30:00,761.9
2016-01-26 12:40:00,761.8333333333329
2016-01-26 12:50:00,761.766666666667
2016-01-26 13:00:00,761.7
2016-01-26 13:10:00,761.6
2016-01-26 13:20:00,761.5
2016-01-26 13:30:00,761.4
2016-01-26 13:40:00,761.2999999999998
2016-01-26 13:50:00,761.2
2016-01-26 14:00:00,761.1
2016-01-26 14:10:00,761.0499999999998
2016-01-26 14:20:00,761.0
2016-01-26 14:30:00,760.95
2016-01-26 14:40:00,760.9
2016-01-26 14:50:00,760.85
2016-01-26 15:00:00,760.7999999999998
2016-01-26 15:10:00,760.766666666667
2016-01-26 15:20:00,760.733333333333
2016-01-26 15:30:00,760.7
2016-01-26 15:40:00,760.6666666666669
2016-01-26 15:50:00,760.6333333333331
2016-01-26 16:00:00,760.6
2016-01-26 16:10:00,760.533333333333
2016-01-26 16:20:00,760.466666666667
2016-01-26 16:30:00,760.4
2016-01-26 16:40:00,760.3333333333329
2016-01-26 16:50:00,760.266666666667
2016-01-26 17:00:00,760.2
2016-01-26 17:10:00,760.15
2016-01-26 17:20:00,760.1
2016-01-26 17:30:00,760.0499999999998
2016-01-26 17:40:00,760.0
2016-01-26 17:50:00,759.95
2016-01-26 18:00:00,759.9
2016-01-26 18:10:00,759.9166666666669
2016-01-26 18:20:00,759.9333333333329
2016-01-26 18:30:00,759.95
2016-01-26 18:40:00,759.966666666667
2016-01-26 18:50:00,759.983333333333
2016-01-26 19:00:00,760.0
2016-01-26 19:10:00,760.0
2016-01-26 19:20:00,760.0
2016-01-26 19:30:00,760.0
2016-01-26 19:40:00,760.0
2016-01-26 19:50:00,760.0
2016-01-26 20:00:00,760.0
2016-01-26 20:10:00,760.0
2016-01-26 20:20:00,760.0
2016-01-26 20:30:00,760.0
2016-01-26 20:40:00,760.0
2016-01-26 20:50:00,760.0
2016-01-26 21:00:00,760.0
2016-01-26 21:10:00,759.95
2016-01-26 21:20:00,759.9
2016-01-26 21:30:00,759.85
2016-01-26 21:40:00,759.7999999999998
2016-01-26 21:50:00,759.75
2016-01-26 22:00:00,759.7
2016-01-26 22:10:00,759.65
2016-01-26 22:20:00,759.6
2016-01-26 22:30:00,759.5499999999998
2016-01-26 22:40:00,759.5
2016-01-26 22:50:00,759.45
2016-01-26 23:00:00,759.4
2016-01-26 23:10:00,759.4166666666669
2016-01-26 23:20:00,759.4333333333329
2016-01-26 23:30:00,759.45
2016-01-26 23:40:00,759.466666666667
2016-01-26 23:50:00,759.483333333333
2016-01-27 00:00:00,759.5
2016-01-27 00:10:00,759.4333333333329
2016-01-27 00:20:00,759.366666666667
2016-01-27 00:30:00,759.2999999999998
2016-01-27 00:40:00,759.233333333333
2016-01-27 00:50:00,759.1666666666669
2016-01-27 01:00:00,759.1
2016-01-27 01:10:00,759.0
2016-01-27 01:20:00,758.9
2016-01-27 01:30:00,758.7999999999998
2016-01-27 01:40:00,758.7
2016-01-27 01:50:00,758.6
2016-01-27 02:00:00,758.5
2016-01-27 02:10:00,758.5
2016-01-27 02:20:00,758.5
2016-01-27 02:30:00,758.5
2016-01-27 02:40:00,758.5
2016-01-27 02:50:00,758.5
2016-01-27 03:00:00,758.5
2016-01-27 03:10:00,758.45
2016-01-27 03:20:00,758.4
2016-01-27 03:30:00,758.35
2016-01-27 03:40:00,758.2999999999998
2016-01-27 03:50:00,758.25
2016-01-27 04:00:00,758.2
2016-01-27 04:10:00,758.116666666667
2016-01-27 04:20:00,758.033333333333
2016-01-27 04:30:00,757.95
2016-01-27 04:40:00,757.866666666667
2016-01-27 04:50:00,757.783333333333
2016-01-27 05:00:00,757.7
2016-01-27 05:10:00,757.65
2016-01-27 05:20:00,757.6
2016-01-27 05:30:00,757.5499999999998
2016-01-27 05:40:00,757.5
2016-01-27 05:50:00,757.45
2016-01-27 06:00:00,757.4
2016-01-27 06:10:00,757.3833333333331
2016-01-27 06:20:00,757.366666666667
2016-01-27 06:30:00,757.35
2016-01-27 06:40:00,757.3333333333329
2016-01-27 06:50:00,757.3166666666668
2016-01-27 07:00:00,757.2999999999998
2016-01-27 07:10:00,757.3166666666668
2016-01-27 07:20:00,757.3333333333329
2016-01-27 07:30:00,757.35
2016-01-27 07:40:00,757.366666666667
2016-01-27 07:50:00,757.3833333333331
2016-01-27 08:00:00,757.4
2016-01-27 08:10:00,757.3833333333331
2016-01-27 08:20:00,757.366666666667
2016-01-27 08:30:00,757.35
2016-01-27 08:40:00,757.3333333333329
2016-01-27 08:50:00,757.3166666666668
2016-01-27 09:00:00,757.2999999999998
2016-01-27 09:10:00,757.3166666666668
2016-01-27 09:20:00,757.3333333333329
2016-01-27 09:30:00,757.35
2016-01-27 09:40:00,757.366666666667
2016-01-27 09:50:00,757.3833333333331
2016-01-27 10:00:00,757.4
2016-01-27 10:10:00,757.45
2016-01-27 10:20:00,757.5
2016-01-27 10:30:00,757.5499999999998
2016-01-27 10:40:00,757.6
2016-01-27 10:50:00,757.65
2016-01-27 11:00:00,757.7
2016-01-27 11:10:00,757.5833333333329
2016-01-27 11:20:00,757.466666666667
2016-01-27 11:30:00,757.35
2016-01-27 11:40:00,757.233333333333
2016-01-27 11:50:00,757.116666666667
2016-01-27 12:00:00,757.0
2016-01-27 12:10:00,756.9333333333329
2016-01-27 12:20:00,756.866666666667
2016-01-27 12:30:00,756.7999999999998
2016-01-27 12:40:00,756.733333333333
2016-01-27 12:50:00,756.6666666666669
2016-01-27 13:00:00,756.6
2016-01-27 13:10:00,756.516666666667
2016-01-27 13:20:00,756.4333333333329
2016-01-27 13:30:00,756.35
2016-01-27 13:40:00,756.266666666667
2016-01-27 13:50:00,756.1833333333329
2016-01-27 14:00:00,756.1
2016-01-27 14:10:00,756.0
2016-01-27 14:20:00,755.9
2016-01-27 14:30:00,755.7999999999998
2016-01-27 14:40:00,755.7
2016-01-27 14:50:00,755.6
2016-01-27 15:00:00,755.5
2016-01-27 15:10:00,755.466666666667
2016-01-27 15:20:00,755.4333333333329
2016-01-27 15:30:00,755.4
2016-01-27 15:40:00,755.366666666667
2016-01-27 15:50:00,755.3333333333329
2016-01-27 16:00:00,755.2999999999998
2016-01-27 16:10:00,755.266666666667
2016-01-27 16:20:00,755.233333333333
2016-01-27 16:30:00,755.2
2016-01-27 16:40:00,755.1666666666669
2016-01-27 16:50:00,755.1333333333331
2016-01-27 17:00:00,755.1
2016-01-27 17:10:00,755.0666666666668
2016-01-27 17:20:00,755.033333333333
2016-01-27 17:30:00,755.0
2016-01-27 17:40:00,754.966666666667
2016-01-27 17:50:00,754.9333333333329
2016-01-27 18:00:00,754.9
2016-01-27 18:10:00,754.9166666666669
2016-01-27 18:20:00,754.9333333333329
2016-01-27 18:30:00,754.95
2016-01-27 18:40:00,754.966666666667
2016-01-27 18:50:00,754.983333333333
2016-01-27 19:00:00,755.0
2016-01-27 19:10:00,755.0
2016-01-27 19:20:00,755.0
2016-01-27 19:30:00,755.0
2016-01-27 19:40:00,755.0
2016-01-27 19:50:00,755.0
2016-01-27 20:00:00,755.0
2016-01-27 20:10:00,755.0
2016-01-27 20:20:00,755.0
2016-01-27 20:30:00,755.0
2016-01-27 20:40:00,755.0
2016-01-27 20:50:00,755.0
2016-01-27 21:00:00,755.0
2016-01-27 21:10:00,755.033333333333
2016-01-27 21:20:00,755.0666666666668
2016-01-27 21:30:00,755.1
2016-01-27 21:40:00,755.1333333333331
2016-01-27 21:50:00,755.1666666666669
2016-01-27 22:00:00,755.2
2016-01-27 22:10:00,755.25
2016-01-27 22:20:00,755.2999999999998
2016-01-27 22:30:00,755.35
2016-01-27 22:40:00,755.4
2016-01-27 22:50:00,755.45
2016-01-27 23:00:00,755.5
2016-01-27 23:10:00,755.5499999999998
2016-01-27 23:20:00,755.6
2016-01-27 23:30:00,755.65
2016-01-27 23:40:00,755.7
2016-01-27 23:50:00,755.75
2016-01-28 00:00:00,755.7999999999998
2016-01-28 00:10:00,755.9333333333329
2016-01-28 00:20:00,756.0666666666668
2016-01-28 00:30:00,756.2
2016-01-28 00:40:00,756.3333333333329
2016-01-28 00:50:00,756.466666666667
2016-01-28 01:00:00,756.6
2016-01-28 01:10:00,756.716666666667
2016-01-28 01:20:00,756.8333333333329
2016-01-28 01:30:00,756.95
2016-01-28 01:40:00,757.0666666666668
2016-01-28 01:50:00,757.1833333333329
2016-01-28 02:00:00,757.2999999999998
2016-01-28 02:10:00,757.5499999999998
2016-01-28 02:20:00,757.7999999999998
2016-01-28 02:30:00,758.0499999999998
2016-01-28 02:40:00,758.2999999999998
2016-01-28 02:50:00,758.5499999999998
2016-01-28 03:00:00,758.7999999999998
2016-01-28 03:10:00,758.866666666667
2016-01-28 03:20:00,758.9333333333329
2016-01-28 03:30:00,759.0
2016-01-28 03:40:00,759.0666666666668
2016-01-28 03:50:00,759.1333333333331
2016-01-28 04:00:00,759.2
2016-01-28 04:10:00,759.366666666667
2016-01-28 04:20:00,759.533333333333
2016-01-28 04:30:00,759.7
2016-01-28 04:40:00,759.866666666667
2016-01-28 04:50:00,760.033333333333
2016-01-28 05:00:00,760.2
2016-01-28 05:10:00,760.366666666667
2016-01-28 05:20:00,760.533333333333
2016-01-28 05:30:00,760.7
2016-01-28 05:40:00,760.866666666667
2016-01-28 05:50:00,761.033333333333
2016-01-28 06:00:00,761.2
2016-01-28 06:10:00,761.35
2016-01-28 06:20:00,761.5
2016-01-28 06:30:00,761.65
2016-01-28 06:40:00,761.7999999999998
2016-01-28 06:50:00,761.95
2016-01-28 07:00:00,762.1
2016-01-28 07:10:00,762.233333333333
2016-01-28 07:20:00,762.366666666667
2016-01-28 07:30:00,762.5
2016-01-28 07:40:00,762.6333333333331
2016-01-28 07:50:00,762.766666666667
2016-01-28 08:00:00,762.9
2016-01-28 08:10:00,763.016666666667
2016-01-28 08:20:00,763.1333333333331
2016-01-28 08:30:00,763.25
2016-01-28 08:40:00,763.366666666667
2016-01-28 08:50:00,763.483333333333
2016-01-28 09:00:00,763.6
2016-01-28 09:10:00,763.75
2016-01-28 09:20:00,763.9
2016-01-28 09:30:00,764.0499999999998
2016-01-28 09:40:00,764.2
2016-01-28 09:50:00,764.35
2016-01-28 10:00:00,764.5
2016-01-28 10:10:00,764.6
2016-01-28 10:20:00,764.7
2016-01-28 10:30:00,764.7999999999998
2016-01-28 10:40:00,764.9
2016-01-28 10:50:00,765.0
2016-01-28 11:00:00,765.1
2016-01-28 11:10:00,765.1333333333331
2016-01-28 11:20:00,765.1666666666669
2016-01-28 11:30:00,765.2
2016-01-28 11:40:00,765.233333333333
2016-01-28 11:50:00,765.266666666667
2016-01-28 12:00:00,765.2999999999998
2016-01-28 12:10:00,765.283333333333
2016-01-28 12:20:00,765.266666666667
2016-01-28 12:30:00,765.25
2016-01-28 12:40:00,765.233333333333
2016-01-28 12:50:00,765.216666666667
2016-01-28 13:00:00,765.2
2016-01-28 13:10:00,765.216666666667
2016-01-28 13:20:00,765.233333333333
2016-01-28 13:30:00,765.25
2016-01-28 13:40:00,765.266666666667
2016-01-28 13:50:00,765.283333333333
2016-01-28 14:00:00,765.2999999999998
2016-01-28 14:10:00,765.266666666667
2016-01-28 14:20:00,765.233333333333
2016-01-28 14:30:00,765.2
2016-01-28 14:40:00,765.1666666666669
2016-01-28 14:50:00,765.1333333333331
2016-01-28 15:00:00,765.1
2016-01-28 15:10:00,765.1
2016-01-28 15:20:00,765.1
2016-01-28 15:30:00,765.1
2016-01-28 15:40:00,765.1
2016-01-28 15:50:00,765.1
2016-01-28 16:00:00,765.1
2016-01-28 16:10:00,765.1
2016-01-28 16:20:00,765.1
2016-01-28 16:30:00,765.1
2016-01-28 16:40:00,765.1
2016-01-28 16:50:00,765.1
2016-01-28 17:00:00,765.1
2016-01-28 17:10:00,765.1333333333331
2016-01-28 17:20:00,765.1666666666669
2016-01-28 17:30:00,765.2
2016-01-28 17:40:00,765.233333333333
2016-01-28 17:50:00,765.266666666667
2016-01-28 18:00:00,765.2999999999998
2016-01-28 18:10:00,765.366666666667
2016-01-28 18:20:00,765.4333333333329
2016-01-28 18:30:00,765.5
2016-01-28 18:40:00,765.5666666666668
2016-01-28 18:50:00,765.6333333333331
2016-01-28 19:00:00,765.7
2016-01-28 19:10:00,765.716666666667
2016-01-28 19:20:00,765.733333333333
2016-01-28 19:30:00,765.75
2016-01-28 19:40:00,765.766666666667
2016-01-28 19:50:00,765.783333333333
2016-01-28 20:00:00,765.7999999999998
2016-01-28 20:10:00,765.8333333333329
2016-01-28 20:20:00,765.866666666667
2016-01-28 20:30:00,765.9
2016-01-28 20:40:00,765.9333333333329
2016-01-28 20:50:00,765.966666666667
2016-01-28 21:00:00,766.0
2016-01-28 21:10:00,765.95
2016-01-28 21:20:00,765.9
2016-01-28 21:30:00,765.85
2016-01-28 21:40:00,765.7999999999998
2016-01-28 21:50:00,765.75
2016-01-28 22:00:00,765.7
2016-01-28 22:10:00,765.7
2016-01-28 22:20:00,765.7
2016-01-28 22:30:00,765.7
2016-01-28 22:40:00,765.7
2016-01-28 22:50:00,765.7
2016-01-28 23:00:00,765.7
2016-01-28 23:10:00,765.616666666667
2016-01-28 23:20:00,765.533333333333
2016-01-28 23:30:00,765.45
2016-01-28 23:40:00,765.366666666667
2016-01-28 23:50:00,765.283333333333
2016-01-29 00:00:00,765.2
2016-01-29 00:10:00,765.1833333333329
2016-01-29 00:20:00,765.1666666666669
2016-01-29 00:30:00,765.15
2016-01-29 00:40:00,765.1333333333331
2016-01-29 00:50:00,765.116666666667
2016-01-29 01:00:00,765.1
2016-01-29 01:10:00,765.1
2016-01-29 01:20:00,765.1
2016-01-29 01:30:00,765.1
2016-01-29 01:40:00,765.1
2016-01-29 01:50:00,765.1
2016-01-29 02:00:00,765.1
2016-01-29 02:10:00,765.0
2016-01-29 02:20:00,764.9
2016-01-29 02:30:00,764.7999999999998
2016-01-29 02:40:00,764.7
2016-01-29 02:50:00,764.6
2016-01-29 03:00:00,764.5
2016-01-29 03:10:00,764.5499999999998
2016-01-29 03:20:00,764.6
2016-01-29 03:30:00,764.65
2016-01-29 03:40:00,764.7
2016-01-29 03:50:00,764.75
2016-01-29 04:00:00,764.7999999999998
2016-01-29 04:10:00,764.75
2016-01-29 04:20:00,764.7
2016-01-29 04:30:00,764.65
2016-01-29 04:40:00,764.6
2016-01-29 04:50:00,764.5499999999998
2016-01-29 05:00:00,764.5
2016-01-29 05:10:00,764.4333333333329
2016-01-29 05:20:00,764.366666666667
2016-01-29 05:30:00,764.2999999999998
2016-01-29 05:40:00,764.233333333333
2016-01-29 05:50:00,764.1666666666669
2016-01-29 06:00:00,764.1
2016-01-29 06:10:00,764.116666666667
2016-01-29 06:20:00,764.1333333333331
2016-01-29 06:30:00,764.15
2016-01-29 06:40:00,764.1666666666669
2016-01-29 06:50:00,764.1833333333329
2016-01-29 07:00:00,764.2
2016-01-29 07:10:00,764.1333333333331
2016-01-29 07:20:00,764.0666666666668
2016-01-29 07:30:00,764.0
2016-01-29 07:40:00,763.9333333333329
2016-01-29 07:50:00,763.866666666667
2016-01-29 08:00:00,763.7999999999998
2016-01-29 08:10:00,763.8166666666668
2016-01-29 08:20:00,763.8333333333329
2016-01-29 08:30:00,763.85
2016-01-29 08:40:00,763.866666666667
2016-01-29 08:50:00,763.8833333333331
2016-01-29 09:00:00,763.9
2016-01-29 09:10:00,763.9166666666669
2016-01-29 09:20:00,763.9333333333329
2016-01-29 09:30:00,763.95
2016-01-29 09:40:00,763.966666666667
2016-01-29 09:50:00,763.983333333333
2016-01-29 10:00:00,764.0
2016-01-29 10:10:00,763.95
2016-01-29 10:20:00,763.9
2016-01-29 10:30:00,763.85
2016-01-29 10:40:00,763.7999999999998
2016-01-29 10:50:00,763.75
2016-01-29 11:00:00,763.7
2016-01-29 11:10:00,763.733333333333
2016-01-29 11:20:00,763.766666666667
2016-01-29 11:30:00,763.7999999999998
2016-01-29 11:40:00,763.8333333333329
2016-01-29 11:50:00,763.866666666667
2016-01-29 12:00:00,763.9
2016-01-29 12:10:00,763.85
2016-01-29 12:20:00,763.7999999999998
2016-01-29 12:30:00,763.75
2016-01-29 12:40:00,763.7
2016-01-29 12:50:00,763.65
2016-01-29 13:00:00,763.6
2016-01-29 13:10:00,763.5
2016-01-29 13:20:00,763.4
2016-01-29 13:30:00,763.2999999999998
2016-01-29 13:40:00,763.2
2016-01-29 13:50:00,763.1
2016-01-29 14:00:00,763.0
2016-01-29 14:10:00,762.95
2016-01-29 14:20:00,762.9
2016-01-29 14:30:00,762.85
2016-01-29 14:40:00,762.7999999999998
2016-01-29 14:50:00,762.75
2016-01-29 15:00:00,762.7
2016-01-29 15:10:00,762.6666666666669
2016-01-29 15:20:00,762.6333333333331
2016-01-29 15:30:00,762.6
2016-01-29 15:40:00,762.5666666666668
2016-01-29 15:50:00,762.533333333333
2016-01-29 16:00:00,762.5
2016-01-29 16:10:00,762.45
2016-01-29 16:20:00,762.4
2016-01-29 16:30:00,762.35
2016-01-29 16:40:00,762.2999999999998
2016-01-29 16:50:00,762.25
2016-01-29 17:00:00,762.2
2016-01-29 17:10:00,762.2
2016-01-29 17:20:00,762.2
2016-01-29 17:30:00,762.2
2016-01-29 17:40:00,762.2
2016-01-29 17:50:00,762.2
2016-01-29 18:00:00,762.2
2016-01-29 18:10:00,762.216666666667
2016-01-29 18:20:00,762.233333333333
2016-01-29 18:30:00,762.25
2016-01-29 18:40:00,762.266666666667
2016-01-29 18:50:00,762.283333333333
2016-01-29 19:00:00,762.2999999999998
2016-01-29 19:10:00,762.283333333333
2016-01-29 19:20:00,762.266666666667
2016-01-29 19:30:00,762.25
2016-01-29 19:40:00,762.233333333333
2016-01-29 19:50:00,762.216666666667
2016-01-29 20:00:00,762.2
2016-01-29 20:10:00,762.15
2016-01-29 20:20:00,762.1
2016-01-29 20:30:00,762.0499999999998
2016-01-29 20:40:00,762.0
2016-01-29 20:50:00,761.95
2016-01-29 21:00:00,761.9
2016-01-29 21:10:00,761.8333333333329
2016-01-29 21:20:00,761.766666666667
2016-01-29 21:30:00,761.7
2016-01-29 21:40:00,761.6333333333331
2016-01-29 21:50:00,761.5666666666668
2016-01-29 22:00:00,761.5
2016-01-29 22:10:00,761.366666666667
2016-01-29 22:20:00,761.233333333333
2016-01-29 22:30:00,761.1
2016-01-29 22:40:00,760.966666666667
2016-01-29 22:50:00,760.8333333333329
2016-01-29 23:00:00,760.7
2016-01-29 23:10:00,760.616666666667
2016-01-29 23:20:00,760.533333333333
2016-01-29 23:30:00,760.45
2016-01-29 23:40:00,760.366666666667
2016-01-29 23:50:00,760.283333333333
2016-01-30 00:00:00,760.2
2016-01-30 00:10:00,760.1
2016-01-30 00:20:00,760.0
2016-01-30 00:30:00,759.9
2016-01-30 00:40:00,759.7999999999998
2016-01-30 00:50:00,759.7
2016-01-30 01:00:00,759.6
2016-01-30 01:10:00,759.466666666667
2016-01-30 01:20:00,759.3333333333329
2016-01-30 01:30:00,759.2
2016-01-30 01:40:00,759.0666666666668
2016-01-30 01:50:00,758.9333333333329
2016-01-30 02:00:00,758.7999999999998
2016-01-30 02:10:00,758.65
2016-01-30 02:20:00,758.5
2016-01-30 02:30:00,758.35
2016-01-30 02:40:00,758.2
2016-01-30 02:50:00,758.0499999999998
2016-01-30 03:00:00,757.9
2016-01-30 03:10:00,757.7
2016-01-30 03:20:00,757.5
2016-01-30 03:30:00,757.2999999999998
2016-01-30 03:40:00,757.1
2016-01-30 03:50:00,756.9
2016-01-30 04:00:00,756.7
2016-01-30 04:10:00,756.6
2016-01-30 04:20:00,756.5
2016-01-30 04:30:00,756.4
2016-01-30 04:40:00,756.2999999999998
2016-01-30 04:50:00,756.2
2016-01-30 05:00:00,756.1
2016-01-30 05:10:00,756.0
2016-01-30 05:20:00,755.9
2016-01-30 05:30:00,755.7999999999998
2016-01-30 05:40:00,755.7
2016-01-30 05:50:00,755.6
2016-01-30 06:00:00,755.5
2016-01-30 06:10:00,755.366666666667
2016-01-30 06:20:00,755.233333333333
2016-01-30 06:30:00,755.1
2016-01-30 06:40:00,754.966666666667
2016-01-30 06:50:00,754.8333333333329
2016-01-30 07:00:00,754.7
2016-01-30 07:10:00,754.6333333333331
2016-01-30 07:20:00,754.5666666666668
2016-01-30 07:30:00,754.5
2016-01-30 07:40:00,754.4333333333329
2016-01-30 07:50:00,754.366666666667
2016-01-30 08:00:00,754.2999999999998
2016-01-30 08:10:00,754.15
2016-01-30 08:20:00,754.0
2016-01-30 08:30:00,753.85
2016-01-30 08:40:00,753.7
2016-01-30 08:50:00,753.5499999999998
2016-01-30 09:00:00,753.4
2016-01-30 09:10:00,753.2999999999998
2016-01-30 09:20:00,753.2
2016-01-30 09:30:00,753.1
2016-01-30 09:40:00,753.0
2016-01-30 09:50:00,752.9
2016-01-30 10:00:00,752.7999999999998
2016-01-30 10:10:00,752.7
2016-01-30 10:20:00,752.6
2016-01-30 10:30:00,752.5
2016-01-30 10:40:00,752.4
2016-01-30 10:50:00,752.2999999999998
2016-01-30 11:00:00,752.2
2016-01-30 11:10:00,752.1333333333331
2016-01-30 11:20:00,752.0666666666668
2016-01-30 11:30:00,752.0
2016-01-30 11:40:00,751.9333333333329
2016-01-30 11:50:00,751.866666666667
2016-01-30 12:00:00,751.7999999999998
2016-01-30 12:10:00,751.966666666667
2016-01-30 12:20:00,752.1333333333331
2016-01-30 12:30:00,752.2999999999998
2016-01-30 12:40:00,752.466666666667
2016-01-30 12:50:00,752.6333333333331
2016-01-30 13:00:00,752.7999999999998
2016-01-30 13:10:00,752.6666666666669
2016-01-30 13:20:00,752.533333333333
2016-01-30 13:30:00,752.4
2016-01-30 13:40:00,752.266666666667
2016-01-30 13:50:00,752.1333333333331
2016-01-30 14:00:00,752.0
2016-01-30 14:10:00,751.95
2016-01-30 14:20:00,751.9
2016-01-30 14:30:00,751.85
2016-01-30 14:40:00,751.7999999999998
2016-01-30 14:50:00,751.75
2016-01-30 15:00:00,751.7
2016-01-30 15:10:00,751.8166666666668
2016-01-30 15:20:00,751.9333333333329
2016-01-30 15:30:00,752.0499999999998
2016-01-30 15:40:00,752.1666666666669
2016-01-30 15:50:00,752.283333333333
2016-01-30 16:00:00,752.4
2016-01-30 16:10:00,752.4166666666669
2016-01-30 16:20:00,752.4333333333329
2016-01-30 16:30:00,752.45
2016-01-30 16:40:00,752.466666666667
2016-01-30 16:50:00,752.483333333333
2016-01-30 17:00:00,752.5
2016-01-30 17:10:00,752.616666666667
2016-01-30 17:20:00,752.733333333333
2016-01-30 17:30:00,752.85
2016-01-30 17:40:00,752.966666666667
2016-01-30 17:50:00,753.0833333333329
2016-01-30 18:00:00,753.2
2016-01-30 18:10:00,753.3333333333329
2016-01-30 18:20:00,753.466666666667
2016-01-30 18:30:00,753.6
2016-01-30 18:40:00,753.733333333333
2016-01-30 18:50:00,753.866666666667
2016-01-30 19:00:00,754.0
2016-01-30 19:10:00,754.1
2016-01-30 19:20:00,754.2
2016-01-30 19:30:00,754.2999999999998
2016-01-30 19:40:00,754.4
2016-01-30 19:50:00,754.5
2016-01-30 20:00:00,754.6
2016-01-30 20:10:00,754.5499999999998
2016-01-30 20:20:00,754.5
2016-01-30 20:30:00,754.45
2016-01-30 20:40:00,754.4
2016-01-30 20:50:00,754.35
2016-01-30 21:00:00,754.2999999999998
2016-01-30 21:10:00,754.35
2016-01-30 21:20:00,754.4
2016-01-30 21:30:00,754.45
2016-01-30 21:40:00,754.5
2016-01-30 21:50:00,754.5499999999998
2016-01-30 22:00:00,754.6
2016-01-30 22:10:00,754.616666666667
2016-01-30 22:20:00,754.6333333333331
2016-01-30 22:30:00,754.65
2016-01-30 22:40:00,754.6666666666669
2016-01-30 22:50:00,754.6833333333329
2016-01-30 23:00:00,754.7
2016-01-30 23:10:00,754.7
2016-01-30 23:20:00,754.7
2016-01-30 23:30:00,754.7
2016-01-30 23:40:00,754.7
2016-01-30 23:50:00,754.7
2016-01-31 00:00:00,754.7
2016-01-31 00:10:00,754.733333333333
2016-01-31 00:20:00,754.766666666667
2016-01-31 00:30:00,754.7999999999998
2016-01-31 00:40:00,754.8333333333329
2016-01-31 00:50:00,754.866666666667
2016-01-31 01:00:00,754.9
2016-01-31 01:10:00,754.85
2016-01-31 01:20:00,754.7999999999998
2016-01-31 01:30:00,754.75
2016-01-31 01:40:00,754.7
2016-01-31 01:50:00,754.65
2016-01-31 02:00:00,754.6
2016-01-31 02:10:00,754.6333333333331
2016-01-31 02:20:00,754.6666666666669
2016-01-31 02:30:00,754.7
2016-01-31 02:40:00,754.733333333333
2016-01-31 02:50:00,754.766666666667
2016-01-31 03:00:00,754.7999999999998
2016-01-31 03:10:00,754.8166666666668
2016-01-31 03:20:00,754.8333333333329
2016-01-31 03:30:00,754.85
2016-01-31 03:40:00,754.866666666667
2016-01-31 03:50:00,754.8833333333331
2016-01-31 04:00:00,754.9
2016-01-31 04:10:00,754.9
2016-01-31 04:20:00,754.9
2016-01-31 04:30:00,754.9
2016-01-31 04:40:00,754.9
2016-01-31 04:50:00,754.9
2016-01-31 05:00:00,754.9
2016-01-31 05:10:00,754.7999999999998
2016-01-31 05:20:00,754.7
2016-01-31 05:30:00,754.6
2016-01-31 05:40:00,754.5
2016-01-31 05:50:00,754.4
2016-01-31 06:00:00,754.2999999999998
2016-01-31 06:10:00,754.2999999999998
2016-01-31 06:20:00,754.2999999999998
2016-01-31 06:30:00,754.2999999999998
2016-01-31 06:40:00,754.2999999999998
2016-01-31 06:50:00,754.2999999999998
2016-01-31 07:00:00,754.2999999999998
2016-01-31 07:10:00,754.283333333333
2016-01-31 07:20:00,754.266666666667
2016-01-31 07:30:00,754.25
2016-01-31 07:40:00,754.233333333333
2016-01-31 07:50:00,754.216666666667
2016-01-31 08:00:00,754.2
2016-01-31 08:10:00,754.216666666667
2016-01-31 08:20:00,754.233333333333
2016-01-31 08:30:00,754.25
2016-01-31 08:40:00,754.266666666667
2016-01-31 08:50:00,754.283333333333
2016-01-31 09:00:00,754.2999999999998
2016-01-31 09:10:00,754.25
2016-01-31 09:20:00,754.2
2016-01-31 09:30:00,754.15
2016-01-31 09:40:00,754.1
2016-01-31 09:50:00,754.0499999999998
2016-01-31 10:00:00,754.0
2016-01-31 10:10:00,753.95
2016-01-31 10:20:00,753.9
2016-01-31 10:30:00,753.85
2016-01-31 10:40:00,753.7999999999998
2016-01-31 10:50:00,753.75
2016-01-31 11:00:00,753.7
2016-01-31 11:10:00,753.6666666666669
2016-01-31 11:20:00,753.6333333333331
2016-01-31 11:30:00,753.6
2016-01-31 11:40:00,753.5666666666668
2016-01-31 11:50:00,753.533333333333
2016-01-31 12:00:00,753.5
2016-01-31 12:10:00,753.366666666667
2016-01-31 12:20:00,753.233333333333
2016-01-31 12:30:00,753.1
2016-01-31 12:40:00,752.966666666667
2016-01-31 12:50:00,752.8333333333329
2016-01-31 13:00:00,752.7
2016-01-31 13:10:00,752.5833333333329
2016-01-31 13:20:00,752.466666666667
2016-01-31 13:30:00,752.35
2016-01-31 13:40:00,752.233333333333
2016-01-31 13:50:00,752.116666666667
2016-01-31 14:00:00,752.0
2016-01-31 14:10:00,751.8833333333331
2016-01-31 14:20:00,751.766666666667
2016-01-31 14:30:00,751.65
2016-01-31 14:40:00,751.533333333333
2016-01-31 14:50:00,751.4166666666669
2016-01-31 15:00:00,751.2999999999998
2016-01-31 15:10:00,751.216666666667
2016-01-31 15:20:00,751.1333333333331
2016-01-31 15:30:00,751.0499999999998
2016-01-31 15:40:00,750.966666666667
2016-01-31 15:50:00,750.8833333333331
2016-01-31 16:00:00,750.7999999999998
2016-01-31 16:10:00,750.8833333333331
2016-01-31 16:20:00,750.966666666667
2016-01-31 16:30:00,751.0499999999998
2016-01-31 16:40:00,751.1333333333331
2016-01-31 16:50:00,751.216666666667
2016-01-31 17:00:00,751.2999999999998
2016-01-31 17:10:00,751.3833333333331
2016-01-31 17:20:00,751.466666666667
2016-01-31 17:30:00,751.5499999999998
2016-01-31 17:40:00,751.6333333333331
2016-01-31 17:50:00,751.716666666667
2016-01-31 18:00:00,751.7999999999998
2016-01-31 18:10:00,751.966666666667
2016-01-31 18:20:00,752.1333333333331
2016-01-31 18:30:00,752.2999999999998
2016-01-31 18:40:00,752.466666666667
2016-01-31 18:50:00,752.6333333333331
2016-01-31 19:00:00,752.7999999999998
2016-01-31 19:10:00,752.85
2016-01-31 19:20:00,752.9
2016-01-31 19:30:00,752.95
2016-01-31 19:40:00,753.0
2016-01-31 19:50:00,753.0499999999998
2016-01-31 20:00:00,753.1
2016-01-31 20:10:00,753.233333333333
2016-01-31 20:20:00,753.366666666667
2016-01-31 20:30:00,753.5
2016-01-31 20:40:00,753.6333333333331
2016-01-31 20:50:00,753.766666666667
2016-01-31 21:00:00,753.9
2016-01-31 21:10:00,753.966666666667
2016-01-31 21:20:00,754.033333333333
2016-01-31 21:30:00,754.1
2016-01-31 21:40:00,754.1666666666669
2016-01-31 21:50:00,754.233333333333
2016-01-31 22:00:00,754.2999999999998
2016-01-31 22:10:00,754.4166666666669
2016-01-31 22:20:00,754.533333333333
2016-01-31 22:30:00,754.65
2016-01-31 22:40:00,754.766666666667
2016-01-31 22:50:00,754.8833333333331
2016-01-31 23:00:00,755.0
2016-01-31 23:10:00,755.0833333333329
2016-01-31 23:20:00,755.1666666666669
2016-01-31 23:30:00,755.25
2016-01-31 23:40:00,755.3333333333329
2016-01-31 23:50:00,755.4166666666669
2016-02-01 00:00:00,755.5
2016-02-01 00:10:00,755.6333333333331
2016-02-01 00:20:00,755.766666666667
2016-02-01 00:30:00,755.9
2016-02-01 00:40:00,756.033333333333
2016-02-01 00:50:00,756.1666666666669
2016-02-01 01:00:00,756.2999999999998
2016-02-01 01:10:00,756.366666666667
2016-02-01 01:20:00,756.4333333333329
2016-02-01 01:30:00,756.5
2016-02-01 01:40:00,756.5666666666668
2016-02-01 01:50:00,756.6333333333331
2016-02-01 02:00:00,756.7
2016-02-01 02:10:00,756.7999999999998
2016-02-01 02:20:00,756.9
2016-02-01 02:30:00,757.0
2016-02-01 02:40:00,757.1
2016-02-01 02:50:00,757.2
2016-02-01 03:00:00,757.2999999999998
2016-02-01 03:10:00,757.4333333333329
2016-02-01 03:20:00,757.5666666666668
2016-02-01 03:30:00,757.7
2016-02-01 03:40:00,757.8333333333329
2016-02-01 03:50:00,757.966666666667
2016-02-01 04:00:00,758.1
2016-02-01 04:10:00,758.15
2016-02-01 04:20:00,758.2
2016-02-01 04:30:00,758.25
2016-02-01 04:40:00,758.2999999999998
2016-02-01 04:50:00,758.35
2016-02-01 05:00:00,758.4
2016-02-01 05:10:00,758.466666666667
2016-02-01 05:20:00,758.533333333333
2016-02-01 05:30:00,758.6
2016-02-01 05:40:00,758.6666666666669
2016-02-01 05:50:00,758.733333333333
2016-02-01 06:00:00,758.7999999999998
2016-02-01 06:10:00,758.85
2016-02-01 06:20:00,758.9
2016-02-01 06:30:00,758.95
2016-02-01 06:40:00,759.0
2016-02-01 06:50:00,759.0499999999998
2016-02-01 07:00:00,759.1
2016-02-01 07:10:00,759.15
2016-02-01 07:20:00,759.2
2016-02-01 07:30:00,759.25
2016-02-01 07:40:00,759.2999999999998
2016-02-01 07:50:00,759.35
2016-02-01 08:00:00,759.4
2016-02-01 08:10:00,759.45
2016-02-01 08:20:00,759.5
2016-02-01 08:30:00,759.5499999999998
2016-02-01 08:40:00,759.6
2016-02-01 08:50:00,759.65
2016-02-01 09:00:00,759.7
2016-02-01 09:10:00,759.75
2016-02-01 09:20:00,759.7999999999998
2016-02-01 09:30:00,759.85
2016-02-01 09:40:00,759.9
2016-02-01 09:50:00,759.95
2016-02-01 10:00:00,760.0
2016-02-01 10:10:00,760.033333333333
2016-02-01 10:20:00,760.0666666666668
2016-02-01 10:30:00,760.1
2016-02-01 10:40:00,760.1333333333331
2016-02-01 10:50:00,760.1666666666669
2016-02-01 11:00:00,760.2
2016-02-01 11:10:00,760.216666666667
2016-02-01 11:20:00,760.233333333333
2016-02-01 11:30:00,760.25
2016-02-01 11:40:00,760.266666666667
2016-02-01 11:50:00,760.283333333333
2016-02-01 12:00:00,760.2999999999998
2016-02-01 12:10:00,760.25
2016-02-01 12:20:00,760.2
2016-02-01 12:30:00,760.15
2016-02-01 12:40:00,760.1
2016-02-01 12:50:00,760.0499999999998
2016-02-01 13:00:00,760.0
2016-02-01 13:10:00,759.983333333333
2016-02-01 13:20:00,759.966666666667
2016-02-01 13:30:00,759.95
2016-02-01 13:40:00,759.9333333333329
2016-02-01 13:50:00,759.9166666666669
2016-02-01 14:00:00,759.9
2016-02-01 14:10:00,759.85
2016-02-01 14:20:00,759.7999999999998
2016-02-01 14:30:00,759.75
2016-02-01 14:40:00,759.7
2016-02-01 14:50:00,759.65
2016-02-01 15:00:00,759.6
2016-02-01 15:10:00,759.6666666666669
2016-02-01 15:20:00,759.733333333333
2016-02-01 15:30:00,759.7999999999998
2016-02-01 15:40:00,759.866666666667
2016-02-01 15:50:00,759.9333333333329
2016-02-01 16:00:00,760.0
2016-02-01 16:10:00,759.983333333333
2016-02-01 16:20:00,759.966666666667
2016-02-01 16:30:00,759.95
2016-02-01 16:40:00,759.9333333333329
2016-02-01 16:50:00,759.9166666666669
2016-02-01 17:00:00,759.9
2016-02-01 17:10:00,759.9166666666669
2016-02-01 17:20:00,759.9333333333329
2016-02-01 17:30:00,759.95
2016-02-01 17:40:00,759.966666666667
2016-02-01 17:50:00,759.983333333333
2016-02-01 18:00:00,760.0
2016-02-01 18:10:00,760.0
2016-02-01 18:20:00,760.0
2016-02-01 18:30:00,760.0
2016-02-01 18:40:00,760.0
2016-02-01 18:50:00,760.0
2016-02-01 19:00:00,760.0
2016-02-01 19:10:00,759.966666666667
2016-02-01 19:20:00,759.9333333333329
2016-02-01 19:30:00,759.9
2016-02-01 19:40:00,759.866666666667
2016-02-01 19:50:00,759.8333333333329
2016-02-01 20:00:00,759.7999999999998
2016-02-01 20:10:00,759.7999999999998
2016-02-01 20:20:00,759.7999999999998
2016-02-01 20:30:00,759.7999999999998
2016-02-01 20:40:00,759.7999999999998
2016-02-01 20:50:00,759.7999999999998
2016-02-01 21:00:00,759.7999999999998
2016-02-01 21:10:00,759.7999999999998
2016-02-01 21:20:00,759.7999999999998
2016-02-01 21:30:00,759.7999999999998
2016-02-01 21:40:00,759.7999999999998
2016-02-01 21:50:00,759.7999999999998
2016-02-01 22:00:00,759.7999999999998
2016-02-01 22:10:00,759.7999999999998
2016-02-01 22:20:00,759.7999999999998
2016-02-01 22:30:00,759.7999999999998
2016-02-01 22:40:00,759.7999999999998
2016-02-01 22:50:00,759.7999999999998
2016-02-01 23:00:00,759.7999999999998
2016-02-01 23:10:00,759.766666666667
2016-02-01 23:20:00,759.733333333333
2016-02-01 23:30:00,759.7
2016-02-01 23:40:00,759.6666666666669
2016-02-01 23:50:00,759.6333333333331
2016-02-02 00:00:00,759.6
2016-02-02 00:10:00,759.6
2016-02-02 00:20:00,759.6
2016-02-02 00:30:00,759.6
2016-02-02 00:40:00,759.6
2016-02-02 00:50:00,759.6
2016-02-02 01:00:00,759.6
2016-02-02 01:10:00,759.5833333333329
2016-02-02 01:20:00,759.5666666666668
2016-02-02 01:30:00,759.5499999999998
2016-02-02 01:40:00,759.533333333333
2016-02-02 01:50:00,759.516666666667
2016-02-02 02:00:00,759.5
2016-02-02 02:10:00,759.483333333333
2016-02-02 02:20:00,759.466666666667
2016-02-02 02:30:00,759.45
2016-02-02 02:40:00,759.4333333333329
2016-02-02 02:50:00,759.4166666666669
2016-02-02 03:00:00,759.4
2016-02-02 03:10:00,759.35
2016-02-02 03:20:00,759.2999999999998
2016-02-02 03:30:00,759.25
2016-02-02 03:40:00,759.2
2016-02-02 03:50:00,759.15
2016-02-02 04:00:00,759.1
2016-02-02 04:10:00,759.0666666666668
2016-02-02 04:20:00,759.033333333333
2016-02-02 04:30:00,759.0
2016-02-02 04:40:00,758.966666666667
2016-02-02 04:50:00,758.9333333333329
2016-02-02 05:00:00,758.9
2016-02-02 05:10:00,758.8333333333329
2016-02-02 05:20:00,758.766666666667
2016-02-02 05:30:00,758.7
2016-02-02 05:40:00,758.6333333333331
2016-02-02 05:50:00,758.5666666666668
2016-02-02 06:00:00,758.5
2016-02-02 06:10:00,758.45
2016-02-02 06:20:00,758.4
2016-02-02 06:30:00,758.35
2016-02-02 06:40:00,758.2999999999998
2016-02-02 06:50:00,758.25
2016-02-02 07:00:00,758.2
2016-02-02 07:10:00,758.1666666666669
2016-02-02 07:20:00,758.1333333333331
2016-02-02 07:30:00,758.1
2016-02-02 07:40:00,758.0666666666668
2016-02-02 07:50:00,758.033333333333
2016-02-02 08:00:00,758.0
2016-02-02 08:10:00,757.95
2016-02-02 08:20:00,757.9
2016-02-02 08:30:00,757.85
2016-02-02 08:40:00,757.7999999999998
2016-02-02 08:50:00,757.75
2016-02-02 09:00:00,757.7
2016-02-02 09:10:00,757.6333333333331
2016-02-02 09:20:00,757.5666666666668
2016-02-02 09:30:00,757.5
2016-02-02 09:40:00,757.4333333333329
2016-02-02 09:50:00,757.366666666667
2016-02-02 10:00:00,757.2999999999998
2016-02-02 10:10:00,757.283333333333
2016-02-02 10:20:00,757.266666666667
2016-02-02 10:30:00,757.25
2016-02-02 10:40:00,757.233333333333
2016-02-02 10:50:00,757.216666666667
2016-02-02 11:00:00,757.2
2016-02-02 11:10:00,757.1666666666669
2016-02-02 11:20:00,757.1333333333331
2016-02-02 11:30:00,757.1
2016-02-02 11:40:00,757.0666666666668
2016-02-02 11:50:00,757.033333333333
2016-02-02 12:00:00,757.0
2016-02-02 12:10:00,756.9333333333329
2016-02-02 12:20:00,756.866666666667
2016-02-02 12:30:00,756.7999999999998
2016-02-02 12:40:00,756.733333333333
2016-02-02 12:50:00,756.6666666666669
2016-02-02 13:00:00,756.6
2016-02-02 13:10:00,756.516666666667
2016-02-02 13:20:00,756.4333333333329
2016-02-02 13:30:00,756.35
2016-02-02 13:40:00,756.266666666667
2016-02-02 13:50:00,756.1833333333329
2016-02-02 14:00:00,756.1
2016-02-02 14:10:00,756.116666666667
2016-02-02 14:20:00,756.1333333333331
2016-02-02 14:30:00,756.15
2016-02-02 14:40:00,756.1666666666669
2016-02-02 14:50:00,756.1833333333329
2016-02-02 15:00:00,756.2
2016-02-02 15:10:00,756.2
2016-02-02 15:20:00,756.2
2016-02-02 15:30:00,756.2
2016-02-02 15:40:00,756.2
2016-02-02 15:50:00,756.2
2016-02-02 16:00:00,756.2
2016-02-02 16:10:00,756.233333333333
2016-02-02 16:20:00,756.266666666667
2016-02-02 16:30:00,756.2999999999998
2016-02-02 16:40:00,756.3333333333329
2016-02-02 16:50:00,756.366666666667
2016-02-02 17:00:00,756.4
2016-02-02 17:10:00,756.483333333333
2016-02-02 17:20:00,756.5666666666668
2016-02-02 17:30:00,756.65
2016-02-02 17:40:00,756.733333333333
2016-02-02 17:50:00,756.8166666666668
2016-02-02 18:00:00,756.9
2016-02-02 18:10:00,757.016666666667
2016-02-02 18:20:00,757.1333333333331
2016-02-02 18:30:00,757.25
2016-02-02 18:40:00,757.366666666667
2016-02-02 18:50:00,757.483333333333
2016-02-02 19:00:00,757.6
2016-02-02 19:10:00,757.6333333333331
2016-02-02 19:20:00,757.6666666666669
2016-02-02 19:30:00,757.7
2016-02-02 19:40:00,757.733333333333
2016-02-02 19:50:00,757.766666666667
2016-02-02 20:00:00,757.7999999999998
2016-02-02 20:10:00,757.85
2016-02-02 20:20:00,757.9
2016-02-02 20:30:00,757.95
2016-02-02 20:40:00,758.0
2016-02-02 20:50:00,758.0499999999998
2016-02-02 21:00:00,758.1
2016-02-02 21:10:00,758.15
2016-02-02 21:20:00,758.2
2016-02-02 21:30:00,758.25
2016-02-02 21:40:00,758.2999999999998
2016-02-02 21:50:00,758.35
2016-02-02 22:00:00,758.4
2016-02-02 22:10:00,758.4166666666669
2016-02-02 22:20:00,758.4333333333329
2016-02-02 22:30:00,758.45
2016-02-02 22:40:00,758.466666666667
2016-02-02 22:50:00,758.483333333333
2016-02-02 23:00:00,758.5
2016-02-02 23:10:00,758.5
2016-02-02 23:20:00,758.5
2016-02-02 23:30:00,758.5
2016-02-02 23:40:00,758.5
2016-02-02 23:50:00,758.5
2016-02-03 00:00:00,758.5
2016-02-03 00:10:00,758.5
2016-02-03 00:20:00,758.5
2016-02-03 00:30:00,758.5
2016-02-03 00:40:00,758.5
2016-02-03 00:50:00,758.5
2016-02-03 01:00:00,758.5
2016-02-03 01:10:00,758.5
2016-02-03 01:20:00,758.5
2016-02-03 01:30:00,758.5
2016-02-03 01:40:00,758.5
2016-02-03 01:50:00,758.5
2016-02-03 02:00:00,758.5
2016-02-03 02:10:00,758.45
2016-02-03 02:20:00,758.4
2016-02-03 02:30:00,758.35
2016-02-03 02:40:00,758.2999999999998
2016-02-03 02:50:00,758.25
2016-02-03 03:00:00,758.2
2016-02-03 03:10:00,758.15
2016-02-03 03:20:00,758.1
2016-02-03 03:30:00,758.0499999999998
2016-02-03 03:40:00,758.0
2016-02-03 03:50:00,757.95
2016-02-03 04:00:00,757.9
2016-02-03 04:10:00,757.866666666667
2016-02-03 04:20:00,757.8333333333329
2016-02-03 04:30:00,757.7999999999998
2016-02-03 04:40:00,757.766666666667
2016-02-03 04:50:00,757.733333333333
2016-02-03 05:00:00,757.7
2016-02-03 05:10:00,757.6833333333329
2016-02-03 05:20:00,757.6666666666669
2016-02-03 05:30:00,757.65
2016-02-03 05:40:00,757.6333333333331
2016-02-03 05:50:00,757.616666666667
2016-02-03 06:00:00,757.6
2016-02-03 06:10:00,757.6333333333331
2016-02-03 06:20:00,757.6666666666669
2016-02-03 06:30:00,757.7
2016-02-03 06:40:00,757.733333333333
2016-02-03 06:50:00,757.766666666667
2016-02-03 07:00:00,757.7999999999998
2016-02-03 07:10:00,757.866666666667
2016-02-03 07:20:00,757.9333333333329
2016-02-03 07:30:00,758.0
2016-02-03 07:40:00,758.0666666666668
2016-02-03 07:50:00,758.1333333333331
2016-02-03 08:00:00,758.2
2016-02-03 08:10:00,758.2999999999998
2016-02-03 08:20:00,758.4
2016-02-03 08:30:00,758.5
2016-02-03 08:40:00,758.6
2016-02-03 08:50:00,758.7
2016-02-03 09:00:00,758.7999999999998
2016-02-03 09:10:00,758.9
2016-02-03 09:20:00,759.0
2016-02-03 09:30:00,759.1
2016-02-03 09:40:00,759.2
2016-02-03 09:50:00,759.2999999999998
2016-02-03 10:00:00,759.4
2016-02-03 10:10:00,759.466666666667
2016-02-03 10:20:00,759.533333333333
2016-02-03 10:30:00,759.6
2016-02-03 10:40:00,759.6666666666669
2016-02-03 10:50:00,759.733333333333
2016-02-03 11:00:00,759.7999999999998
2016-02-03 11:10:00,759.8333333333329
2016-02-03 11:20:00,759.866666666667
2016-02-03 11:30:00,759.9
2016-02-03 11:40:00,759.9333333333329
2016-02-03 11:50:00,759.966666666667
2016-02-03 12:00:00,760.0
2016-02-03 12:10:00,760.033333333333
2016-02-03 12:20:00,760.0666666666668
2016-02-03 12:30:00,760.1
2016-02-03 12:40:00,760.1333333333331
2016-02-03 12:50:00,760.1666666666669
2016-02-03 13:00:00,760.2
2016-02-03 13:10:00,760.1666666666669
2016-02-03 13:20:00,760.1333333333331
2016-02-03 13:30:00,760.1
2016-02-03 13:40:00,760.0666666666668
2016-02-03 13:50:00,760.033333333333
2016-02-03 14:00:00,760.0
2016-02-03 14:10:00,760.1333333333331
2016-02-03 14:20:00,760.266666666667
2016-02-03 14:30:00,760.4
2016-02-03 14:40:00,760.533333333333
2016-02-03 14:50:00,760.6666666666669
2016-02-03 15:00:00,760.7999999999998
2016-02-03 15:10:00,760.866666666667
2016-02-03 15:20:00,760.9333333333329
2016-02-03 15:30:00,761.0
2016-02-03 15:40:00,761.0666666666668
2016-02-03 15:50:00,761.1333333333331
2016-02-03 16:00:00,761.2
2016-02-03 16:10:00,761.2999999999998
2016-02-03 16:20:00,761.4
2016-02-03 16:30:00,761.5
2016-02-03 16:40:00,761.6
2016-02-03 16:50:00,761.7
2016-02-03 17:00:00,761.7999999999998
2016-02-03 17:10:00,761.9333333333329
2016-02-03 17:20:00,762.0666666666668
2016-02-03 17:30:00,762.2
2016-02-03 17:40:00,762.3333333333329
2016-02-03 17:50:00,762.466666666667
2016-02-03 18:00:00,762.6
2016-02-03 18:10:00,762.716666666667
2016-02-03 18:20:00,762.8333333333329
2016-02-03 18:30:00,762.95
2016-02-03 18:40:00,763.0666666666668
2016-02-03 18:50:00,763.1833333333329
2016-02-03 19:00:00,763.2999999999998
2016-02-03 19:10:00,763.3833333333331
2016-02-03 19:20:00,763.466666666667
2016-02-03 19:30:00,763.5499999999998
2016-02-03 19:40:00,763.6333333333331
2016-02-03 19:50:00,763.716666666667
2016-02-03 20:00:00,763.7999999999998
2016-02-03 20:10:00,763.9166666666669
2016-02-03 20:20:00,764.033333333333
2016-02-03 20:30:00,764.15
2016-02-03 20:40:00,764.266666666667
2016-02-03 20:50:00,764.3833333333331
2016-02-03 21:00:00,764.5
2016-02-03 21:10:00,764.6
2016-02-03 21:20:00,764.7
2016-02-03 21:30:00,764.7999999999998
2016-02-03 21:40:00,764.9
2016-02-03 21:50:00,765.0
2016-02-03 22:00:00,765.1
2016-02-03 22:10:00,765.15
2016-02-03 22:20:00,765.2
2016-02-03 22:30:00,765.25
2016-02-03 22:40:00,765.2999999999998
2016-02-03 22:50:00,765.35
2016-02-03 23:00:00,765.4
2016-02-03 23:10:00,765.3833333333331
2016-02-03 23:20:00,765.366666666667
2016-02-03 23:30:00,765.35
2016-02-03 23:40:00,765.3333333333329
2016-02-03 23:50:00,765.3166666666668
2016-02-04 00:00:00,765.2999999999998
2016-02-04 00:10:00,765.35
2016-02-04 00:20:00,765.4
2016-02-04 00:30:00,765.45
2016-02-04 00:40:00,765.5
2016-02-04 00:50:00,765.5499999999998
2016-02-04 01:00:00,765.6
2016-02-04 01:10:00,765.65
2016-02-04 01:20:00,765.7
2016-02-04 01:30:00,765.75
2016-02-04 01:40:00,765.7999999999998
2016-02-04 01:50:00,765.85
2016-02-04 02:00:00,765.9
2016-02-04 02:10:00,765.9
2016-02-04 02:20:00,765.9
2016-02-04 02:30:00,765.9
2016-02-04 02:40:00,765.9
2016-02-04 02:50:00,765.9
2016-02-04 03:00:00,765.9
2016-02-04 03:10:00,765.866666666667
2016-02-04 03:20:00,765.8333333333329
2016-02-04 03:30:00,765.7999999999998
2016-02-04 03:40:00,765.766666666667
2016-02-04 03:50:00,765.733333333333
2016-02-04 04:00:00,765.7
2016-02-04 04:10:00,765.616666666667
2016-02-04 04:20:00,765.533333333333
2016-02-04 04:30:00,765.45
2016-02-04 04:40:00,765.366666666667
2016-02-04 04:50:00,765.283333333333
2016-02-04 05:00:00,765.2
2016-02-04 05:10:00,765.1333333333331
2016-02-04 05:20:00,765.0666666666668
2016-02-04 05:30:00,765.0
2016-02-04 05:40:00,764.9333333333329
2016-02-04 05:50:00,764.866666666667
2016-02-04 06:00:00,764.7999999999998
2016-02-04 06:10:00,764.6666666666669
2016-02-04 06:20:00,764.533333333333
2016-02-04 06:30:00,764.4
2016-02-04 06:40:00,764.266666666667
2016-02-04 06:50:00,764.1333333333331
2016-02-04 07:00:00,764.0
2016-02-04 07:10:00,763.9
2016-02-04 07:20:00,763.7999999999998
2016-02-04 07:30:00,763.7
2016-02-04 07:40:00,763.6
2016-02-04 07:50:00,763.5
2016-02-04 08:00:00,763.4
2016-02-04 08:10:00,763.266666666667
2016-02-04 08:20:00,763.1333333333331
2016-02-04 08:30:00,763.0
2016-02-04 08:40:00,762.866666666667
2016-02-04 08:50:00,762.733333333333
2016-02-04 09:00:00,762.6
2016-02-04 09:10:00,762.45
2016-02-04 09:20:00,762.2999999999998
2016-02-04 09:30:00,762.15
2016-02-04 09:40:00,762.0
2016-02-04 09:50:00,761.85
2016-02-04 10:00:00,761.7
2016-02-04 10:10:00,761.6666666666669
2016-02-04 10:20:00,761.6333333333331
2016-02-04 10:30:00,761.6
2016-02-04 10:40:00,761.5666666666668
2016-02-04 10:50:00,761.533333333333
2016-02-04 11:00:00,761.5
2016-02-04 11:10:00,761.483333333333
2016-02-04 11:20:00,761.466666666667
2016-02-04 11:30:00,761.45
2016-02-04 11:40:00,761.4333333333329
2016-02-04 11:50:00,761.4166666666669
2016-02-04 12:00:00,761.4
2016-02-04 12:10:00,761.3833333333331
2016-02-04 12:20:00,761.366666666667
2016-02-04 12:30:00,761.35
2016-02-04 12:40:00,761.3333333333329
2016-02-04 12:50:00,761.3166666666668
2016-02-04 13:00:00,761.2999999999998
2016-02-04 13:10:00,761.3333333333329
2016-02-04 13:20:00,761.366666666667
2016-02-04 13:30:00,761.4
2016-02-04 13:40:00,761.4333333333329
2016-02-04 13:50:00,761.466666666667
2016-02-04 14:00:00,761.5
2016-02-04 14:10:00,761.533333333333
2016-02-04 14:20:00,761.5666666666668
2016-02-04 14:30:00,761.6
2016-02-04 14:40:00,761.6333333333331
2016-02-04 14:50:00,761.6666666666669
2016-02-04 15:00:00,761.7
2016-02-04 15:10:00,761.766666666667
2016-02-04 15:20:00,761.8333333333329
2016-02-04 15:30:00,761.9
2016-02-04 15:40:00,761.966666666667
2016-02-04 15:50:00,762.033333333333
2016-02-04 16:00:00,762.1
2016-02-04 16:10:00,762.1666666666669
2016-02-04 16:20:00,762.233333333333
2016-02-04 16:30:00,762.2999999999998
2016-02-04 16:40:00,762.366666666667
2016-02-04 16:50:00,762.4333333333329
2016-02-04 17:00:00,762.5
2016-02-04 17:10:00,762.5833333333329
2016-02-04 17:20:00,762.6666666666669
2016-02-04 17:30:00,762.75
2016-02-04 17:40:00,762.8333333333329
2016-02-04 17:50:00,762.9166666666669
2016-02-04 18:00:00,763.0
2016-02-04 18:10:00,763.116666666667
2016-02-04 18:20:00,763.233333333333
2016-02-04 18:30:00,763.35
2016-02-04 18:40:00,763.466666666667
2016-02-04 18:50:00,763.5833333333329
2016-02-04 19:00:00,763.7
2016-02-04 19:10:00,763.8166666666668
2016-02-04 19:20:00,763.9333333333329
2016-02-04 19:30:00,764.0499999999998
2016-02-04 19:40:00,764.1666666666669
2016-02-04 19:50:00,764.283333333333
2016-02-04 20:00:00,764.4
2016-02-04 20:10:00,764.466666666667
2016-02-04 20:20:00,764.533333333333
2016-02-04 20:30:00,764.6
2016-02-04 20:40:00,764.6666666666669
2016-02-04 20:50:00,764.733333333333
2016-02-04 21:00:00,764.7999999999998
2016-02-04 21:10:00,764.8166666666668
2016-02-04 21:20:00,764.8333333333329
2016-02-04 21:30:00,764.85
2016-02-04 21:40:00,764.866666666667
2016-02-04 21:50:00,764.8833333333331
2016-02-04 22:00:00,764.9
2016-02-04 22:10:00,764.95
2016-02-04 22:20:00,765.0
2016-02-04 22:30:00,765.0499999999998
2016-02-04 22:40:00,765.1
2016-02-04 22:50:00,765.15
2016-02-04 23:00:00,765.2
2016-02-04 23:10:00,765.2
2016-02-04 23:20:00,765.2
2016-02-04 23:30:00,765.2
2016-02-04 23:40:00,765.2
2016-02-04 23:50:00,765.2
2016-02-05 00:00:00,765.2
2016-02-05 00:10:00,765.2
2016-02-05 00:20:00,765.2
2016-02-05 00:30:00,765.2
2016-02-05 00:40:00,765.2
2016-02-05 00:50:00,765.2
2016-02-05 01:00:00,765.2
2016-02-05 01:10:00,765.1333333333331
2016-02-05 01:20:00,765.0666666666668
2016-02-05 01:30:00,765.0
2016-02-05 01:40:00,764.9333333333329
2016-02-05 01:50:00,764.866666666667
2016-02-05 02:00:00,764.7999999999998
2016-02-05 02:10:00,764.7999999999998
2016-02-05 02:20:00,764.7999999999998
2016-02-05 02:30:00,764.7999999999998
2016-02-05 02:40:00,764.7999999999998
2016-02-05 02:50:00,764.7999999999998
2016-02-05 03:00:00,764.7999999999998
2016-02-05 03:10:00,764.75
2016-02-05 03:20:00,764.7
2016-02-05 03:30:00,764.65
2016-02-05 03:40:00,764.6
2016-02-05 03:50:00,764.5499999999998
2016-02-05 04:00:00,764.5
2016-02-05 04:10:00,764.483333333333
2016-02-05 04:20:00,764.466666666667
2016-02-05 04:30:00,764.45
2016-02-05 04:40:00,764.4333333333329
2016-02-05 04:50:00,764.4166666666669
2016-02-05 05:00:00,764.4
2016-02-05 05:10:00,764.3166666666668
2016-02-05 05:20:00,764.233333333333
2016-02-05 05:30:00,764.15
2016-02-05 05:40:00,764.0666666666668
2016-02-05 05:50:00,763.983333333333
2016-02-05 06:00:00,763.9
2016-02-05 06:10:00,763.85
2016-02-05 06:20:00,763.7999999999998
2016-02-05 06:30:00,763.75
2016-02-05 06:40:00,763.7
2016-02-05 06:50:00,763.65
2016-02-05 07:00:00,763.6
2016-02-05 07:10:00,763.6
2016-02-05 07:20:00,763.6
2016-02-05 07:30:00,763.6
2016-02-05 07:40:00,763.6
2016-02-05 07:50:00,763.6
2016-02-05 08:00:00,763.6
2016-02-05 08:10:00,763.616666666667
2016-02-05 08:20:00,763.6333333333331
2016-02-05 08:30:00,763.65
2016-02-05 08:40:00,763.6666666666669
2016-02-05 08:50:00,763.6833333333329
2016-02-05 09:00:00,763.7
2016-02-05 09:10:00,763.7
2016-02-05 09:20:00,763.7
2016-02-05 09:30:00,763.7
2016-02-05 09:40:00,763.7
2016-02-05 09:50:00,763.7
2016-02-05 10:00:00,763.7
2016-02-05 10:10:00,763.6833333333329
2016-02-05 10:20:00,763.6666666666669
2016-02-05 10:30:00,763.65
2016-02-05 10:40:00,763.6333333333331
2016-02-05 10:50:00,763.616666666667
2016-02-05 11:00:00,763.6
2016-02-05 11:10:00,763.5499999999998
2016-02-05 11:20:00,763.5
2016-02-05 11:30:00,763.45
2016-02-05 11:40:00,763.4
2016-02-05 11:50:00,763.35
2016-02-05 12:00:00,763.2999999999998
2016-02-05 12:10:00,763.2
2016-02-05 12:20:00,763.1
2016-02-05 12:30:00,763.0
2016-02-05 12:40:00,762.9
2016-02-05 12:50:00,762.7999999999998
2016-02-05 13:00:00,762.7
2016-02-05 13:10:00,762.6
2016-02-05 13:20:00,762.5
2016-02-05 13:30:00,762.4
2016-02-05 13:40:00,762.2999999999998
2016-02-05 13:50:00,762.2
2016-02-05 14:00:00,762.1
2016-02-05 14:10:00,762.0
2016-02-05 14:20:00,761.9
2016-02-05 14:30:00,761.7999999999998
2016-02-05 14:40:00,761.7
2016-02-05 14:50:00,761.6
2016-02-05 15:00:00,761.5
2016-02-05 15:10:00,761.4166666666669
2016-02-05 15:20:00,761.3333333333329
2016-02-05 15:30:00,761.25
2016-02-05 15:40:00,761.1666666666669
2016-02-05 15:50:00,761.0833333333329
2016-02-05 16:00:00,761.0
2016-02-05 16:10:00,760.95
2016-02-05 16:20:00,760.9
2016-02-05 16:30:00,760.85
2016-02-05 16:40:00,760.7999999999998
2016-02-05 16:50:00,760.75
2016-02-05 17:00:00,760.7
2016-02-05 17:10:00,760.6333333333331
2016-02-05 17:20:00,760.5666666666668
2016-02-05 17:30:00,760.5
2016-02-05 17:40:00,760.4333333333329
2016-02-05 17:50:00,760.366666666667
2016-02-05 18:00:00,760.2999999999998
2016-02-05 18:10:00,760.25
2016-02-05 18:20:00,760.2
2016-02-05 18:30:00,760.15
2016-02-05 18:40:00,760.1
2016-02-05 18:50:00,760.0499999999998
2016-02-05 19:00:00,760.0
2016-02-05 19:10:00,759.95
2016-02-05 19:20:00,759.9
2016-02-05 19:30:00,759.85
2016-02-05 19:40:00,759.7999999999998
2016-02-05 19:50:00,759.75
2016-02-05 20:00:00,759.7
2016-02-05 20:10:00,759.616666666667
2016-02-05 20:20:00,759.533333333333
2016-02-05 20:30:00,759.45
2016-02-05 20:40:00,759.366666666667
2016-02-05 20:50:00,759.283333333333
2016-02-05 21:00:00,759.2
2016-02-05 21:10:00,759.0833333333329
2016-02-05 21:20:00,758.966666666667
2016-02-05 21:30:00,758.85
2016-02-05 21:40:00,758.733333333333
2016-02-05 21:50:00,758.616666666667
2016-02-05 22:00:00,758.5
2016-02-05 22:10:00,758.4333333333329
2016-02-05 22:20:00,758.366666666667
2016-02-05 22:30:00,758.2999999999998
2016-02-05 22:40:00,758.233333333333
2016-02-05 22:50:00,758.1666666666669
2016-02-05 23:00:00,758.1
2016-02-05 23:10:00,757.966666666667
2016-02-05 23:20:00,757.8333333333329
2016-02-05 23:30:00,757.7
2016-02-05 23:40:00,757.5666666666668
2016-02-05 23:50:00,757.4333333333329
2016-02-06 00:00:00,757.2999999999998
2016-02-06 00:10:00,757.25
2016-02-06 00:20:00,757.2
2016-02-06 00:30:00,757.15
2016-02-06 00:40:00,757.1
2016-02-06 00:50:00,757.0499999999998
2016-02-06 01:00:00,757.0
2016-02-06 01:10:00,756.8166666666668
2016-02-06 01:20:00,756.6333333333331
2016-02-06 01:30:00,756.45
2016-02-06 01:40:00,756.266666666667
2016-02-06 01:50:00,756.0833333333329
2016-02-06 02:00:00,755.9
2016-02-06 02:10:00,755.8833333333331
2016-02-06 02:20:00,755.866666666667
2016-02-06 02:30:00,755.85
2016-02-06 02:40:00,755.8333333333329
2016-02-06 02:50:00,755.8166666666668
2016-02-06 03:00:00,755.7999999999998
2016-02-06 03:10:00,755.6833333333329
2016-02-06 03:20:00,755.5666666666668
2016-02-06 03:30:00,755.45
2016-02-06 03:40:00,755.3333333333329
2016-02-06 03:50:00,755.216666666667
2016-02-06 04:00:00,755.1
2016-02-06 04:10:00,755.016666666667
2016-02-06 04:20:00,754.9333333333329
2016-02-06 04:30:00,754.85
2016-02-06 04:40:00,754.766666666667
2016-02-06 04:50:00,754.6833333333329
2016-02-06 05:00:00,754.6
2016-02-06 05:10:00,754.5499999999998
2016-02-06 05:20:00,754.5
2016-02-06 05:30:00,754.45
2016-02-06 05:40:00,754.4
2016-02-06 05:50:00,754.35
2016-02-06 06:00:00,754.2999999999998
2016-02-06 06:10:00,754.2
2016-02-06 06:20:00,754.1
2016-02-06 06:30:00,754.0
2016-02-06 06:40:00,753.9
2016-02-06 06:50:00,753.7999999999998
2016-02-06 07:00:00,753.7
2016-02-06 07:10:00,753.6666666666669
2016-02-06 07:20:00,753.6333333333331
2016-02-06 07:30:00,753.6
2016-02-06 07:40:00,753.5666666666668
2016-02-06 07:50:00,753.533333333333
2016-02-06 08:00:00,753.5
2016-02-06 08:10:00,753.5
2016-02-06 08:20:00,753.5
2016-02-06 08:30:00,753.5
2016-02-06 08:40:00,753.5
2016-02-06 08:50:00,753.5
2016-02-06 09:00:00,753.5
2016-02-06 09:10:00,753.516666666667
2016-02-06 09:20:00,753.533333333333
2016-02-06 09:30:00,753.5499999999998
2016-02-06 09:40:00,753.5666666666668
2016-02-06 09:50:00,753.5833333333329
2016-02-06 10:00:00,753.6
2016-02-06 10:10:00,753.466666666667
2016-02-06 10:20:00,753.3333333333329
2016-02-06 10:30:00,753.2
2016-02-06 10:40:00,753.0666666666668
2016-02-06 10:50:00,752.9333333333329
2016-02-06 11:00:00,752.7999999999998
2016-02-06 11:10:00,752.6833333333329
2016-02-06 11:20:00,752.5666666666668
2016-02-06 11:30:00,752.45
2016-02-06 11:40:00,752.3333333333329
2016-02-06 11:50:00,752.216666666667
2016-02-06 12:00:00,752.1
2016-02-06 12:10:00,751.95
2016-02-06 12:20:00,751.7999999999998
2016-02-06 12:30:00,751.65
2016-02-06 12:40:00,751.5
2016-02-06 12:50:00,751.35
2016-02-06 13:00:00,751.2
2016-02-06 13:10:00,751.016666666667
2016-02-06 13:20:00,750.8333333333329
2016-02-06 13:30:00,750.65
2016-02-06 13:40:00,750.466666666667
2016-02-06 13:50:00,750.283333333333
2016-02-06 14:00:00,750.1
2016-02-06 14:10:00,749.95
2016-02-06 14:20:00,749.7999999999998
2016-02-06 14:30:00,749.65
2016-02-06 14:40:00,749.5
2016-02-06 14:50:00,749.35
2016-02-06 15:00:00,749.2
2016-02-06 15:10:00,749.033333333333
2016-02-06 15:20:00,748.866666666667
2016-02-06 15:30:00,748.7
2016-02-06 15:40:00,748.533333333333
2016-02-06 15:50:00,748.366666666667
2016-02-06 16:00:00,748.2
2016-02-06 16:10:00,748.0833333333329
2016-02-06 16:20:00,747.966666666667
2016-02-06 16:30:00,747.85
2016-02-06 16:40:00,747.733333333333
2016-02-06 16:50:00,747.616666666667
2016-02-06 17:00:00,747.5
2016-02-06 17:10:00,747.3833333333331
2016-02-06 17:20:00,747.266666666667
2016-02-06 17:30:00,747.15
2016-02-06 17:40:00,747.033333333333
2016-02-06 17:50:00,746.9166666666669
2016-02-06 18:00:00,746.7999999999998
2016-02-06 18:10:00,746.7
2016-02-06 18:20:00,746.6
2016-02-06 18:30:00,746.5
2016-02-06 18:40:00,746.4
2016-02-06 18:50:00,746.2999999999998
2016-02-06 19:00:00,746.2
2016-02-06 19:10:00,745.983333333333
2016-02-06 19:20:00,745.766666666667
2016-02-06 19:30:00,745.5499999999998
2016-02-06 19:40:00,745.3333333333329
2016-02-06 19:50:00,745.116666666667
2016-02-06 20:00:00,744.9
2016-02-06 20:10:00,744.716666666667
2016-02-06 20:20:00,744.533333333333
2016-02-06 20:30:00,744.35
2016-02-06 20:40:00,744.1666666666669
2016-02-06 20:50:00,743.983333333333
2016-02-06 21:00:00,743.7999999999998
2016-02-06 21:10:00,743.733333333333
2016-02-06 21:20:00,743.6666666666669
2016-02-06 21:30:00,743.6
2016-02-06 21:40:00,743.533333333333
2016-02-06 21:50:00,743.466666666667
2016-02-06 22:00:00,743.4
2016-02-06 22:10:00,743.3166666666668
2016-02-06 22:20:00,743.233333333333
2016-02-06 22:30:00,743.15
2016-02-06 22:40:00,743.0666666666668
2016-02-06 22:50:00,742.983333333333
2016-02-06 23:00:00,742.9
2016-02-06 23:10:00,742.85
2016-02-06 23:20:00,742.7999999999998
2016-02-06 23:30:00,742.75
2016-02-06 23:40:00,742.7
2016-02-06 23:50:00,742.65
2016-02-07 00:00:00,742.6
2016-02-07 00:10:00,742.516666666667
2016-02-07 00:20:00,742.4333333333329
2016-02-07 00:30:00,742.35
2016-02-07 00:40:00,742.266666666667
2016-02-07 00:50:00,742.1833333333329
2016-02-07 01:00:00,742.1
2016-02-07 01:10:00,742.0499999999998
2016-02-07 01:20:00,742.0
2016-02-07 01:30:00,741.95
2016-02-07 01:40:00,741.9
2016-02-07 01:50:00,741.85
2016-02-07 02:00:00,741.7999999999998
2016-02-07 02:10:00,741.6833333333329
2016-02-07 02:20:00,741.5666666666668
2016-02-07 02:30:00,741.45
2016-02-07 02:40:00,741.3333333333329
2016-02-07 02:50:00,741.216666666667
2016-02-07 03:00:00,741.1
2016-02-07 03:10:00,741.0499999999998
2016-02-07 03:20:00,741.0
2016-02-07 03:30:00,740.95
2016-02-07 03:40:00,740.9
2016-02-07 03:50:00,740.85
2016-02-07 04:00:00,740.7999999999998
2016-02-07 04:10:00,740.8833333333331
2016-02-07 04:20:00,740.966666666667
2016-02-07 04:30:00,741.0499999999998
2016-02-07 04:40:00,741.1333333333331
2016-02-07 04:50:00,741.216666666667
2016-02-07 05:00:00,741.2999999999998
2016-02-07 05:10:00,741.4333333333329
2016-02-07 05:20:00,741.5666666666668
2016-02-07 05:30:00,741.7
2016-02-07 05:40:00,741.8333333333329
2016-02-07 05:50:00,741.966666666667
2016-02-07 06:00:00,742.1
2016-02-07 06:10:00,742.233333333333
2016-02-07 06:20:00,742.366666666667
2016-02-07 06:30:00,742.5
2016-02-07 06:40:00,742.6333333333331
2016-02-07 06:50:00,742.766666666667
2016-02-07 07:00:00,742.9
2016-02-07 07:10:00,743.0
2016-02-07 07:20:00,743.1
2016-02-07 07:30:00,743.2
2016-02-07 07:40:00,743.2999999999998
2016-02-07 07:50:00,743.4
2016-02-07 08:00:00,743.5
2016-02-07 08:10:00,743.616666666667
2016-02-07 08:20:00,743.733333333333
2016-02-07 08:30:00,743.85
2016-02-07 08:40:00,743.966666666667
2016-02-07 08:50:00,744.0833333333329
2016-02-07 09:00:00,744.2
2016-02-07 09:10:00,744.283333333333
2016-02-07 09:20:00,744.366666666667
2016-02-07 09:30:00,744.45
2016-02-07 09:40:00,744.533333333333
2016-02-07 09:50:00,744.616666666667
2016-02-07 10:00:00,744.7
2016-02-07 10:10:00,744.75
2016-02-07 10:20:00,744.7999999999998
2016-02-07 10:30:00,744.85
2016-02-07 10:40:00,744.9
2016-02-07 10:50:00,744.95
2016-02-07 11:00:00,745.0
2016-02-07 11:10:00,745.116666666667
2016-02-07 11:20:00,745.233333333333
2016-02-07 11:30:00,745.35
2016-02-07 11:40:00,745.466666666667
2016-02-07 11:50:00,745.5833333333329
2016-02-07 12:00:00,745.7
2016-02-07 12:10:00,745.766666666667
2016-02-07 12:20:00,745.8333333333329
2016-02-07 12:30:00,745.9
2016-02-07 12:40:00,745.966666666667
2016-02-07 12:50:00,746.033333333333
2016-02-07 13:00:00,746.1
2016-02-07 13:10:00,746.1666666666669
2016-02-07 13:20:00,746.233333333333
2016-02-07 13:30:00,746.2999999999998
2016-02-07 13:40:00,746.366666666667
2016-02-07 13:50:00,746.4333333333329
2016-02-07 14:00:00,746.5
2016-02-07 14:10:00,746.533333333333
2016-02-07 14:20:00,746.5666666666668
2016-02-07 14:30:00,746.6
2016-02-07 14:40:00,746.6333333333331
2016-02-07 14:50:00,746.6666666666669
2016-02-07 15:00:00,746.7
2016-02-07 15:10:00,746.716666666667
2016-02-07 15:20:00,746.733333333333
2016-02-07 15:30:00,746.75
2016-02-07 15:40:00,746.766666666667
2016-02-07 15:50:00,746.783333333333
2016-02-07 16:00:00,746.7999999999998
2016-02-07 16:10:00,746.8833333333331
2016-02-07 16:20:00,746.966666666667
2016-02-07 16:30:00,747.0499999999998
2016-02-07 16:40:00,747.1333333333331
2016-02-07 16:50:00,747.216666666667
2016-02-07 17:00:00,747.2999999999998
2016-02-07 17:10:00,747.25
2016-02-07 17:20:00,747.2
2016-02-07 17:30:00,747.15
2016-02-07 17:40:00,747.1
2016-02-07 17:50:00,747.0499999999998
2016-02-07 18:00:00,747.0
2016-02-07 18:10:00,747.033333333333
2016-02-07 18:20:00,747.0666666666668
2016-02-07 18:30:00,747.1
2016-02-07 18:40:00,747.1333333333331
2016-02-07 18:50:00,747.1666666666669
2016-02-07 19:00:00,747.2
2016-02-07 19:10:00,747.116666666667
2016-02-07 19:20:00,747.033333333333
2016-02-07 19:30:00,746.95
2016-02-07 19:40:00,746.866666666667
2016-02-07 19:50:00,746.783333333333
2016-02-07 20:00:00,746.7
2016-02-07 20:10:00,746.616666666667
2016-02-07 20:20:00,746.533333333333
2016-02-07 20:30:00,746.45
2016-02-07 20:40:00,746.366666666667
2016-02-07 20:50:00,746.283333333333
2016-02-07 21:00:00,746.2
2016-02-07 21:10:00,746.116666666667
2016-02-07 21:20:00,746.033333333333
2016-02-07 21:30:00,745.95
2016-02-07 21:40:00,745.866666666667
2016-02-07 21:50:00,745.783333333333
2016-02-07 22:00:00,745.7
2016-02-07 22:10:00,745.533333333333
2016-02-07 22:20:00,745.366666666667
2016-02-07 22:30:00,745.2
2016-02-07 22:40:00,745.033333333333
2016-02-07 22:50:00,744.866666666667
2016-02-07 23:00:00,744.7
2016-02-07 23:10:00,744.5
2016-02-07 23:20:00,744.2999999999998
2016-02-07 23:30:00,744.1
2016-02-07 23:40:00,743.9
2016-02-07 23:50:00,743.7
2016-02-08 00:00:00,743.5
2016-02-08 00:10:00,743.3833333333331
2016-02-08 00:20:00,743.266666666667
2016-02-08 00:30:00,743.15
2016-02-08 00:40:00,743.033333333333
2016-02-08 00:50:00,742.9166666666669
2016-02-08 01:00:00,742.7999999999998
2016-02-08 01:10:00,742.5666666666668
2016-02-08 01:20:00,742.3333333333329
2016-02-08 01:30:00,742.1
2016-02-08 01:40:00,741.866666666667
2016-02-08 01:50:00,741.6333333333331
2016-02-08 02:00:00,741.4
2016-02-08 02:10:00,741.233333333333
2016-02-08 02:20:00,741.0666666666668
2016-02-08 02:30:00,740.9
2016-02-08 02:40:00,740.733333333333
2016-02-08 02:50:00,740.5666666666668
2016-02-08 03:00:00,740.4
2016-02-08 03:10:00,740.1666666666669
2016-02-08 03:20:00,739.9333333333329
2016-02-08 03:30:00,739.7
2016-02-08 03:40:00,739.466666666667
2016-02-08 03:50:00,739.233333333333
2016-02-08 04:00:00,739.0
2016-02-08 04:10:00,739.033333333333
2016-02-08 04:20:00,739.0666666666668
2016-02-08 04:30:00,739.1
2016-02-08 04:40:00,739.1333333333331
2016-02-08 04:50:00,739.1666666666669
2016-02-08 05:00:00,739.2
2016-02-08 05:10:00,739.116666666667
2016-02-08 05:20:00,739.033333333333
2016-02-08 05:30:00,738.95
2016-02-08 05:40:00,738.866666666667
2016-02-08 05:50:00,738.783333333333
2016-02-08 06:00:00,738.7
2016-02-08 06:10:00,738.6833333333329
2016-02-08 06:20:00,738.6666666666669
2016-02-08 06:30:00,738.65
2016-02-08 06:40:00,738.6333333333331
2016-02-08 06:50:00,738.616666666667
2016-02-08 07:00:00,738.6
2016-02-08 07:10:00,738.5666666666668
2016-02-08 07:20:00,738.533333333333
2016-02-08 07:30:00,738.5
2016-02-08 07:40:00,738.466666666667
2016-02-08 07:50:00,738.4333333333329
2016-02-08 08:00:00,738.4
2016-02-08 08:10:00,738.5
2016-02-08 08:20:00,738.6
2016-02-08 08:30:00,738.7
2016-02-08 08:40:00,738.7999999999998
2016-02-08 08:50:00,738.9
2016-02-08 09:00:00,739.0
2016-02-08 09:10:00,738.95
2016-02-08 09:20:00,738.9
2016-02-08 09:30:00,738.85
2016-02-08 09:40:00,738.7999999999998
2016-02-08 09:50:00,738.75
2016-02-08 10:00:00,738.7
2016-02-08 10:10:00,738.7999999999998
2016-02-08 10:20:00,738.9
2016-02-08 10:30:00,739.0
2016-02-08 10:40:00,739.1
2016-02-08 10:50:00,739.2
2016-02-08 11:00:00,739.2999999999998
2016-02-08 11:10:00,739.3166666666668
2016-02-08 11:20:00,739.3333333333329
2016-02-08 11:30:00,739.35
2016-02-08 11:40:00,739.366666666667
2016-02-08 11:50:00,739.3833333333331
2016-02-08 12:00:00,739.4
2016-02-08 12:10:00,739.3833333333331
2016-02-08 12:20:00,739.366666666667
2016-02-08 12:30:00,739.35
2016-02-08 12:40:00,739.3333333333329
2016-02-08 12:50:00,739.3166666666668
2016-02-08 13:00:00,739.2999999999998
2016-02-08 13:10:00,739.35
2016-02-08 13:20:00,739.4
2016-02-08 13:30:00,739.45
2016-02-08 13:40:00,739.5
2016-02-08 13:50:00,739.5499999999998
2016-02-08 14:00:00,739.6
2016-02-08 14:10:00,739.6333333333331
2016-02-08 14:20:00,739.6666666666669
2016-02-08 14:30:00,739.7
2016-02-08 14:40:00,739.733333333333
2016-02-08 14:50:00,739.766666666667
2016-02-08 15:00:00,739.7999999999998
2016-02-08 15:10:00,739.85
2016-02-08 15:20:00,739.9
2016-02-08 15:30:00,739.95
2016-02-08 15:40:00,740.0
2016-02-08 15:50:00,740.0499999999998
2016-02-08 16:00:00,740.1
2016-02-08 16:10:00,740.25
2016-02-08 16:20:00,740.4
2016-02-08 16:30:00,740.5499999999998
2016-02-08 16:40:00,740.7
2016-02-08 16:50:00,740.85
2016-02-08 17:00:00,741.0
2016-02-08 17:10:00,741.016666666667
2016-02-08 17:20:00,741.033333333333
2016-02-08 17:30:00,741.0499999999998
2016-02-08 17:40:00,741.0666666666668
2016-02-08 17:50:00,741.0833333333329
2016-02-08 18:00:00,741.1
2016-02-08 18:10:00,741.233333333333
2016-02-08 18:20:00,741.366666666667
2016-02-08 18:30:00,741.5
2016-02-08 18:40:00,741.6333333333331
2016-02-08 18:50:00,741.766666666667
2016-02-08 19:00:00,741.9
2016-02-08 19:10:00,742.016666666667
2016-02-08 19:20:00,742.1333333333331
2016-02-08 19:30:00,742.25
2016-02-08 19:40:00,742.366666666667
2016-02-08 19:50:00,742.483333333333
2016-02-08 20:00:00,742.6
2016-02-08 20:10:00,742.716666666667
2016-02-08 20:20:00,742.8333333333329
2016-02-08 20:30:00,742.95
2016-02-08 20:40:00,743.0666666666668
2016-02-08 20:50:00,743.1833333333329
2016-02-08 21:00:00,743.2999999999998
2016-02-08 21:10:00,743.4166666666669
2016-02-08 21:20:00,743.533333333333
2016-02-08 21:30:00,743.65
2016-02-08 21:40:00,743.766666666667
2016-02-08 21:50:00,743.8833333333331
2016-02-08 22:00:00,744.0
2016-02-08 22:10:00,744.0666666666668
2016-02-08 22:20:00,744.1333333333331
2016-02-08 22:30:00,744.2
2016-02-08 22:40:00,744.266666666667
2016-02-08 22:50:00,744.3333333333329
2016-02-08 23:00:00,744.4
2016-02-08 23:10:00,744.45
2016-02-08 23:20:00,744.5
2016-02-08 23:30:00,744.5499999999998
2016-02-08 23:40:00,744.6
2016-02-08 23:50:00,744.65
2016-02-09 00:00:00,744.7
2016-02-09 00:10:00,744.716666666667
2016-02-09 00:20:00,744.733333333333
2016-02-09 00:30:00,744.75
2016-02-09 00:40:00,744.766666666667
2016-02-09 00:50:00,744.783333333333
2016-02-09 01:00:00,744.7999999999998
2016-02-09 01:10:00,744.7999999999998
2016-02-09 01:20:00,744.7999999999998
2016-02-09 01:30:00,744.7999999999998
2016-02-09 01:40:00,744.7999999999998
2016-02-09 01:50:00,744.7999999999998
2016-02-09 02:00:00,744.7999999999998
2016-02-09 02:10:00,744.766666666667
2016-02-09 02:20:00,744.733333333333
2016-02-09 02:30:00,744.7
2016-02-09 02:40:00,744.6666666666669
2016-02-09 02:50:00,744.6333333333331
2016-02-09 03:00:00,744.6
2016-02-09 03:10:00,744.483333333333
2016-02-09 03:20:00,744.366666666667
2016-02-09 03:30:00,744.25
2016-02-09 03:40:00,744.1333333333331
2016-02-09 03:50:00,744.016666666667
2016-02-09 04:00:00,743.9
2016-02-09 04:10:00,743.783333333333
2016-02-09 04:20:00,743.6666666666669
2016-02-09 04:30:00,743.5499999999998
2016-02-09 04:40:00,743.4333333333329
2016-02-09 04:50:00,743.3166666666668
2016-02-09 05:00:00,743.2
2016-02-09 05:10:00,743.1
2016-02-09 05:20:00,743.0
2016-02-09 05:30:00,742.9
2016-02-09 05:40:00,742.7999999999998
2016-02-09 05:50:00,742.7
2016-02-09 06:00:00,742.6
2016-02-09 06:10:00,742.4166666666669
2016-02-09 06:20:00,742.233333333333
2016-02-09 06:30:00,742.0499999999998
2016-02-09 06:40:00,741.866666666667
2016-02-09 06:50:00,741.6833333333329
2016-02-09 07:00:00,741.5
2016-02-09 07:10:00,741.233333333333
2016-02-09 07:20:00,740.966666666667
2016-02-09 07:30:00,740.7
2016-02-09 07:40:00,740.4333333333329
2016-02-09 07:50:00,740.1666666666669
2016-02-09 08:00:00,739.9
2016-02-09 08:10:00,739.616666666667
2016-02-09 08:20:00,739.3333333333329
2016-02-09 08:30:00,739.0499999999998
2016-02-09 08:40:00,738.766666666667
2016-02-09 08:50:00,738.483333333333
2016-02-09 09:00:00,738.2
2016-02-09 09:10:00,737.8333333333329
2016-02-09 09:20:00,737.466666666667
2016-02-09 09:30:00,737.1
2016-02-09 09:40:00,736.733333333333
2016-02-09 09:50:00,736.366666666667
2016-02-09 10:00:00,736.0
2016-02-09 10:10:00,735.5666666666668
2016-02-09 10:20:00,735.1333333333331
2016-02-09 10:30:00,734.7
2016-02-09 10:40:00,734.266666666667
2016-02-09 10:50:00,733.8333333333329
2016-02-09 11:00:00,733.4
2016-02-09 11:10:00,733.0
2016-02-09 11:20:00,732.6
2016-02-09 11:30:00,732.2
2016-02-09 11:40:00,731.7999999999998
2016-02-09 11:50:00,731.4
2016-02-09 12:00:00,731.0
2016-02-09 12:10:00,730.716666666667
2016-02-09 12:20:00,730.4333333333329
2016-02-09 12:30:00,730.15
2016-02-09 12:40:00,729.866666666667
2016-02-09 12:50:00,729.5833333333329
2016-02-09 13:00:00,729.2999999999998
2016-02-09 13:10:00,729.3333333333329
2016-02-09 13:20:00,729.366666666667
2016-02-09 13:30:00,729.4
2016-02-09 13:40:00,729.4333333333329
2016-02-09 13:50:00,729.466666666667
2016-02-09 14:00:00,729.5
2016-02-09 14:10:00,729.7
2016-02-09 14:20:00,729.9
2016-02-09 14:30:00,730.1
2016-02-09 14:40:00,730.2999999999998
2016-02-09 14:50:00,730.5
2016-02-09 15:00:00,730.7
2016-02-09 15:10:00,730.983333333333
2016-02-09 15:20:00,731.266666666667
2016-02-09 15:30:00,731.5499999999998
2016-02-09 15:40:00,731.8333333333329
2016-02-09 15:50:00,732.116666666667
2016-02-09 16:00:00,732.4
2016-02-09 16:10:00,732.716666666667
2016-02-09 16:20:00,733.033333333333
2016-02-09 16:30:00,733.35
2016-02-09 16:40:00,733.6666666666669
2016-02-09 16:50:00,733.983333333333
2016-02-09 17:00:00,734.2999999999998
2016-02-09 17:10:00,734.4333333333329
2016-02-09 17:20:00,734.5666666666668
2016-02-09 17:30:00,734.7
2016-02-09 17:40:00,734.8333333333329
2016-02-09 17:50:00,734.966666666667
2016-02-09 18:00:00,735.1
2016-02-09 18:10:00,735.266666666667
2016-02-09 18:20:00,735.4333333333329
2016-02-09 18:30:00,735.6
2016-02-09 18:40:00,735.766666666667
2016-02-09 18:50:00,735.9333333333329
2016-02-09 19:00:00,736.1
2016-02-09 19:10:00,736.216666666667
2016-02-09 19:20:00,736.3333333333329
2016-02-09 19:30:00,736.45
2016-02-09 19:40:00,736.5666666666668
2016-02-09 19:50:00,736.6833333333329
2016-02-09 20:00:00,736.7999999999998
2016-02-09 20:10:00,736.9166666666669
2016-02-09 20:20:00,737.033333333333
2016-02-09 20:30:00,737.15
2016-02-09 20:40:00,737.266666666667
2016-02-09 20:50:00,737.3833333333331
2016-02-09 21:00:00,737.5
2016-02-09 21:10:00,737.5499999999998
2016-02-09 21:20:00,737.6
2016-02-09 21:30:00,737.65
2016-02-09 21:40:00,737.7
2016-02-09 21:50:00,737.75
2016-02-09 22:00:00,737.7999999999998
2016-02-09 22:10:00,737.9
2016-02-09 22:20:00,738.0
2016-02-09 22:30:00,738.1
2016-02-09 22:40:00,738.2
2016-02-09 22:50:00,738.2999999999998
2016-02-09 23:00:00,738.4
2016-02-09 23:10:00,738.45
2016-02-09 23:20:00,738.5
2016-02-09 23:30:00,738.5499999999998
2016-02-09 23:40:00,738.6
2016-02-09 23:50:00,738.65
2016-02-10 00:00:00,738.7
2016-02-10 00:10:00,738.75
2016-02-10 00:20:00,738.7999999999998
2016-02-10 00:30:00,738.85
2016-02-10 00:40:00,738.9
2016-02-10 00:50:00,738.95
2016-02-10 01:00:00,739.0
2016-02-10 01:10:00,738.983333333333
2016-02-10 01:20:00,738.966666666667
2016-02-10 01:30:00,738.95
2016-02-10 01:40:00,738.9333333333329
2016-02-10 01:50:00,738.9166666666669
2016-02-10 02:00:00,738.9
2016-02-10 02:10:00,738.9
2016-02-10 02:20:00,738.9
2016-02-10 02:30:00,738.9
2016-02-10 02:40:00,738.9
2016-02-10 02:50:00,738.9
2016-02-10 03:00:00,738.9
2016-02-10 03:10:00,738.9166666666669
2016-02-10 03:20:00,738.9333333333329
2016-02-10 03:30:00,738.95
2016-02-10 03:40:00,738.966666666667
2016-02-10 03:50:00,738.983333333333
2016-02-10 04:00:00,739.0
2016-02-10 04:10:00,739.033333333333
2016-02-10 04:20:00,739.0666666666668
2016-02-10 04:30:00,739.1
2016-02-10 04:40:00,739.1333333333331
2016-02-10 04:50:00,739.1666666666669
2016-02-10 05:00:00,739.2
2016-02-10 05:10:00,739.233333333333
2016-02-10 05:20:00,739.266666666667
2016-02-10 05:30:00,739.2999999999998
2016-02-10 05:40:00,739.3333333333329
2016-02-10 05:50:00,739.366666666667
2016-02-10 06:00:00,739.4
2016-02-10 06:10:00,739.4166666666669
2016-02-10 06:20:00,739.4333333333329
2016-02-10 06:30:00,739.45
2016-02-10 06:40:00,739.466666666667
2016-02-10 06:50:00,739.483333333333
2016-02-10 07:00:00,739.5
2016-02-10 07:10:00,739.5666666666668
2016-02-10 07:20:00,739.6333333333331
2016-02-10 07:30:00,739.7
2016-02-10 07:40:00,739.766666666667
2016-02-10 07:50:00,739.8333333333329
2016-02-10 08:00:00,739.9
2016-02-10 08:10:00,739.95
2016-02-10 08:20:00,740.0
2016-02-10 08:30:00,740.0499999999998
2016-02-10 08:40:00,740.1
2016-02-10 08:50:00,740.15
2016-02-10 09:00:00,740.2
2016-02-10 09:10:00,740.283333333333
2016-02-10 09:20:00,740.366666666667
2016-02-10 09:30:00,740.45
2016-02-10 09:40:00,740.533333333333
2016-02-10 09:50:00,740.616666666667
2016-02-10 10:00:00,740.7
2016-02-10 10:10:00,740.783333333333
2016-02-10 10:20:00,740.866666666667
2016-02-10 10:30:00,740.95
2016-02-10 10:40:00,741.033333333333
2016-02-10 10:50:00,741.116666666667
2016-02-10 11:00:00,741.2
2016-02-10 11:10:00,741.2999999999998
2016-02-10 11:20:00,741.4
2016-02-10 11:30:00,741.5
2016-02-10 11:40:00,741.6
2016-02-10 11:50:00,741.7
2016-02-10 12:00:00,741.7999999999998
2016-02-10 12:10:00,741.8166666666668
2016-02-10 12:20:00,741.8333333333329
2016-02-10 12:30:00,741.85
2016-02-10 12:40:00,741.866666666667
2016-02-10 12:50:00,741.8833333333331
2016-02-10 13:00:00,741.9
2016-02-10 13:10:00,741.966666666667
2016-02-10 13:20:00,742.033333333333
2016-02-10 13:30:00,742.1
2016-02-10 13:40:00,742.1666666666669
2016-02-10 13:50:00,742.233333333333
2016-02-10 14:00:00,742.2999999999998
2016-02-10 14:10:00,742.4
2016-02-10 14:20:00,742.5
2016-02-10 14:30:00,742.6
2016-02-10 14:40:00,742.7
2016-02-10 14:50:00,742.7999999999998
2016-02-10 15:00:00,742.9
2016-02-10 15:10:00,742.95
2016-02-10 15:20:00,743.0
2016-02-10 15:30:00,743.0499999999998
2016-02-10 15:40:00,743.1
2016-02-10 15:50:00,743.15
2016-02-10 16:00:00,743.2
2016-02-10 16:10:00,743.2999999999998
2016-02-10 16:20:00,743.4
2016-02-10 16:30:00,743.5
2016-02-10 16:40:00,743.6
2016-02-10 16:50:00,743.7
2016-02-10 17:00:00,743.7999999999998
2016-02-10 17:10:00,743.95
2016-02-10 17:20:00,744.1
2016-02-10 17:30:00,744.25
2016-02-10 17:40:00,744.4
2016-02-10 17:50:00,744.5499999999998
2016-02-10 18:00:00,744.7
2016-02-10 18:10:00,744.7999999999998
2016-02-10 18:20:00,744.9
2016-02-10 18:30:00,745.0
2016-02-10 18:40:00,745.1
2016-02-10 18:50:00,745.2
2016-02-10 19:00:00,745.2999999999998
2016-02-10 19:10:00,745.4
2016-02-10 19:20:00,745.5
2016-02-10 19:30:00,745.6
2016-02-10 19:40:00,745.7
2016-02-10 19:50:00,745.7999999999998
2016-02-10 20:00:00,745.9
2016-02-10 20:10:00,745.966666666667
2016-02-10 20:20:00,746.033333333333
2016-02-10 20:30:00,746.1
2016-02-10 20:40:00,746.1666666666669
2016-02-10 20:50:00,746.233333333333
2016-02-10 21:00:00,746.2999999999998
2016-02-10 21:10:00,746.3833333333331
2016-02-10 21:20:00,746.466666666667
2016-02-10 21:30:00,746.5499999999998
2016-02-10 21:40:00,746.6333333333331
2016-02-10 21:50:00,746.716666666667
2016-02-10 22:00:00,746.7999999999998
2016-02-10 22:10:00,746.85
2016-02-10 22:20:00,746.9
2016-02-10 22:30:00,746.95
2016-02-10 22:40:00,747.0
2016-02-10 22:50:00,747.0499999999998
2016-02-10 23:00:00,747.1
2016-02-10 23:10:00,747.1333333333331
2016-02-10 23:20:00,747.1666666666669
2016-02-10 23:30:00,747.2
2016-02-10 23:40:00,747.233333333333
2016-02-10 23:50:00,747.266666666667
2016-02-11 00:00:00,747.2999999999998
2016-02-11 00:10:00,747.366666666667
2016-02-11 00:20:00,747.4333333333329
2016-02-11 00:30:00,747.5
2016-02-11 00:40:00,747.5666666666668
2016-02-11 00:50:00,747.6333333333331
2016-02-11 01:00:00,747.7
2016-02-11 01:10:00,747.75
2016-02-11 01:20:00,747.7999999999998
2016-02-11 01:30:00,747.85
2016-02-11 01:40:00,747.9
2016-02-11 01:50:00,747.95
2016-02-11 02:00:00,748.0
2016-02-11 02:10:00,748.033333333333
2016-02-11 02:20:00,748.0666666666668
2016-02-11 02:30:00,748.1
2016-02-11 02:40:00,748.1333333333331
2016-02-11 02:50:00,748.1666666666669
2016-02-11 03:00:00,748.2
2016-02-11 03:10:00,748.266666666667
2016-02-11 03:20:00,748.3333333333329
2016-02-11 03:30:00,748.4
2016-02-11 03:40:00,748.466666666667
2016-02-11 03:50:00,748.533333333333
2016-02-11 04:00:00,748.6
2016-02-11 04:10:00,748.6
2016-02-11 04:20:00,748.6
2016-02-11 04:30:00,748.6
2016-02-11 04:40:00,748.6
2016-02-11 04:50:00,748.6
2016-02-11 05:00:00,748.6
2016-02-11 05:10:00,748.6
2016-02-11 05:20:00,748.6
2016-02-11 05:30:00,748.6
2016-02-11 05:40:00,748.6
2016-02-11 05:50:00,748.6
2016-02-11 06:00:00,748.6
2016-02-11 06:10:00,748.6333333333331
2016-02-11 06:20:00,748.6666666666669
2016-02-11 06:30:00,748.7
2016-02-11 06:40:00,748.733333333333
2016-02-11 06:50:00,748.766666666667
2016-02-11 07:00:00,748.7999999999998
2016-02-11 07:10:00,748.7999999999998
2016-02-11 07:20:00,748.7999999999998
2016-02-11 07:30:00,748.7999999999998
2016-02-11 07:40:00,748.7999999999998
2016-02-11 07:50:00,748.7999999999998
2016-02-11 08:00:00,748.7999999999998
2016-02-11 08:10:00,748.866666666667
2016-02-11 08:20:00,748.9333333333329
2016-02-11 08:30:00,749.0
2016-02-11 08:40:00,749.0666666666668
2016-02-11 08:50:00,749.1333333333331
2016-02-11 09:00:00,749.2
2016-02-11 09:10:00,749.233333333333
2016-02-11 09:20:00,749.266666666667
2016-02-11 09:30:00,749.2999999999998
2016-02-11 09:40:00,749.3333333333329
2016-02-11 09:50:00,749.366666666667
2016-02-11 10:00:00,749.4
2016-02-11 10:10:00,749.4166666666669
2016-02-11 10:20:00,749.4333333333329
2016-02-11 10:30:00,749.45
2016-02-11 10:40:00,749.466666666667
2016-02-11 10:50:00,749.483333333333
2016-02-11 11:00:00,749.5
2016-02-11 11:10:00,749.483333333333
2016-02-11 11:20:00,749.466666666667
2016-02-11 11:30:00,749.45
2016-02-11 11:40:00,749.4333333333329
2016-02-11 11:50:00,749.4166666666669
2016-02-11 12:00:00,749.4
2016-02-11 12:10:00,749.366666666667
2016-02-11 12:20:00,749.3333333333329
2016-02-11 12:30:00,749.2999999999998
2016-02-11 12:40:00,749.266666666667
2016-02-11 12:50:00,749.233333333333
2016-02-11 13:00:00,749.2
2016-02-11 13:10:00,749.15
2016-02-11 13:20:00,749.1
2016-02-11 13:30:00,749.0499999999998
2016-02-11 13:40:00,749.0
2016-02-11 13:50:00,748.95
2016-02-11 14:00:00,748.9
2016-02-11 14:10:00,748.866666666667
2016-02-11 14:20:00,748.8333333333329
2016-02-11 14:30:00,748.7999999999998
2016-02-11 14:40:00,748.766666666667
2016-02-11 14:50:00,748.733333333333
2016-02-11 15:00:00,748.7
2016-02-11 15:10:00,748.7
2016-02-11 15:20:00,748.7
2016-02-11 15:30:00,748.7
2016-02-11 15:40:00,748.7
2016-02-11 15:50:00,748.7
2016-02-11 16:00:00,748.7
2016-02-11 16:10:00,748.6833333333329
2016-02-11 16:20:00,748.6666666666669
2016-02-11 16:30:00,748.65
2016-02-11 16:40:00,748.6333333333331
2016-02-11 16:50:00,748.616666666667
2016-02-11 17:00:00,748.6
2016-02-11 17:10:00,748.6
2016-02-11 17:20:00,748.6
2016-02-11 17:30:00,748.6
2016-02-11 17:40:00,748.6
2016-02-11 17:50:00,748.6
2016-02-11 18:00:00,748.6
2016-02-11 18:10:00,748.616666666667
2016-02-11 18:20:00,748.6333333333331
2016-02-11 18:30:00,748.65
2016-02-11 18:40:00,748.6666666666669
2016-02-11 18:50:00,748.6833333333329
2016-02-11 19:00:00,748.7
2016-02-11 19:10:00,748.7
2016-02-11 19:20:00,748.7
2016-02-11 19:30:00,748.7
2016-02-11 19:40:00,748.7
2016-02-11 19:50:00,748.7
2016-02-11 20:00:00,748.7
2016-02-11 20:10:00,748.716666666667
2016-02-11 20:20:00,748.733333333333
2016-02-11 20:30:00,748.75
2016-02-11 20:40:00,748.766666666667
2016-02-11 20:50:00,748.783333333333
2016-02-11 21:00:00,748.7999999999998
2016-02-11 21:10:00,748.766666666667
2016-02-11 21:20:00,748.733333333333
2016-02-11 21:30:00,748.7
2016-02-11 21:40:00,748.6666666666669
2016-02-11 21:50:00,748.6333333333331
2016-02-11 22:00:00,748.6
2016-02-11 22:10:00,748.533333333333
2016-02-11 22:20:00,748.466666666667
2016-02-11 22:30:00,748.4
2016-02-11 22:40:00,748.3333333333329
2016-02-11 22:50:00,748.266666666667
2016-02-11 23:00:00,748.2
2016-02-11 23:10:00,748.1833333333329
2016-02-11 23:20:00,748.1666666666669
2016-02-11 23:30:00,748.15
2016-02-11 23:40:00,748.1333333333331
2016-02-11 23:50:00,748.116666666667
2016-02-12 00:00:00,748.1
2016-02-12 00:10:00,748.0499999999998
2016-02-12 00:20:00,748.0
2016-02-12 00:30:00,747.95
2016-02-12 00:40:00,747.9
2016-02-12 00:50:00,747.85
2016-02-12 01:00:00,747.7999999999998
2016-02-12 01:10:00,747.716666666667
2016-02-12 01:20:00,747.6333333333331
2016-02-12 01:30:00,747.5499999999998
2016-02-12 01:40:00,747.466666666667
2016-02-12 01:50:00,747.3833333333331
2016-02-12 02:00:00,747.2999999999998
2016-02-12 02:10:00,747.233333333333
2016-02-12 02:20:00,747.1666666666669
2016-02-12 02:30:00,747.1
2016-02-12 02:40:00,747.033333333333
2016-02-12 02:50:00,746.966666666667
2016-02-12 03:00:00,746.9
2016-02-12 03:10:00,746.866666666667
2016-02-12 03:20:00,746.8333333333329
2016-02-12 03:30:00,746.7999999999998
2016-02-12 03:40:00,746.766666666667
2016-02-12 03:50:00,746.733333333333
2016-02-12 04:00:00,746.7
2016-02-12 04:10:00,746.65
2016-02-12 04:20:00,746.6
2016-02-12 04:30:00,746.5499999999998
2016-02-12 04:40:00,746.5
2016-02-12 04:50:00,746.45
2016-02-12 05:00:00,746.4
2016-02-12 05:10:00,746.3166666666668
2016-02-12 05:20:00,746.233333333333
2016-02-12 05:30:00,746.15
2016-02-12 05:40:00,746.0666666666668
2016-02-12 05:50:00,745.983333333333
2016-02-12 06:00:00,745.9
2016-02-12 06:10:00,745.783333333333
2016-02-12 06:20:00,745.6666666666669
2016-02-12 06:30:00,745.5499999999998
2016-02-12 06:40:00,745.4333333333329
2016-02-12 06:50:00,745.3166666666668
2016-02-12 07:00:00,745.2
2016-02-12 07:10:00,745.15
2016-02-12 07:20:00,745.1
2016-02-12 07:30:00,745.0499999999998
2016-02-12 07:40:00,745.0
2016-02-12 07:50:00,744.95
2016-02-12 08:00:00,744.9
2016-02-12 08:10:00,744.8333333333329
2016-02-12 08:20:00,744.766666666667
2016-02-12 08:30:00,744.7
2016-02-12 08:40:00,744.6333333333331
2016-02-12 08:50:00,744.5666666666668
2016-02-12 09:00:00,744.5
2016-02-12 09:10:00,744.4333333333329
2016-02-12 09:20:00,744.366666666667
2016-02-12 09:30:00,744.2999999999998
2016-02-12 09:40:00,744.233333333333
2016-02-12 09:50:00,744.1666666666669
2016-02-12 10:00:00,744.1
2016-02-12 10:10:00,744.016666666667
2016-02-12 10:20:00,743.9333333333329
2016-02-12 10:30:00,743.85
2016-02-12 10:40:00,743.766666666667
2016-02-12 10:50:00,743.6833333333329
2016-02-12 11:00:00,743.6
2016-02-12 11:10:00,743.5
2016-02-12 11:20:00,743.4
2016-02-12 11:30:00,743.2999999999998
2016-02-12 11:40:00,743.2
2016-02-12 11:50:00,743.1
2016-02-12 12:00:00,743.0
2016-02-12 12:10:00,742.8333333333329
2016-02-12 12:20:00,742.6666666666669
2016-02-12 12:30:00,742.5
2016-02-12 12:40:00,742.3333333333329
2016-02-12 12:50:00,742.1666666666669
2016-02-12 13:00:00,742.0
2016-02-12 13:10:00,741.8833333333331
2016-02-12 13:20:00,741.766666666667
2016-02-12 13:30:00,741.65
2016-02-12 13:40:00,741.533333333333
2016-02-12 13:50:00,741.4166666666669
2016-02-12 14:00:00,741.2999999999998
2016-02-12 14:10:00,741.2
2016-02-12 14:20:00,741.1
2016-02-12 14:30:00,741.0
2016-02-12 14:40:00,740.9
2016-02-12 14:50:00,740.7999999999998
2016-02-12 15:00:00,740.7
2016-02-12 15:10:00,740.6666666666669
2016-02-12 15:20:00,740.6333333333331
2016-02-12 15:30:00,740.6
2016-02-12 15:40:00,740.5666666666668
2016-02-12 15:50:00,740.533333333333
2016-02-12 16:00:00,740.5
2016-02-12 16:10:00,740.5
2016-02-12 16:20:00,740.5
2016-02-12 16:30:00,740.5
2016-02-12 16:40:00,740.5
2016-02-12 16:50:00,740.5
2016-02-12 17:00:00,740.5
2016-02-12 17:10:00,740.5499999999998
2016-02-12 17:20:00,740.6
2016-02-12 17:30:00,740.65
2016-02-12 17:40:00,740.7
2016-02-12 17:50:00,740.75
2016-02-12 18:00:00,740.7999999999998
2016-02-12 18:10:00,740.866666666667
2016-02-12 18:20:00,740.9333333333329
2016-02-12 18:30:00,741.0
2016-02-12 18:40:00,741.0666666666668
2016-02-12 18:50:00,741.1333333333331
2016-02-12 19:00:00,741.2
2016-02-12 19:10:00,741.216666666667
2016-02-12 19:20:00,741.233333333333
2016-02-12 19:30:00,741.25
2016-02-12 19:40:00,741.266666666667
2016-02-12 19:50:00,741.283333333333
2016-02-12 20:00:00,741.2999999999998
2016-02-12 20:10:00,741.2999999999998
2016-02-12 20:20:00,741.2999999999998
2016-02-12 20:30:00,741.2999999999998
2016-02-12 20:40:00,741.2999999999998
2016-02-12 20:50:00,741.2999999999998
2016-02-12 21:00:00,741.2999999999998
2016-02-12 21:10:00,741.2999999999998
2016-02-12 21:20:00,741.2999999999998
2016-02-12 21:30:00,741.2999999999998
2016-02-12 21:40:00,741.2999999999998
2016-02-12 21:50:00,741.2999999999998
2016-02-12 22:00:00,741.2999999999998
2016-02-12 22:10:00,741.3166666666668
2016-02-12 22:20:00,741.3333333333329
2016-02-12 22:30:00,741.35
2016-02-12 22:40:00,741.366666666667
2016-02-12 22:50:00,741.3833333333331
2016-02-12 23:00:00,741.4
2016-02-12 23:10:00,741.4333333333329
2016-02-12 23:20:00,741.466666666667
2016-02-12 23:30:00,741.5
2016-02-12 23:40:00,741.533333333333
2016-02-12 23:50:00,741.5666666666668
2016-02-13 00:00:00,741.6
2016-02-13 00:10:00,741.5833333333329
2016-02-13 00:20:00,741.5666666666668
2016-02-13 00:30:00,741.5499999999998
2016-02-13 00:40:00,741.533333333333
2016-02-13 00:50:00,741.516666666667
2016-02-13 01:00:00,741.5
2016-02-13 01:10:00,741.4
2016-02-13 01:20:00,741.2999999999998
2016-02-13 01:30:00,741.2
2016-02-13 01:40:00,741.1
2016-02-13 01:50:00,741.0
2016-02-13 02:00:00,740.9
2016-02-13 02:10:00,740.8333333333329
2016-02-13 02:20:00,740.766666666667
2016-02-13 02:30:00,740.7
2016-02-13 02:40:00,740.6333333333331
2016-02-13 02:50:00,740.5666666666668
2016-02-13 03:00:00,740.5
2016-02-13 03:10:00,740.4333333333329
2016-02-13 03:20:00,740.366666666667
2016-02-13 03:30:00,740.2999999999998
2016-02-13 03:40:00,740.233333333333
2016-02-13 03:50:00,740.1666666666669
2016-02-13 04:00:00,740.1
2016-02-13 04:10:00,740.0499999999998
2016-02-13 04:20:00,740.0
2016-02-13 04:30:00,739.95
2016-02-13 04:40:00,739.9
2016-02-13 04:50:00,739.85
2016-02-13 05:00:00,739.7999999999998
2016-02-13 05:10:00,739.733333333333
2016-02-13 05:20:00,739.6666666666669
2016-02-13 05:30:00,739.6
2016-02-13 05:40:00,739.533333333333
2016-02-13 05:50:00,739.466666666667
2016-02-13 06:00:00,739.4
2016-02-13 06:10:00,739.283333333333
2016-02-13 06:20:00,739.1666666666669
2016-02-13 06:30:00,739.0499999999998
2016-02-13 06:40:00,738.9333333333329
2016-02-13 06:50:00,738.8166666666668
2016-02-13 07:00:00,738.7
2016-02-13 07:10:00,738.5833333333329
2016-02-13 07:20:00,738.466666666667
2016-02-13 07:30:00,738.35
2016-02-13 07:40:00,738.233333333333
2016-02-13 07:50:00,738.116666666667
2016-02-13 08:00:00,738.0
2016-02-13 08:10:00,737.9166666666669
2016-02-13 08:20:00,737.8333333333329
2016-02-13 08:30:00,737.75
2016-02-13 08:40:00,737.6666666666669
2016-02-13 08:50:00,737.5833333333329
2016-02-13 09:00:00,737.5
2016-02-13 09:10:00,737.3166666666668
2016-02-13 09:20:00,737.1333333333331
2016-02-13 09:30:00,736.95
2016-02-13 09:40:00,736.766666666667
2016-02-13 09:50:00,736.5833333333329
2016-02-13 10:00:00,736.4
2016-02-13 10:10:00,736.283333333333
2016-02-13 10:20:00,736.1666666666669
2016-02-13 10:30:00,736.0499999999998
2016-02-13 10:40:00,735.9333333333329
2016-02-13 10:50:00,735.8166666666668
2016-02-13 11:00:00,735.7
2016-02-13 11:10:00,735.5499999999998
2016-02-13 11:20:00,735.4
2016-02-13 11:30:00,735.25
2016-02-13 11:40:00,735.1
2016-02-13 11:50:00,734.95
2016-02-13 12:00:00,734.7999999999998
2016-02-13 12:10:00,734.65
2016-02-13 12:20:00,734.5
2016-02-13 12:30:00,734.35
2016-02-13 12:40:00,734.2
2016-02-13 12:50:00,734.0499999999998
2016-02-13 13:00:00,733.9
2016-02-13 13:10:00,733.733333333333
2016-02-13 13:20:00,733.5666666666668
2016-02-13 13:30:00,733.4
2016-02-13 13:40:00,733.233333333333
2016-02-13 13:50:00,733.0666666666668
2016-02-13 14:00:00,732.9
2016-02-13 14:10:00,732.75
2016-02-13 14:20:00,732.6
2016-02-13 14:30:00,732.45
2016-02-13 14:40:00,732.2999999999998
2016-02-13 14:50:00,732.15
2016-02-13 15:00:00,732.0
2016-02-13 15:10:00,731.9166666666669
2016-02-13 15:20:00,731.8333333333329
2016-02-13 15:30:00,731.75
2016-02-13 15:40:00,731.6666666666669
2016-02-13 15:50:00,731.5833333333329
2016-02-13 16:00:00,731.5
2016-02-13 16:10:00,731.4333333333329
2016-02-13 16:20:00,731.366666666667
2016-02-13 16:30:00,731.2999999999998
2016-02-13 16:40:00,731.233333333333
2016-02-13 16:50:00,731.1666666666669
2016-02-13 17:00:00,731.1
2016-02-13 17:10:00,731.0666666666668
2016-02-13 17:20:00,731.033333333333
2016-02-13 17:30:00,731.0
2016-02-13 17:40:00,730.966666666667
2016-02-13 17:50:00,730.9333333333329
2016-02-13 18:00:00,730.9
2016-02-13 18:10:00,730.9166666666669
2016-02-13 18:20:00,730.9333333333329
2016-02-13 18:30:00,730.95
2016-02-13 18:40:00,730.966666666667
2016-02-13 18:50:00,730.983333333333
2016-02-13 19:00:00,731.0
2016-02-13 19:10:00,731.033333333333
2016-02-13 19:20:00,731.0666666666668
2016-02-13 19:30:00,731.1
2016-02-13 19:40:00,731.1333333333331
2016-02-13 19:50:00,731.1666666666669
2016-02-13 20:00:00,731.2
2016-02-13 20:10:00,731.25
2016-02-13 20:20:00,731.2999999999998
2016-02-13 20:30:00,731.35
2016-02-13 20:40:00,731.4
2016-02-13 20:50:00,731.45
2016-02-13 21:00:00,731.5
2016-02-13 21:10:00,731.5499999999998
2016-02-13 21:20:00,731.6
2016-02-13 21:30:00,731.65
2016-02-13 21:40:00,731.7
2016-02-13 21:50:00,731.75
2016-02-13 22:00:00,731.7999999999998
2016-02-13 22:10:00,731.866666666667
2016-02-13 22:20:00,731.9333333333329
2016-02-13 22:30:00,732.0
2016-02-13 22:40:00,732.0666666666668
2016-02-13 22:50:00,732.1333333333331
2016-02-13 23:00:00,732.2
2016-02-13 23:10:00,732.3166666666668
2016-02-13 23:20:00,732.4333333333329
2016-02-13 23:30:00,732.5499999999998
2016-02-13 23:40:00,732.6666666666669
2016-02-13 23:50:00,732.783333333333
2016-02-14 00:00:00,732.9
2016-02-14 00:10:00,732.95
2016-02-14 00:20:00,733.0
2016-02-14 00:30:00,733.0499999999998
2016-02-14 00:40:00,733.1
2016-02-14 00:50:00,733.15
2016-02-14 01:00:00,733.2
2016-02-14 01:10:00,733.216666666667
2016-02-14 01:20:00,733.233333333333
2016-02-14 01:30:00,733.25
2016-02-14 01:40:00,733.266666666667
2016-02-14 01:50:00,733.283333333333
2016-02-14 02:00:00,733.2999999999998
2016-02-14 02:10:00,733.366666666667
2016-02-14 02:20:00,733.4333333333329
2016-02-14 02:30:00,733.5
2016-02-14 02:40:00,733.5666666666668
2016-02-14 02:50:00,733.6333333333331
2016-02-14 03:00:00,733.7
2016-02-14 03:10:00,733.783333333333
2016-02-14 03:20:00,733.866666666667
2016-02-14 03:30:00,733.95
2016-02-14 03:40:00,734.033333333333
2016-02-14 03:50:00,734.116666666667
2016-02-14 04:00:00,734.2
2016-02-14 04:10:00,734.233333333333
2016-02-14 04:20:00,734.266666666667
2016-02-14 04:30:00,734.2999999999998
2016-02-14 04:40:00,734.3333333333329
2016-02-14 04:50:00,734.366666666667
2016-02-14 05:00:00,734.4
2016-02-14 05:10:00,734.45
2016-02-14 05:20:00,734.5
2016-02-14 05:30:00,734.5499999999998
2016-02-14 05:40:00,734.6
2016-02-14 05:50:00,734.65
2016-02-14 06:00:00,734.7
2016-02-14 06:10:00,734.75
2016-02-14 06:20:00,734.7999999999998
2016-02-14 06:30:00,734.85
2016-02-14 06:40:00,734.9
2016-02-14 06:50:00,734.95
2016-02-14 07:00:00,735.0
2016-02-14 07:10:00,735.0666666666668
2016-02-14 07:20:00,735.1333333333331
2016-02-14 07:30:00,735.2
2016-02-14 07:40:00,735.266666666667
2016-02-14 07:50:00,735.3333333333329
2016-02-14 08:00:00,735.4
2016-02-14 08:10:00,735.466666666667
2016-02-14 08:20:00,735.533333333333
2016-02-14 08:30:00,735.6
2016-02-14 08:40:00,735.6666666666669
2016-02-14 08:50:00,735.733333333333
2016-02-14 09:00:00,735.7999999999998
2016-02-14 09:10:00,735.8833333333331
2016-02-14 09:20:00,735.966666666667
2016-02-14 09:30:00,736.0499999999998
2016-02-14 09:40:00,736.1333333333331
2016-02-14 09:50:00,736.216666666667
2016-02-14 10:00:00,736.2999999999998
2016-02-14 10:10:00,736.4
2016-02-14 10:20:00,736.5
2016-02-14 10:30:00,736.6
2016-02-14 10:40:00,736.7
2016-02-14 10:50:00,736.7999999999998
2016-02-14 11:00:00,736.9
2016-02-14 11:10:00,737.0
2016-02-14 11:20:00,737.1
2016-02-14 11:30:00,737.2
2016-02-14 11:40:00,737.2999999999998
2016-02-14 11:50:00,737.4
2016-02-14 12:00:00,737.5
2016-02-14 12:10:00,737.5499999999998
2016-02-14 12:20:00,737.6
2016-02-14 12:30:00,737.65
2016-02-14 12:40:00,737.7
2016-02-14 12:50:00,737.75
2016-02-14 13:00:00,737.7999999999998
2016-02-14 13:10:00,737.9333333333329
2016-02-14 13:20:00,738.0666666666668
2016-02-14 13:30:00,738.2
2016-02-14 13:40:00,738.3333333333329
2016-02-14 13:50:00,738.466666666667
2016-02-14 14:00:00,738.6
2016-02-14 14:10:00,738.6833333333329
2016-02-14 14:20:00,738.766666666667
2016-02-14 14:30:00,738.85
2016-02-14 14:40:00,738.9333333333329
2016-02-14 14:50:00,739.016666666667
2016-02-14 15:00:00,739.1
2016-02-14 15:10:00,739.233333333333
2016-02-14 15:20:00,739.366666666667
2016-02-14 15:30:00,739.5
2016-02-14 15:40:00,739.6333333333331
2016-02-14 15:50:00,739.766666666667
2016-02-14 16:00:00,739.9
2016-02-14 16:10:00,740.0499999999998
2016-02-14 16:20:00,740.2
2016-02-14 16:30:00,740.35
2016-02-14 16:40:00,740.5
2016-02-14 16:50:00,740.65
2016-02-14 17:00:00,740.7999999999998
2016-02-14 17:10:00,740.9333333333329
2016-02-14 17:20:00,741.0666666666668
2016-02-14 17:30:00,741.2
2016-02-14 17:40:00,741.3333333333329
2016-02-14 17:50:00,741.466666666667
2016-02-14 18:00:00,741.6
2016-02-14 18:10:00,741.75
2016-02-14 18:20:00,741.9
2016-02-14 18:30:00,742.0499999999998
2016-02-14 18:40:00,742.2
2016-02-14 18:50:00,742.35
2016-02-14 19:00:00,742.5
2016-02-14 19:10:00,742.6666666666669
2016-02-14 19:20:00,742.8333333333329
2016-02-14 19:30:00,743.0
2016-02-14 19:40:00,743.1666666666669
2016-02-14 19:50:00,743.3333333333329
2016-02-14 20:00:00,743.5
2016-02-14 20:10:00,743.6666666666669
2016-02-14 20:20:00,743.8333333333329
2016-02-14 20:30:00,744.0
2016-02-14 20:40:00,744.1666666666669
2016-02-14 20:50:00,744.3333333333329
2016-02-14 21:00:00,744.5
2016-02-14 21:10:00,744.6333333333331
2016-02-14 21:20:00,744.766666666667
2016-02-14 21:30:00,744.9
2016-02-14 21:40:00,745.033333333333
2016-02-14 21:50:00,745.1666666666669
2016-02-14 22:00:00,745.2999999999998
2016-02-14 22:10:00,745.4166666666669
2016-02-14 22:20:00,745.533333333333
2016-02-14 22:30:00,745.65
2016-02-14 22:40:00,745.766666666667
2016-02-14 22:50:00,745.8833333333331
2016-02-14 23:00:00,746.0
2016-02-14 23:10:00,746.15
2016-02-14 23:20:00,746.2999999999998
2016-02-14 23:30:00,746.45
2016-02-14 23:40:00,746.6
2016-02-14 23:50:00,746.75
2016-02-15 00:00:00,746.9
2016-02-15 00:10:00,747.0499999999998
2016-02-15 00:20:00,747.2
2016-02-15 00:30:00,747.35
2016-02-15 00:40:00,747.5
2016-02-15 00:50:00,747.65
2016-02-15 01:00:00,747.7999999999998
2016-02-15 01:10:00,747.9333333333329
2016-02-15 01:20:00,748.0666666666668
2016-02-15 01:30:00,748.2
2016-02-15 01:40:00,748.3333333333329
2016-02-15 01:50:00,748.466666666667
2016-02-15 02:00:00,748.6
2016-02-15 02:10:00,748.783333333333
2016-02-15 02:20:00,748.966666666667
2016-02-15 02:30:00,749.15
2016-02-15 02:40:00,749.3333333333329
2016-02-15 02:50:00,749.516666666667
2016-02-15 03:00:00,749.7
2016-02-15 03:10:00,749.85
2016-02-15 03:20:00,750.0
2016-02-15 03:30:00,750.15
2016-02-15 03:40:00,750.2999999999998
2016-02-15 03:50:00,750.45
2016-02-15 04:00:00,750.6
2016-02-15 04:10:00,750.7999999999998
2016-02-15 04:20:00,751.0
2016-02-15 04:30:00,751.2
2016-02-15 04:40:00,751.4
2016-02-15 04:50:00,751.6
2016-02-15 05:00:00,751.7999999999998
2016-02-15 05:10:00,751.983333333333
2016-02-15 05:20:00,752.1666666666669
2016-02-15 05:30:00,752.35
2016-02-15 05:40:00,752.533333333333
2016-02-15 05:50:00,752.716666666667
2016-02-15 06:00:00,752.9
2016-02-15 06:10:00,753.0833333333329
2016-02-15 06:20:00,753.266666666667
2016-02-15 06:30:00,753.45
2016-02-15 06:40:00,753.6333333333331
2016-02-15 06:50:00,753.8166666666668
2016-02-15 07:00:00,754.0
2016-02-15 07:10:00,754.2
2016-02-15 07:20:00,754.4
2016-02-15 07:30:00,754.6
2016-02-15 07:40:00,754.7999999999998
2016-02-15 07:50:00,755.0
2016-02-15 08:00:00,755.2
2016-02-15 08:10:00,755.4166666666669
2016-02-15 08:20:00,755.6333333333331
2016-02-15 08:30:00,755.85
2016-02-15 08:40:00,756.0666666666668
2016-02-15 08:50:00,756.283333333333
2016-02-15 09:00:00,756.5
2016-02-15 09:10:00,756.6333333333331
2016-02-15 09:20:00,756.766666666667
2016-02-15 09:30:00,756.9
2016-02-15 09:40:00,757.033333333333
2016-02-15 09:50:00,757.1666666666669
2016-02-15 10:00:00,757.2999999999998
2016-02-15 10:10:00,757.483333333333
2016-02-15 10:20:00,757.6666666666669
2016-02-15 10:30:00,757.85
2016-02-15 10:40:00,758.033333333333
2016-02-15 10:50:00,758.216666666667
2016-02-15 11:00:00,758.4
2016-02-15 11:10:00,758.533333333333
2016-02-15 11:20:00,758.6666666666669
2016-02-15 11:30:00,758.7999999999998
2016-02-15 11:40:00,758.9333333333329
2016-02-15 11:50:00,759.0666666666668
2016-02-15 12:00:00,759.2
2016-02-15 12:10:00,759.2999999999998
2016-02-15 12:20:00,759.4
2016-02-15 12:30:00,759.5
2016-02-15 12:40:00,759.6
2016-02-15 12:50:00,759.7
2016-02-15 13:00:00,759.7999999999998
2016-02-15 13:10:00,759.9
2016-02-15 13:20:00,760.0
2016-02-15 13:30:00,760.1
2016-02-15 13:40:00,760.2
2016-02-15 13:50:00,760.2999999999998
2016-02-15 14:00:00,760.4
2016-02-15 14:10:00,760.516666666667
2016-02-15 14:20:00,760.6333333333331
2016-02-15 14:30:00,760.75
2016-02-15 14:40:00,760.866666666667
2016-02-15 14:50:00,760.983333333333
2016-02-15 15:00:00,761.1
2016-02-15 15:10:00,761.233333333333
2016-02-15 15:20:00,761.366666666667
2016-02-15 15:30:00,761.5
2016-02-15 15:40:00,761.6333333333331
2016-02-15 15:50:00,761.766666666667
2016-02-15 16:00:00,761.9
2016-02-15 16:10:00,762.0499999999998
2016-02-15 16:20:00,762.2
2016-02-15 16:30:00,762.35
2016-02-15 16:40:00,762.5
2016-02-15 16:50:00,762.65
2016-02-15 17:00:00,762.7999999999998
2016-02-15 17:10:00,762.95
2016-02-15 17:20:00,763.1
2016-02-15 17:30:00,763.25
2016-02-15 17:40:00,763.4
2016-02-15 17:50:00,763.5499999999998
2016-02-15 18:00:00,763.7
2016-02-15 18:10:00,763.866666666667
2016-02-15 18:20:00,764.033333333333
2016-02-15 18:30:00,764.2
2016-02-15 18:40:00,764.366666666667
2016-02-15 18:50:00,764.533333333333
2016-02-15 19:00:00,764.7
2016-02-15 19:10:00,764.8166666666668
2016-02-15 19:20:00,764.9333333333329
2016-02-15 19:30:00,765.0499999999998
2016-02-15 19:40:00,765.1666666666669
2016-02-15 19:50:00,765.283333333333
2016-02-15 20:00:00,765.4
2016-02-15 20:10:00,765.5499999999998
2016-02-15 20:20:00,765.7
2016-02-15 20:30:00,765.85
2016-02-15 20:40:00,766.0
2016-02-15 20:50:00,766.15
2016-02-15 21:00:00,766.2999999999998
2016-02-15 21:10:00,766.4166666666669
2016-02-15 21:20:00,766.533333333333
2016-02-15 21:30:00,766.65
2016-02-15 21:40:00,766.766666666667
2016-02-15 21:50:00,766.8833333333331
2016-02-15 22:00:00,767.0
2016-02-15 22:10:00,767.1333333333331
2016-02-15 22:20:00,767.266666666667
2016-02-15 22:30:00,767.4
2016-02-15 22:40:00,767.533333333333
2016-02-15 22:50:00,767.6666666666669
2016-02-15 23:00:00,767.7999999999998
2016-02-15 23:10:00,767.9333333333329
2016-02-15 23:20:00,768.0666666666668
2016-02-15 23:30:00,768.2
2016-02-15 23:40:00,768.3333333333329
2016-02-15 23:50:00,768.466666666667
2016-02-16 00:00:00,768.6
2016-02-16 00:10:00,768.6666666666669
2016-02-16 00:20:00,768.733333333333
2016-02-16 00:30:00,768.7999999999998
2016-02-16 00:40:00,768.866666666667
2016-02-16 00:50:00,768.9333333333329
2016-02-16 01:00:00,769.0
2016-02-16 01:10:00,769.1
2016-02-16 01:20:00,769.2
2016-02-16 01:30:00,769.2999999999998
2016-02-16 01:40:00,769.4
2016-02-16 01:50:00,769.5
2016-02-16 02:00:00,769.6
2016-02-16 02:10:00,769.65
2016-02-16 02:20:00,769.7
2016-02-16 02:30:00,769.75
2016-02-16 02:40:00,769.7999999999998
2016-02-16 02:50:00,769.85
2016-02-16 03:00:00,769.9
2016-02-16 03:10:00,769.9
2016-02-16 03:20:00,769.9
2016-02-16 03:30:00,769.9
2016-02-16 03:40:00,769.9
2016-02-16 03:50:00,769.9
2016-02-16 04:00:00,769.9
2016-02-16 04:10:00,769.9333333333329
2016-02-16 04:20:00,769.966666666667
2016-02-16 04:30:00,770.0
2016-02-16 04:40:00,770.033333333333
2016-02-16 04:50:00,770.0666666666668
2016-02-16 05:00:00,770.1
2016-02-16 05:10:00,770.1833333333329
2016-02-16 05:20:00,770.266666666667
2016-02-16 05:30:00,770.35
2016-02-16 05:40:00,770.4333333333329
2016-02-16 05:50:00,770.516666666667
2016-02-16 06:00:00,770.6
2016-02-16 06:10:00,770.6666666666669
2016-02-16 06:20:00,770.733333333333
2016-02-16 06:30:00,770.7999999999998
2016-02-16 06:40:00,770.866666666667
2016-02-16 06:50:00,770.9333333333329
2016-02-16 07:00:00,771.0
2016-02-16 07:10:00,771.1
2016-02-16 07:20:00,771.2
2016-02-16 07:30:00,771.2999999999998
2016-02-16 07:40:00,771.4
2016-02-16 07:50:00,771.5
2016-02-16 08:00:00,771.6
2016-02-16 08:10:00,771.7
2016-02-16 08:20:00,771.7999999999998
2016-02-16 08:30:00,771.9
2016-02-16 08:40:00,772.0
2016-02-16 08:50:00,772.1
2016-02-16 09:00:00,772.2
2016-02-16 09:10:00,772.2
2016-02-16 09:20:00,772.2
2016-02-16 09:30:00,772.2
2016-02-16 09:40:00,772.2
2016-02-16 09:50:00,772.2
2016-02-16 10:00:00,772.2
2016-02-16 10:10:00,772.216666666667
2016-02-16 10:20:00,772.233333333333
2016-02-16 10:30:00,772.25
2016-02-16 10:40:00,772.266666666667
2016-02-16 10:50:00,772.283333333333
2016-02-16 11:00:00,772.2999999999998
2016-02-16 11:10:00,772.283333333333
2016-02-16 11:20:00,772.266666666667
2016-02-16 11:30:00,772.25
2016-02-16 11:40:00,772.233333333333
2016-02-16 11:50:00,772.216666666667
2016-02-16 12:00:00,772.2
2016-02-16 12:10:00,772.116666666667
2016-02-16 12:20:00,772.033333333333
2016-02-16 12:30:00,771.95
2016-02-16 12:40:00,771.866666666667
2016-02-16 12:50:00,771.783333333333
2016-02-16 13:00:00,771.7
2016-02-16 13:10:00,771.6833333333329
2016-02-16 13:20:00,771.6666666666669
2016-02-16 13:30:00,771.65
2016-02-16 13:40:00,771.6333333333331
2016-02-16 13:50:00,771.616666666667
2016-02-16 14:00:00,771.6
2016-02-16 14:10:00,771.5
2016-02-16 14:20:00,771.4
2016-02-16 14:30:00,771.2999999999998
2016-02-16 14:40:00,771.2
2016-02-16 14:50:00,771.1
2016-02-16 15:00:00,771.0
2016-02-16 15:10:00,770.966666666667
2016-02-16 15:20:00,770.9333333333329
2016-02-16 15:30:00,770.9
2016-02-16 15:40:00,770.866666666667
2016-02-16 15:50:00,770.8333333333329
2016-02-16 16:00:00,770.7999999999998
2016-02-16 16:10:00,770.716666666667
2016-02-16 16:20:00,770.6333333333331
2016-02-16 16:30:00,770.5499999999998
2016-02-16 16:40:00,770.466666666667
2016-02-16 16:50:00,770.3833333333331
2016-02-16 17:00:00,770.2999999999998
2016-02-16 17:10:00,770.266666666667
2016-02-16 17:20:00,770.233333333333
2016-02-16 17:30:00,770.2
2016-02-16 17:40:00,770.1666666666669
2016-02-16 17:50:00,770.1333333333331
2016-02-16 18:00:00,770.1
2016-02-16 18:10:00,770.116666666667
2016-02-16 18:20:00,770.1333333333331
2016-02-16 18:30:00,770.15
2016-02-16 18:40:00,770.1666666666669
2016-02-16 18:50:00,770.1833333333329
2016-02-16 19:00:00,770.2
2016-02-16 19:10:00,770.15
2016-02-16 19:20:00,770.1
2016-02-16 19:30:00,770.0499999999998
2016-02-16 19:40:00,770.0
2016-02-16 19:50:00,769.95
2016-02-16 20:00:00,769.9
2016-02-16 20:10:00,769.866666666667
2016-02-16 20:20:00,769.8333333333329
2016-02-16 20:30:00,769.7999999999998
2016-02-16 20:40:00,769.766666666667
2016-02-16 20:50:00,769.733333333333
2016-02-16 21:00:00,769.7
2016-02-16 21:10:00,769.6833333333329
2016-02-16 21:20:00,769.6666666666669
2016-02-16 21:30:00,769.65
2016-02-16 21:40:00,769.6333333333331
2016-02-16 21:50:00,769.616666666667
2016-02-16 22:00:00,769.6
2016-02-16 22:10:00,769.516666666667
2016-02-16 22:20:00,769.4333333333329
2016-02-16 22:30:00,769.35
2016-02-16 22:40:00,769.266666666667
2016-02-16 22:50:00,769.1833333333329
2016-02-16 23:00:00,769.1
2016-02-16 23:10:00,768.983333333333
2016-02-16 23:20:00,768.866666666667
2016-02-16 23:30:00,768.75
2016-02-16 23:40:00,768.6333333333331
2016-02-16 23:50:00,768.516666666667
2016-02-17 00:00:00,768.4
2016-02-17 00:10:00,768.25
2016-02-17 00:20:00,768.1
2016-02-17 00:30:00,767.95
2016-02-17 00:40:00,767.7999999999998
2016-02-17 00:50:00,767.65
2016-02-17 01:00:00,767.5
2016-02-17 01:10:00,767.366666666667
2016-02-17 01:20:00,767.233333333333
2016-02-17 01:30:00,767.1
2016-02-17 01:40:00,766.966666666667
2016-02-17 01:50:00,766.8333333333329
2016-02-17 02:00:00,766.7
2016-02-17 02:10:00,766.6333333333331
2016-02-17 02:20:00,766.5666666666668
2016-02-17 02:30:00,766.5
2016-02-17 02:40:00,766.4333333333329
2016-02-17 02:50:00,766.366666666667
2016-02-17 03:00:00,766.2999999999998
2016-02-17 03:10:00,766.1833333333329
2016-02-17 03:20:00,766.0666666666668
2016-02-17 03:30:00,765.95
2016-02-17 03:40:00,765.8333333333329
2016-02-17 03:50:00,765.716666666667
2016-02-17 04:00:00,765.6
2016-02-17 04:10:00,765.533333333333
2016-02-17 04:20:00,765.466666666667
2016-02-17 04:30:00,765.4
2016-02-17 04:40:00,765.3333333333329
2016-02-17 04:50:00,765.266666666667
2016-02-17 05:00:00,765.2
2016-02-17 05:10:00,765.1333333333331
2016-02-17 05:20:00,765.0666666666668
2016-02-17 05:30:00,765.0
2016-02-17 05:40:00,764.9333333333329
2016-02-17 05:50:00,764.866666666667
2016-02-17 06:00:00,764.7999999999998
2016-02-17 06:10:00,764.6833333333329
2016-02-17 06:20:00,764.5666666666668
2016-02-17 06:30:00,764.45
2016-02-17 06:40:00,764.3333333333329
2016-02-17 06:50:00,764.216666666667
2016-02-17 07:00:00,764.1
2016-02-17 07:10:00,763.983333333333
2016-02-17 07:20:00,763.866666666667
2016-02-17 07:30:00,763.75
2016-02-17 07:40:00,763.6333333333331
2016-02-17 07:50:00,763.516666666667
2016-02-17 08:00:00,763.4
2016-02-17 08:10:00,763.2999999999998
2016-02-17 08:20:00,763.2
2016-02-17 08:30:00,763.1
2016-02-17 08:40:00,763.0
2016-02-17 08:50:00,762.9
2016-02-17 09:00:00,762.7999999999998
2016-02-17 09:10:00,762.6833333333329
2016-02-17 09:20:00,762.5666666666668
2016-02-17 09:30:00,762.45
2016-02-17 09:40:00,762.3333333333329
2016-02-17 09:50:00,762.216666666667
2016-02-17 10:00:00,762.1
2016-02-17 10:10:00,761.983333333333
2016-02-17 10:20:00,761.866666666667
2016-02-17 10:30:00,761.75
2016-02-17 10:40:00,761.6333333333331
2016-02-17 10:50:00,761.516666666667
2016-02-17 11:00:00,761.4
2016-02-17 11:10:00,761.266666666667
2016-02-17 11:20:00,761.1333333333331
2016-02-17 11:30:00,761.0
2016-02-17 11:40:00,760.866666666667
2016-02-17 11:50:00,760.733333333333
2016-02-17 12:00:00,760.6
2016-02-17 12:10:00,760.4166666666669
2016-02-17 12:20:00,760.233333333333
2016-02-17 12:30:00,760.0499999999998
2016-02-17 12:40:00,759.866666666667
2016-02-17 12:50:00,759.6833333333329
2016-02-17 13:00:00,759.5
2016-02-17 13:10:00,759.3333333333329
2016-02-17 13:20:00,759.1666666666669
2016-02-17 13:30:00,759.0
2016-02-17 13:40:00,758.8333333333329
2016-02-17 13:50:00,758.6666666666669
2016-02-17 14:00:00,758.5
2016-02-17 14:10:00,758.366666666667
2016-02-17 14:20:00,758.233333333333
2016-02-17 14:30:00,758.1
2016-02-17 14:40:00,757.966666666667
2016-02-17 14:50:00,757.8333333333329
2016-02-17 15:00:00,757.7
2016-02-17 15:10:00,757.6333333333331
2016-02-17 15:20:00,757.5666666666668
2016-02-17 15:30:00,757.5
2016-02-17 15:40:00,757.4333333333329
2016-02-17 15:50:00,757.366666666667
2016-02-17 16:00:00,757.2999999999998
2016-02-17 16:10:00,757.216666666667
2016-02-17 16:20:00,757.1333333333331
2016-02-17 16:30:00,757.0499999999998
2016-02-17 16:40:00,756.966666666667
2016-02-17 16:50:00,756.8833333333331
2016-02-17 17:00:00,756.7999999999998
2016-02-17 17:10:00,756.733333333333
2016-02-17 17:20:00,756.6666666666669
2016-02-17 17:30:00,756.6
2016-02-17 17:40:00,756.533333333333
2016-02-17 17:50:00,756.466666666667
2016-02-17 18:00:00,756.4
2016-02-17 18:10:00,756.3833333333331
2016-02-17 18:20:00,756.366666666667
2016-02-17 18:30:00,756.35
2016-02-17 18:40:00,756.3333333333329
2016-02-17 18:50:00,756.3166666666668
2016-02-17 19:00:00,756.2999999999998
2016-02-17 19:10:00,756.283333333333
2016-02-17 19:20:00,756.266666666667
2016-02-17 19:30:00,756.25
2016-02-17 19:40:00,756.233333333333
2016-02-17 19:50:00,756.216666666667
2016-02-17 20:00:00,756.2
2016-02-17 20:10:00,756.1333333333331
2016-02-17 20:20:00,756.0666666666668
2016-02-17 20:30:00,756.0
2016-02-17 20:40:00,755.9333333333329
2016-02-17 20:50:00,755.866666666667
2016-02-17 21:00:00,755.7999999999998
2016-02-17 21:10:00,755.7999999999998
2016-02-17 21:20:00,755.7999999999998
2016-02-17 21:30:00,755.7999999999998
2016-02-17 21:40:00,755.7999999999998
2016-02-17 21:50:00,755.7999999999998
2016-02-17 22:00:00,755.7999999999998
2016-02-17 22:10:00,755.733333333333
2016-02-17 22:20:00,755.6666666666669
2016-02-17 22:30:00,755.6
2016-02-17 22:40:00,755.533333333333
2016-02-17 22:50:00,755.466666666667
2016-02-17 23:00:00,755.4
2016-02-17 23:10:00,755.3833333333331
2016-02-17 23:20:00,755.366666666667
2016-02-17 23:30:00,755.35
2016-02-17 23:40:00,755.3333333333329
2016-02-17 23:50:00,755.3166666666668
2016-02-18 00:00:00,755.2999999999998
2016-02-18 00:10:00,755.3333333333329
2016-02-18 00:20:00,755.366666666667
2016-02-18 00:30:00,755.4
2016-02-18 00:40:00,755.4333333333329
2016-02-18 00:50:00,755.466666666667
2016-02-18 01:00:00,755.5
2016-02-18 01:10:00,755.4333333333329
2016-02-18 01:20:00,755.366666666667
2016-02-18 01:30:00,755.2999999999998
2016-02-18 01:40:00,755.233333333333
2016-02-18 01:50:00,755.1666666666669
2016-02-18 02:00:00,755.1
2016-02-18 02:10:00,755.0833333333329
2016-02-18 02:20:00,755.0666666666668
2016-02-18 02:30:00,755.0499999999998
2016-02-18 02:40:00,755.033333333333
2016-02-18 02:50:00,755.016666666667
2016-02-18 03:00:00,755.0
2016-02-18 03:10:00,754.95
2016-02-18 03:20:00,754.9
2016-02-18 03:30:00,754.85
2016-02-18 03:40:00,754.7999999999998
2016-02-18 03:50:00,754.75
2016-02-18 04:00:00,754.7
2016-02-18 04:10:00,754.6833333333329
2016-02-18 04:20:00,754.6666666666669
2016-02-18 04:30:00,754.65
2016-02-18 04:40:00,754.6333333333331
2016-02-18 04:50:00,754.616666666667
2016-02-18 05:00:00,754.6
2016-02-18 05:10:00,754.6
2016-02-18 05:20:00,754.6
2016-02-18 05:30:00,754.6
2016-02-18 05:40:00,754.6
2016-02-18 05:50:00,754.6
2016-02-18 06:00:00,754.6
2016-02-18 06:10:00,754.5666666666668
2016-02-18 06:20:00,754.533333333333
2016-02-18 06:30:00,754.5
2016-02-18 06:40:00,754.466666666667
2016-02-18 06:50:00,754.4333333333329
2016-02-18 07:00:00,754.4
2016-02-18 07:10:00,754.45
2016-02-18 07:20:00,754.5
2016-02-18 07:30:00,754.5499999999998
2016-02-18 07:40:00,754.6
2016-02-18 07:50:00,754.65
2016-02-18 08:00:00,754.7
2016-02-18 08:10:00,754.766666666667
2016-02-18 08:20:00,754.8333333333329
2016-02-18 08:30:00,754.9
2016-02-18 08:40:00,754.966666666667
2016-02-18 08:50:00,755.033333333333
2016-02-18 09:00:00,755.1
2016-02-18 09:10:00,755.116666666667
2016-02-18 09:20:00,755.1333333333331
2016-02-18 09:30:00,755.15
2016-02-18 09:40:00,755.1666666666669
2016-02-18 09:50:00,755.1833333333329
2016-02-18 10:00:00,755.2
2016-02-18 10:10:00,755.25
2016-02-18 10:20:00,755.2999999999998
2016-02-18 10:30:00,755.35
2016-02-18 10:40:00,755.4
2016-02-18 10:50:00,755.45
2016-02-18 11:00:00,755.5
2016-02-18 11:10:00,755.533333333333
2016-02-18 11:20:00,755.5666666666668
2016-02-18 11:30:00,755.6
2016-02-18 11:40:00,755.6333333333331
2016-02-18 11:50:00,755.6666666666669
2016-02-18 12:00:00,755.7
2016-02-18 12:10:00,755.7
2016-02-18 12:20:00,755.7
2016-02-18 12:30:00,755.7
2016-02-18 12:40:00,755.7
2016-02-18 12:50:00,755.7
2016-02-18 13:00:00,755.7
2016-02-18 13:10:00,755.7
2016-02-18 13:20:00,755.7
2016-02-18 13:30:00,755.7
2016-02-18 13:40:00,755.7
2016-02-18 13:50:00,755.7
2016-02-18 14:00:00,755.7
2016-02-18 14:10:00,755.716666666667
2016-02-18 14:20:00,755.733333333333
2016-02-18 14:30:00,755.75
2016-02-18 14:40:00,755.766666666667
2016-02-18 14:50:00,755.783333333333
2016-02-18 15:00:00,755.7999999999998
2016-02-18 15:10:00,755.85
2016-02-18 15:20:00,755.9
2016-02-18 15:30:00,755.95
2016-02-18 15:40:00,756.0
2016-02-18 15:50:00,756.0499999999998
2016-02-18 16:00:00,756.1
2016-02-18 16:10:00,756.116666666667
2016-02-18 16:20:00,756.1333333333331
2016-02-18 16:30:00,756.15
2016-02-18 16:40:00,756.1666666666669
2016-02-18 16:50:00,756.1833333333329
2016-02-18 17:00:00,756.2
2016-02-18 17:10:00,756.233333333333
2016-02-18 17:20:00,756.266666666667
2016-02-18 17:30:00,756.2999999999998
2016-02-18 17:40:00,756.3333333333329
2016-02-18 17:50:00,756.366666666667
2016-02-18 18:00:00,756.4
2016-02-18 18:10:00,756.483333333333
2016-02-18 18:20:00,756.5666666666668
2016-02-18 18:30:00,756.65
2016-02-18 18:40:00,756.733333333333
2016-02-18 18:50:00,756.8166666666668
2016-02-18 19:00:00,756.9
2016-02-18 19:10:00,756.9166666666669
2016-02-18 19:20:00,756.9333333333329
2016-02-18 19:30:00,756.95
2016-02-18 19:40:00,756.966666666667
2016-02-18 19:50:00,756.983333333333
2016-02-18 20:00:00,757.0
2016-02-18 20:10:00,757.0499999999998
2016-02-18 20:20:00,757.1
2016-02-18 20:30:00,757.15
2016-02-18 20:40:00,757.2
2016-02-18 20:50:00,757.25
2016-02-18 21:00:00,757.2999999999998
2016-02-18 21:10:00,757.3166666666668
2016-02-18 21:20:00,757.3333333333329
2016-02-18 21:30:00,757.35
2016-02-18 21:40:00,757.366666666667
2016-02-18 21:50:00,757.3833333333331
2016-02-18 22:00:00,757.4
2016-02-18 22:10:00,757.45
2016-02-18 22:20:00,757.5
2016-02-18 22:30:00,757.5499999999998
2016-02-18 22:40:00,757.6
2016-02-18 22:50:00,757.65
2016-02-18 23:00:00,757.7
2016-02-18 23:10:00,757.75
2016-02-18 23:20:00,757.7999999999998
2016-02-18 23:30:00,757.85
2016-02-18 23:40:00,757.9
2016-02-18 23:50:00,757.95
2016-02-19 00:00:00,758.0
2016-02-19 00:10:00,758.0666666666668
2016-02-19 00:20:00,758.1333333333331
2016-02-19 00:30:00,758.2
2016-02-19 00:40:00,758.266666666667
2016-02-19 00:50:00,758.3333333333329
2016-02-19 01:00:00,758.4
2016-02-19 01:10:00,758.4
2016-02-19 01:20:00,758.4
2016-02-19 01:30:00,758.4
2016-02-19 01:40:00,758.4
2016-02-19 01:50:00,758.4
2016-02-19 02:00:00,758.4
2016-02-19 02:10:00,758.4166666666669
2016-02-19 02:20:00,758.4333333333329
2016-02-19 02:30:00,758.45
2016-02-19 02:40:00,758.466666666667
2016-02-19 02:50:00,758.483333333333
2016-02-19 03:00:00,758.5
2016-02-19 03:10:00,758.5
2016-02-19 03:20:00,758.5
2016-02-19 03:30:00,758.5
2016-02-19 03:40:00,758.5
2016-02-19 03:50:00,758.5
2016-02-19 04:00:00,758.5
2016-02-19 04:10:00,758.5666666666668
2016-02-19 04:20:00,758.6333333333331
2016-02-19 04:30:00,758.7
2016-02-19 04:40:00,758.766666666667
2016-02-19 04:50:00,758.8333333333329
2016-02-19 05:00:00,758.9
2016-02-19 05:10:00,758.966666666667
2016-02-19 05:20:00,759.033333333333
2016-02-19 05:30:00,759.1
2016-02-19 05:40:00,759.1666666666669
2016-02-19 05:50:00,759.233333333333
2016-02-19 06:00:00,759.2999999999998
2016-02-19 06:10:00,759.366666666667
2016-02-19 06:20:00,759.4333333333329
2016-02-19 06:30:00,759.5
2016-02-19 06:40:00,759.5666666666668
2016-02-19 06:50:00,759.6333333333331
2016-02-19 07:00:00,759.7
2016-02-19 07:10:00,759.75
2016-02-19 07:20:00,759.7999999999998
2016-02-19 07:30:00,759.85
2016-02-19 07:40:00,759.9
2016-02-19 07:50:00,759.95
2016-02-19 08:00:00,760.0
2016-02-19 08:10:00,760.0499999999998
2016-02-19 08:20:00,760.1
2016-02-19 08:30:00,760.15
2016-02-19 08:40:00,760.2
2016-02-19 08:50:00,760.25
2016-02-19 09:00:00,760.2999999999998
2016-02-19 09:10:00,760.366666666667
2016-02-19 09:20:00,760.4333333333329
2016-02-19 09:30:00,760.5
2016-02-19 09:40:00,760.5666666666668
2016-02-19 09:50:00,760.6333333333331
2016-02-19 10:00:00,760.7
2016-02-19 10:10:00,760.75
2016-02-19 10:20:00,760.7999999999998
2016-02-19 10:30:00,760.85
2016-02-19 10:40:00,760.9
2016-02-19 10:50:00,760.95
2016-02-19 11:00:00,761.0
2016-02-19 11:10:00,761.033333333333
2016-02-19 11:20:00,761.0666666666668
2016-02-19 11:30:00,761.1
2016-02-19 11:40:00,761.1333333333331
2016-02-19 11:50:00,761.1666666666669
2016-02-19 12:00:00,761.2
2016-02-19 12:10:00,761.1666666666669
2016-02-19 12:20:00,761.1333333333331
2016-02-19 12:30:00,761.1
2016-02-19 12:40:00,761.0666666666668
2016-02-19 12:50:00,761.033333333333
2016-02-19 13:00:00,761.0
2016-02-19 13:10:00,760.9333333333329
2016-02-19 13:20:00,760.866666666667
2016-02-19 13:30:00,760.7999999999998
2016-02-19 13:40:00,760.733333333333
2016-02-19 13:50:00,760.6666666666669
2016-02-19 14:00:00,760.6
2016-02-19 14:10:00,760.5499999999998
2016-02-19 14:20:00,760.5
2016-02-19 14:30:00,760.45
2016-02-19 14:40:00,760.4
2016-02-19 14:50:00,760.35
2016-02-19 15:00:00,760.2999999999998
2016-02-19 15:10:00,760.2999999999998
2016-02-19 15:20:00,760.2999999999998
2016-02-19 15:30:00,760.2999999999998
2016-02-19 15:40:00,760.2999999999998
2016-02-19 15:50:00,760.2999999999998
2016-02-19 16:00:00,760.2999999999998
2016-02-19 16:10:00,760.25
2016-02-19 16:20:00,760.2
2016-02-19 16:30:00,760.15
2016-02-19 16:40:00,760.1
2016-02-19 16:50:00,760.0499999999998
2016-02-19 17:00:00,760.0
2016-02-19 17:10:00,759.966666666667
2016-02-19 17:20:00,759.9333333333329
2016-02-19 17:30:00,759.9
2016-02-19 17:40:00,759.866666666667
2016-02-19 17:50:00,759.8333333333329
2016-02-19 18:00:00,759.7999999999998
2016-02-19 18:10:00,759.8166666666668
2016-02-19 18:20:00,759.8333333333329
2016-02-19 18:30:00,759.85
2016-02-19 18:40:00,759.866666666667
2016-02-19 18:50:00,759.8833333333331
2016-02-19 19:00:00,759.9
2016-02-19 19:10:00,759.8333333333329
2016-02-19 19:20:00,759.766666666667
2016-02-19 19:30:00,759.7
2016-02-19 19:40:00,759.6333333333331
2016-02-19 19:50:00,759.5666666666668
2016-02-19 20:00:00,759.5
2016-02-19 20:10:00,759.4333333333329
2016-02-19 20:20:00,759.366666666667
2016-02-19 20:30:00,759.2999999999998
2016-02-19 20:40:00,759.233333333333
2016-02-19 20:50:00,759.1666666666669
2016-02-19 21:00:00,759.1
2016-02-19 21:10:00,759.0499999999998
2016-02-19 21:20:00,759.0
2016-02-19 21:30:00,758.95
2016-02-19 21:40:00,758.9
2016-02-19 21:50:00,758.85
2016-02-19 22:00:00,758.7999999999998
2016-02-19 22:10:00,758.6666666666669
2016-02-19 22:20:00,758.533333333333
2016-02-19 22:30:00,758.4
2016-02-19 22:40:00,758.266666666667
2016-02-19 22:50:00,758.1333333333331
2016-02-19 23:00:00,758.0
2016-02-19 23:10:00,757.9
2016-02-19 23:20:00,757.7999999999998
2016-02-19 23:30:00,757.7
2016-02-19 23:40:00,757.6
2016-02-19 23:50:00,757.5
2016-02-20 00:00:00,757.4
2016-02-20 00:10:00,757.283333333333
2016-02-20 00:20:00,757.1666666666669
2016-02-20 00:30:00,757.0499999999998
2016-02-20 00:40:00,756.9333333333329
2016-02-20 00:50:00,756.8166666666668
2016-02-20 01:00:00,756.7
2016-02-20 01:10:00,756.5499999999998
2016-02-20 01:20:00,756.4
2016-02-20 01:30:00,756.25
2016-02-20 01:40:00,756.1
2016-02-20 01:50:00,755.95
2016-02-20 02:00:00,755.7999999999998
2016-02-20 02:10:00,755.733333333333
2016-02-20 02:20:00,755.6666666666669
2016-02-20 02:30:00,755.6
2016-02-20 02:40:00,755.533333333333
2016-02-20 02:50:00,755.466666666667
2016-02-20 03:00:00,755.4
2016-02-20 03:10:00,755.283333333333
2016-02-20 03:20:00,755.1666666666669
2016-02-20 03:30:00,755.0499999999998
2016-02-20 03:40:00,754.9333333333329
2016-02-20 03:50:00,754.8166666666668
2016-02-20 04:00:00,754.7
2016-02-20 04:10:00,754.616666666667
2016-02-20 04:20:00,754.533333333333
2016-02-20 04:30:00,754.45
2016-02-20 04:40:00,754.366666666667
2016-02-20 04:50:00,754.283333333333
2016-02-20 05:00:00,754.2
2016-02-20 05:10:00,754.1666666666669
2016-02-20 05:20:00,754.1333333333331
2016-02-20 05:30:00,754.1
2016-02-20 05:40:00,754.0666666666668
2016-02-20 05:50:00,754.033333333333
2016-02-20 06:00:00,754.0
2016-02-20 06:10:00,753.95
2016-02-20 06:20:00,753.9
2016-02-20 06:30:00,753.85
2016-02-20 06:40:00,753.7999999999998
2016-02-20 06:50:00,753.75
2016-02-20 07:00:00,753.7
2016-02-20 07:10:00,753.75
2016-02-20 07:20:00,753.7999999999998
2016-02-20 07:30:00,753.85
2016-02-20 07:40:00,753.9
2016-02-20 07:50:00,753.95
2016-02-20 08:00:00,754.0
2016-02-20 08:10:00,754.0499999999998
2016-02-20 08:20:00,754.1
2016-02-20 08:30:00,754.15
2016-02-20 08:40:00,754.2
2016-02-20 08:50:00,754.25
2016-02-20 09:00:00,754.2999999999998
2016-02-20 09:10:00,754.2999999999998
2016-02-20 09:20:00,754.2999999999998
2016-02-20 09:30:00,754.2999999999998
2016-02-20 09:40:00,754.2999999999998
2016-02-20 09:50:00,754.2999999999998
2016-02-20 10:00:00,754.2999999999998
2016-02-20 10:10:00,754.35
2016-02-20 10:20:00,754.4
2016-02-20 10:30:00,754.45
2016-02-20 10:40:00,754.5
2016-02-20 10:50:00,754.5499999999998
2016-02-20 11:00:00,754.6
2016-02-20 11:10:00,754.6666666666669
2016-02-20 11:20:00,754.733333333333
2016-02-20 11:30:00,754.7999999999998
2016-02-20 11:40:00,754.866666666667
2016-02-20 11:50:00,754.9333333333329
2016-02-20 12:00:00,755.0
2016-02-20 12:10:00,755.016666666667
2016-02-20 12:20:00,755.033333333333
2016-02-20 12:30:00,755.0499999999998
2016-02-20 12:40:00,755.0666666666668
2016-02-20 12:50:00,755.0833333333329
2016-02-20 13:00:00,755.1
2016-02-20 13:10:00,755.0499999999998
2016-02-20 13:20:00,755.0
2016-02-20 13:30:00,754.95
2016-02-20 13:40:00,754.9
2016-02-20 13:50:00,754.85
2016-02-20 14:00:00,754.7999999999998
2016-02-20 14:10:00,754.7999999999998
2016-02-20 14:20:00,754.7999999999998
2016-02-20 14:30:00,754.7999999999998
2016-02-20 14:40:00,754.7999999999998
2016-02-20 14:50:00,754.7999999999998
2016-02-20 15:00:00,754.7999999999998
2016-02-20 15:10:00,754.716666666667
2016-02-20 15:20:00,754.6333333333331
2016-02-20 15:30:00,754.5499999999998
2016-02-20 15:40:00,754.466666666667
2016-02-20 15:50:00,754.3833333333331
2016-02-20 16:00:00,754.2999999999998
2016-02-20 16:10:00,754.25
2016-02-20 16:20:00,754.2
2016-02-20 16:30:00,754.15
2016-02-20 16:40:00,754.1
2016-02-20 16:50:00,754.0499999999998
2016-02-20 17:00:00,754.0
2016-02-20 17:10:00,753.95
2016-02-20 17:20:00,753.9
2016-02-20 17:30:00,753.85
2016-02-20 17:40:00,753.7999999999998
2016-02-20 17:50:00,753.75
2016-02-20 18:00:00,753.7
2016-02-20 18:10:00,753.716666666667
2016-02-20 18:20:00,753.733333333333
2016-02-20 18:30:00,753.75
2016-02-20 18:40:00,753.766666666667
2016-02-20 18:50:00,753.783333333333
2016-02-20 19:00:00,753.7999999999998
2016-02-20 19:10:00,753.7999999999998
2016-02-20 19:20:00,753.7999999999998
2016-02-20 19:30:00,753.7999999999998
2016-02-20 19:40:00,753.7999999999998
2016-02-20 19:50:00,753.7999999999998
2016-02-20 20:00:00,753.7999999999998
2016-02-20 20:10:00,753.8166666666668
2016-02-20 20:20:00,753.8333333333329
2016-02-20 20:30:00,753.85
2016-02-20 20:40:00,753.866666666667
2016-02-20 20:50:00,753.8833333333331
2016-02-20 21:00:00,753.9
2016-02-20 21:10:00,753.9166666666669
2016-02-20 21:20:00,753.9333333333329
2016-02-20 21:30:00,753.95
2016-02-20 21:40:00,753.966666666667
2016-02-20 21:50:00,753.983333333333
2016-02-20 22:00:00,754.0
2016-02-20 22:10:00,754.1
2016-02-20 22:20:00,754.2
2016-02-20 22:30:00,754.2999999999998
2016-02-20 22:40:00,754.4
2016-02-20 22:50:00,754.5
2016-02-20 23:00:00,754.6
2016-02-20 23:10:00,754.616666666667
2016-02-20 23:20:00,754.6333333333331
2016-02-20 23:30:00,754.65
2016-02-20 23:40:00,754.6666666666669
2016-02-20 23:50:00,754.6833333333329
2016-02-21 00:00:00,754.7
2016-02-21 00:10:00,754.766666666667
2016-02-21 00:20:00,754.8333333333329
2016-02-21 00:30:00,754.9
2016-02-21 00:40:00,754.966666666667
2016-02-21 00:50:00,755.033333333333
2016-02-21 01:00:00,755.1
2016-02-21 01:10:00,755.2
2016-02-21 01:20:00,755.2999999999998
2016-02-21 01:30:00,755.4
2016-02-21 01:40:00,755.5
2016-02-21 01:50:00,755.6
2016-02-21 02:00:00,755.7
2016-02-21 02:10:00,755.716666666667
2016-02-21 02:20:00,755.733333333333
2016-02-21 02:30:00,755.75
2016-02-21 02:40:00,755.766666666667
2016-02-21 02:50:00,755.783333333333
2016-02-21 03:00:00,755.7999999999998
2016-02-21 03:10:00,755.85
2016-02-21 03:20:00,755.9
2016-02-21 03:30:00,755.95
2016-02-21 03:40:00,756.0
2016-02-21 03:50:00,756.0499999999998
2016-02-21 04:00:00,756.1
2016-02-21 04:10:00,756.116666666667
2016-02-21 04:20:00,756.1333333333331
2016-02-21 04:30:00,756.15
2016-02-21 04:40:00,756.1666666666669
2016-02-21 04:50:00,756.1833333333329
2016-02-21 05:00:00,756.2
2016-02-21 05:10:00,756.233333333333
2016-02-21 05:20:00,756.266666666667
2016-02-21 05:30:00,756.2999999999998
2016-02-21 05:40:00,756.3333333333329
2016-02-21 05:50:00,756.366666666667
2016-02-21 06:00:00,756.4
2016-02-21 06:10:00,756.366666666667
2016-02-21 06:20:00,756.3333333333329
2016-02-21 06:30:00,756.2999999999998
2016-02-21 06:40:00,756.266666666667
2016-02-21 06:50:00,756.233333333333
2016-02-21 07:00:00,756.2
2016-02-21 07:10:00,756.2
2016-02-21 07:20:00,756.2
2016-02-21 07:30:00,756.2
2016-02-21 07:40:00,756.2
2016-02-21 07:50:00,756.2
2016-02-21 08:00:00,756.2
2016-02-21 08:10:00,756.25
2016-02-21 08:20:00,756.2999999999998
2016-02-21 08:30:00,756.35
2016-02-21 08:40:00,756.4
2016-02-21 08:50:00,756.45
2016-02-21 09:00:00,756.5
2016-02-21 09:10:00,756.533333333333
2016-02-21 09:20:00,756.5666666666668
2016-02-21 09:30:00,756.6
2016-02-21 09:40:00,756.6333333333331
2016-02-21 09:50:00,756.6666666666669
2016-02-21 10:00:00,756.7
2016-02-21 10:10:00,756.6666666666669
2016-02-21 10:20:00,756.6333333333331
2016-02-21 10:30:00,756.6
2016-02-21 10:40:00,756.5666666666668
2016-02-21 10:50:00,756.533333333333
2016-02-21 11:00:00,756.5
2016-02-21 11:10:00,756.516666666667
2016-02-21 11:20:00,756.533333333333
2016-02-21 11:30:00,756.5499999999998
2016-02-21 11:40:00,756.5666666666668
2016-02-21 11:50:00,756.5833333333329
2016-02-21 12:00:00,756.6
2016-02-21 12:10:00,756.5499999999998
2016-02-21 12:20:00,756.5
2016-02-21 12:30:00,756.45
2016-02-21 12:40:00,756.4
2016-02-21 12:50:00,756.35
2016-02-21 13:00:00,756.2999999999998
2016-02-21 13:10:00,756.266666666667
2016-02-21 13:20:00,756.233333333333
2016-02-21 13:30:00,756.2
2016-02-21 13:40:00,756.1666666666669
2016-02-21 13:50:00,756.1333333333331
2016-02-21 14:00:00,756.1
2016-02-21 14:10:00,756.0499999999998
2016-02-21 14:20:00,756.0
2016-02-21 14:30:00,755.95
2016-02-21 14:40:00,755.9
2016-02-21 14:50:00,755.85
2016-02-21 15:00:00,755.7999999999998
2016-02-21 15:10:00,755.716666666667
2016-02-21 15:20:00,755.6333333333331
2016-02-21 15:30:00,755.5499999999998
2016-02-21 15:40:00,755.466666666667
2016-02-21 15:50:00,755.3833333333331
2016-02-21 16:00:00,755.2999999999998
2016-02-21 16:10:00,755.25
2016-02-21 16:20:00,755.2
2016-02-21 16:30:00,755.15
2016-02-21 16:40:00,755.1
2016-02-21 16:50:00,755.0499999999998
2016-02-21 17:00:00,755.0
2016-02-21 17:10:00,754.966666666667
2016-02-21 17:20:00,754.9333333333329
2016-02-21 17:30:00,754.9
2016-02-21 17:40:00,754.866666666667
2016-02-21 17:50:00,754.8333333333329
2016-02-21 18:00:00,754.7999999999998
2016-02-21 18:10:00,754.7999999999998
2016-02-21 18:20:00,754.7999999999998
2016-02-21 18:30:00,754.7999999999998
2016-02-21 18:40:00,754.7999999999998
2016-02-21 18:50:00,754.7999999999998
2016-02-21 19:00:00,754.7999999999998
2016-02-21 19:10:00,754.783333333333
2016-02-21 19:20:00,754.766666666667
2016-02-21 19:30:00,754.75
2016-02-21 19:40:00,754.733333333333
2016-02-21 19:50:00,754.716666666667
2016-02-21 20:00:00,754.7
2016-02-21 20:10:00,754.7
2016-02-21 20:20:00,754.7
2016-02-21 20:30:00,754.7
2016-02-21 20:40:00,754.7
2016-02-21 20:50:00,754.7
2016-02-21 21:00:00,754.7
2016-02-21 21:10:00,754.6833333333329
2016-02-21 21:20:00,754.6666666666669
2016-02-21 21:30:00,754.65
2016-02-21 21:40:00,754.6333333333331
2016-02-21 21:50:00,754.616666666667
2016-02-21 22:00:00,754.6
2016-02-21 22:10:00,754.5499999999998
2016-02-21 22:20:00,754.5
2016-02-21 22:30:00,754.45
2016-02-21 22:40:00,754.4
2016-02-21 22:50:00,754.35
2016-02-21 23:00:00,754.2999999999998
2016-02-21 23:10:00,754.216666666667
2016-02-21 23:20:00,754.1333333333331
2016-02-21 23:30:00,754.0499999999998
2016-02-21 23:40:00,753.966666666667
2016-02-21 23:50:00,753.8833333333331
2016-02-22 00:00:00,753.7999999999998
2016-02-22 00:10:00,753.7
2016-02-22 00:20:00,753.6
2016-02-22 00:30:00,753.5
2016-02-22 00:40:00,753.4
2016-02-22 00:50:00,753.2999999999998
2016-02-22 01:00:00,753.2
2016-02-22 01:10:00,753.1333333333331
2016-02-22 01:20:00,753.0666666666668
2016-02-22 01:30:00,753.0
2016-02-22 01:40:00,752.9333333333329
2016-02-22 01:50:00,752.866666666667
2016-02-22 02:00:00,752.7999999999998
2016-02-22 02:10:00,752.7999999999998
2016-02-22 02:20:00,752.7999999999998
2016-02-22 02:30:00,752.7999999999998
2016-02-22 02:40:00,752.7999999999998
2016-02-22 02:50:00,752.7999999999998
2016-02-22 03:00:00,752.7999999999998
2016-02-22 03:10:00,752.783333333333
2016-02-22 03:20:00,752.766666666667
2016-02-22 03:30:00,752.75
2016-02-22 03:40:00,752.733333333333
2016-02-22 03:50:00,752.716666666667
2016-02-22 04:00:00,752.7
2016-02-22 04:10:00,752.6666666666669
2016-02-22 04:20:00,752.6333333333331
2016-02-22 04:30:00,752.6
2016-02-22 04:40:00,752.5666666666668
2016-02-22 04:50:00,752.533333333333
2016-02-22 05:00:00,752.5
2016-02-22 05:10:00,752.5
2016-02-22 05:20:00,752.5
2016-02-22 05:30:00,752.5
2016-02-22 05:40:00,752.5
2016-02-22 05:50:00,752.5
2016-02-22 06:00:00,752.5
2016-02-22 06:10:00,752.4333333333329
2016-02-22 06:20:00,752.366666666667
2016-02-22 06:30:00,752.2999999999998
2016-02-22 06:40:00,752.233333333333
2016-02-22 06:50:00,752.1666666666669
2016-02-22 07:00:00,752.1
2016-02-22 07:10:00,752.0499999999998
2016-02-22 07:20:00,752.0
2016-02-22 07:30:00,751.95
2016-02-22 07:40:00,751.9
2016-02-22 07:50:00,751.85
2016-02-22 08:00:00,751.7999999999998
2016-02-22 08:10:00,751.7999999999998
2016-02-22 08:20:00,751.7999999999998
2016-02-22 08:30:00,751.7999999999998
2016-02-22 08:40:00,751.7999999999998
2016-02-22 08:50:00,751.7999999999998
2016-02-22 09:00:00,751.7999999999998
2016-02-22 09:10:00,751.783333333333
2016-02-22 09:20:00,751.766666666667
2016-02-22 09:30:00,751.75
2016-02-22 09:40:00,751.733333333333
2016-02-22 09:50:00,751.716666666667
2016-02-22 10:00:00,751.7
2016-02-22 10:10:00,751.716666666667
2016-02-22 10:20:00,751.733333333333
2016-02-22 10:30:00,751.75
2016-02-22 10:40:00,751.766666666667
2016-02-22 10:50:00,751.783333333333
2016-02-22 11:00:00,751.7999999999998
2016-02-22 11:10:00,751.783333333333
2016-02-22 11:20:00,751.766666666667
2016-02-22 11:30:00,751.75
2016-02-22 11:40:00,751.733333333333
2016-02-22 11:50:00,751.716666666667
2016-02-22 12:00:00,751.7
2016-02-22 12:10:00,751.6833333333329
2016-02-22 12:20:00,751.6666666666669
2016-02-22 12:30:00,751.65
2016-02-22 12:40:00,751.6333333333331
2016-02-22 12:50:00,751.616666666667
2016-02-22 13:00:00,751.6
2016-02-22 13:10:00,751.5
2016-02-22 13:20:00,751.4
2016-02-22 13:30:00,751.2999999999998
2016-02-22 13:40:00,751.2
2016-02-22 13:50:00,751.1
2016-02-22 14:00:00,751.0
2016-02-22 14:10:00,750.966666666667
2016-02-22 14:20:00,750.9333333333329
2016-02-22 14:30:00,750.9
2016-02-22 14:40:00,750.866666666667
2016-02-22 14:50:00,750.8333333333329
2016-02-22 15:00:00,750.7999999999998
2016-02-22 15:10:00,750.8166666666668
2016-02-22 15:20:00,750.8333333333329
2016-02-22 15:30:00,750.85
2016-02-22 15:40:00,750.866666666667
2016-02-22 15:50:00,750.8833333333331
2016-02-22 16:00:00,750.9
2016-02-22 16:10:00,750.983333333333
2016-02-22 16:20:00,751.0666666666668
2016-02-22 16:30:00,751.15
2016-02-22 16:40:00,751.233333333333
2016-02-22 16:50:00,751.3166666666668
2016-02-22 17:00:00,751.4
2016-02-22 17:10:00,751.483333333333
2016-02-22 17:20:00,751.5666666666668
2016-02-22 17:30:00,751.65
2016-02-22 17:40:00,751.733333333333
2016-02-22 17:50:00,751.8166666666668
2016-02-22 18:00:00,751.9
2016-02-22 18:10:00,752.033333333333
2016-02-22 18:20:00,752.1666666666669
2016-02-22 18:30:00,752.2999999999998
2016-02-22 18:40:00,752.4333333333329
2016-02-22 18:50:00,752.5666666666668
2016-02-22 19:00:00,752.7
2016-02-22 19:10:00,752.716666666667
2016-02-22 19:20:00,752.733333333333
2016-02-22 19:30:00,752.75
2016-02-22 19:40:00,752.766666666667
2016-02-22 19:50:00,752.783333333333
2016-02-22 20:00:00,752.7999999999998
2016-02-22 20:10:00,752.866666666667
2016-02-22 20:20:00,752.9333333333329
2016-02-22 20:30:00,753.0
2016-02-22 20:40:00,753.0666666666668
2016-02-22 20:50:00,753.1333333333331
2016-02-22 21:00:00,753.2
2016-02-22 21:10:00,753.25
2016-02-22 21:20:00,753.2999999999998
2016-02-22 21:30:00,753.35
2016-02-22 21:40:00,753.4
2016-02-22 21:50:00,753.45
2016-02-22 22:00:00,753.5
2016-02-22 22:10:00,753.516666666667
2016-02-22 22:20:00,753.533333333333
2016-02-22 22:30:00,753.5499999999998
2016-02-22 22:40:00,753.5666666666668
2016-02-22 22:50:00,753.5833333333329
2016-02-22 23:00:00,753.6
2016-02-22 23:10:00,753.65
2016-02-22 23:20:00,753.7
2016-02-22 23:30:00,753.75
2016-02-22 23:40:00,753.7999999999998
2016-02-22 23:50:00,753.85
2016-02-23 00:00:00,753.9
2016-02-23 00:10:00,753.866666666667
2016-02-23 00:20:00,753.8333333333329
2016-02-23 00:30:00,753.7999999999998
2016-02-23 00:40:00,753.766666666667
2016-02-23 00:50:00,753.733333333333
2016-02-23 01:00:00,753.7
2016-02-23 01:10:00,753.7
2016-02-23 01:20:00,753.7
2016-02-23 01:30:00,753.7
2016-02-23 01:40:00,753.7
2016-02-23 01:50:00,753.7
2016-02-23 02:00:00,753.7
2016-02-23 02:10:00,753.733333333333
2016-02-23 02:20:00,753.766666666667
2016-02-23 02:30:00,753.7999999999998
2016-02-23 02:40:00,753.8333333333329
2016-02-23 02:50:00,753.866666666667
2016-02-23 03:00:00,753.9
2016-02-23 03:10:00,753.866666666667
2016-02-23 03:20:00,753.8333333333329
2016-02-23 03:30:00,753.7999999999998
2016-02-23 03:40:00,753.766666666667
2016-02-23 03:50:00,753.733333333333
2016-02-23 04:00:00,753.7
2016-02-23 04:10:00,753.7
2016-02-23 04:20:00,753.7
2016-02-23 04:30:00,753.7
2016-02-23 04:40:00,753.7
2016-02-23 04:50:00,753.7
2016-02-23 05:00:00,753.7
2016-02-23 05:10:00,753.75
2016-02-23 05:20:00,753.7999999999998
2016-02-23 05:30:00,753.85
2016-02-23 05:40:00,753.9
2016-02-23 05:50:00,753.95
2016-02-23 06:00:00,754.0
2016-02-23 06:10:00,754.0
2016-02-23 06:20:00,754.0
2016-02-23 06:30:00,754.0
2016-02-23 06:40:00,754.0
2016-02-23 06:50:00,754.0
2016-02-23 07:00:00,754.0
2016-02-23 07:10:00,754.1
2016-02-23 07:20:00,754.2
2016-02-23 07:30:00,754.2999999999998
2016-02-23 07:40:00,754.4
2016-02-23 07:50:00,754.5
2016-02-23 08:00:00,754.6
2016-02-23 08:10:00,754.6666666666669
2016-02-23 08:20:00,754.733333333333
2016-02-23 08:30:00,754.7999999999998
2016-02-23 08:40:00,754.866666666667
2016-02-23 08:50:00,754.9333333333329
2016-02-23 09:00:00,755.0
2016-02-23 09:10:00,755.0833333333329
2016-02-23 09:20:00,755.1666666666669
2016-02-23 09:30:00,755.25
2016-02-23 09:40:00,755.3333333333329
2016-02-23 09:50:00,755.4166666666669
2016-02-23 10:00:00,755.5
2016-02-23 10:10:00,755.5499999999998
2016-02-23 10:20:00,755.6
2016-02-23 10:30:00,755.65
2016-02-23 10:40:00,755.7
2016-02-23 10:50:00,755.75
2016-02-23 11:00:00,755.7999999999998
2016-02-23 11:10:00,755.8833333333331
2016-02-23 11:20:00,755.966666666667
2016-02-23 11:30:00,756.0499999999998
2016-02-23 11:40:00,756.1333333333331
2016-02-23 11:50:00,756.216666666667
2016-02-23 12:00:00,756.2999999999998
2016-02-23 12:10:00,756.3333333333329
2016-02-23 12:20:00,756.366666666667
2016-02-23 12:30:00,756.4
2016-02-23 12:40:00,756.4333333333329
2016-02-23 12:50:00,756.466666666667
2016-02-23 13:00:00,756.5
2016-02-23 13:10:00,756.5
2016-02-23 13:20:00,756.5
2016-02-23 13:30:00,756.5
2016-02-23 13:40:00,756.5
2016-02-23 13:50:00,756.5
2016-02-23 14:00:00,756.5
2016-02-23 14:10:00,756.516666666667
2016-02-23 14:20:00,756.533333333333
2016-02-23 14:30:00,756.5499999999998
2016-02-23 14:40:00,756.5666666666668
2016-02-23 14:50:00,756.5833333333329
2016-02-23 15:00:00,756.6
2016-02-23 15:10:00,756.716666666667
2016-02-23 15:20:00,756.8333333333329
2016-02-23 15:30:00,756.95
2016-02-23 15:40:00,757.0666666666668
2016-02-23 15:50:00,757.1833333333329
2016-02-23 16:00:00,757.2999999999998
2016-02-23 16:10:00,757.366666666667
2016-02-23 16:20:00,757.4333333333329
2016-02-23 16:30:00,757.5
2016-02-23 16:40:00,757.5666666666668
2016-02-23 16:50:00,757.6333333333331
2016-02-23 17:00:00,757.7
2016-02-23 17:10:00,757.8333333333329
2016-02-23 17:20:00,757.966666666667
2016-02-23 17:30:00,758.1
2016-02-23 17:40:00,758.233333333333
2016-02-23 17:50:00,758.366666666667
2016-02-23 18:00:00,758.5
2016-02-23 18:10:00,758.6
2016-02-23 18:20:00,758.7
2016-02-23 18:30:00,758.7999999999998
2016-02-23 18:40:00,758.9
2016-02-23 18:50:00,759.0
2016-02-23 19:00:00,759.1
2016-02-23 19:10:00,759.2
2016-02-23 19:20:00,759.2999999999998
2016-02-23 19:30:00,759.4
2016-02-23 19:40:00,759.5
2016-02-23 19:50:00,759.6
2016-02-23 20:00:00,759.7
2016-02-23 20:10:00,759.75
2016-02-23 20:20:00,759.7999999999998
2016-02-23 20:30:00,759.85
2016-02-23 20:40:00,759.9
2016-02-23 20:50:00,759.95
2016-02-23 21:00:00,760.0
2016-02-23 21:10:00,760.0499999999998
2016-02-23 21:20:00,760.1
2016-02-23 21:30:00,760.15
2016-02-23 21:40:00,760.2
2016-02-23 21:50:00,760.25
2016-02-23 22:00:00,760.2999999999998
2016-02-23 22:10:00,760.2999999999998
2016-02-23 22:20:00,760.2999999999998
2016-02-23 22:30:00,760.2999999999998
2016-02-23 22:40:00,760.2999999999998
2016-02-23 22:50:00,760.2999999999998
2016-02-23 23:00:00,760.2999999999998
2016-02-23 23:10:00,760.35
2016-02-23 23:20:00,760.4
2016-02-23 23:30:00,760.45
2016-02-23 23:40:00,760.5
2016-02-23 23:50:00,760.5499999999998
2016-02-24 00:00:00,760.6
2016-02-24 00:10:00,760.616666666667
2016-02-24 00:20:00,760.6333333333331
2016-02-24 00:30:00,760.65
2016-02-24 00:40:00,760.6666666666669
2016-02-24 00:50:00,760.6833333333329
2016-02-24 01:00:00,760.7
2016-02-24 01:10:00,760.6833333333329
2016-02-24 01:20:00,760.6666666666669
2016-02-24 01:30:00,760.65
2016-02-24 01:40:00,760.6333333333331
2016-02-24 01:50:00,760.616666666667
2016-02-24 02:00:00,760.6
2016-02-24 02:10:00,760.5666666666668
2016-02-24 02:20:00,760.533333333333
2016-02-24 02:30:00,760.5
2016-02-24 02:40:00,760.466666666667
2016-02-24 02:50:00,760.4333333333329
2016-02-24 03:00:00,760.4
2016-02-24 03:10:00,760.3833333333331
2016-02-24 03:20:00,760.366666666667
2016-02-24 03:30:00,760.35
2016-02-24 03:40:00,760.3333333333329
2016-02-24 03:50:00,760.3166666666668
2016-02-24 04:00:00,760.2999999999998
2016-02-24 04:10:00,760.25
2016-02-24 04:20:00,760.2
2016-02-24 04:30:00,760.15
2016-02-24 04:40:00,760.1
2016-02-24 04:50:00,760.0499999999998
2016-02-24 05:00:00,760.0
2016-02-24 05:10:00,760.0
2016-02-24 05:20:00,760.0
2016-02-24 05:30:00,760.0
2016-02-24 05:40:00,760.0
2016-02-24 05:50:00,760.0
2016-02-24 06:00:00,760.0
2016-02-24 06:10:00,759.966666666667
2016-02-24 06:20:00,759.9333333333329
2016-02-24 06:30:00,759.9
2016-02-24 06:40:00,759.866666666667
2016-02-24 06:50:00,759.8333333333329
2016-02-24 07:00:00,759.7999999999998
2016-02-24 07:10:00,759.8166666666668
2016-02-24 07:20:00,759.8333333333329
2016-02-24 07:30:00,759.85
2016-02-24 07:40:00,759.866666666667
2016-02-24 07:50:00,759.8833333333331
2016-02-24 08:00:00,759.9
2016-02-24 08:10:00,759.9166666666669
2016-02-24 08:20:00,759.9333333333329
2016-02-24 08:30:00,759.95
2016-02-24 08:40:00,759.966666666667
2016-02-24 08:50:00,759.983333333333
2016-02-24 09:00:00,760.0
2016-02-24 09:10:00,759.9333333333329
2016-02-24 09:20:00,759.866666666667
2016-02-24 09:30:00,759.7999999999998
2016-02-24 09:40:00,759.733333333333
2016-02-24 09:50:00,759.6666666666669
2016-02-24 10:00:00,759.6
2016-02-24 10:10:00,759.5666666666668
2016-02-24 10:20:00,759.533333333333
2016-02-24 10:30:00,759.5
2016-02-24 10:40:00,759.466666666667
2016-02-24 10:50:00,759.4333333333329
2016-02-24 11:00:00,759.4
2016-02-24 11:10:00,759.35
2016-02-24 11:20:00,759.2999999999998
2016-02-24 11:30:00,759.25
2016-02-24 11:40:00,759.2
2016-02-24 11:50:00,759.15
2016-02-24 12:00:00,759.1
2016-02-24 12:10:00,759.0
2016-02-24 12:20:00,758.9
2016-02-24 12:30:00,758.7999999999998
2016-02-24 12:40:00,758.7
2016-02-24 12:50:00,758.6
2016-02-24 13:00:00,758.5
2016-02-24 13:10:00,758.35
2016-02-24 13:20:00,758.2
2016-02-24 13:30:00,758.0499999999998
2016-02-24 13:40:00,757.9
2016-02-24 13:50:00,757.75
2016-02-24 14:00:00,757.6
2016-02-24 14:10:00,757.5
2016-02-24 14:20:00,757.4
2016-02-24 14:30:00,757.2999999999998
2016-02-24 14:40:00,757.2
2016-02-24 14:50:00,757.1
2016-02-24 15:00:00,757.0
2016-02-24 15:10:00,756.9333333333329
2016-02-24 15:20:00,756.866666666667
2016-02-24 15:30:00,756.7999999999998
2016-02-24 15:40:00,756.733333333333
2016-02-24 15:50:00,756.6666666666669
2016-02-24 16:00:00,756.6
2016-02-24 16:10:00,756.533333333333
2016-02-24 16:20:00,756.466666666667
2016-02-24 16:30:00,756.4
2016-02-24 16:40:00,756.3333333333329
2016-02-24 16:50:00,756.266666666667
2016-02-24 17:00:00,756.2
2016-02-24 17:10:00,756.1333333333331
2016-02-24 17:20:00,756.0666666666668
2016-02-24 17:30:00,756.0
2016-02-24 17:40:00,755.9333333333329
2016-02-24 17:50:00,755.866666666667
2016-02-24 18:00:00,755.7999999999998
2016-02-24 18:10:00,755.8166666666668
2016-02-24 18:20:00,755.8333333333329
2016-02-24 18:30:00,755.85
2016-02-24 18:40:00,755.866666666667
2016-02-24 18:50:00,755.8833333333331
2016-02-24 19:00:00,755.9
2016-02-24 19:10:00,755.9333333333329
2016-02-24 19:20:00,755.966666666667
2016-02-24 19:30:00,756.0
2016-02-24 19:40:00,756.033333333333
2016-02-24 19:50:00,756.0666666666668
2016-02-24 20:00:00,756.1
2016-02-24 20:10:00,756.0499999999998
2016-02-24 20:20:00,756.0
2016-02-24 20:30:00,755.95
2016-02-24 20:40:00,755.9
2016-02-24 20:50:00,755.85
2016-02-24 21:00:00,755.7999999999998
2016-02-24 21:10:00,755.8166666666668
2016-02-24 21:20:00,755.8333333333329
2016-02-24 21:30:00,755.85
2016-02-24 21:40:00,755.866666666667
2016-02-24 21:50:00,755.8833333333331
2016-02-24 22:00:00,755.9
2016-02-24 22:10:00,755.8833333333331
2016-02-24 22:20:00,755.866666666667
2016-02-24 22:30:00,755.85
2016-02-24 22:40:00,755.8333333333329
2016-02-24 22:50:00,755.8166666666668
2016-02-24 23:00:00,755.7999999999998
2016-02-24 23:10:00,755.7999999999998
2016-02-24 23:20:00,755.7999999999998
2016-02-24 23:30:00,755.7999999999998
2016-02-24 23:40:00,755.7999999999998
2016-02-24 23:50:00,755.7999999999998
2016-02-25 00:00:00,755.7999999999998
2016-02-25 00:10:00,755.7999999999998
2016-02-25 00:20:00,755.7999999999998
2016-02-25 00:30:00,755.7999999999998
2016-02-25 00:40:00,755.7999999999998
2016-02-25 00:50:00,755.7999999999998
2016-02-25 01:00:00,755.7999999999998
2016-02-25 01:10:00,755.8166666666668
2016-02-25 01:20:00,755.8333333333329
2016-02-25 01:30:00,755.85
2016-02-25 01:40:00,755.866666666667
2016-02-25 01:50:00,755.8833333333331
2016-02-25 02:00:00,755.9
2016-02-25 02:10:00,755.8333333333329
2016-02-25 02:20:00,755.766666666667
2016-02-25 02:30:00,755.7
2016-02-25 02:40:00,755.6333333333331
2016-02-25 02:50:00,755.5666666666668
2016-02-25 03:00:00,755.5
2016-02-25 03:10:00,755.5
2016-02-25 03:20:00,755.5
2016-02-25 03:30:00,755.5
2016-02-25 03:40:00,755.5
2016-02-25 03:50:00,755.5
2016-02-25 04:00:00,755.5
2016-02-25 04:10:00,755.5
2016-02-25 04:20:00,755.5
2016-02-25 04:30:00,755.5
2016-02-25 04:40:00,755.5
2016-02-25 04:50:00,755.5
2016-02-25 05:00:00,755.5
2016-02-25 05:10:00,755.5499999999998
2016-02-25 05:20:00,755.6
2016-02-25 05:30:00,755.65
2016-02-25 05:40:00,755.7
2016-02-25 05:50:00,755.75
2016-02-25 06:00:00,755.7999999999998
2016-02-25 06:10:00,755.8166666666668
2016-02-25 06:20:00,755.8333333333329
2016-02-25 06:30:00,755.85
2016-02-25 06:40:00,755.866666666667
2016-02-25 06:50:00,755.8833333333331
2016-02-25 07:00:00,755.9
2016-02-25 07:10:00,755.9333333333329
2016-02-25 07:20:00,755.966666666667
2016-02-25 07:30:00,756.0
2016-02-25 07:40:00,756.033333333333
2016-02-25 07:50:00,756.0666666666668
2016-02-25 08:00:00,756.1
2016-02-25 08:10:00,756.15
2016-02-25 08:20:00,756.2
2016-02-25 08:30:00,756.25
2016-02-25 08:40:00,756.2999999999998
2016-02-25 08:50:00,756.35
2016-02-25 09:00:00,756.4
2016-02-25 09:10:00,756.466666666667
2016-02-25 09:20:00,756.533333333333
2016-02-25 09:30:00,756.6
2016-02-25 09:40:00,756.6666666666669
2016-02-25 09:50:00,756.733333333333
2016-02-25 10:00:00,756.7999999999998
2016-02-25 10:10:00,756.8166666666668
2016-02-25 10:20:00,756.8333333333329
2016-02-25 10:30:00,756.85
2016-02-25 10:40:00,756.866666666667
2016-02-25 10:50:00,756.8833333333331
2016-02-25 11:00:00,756.9
2016-02-25 11:10:00,756.9166666666669
2016-02-25 11:20:00,756.9333333333329
2016-02-25 11:30:00,756.95
2016-02-25 11:40:00,756.966666666667
2016-02-25 11:50:00,756.983333333333
2016-02-25 12:00:00,757.0
2016-02-25 12:10:00,756.983333333333
2016-02-25 12:20:00,756.966666666667
2016-02-25 12:30:00,756.95
2016-02-25 12:40:00,756.9333333333329
2016-02-25 12:50:00,756.9166666666669
2016-02-25 13:00:00,756.9
2016-02-25 13:10:00,756.866666666667
2016-02-25 13:20:00,756.8333333333329
2016-02-25 13:30:00,756.7999999999998
2016-02-25 13:40:00,756.766666666667
2016-02-25 13:50:00,756.733333333333
2016-02-25 14:00:00,756.7
2016-02-25 14:10:00,756.716666666667
2016-02-25 14:20:00,756.733333333333
2016-02-25 14:30:00,756.75
2016-02-25 14:40:00,756.766666666667
2016-02-25 14:50:00,756.783333333333
2016-02-25 15:00:00,756.7999999999998
2016-02-25 15:10:00,756.766666666667
2016-02-25 15:20:00,756.733333333333
2016-02-25 15:30:00,756.7
2016-02-25 15:40:00,756.6666666666669
2016-02-25 15:50:00,756.6333333333331
2016-02-25 16:00:00,756.6
2016-02-25 16:10:00,756.6
2016-02-25 16:20:00,756.6
2016-02-25 16:30:00,756.6
2016-02-25 16:40:00,756.6
2016-02-25 16:50:00,756.6
2016-02-25 17:00:00,756.6
2016-02-25 17:10:00,756.6
2016-02-25 17:20:00,756.6
2016-02-25 17:30:00,756.6
2016-02-25 17:40:00,756.6
2016-02-25 17:50:00,756.6
2016-02-25 18:00:00,756.6
2016-02-25 18:10:00,756.6666666666669
2016-02-25 18:20:00,756.733333333333
2016-02-25 18:30:00,756.7999999999998
2016-02-25 18:40:00,756.866666666667
2016-02-25 18:50:00,756.9333333333329
2016-02-25 19:00:00,757.0
2016-02-25 19:10:00,757.033333333333
2016-02-25 19:20:00,757.0666666666668
2016-02-25 19:30:00,757.1
2016-02-25 19:40:00,757.1333333333331
2016-02-25 19:50:00,757.1666666666669
2016-02-25 20:00:00,757.2
2016-02-25 20:10:00,757.216666666667
2016-02-25 20:20:00,757.233333333333
2016-02-25 20:30:00,757.25
2016-02-25 20:40:00,757.266666666667
2016-02-25 20:50:00,757.283333333333
2016-02-25 21:00:00,757.2999999999998
2016-02-25 21:10:00,757.2999999999998
2016-02-25 21:20:00,757.2999999999998
2016-02-25 21:30:00,757.2999999999998
2016-02-25 21:40:00,757.2999999999998
2016-02-25 21:50:00,757.2999999999998
2016-02-25 22:00:00,757.2999999999998
2016-02-25 22:10:00,757.2999999999998
2016-02-25 22:20:00,757.2999999999998
2016-02-25 22:30:00,757.2999999999998
2016-02-25 22:40:00,757.2999999999998
2016-02-25 22:50:00,757.2999999999998
2016-02-25 23:00:00,757.2999999999998
2016-02-25 23:10:00,757.283333333333
2016-02-25 23:20:00,757.266666666667
2016-02-25 23:30:00,757.25
2016-02-25 23:40:00,757.233333333333
2016-02-25 23:50:00,757.216666666667
2016-02-26 00:00:00,757.2
2016-02-26 00:10:00,757.15
2016-02-26 00:20:00,757.1
2016-02-26 00:30:00,757.0499999999998
2016-02-26 00:40:00,757.0
2016-02-26 00:50:00,756.95
2016-02-26 01:00:00,756.9
2016-02-26 01:10:00,756.866666666667
2016-02-26 01:20:00,756.8333333333329
2016-02-26 01:30:00,756.7999999999998
2016-02-26 01:40:00,756.766666666667
2016-02-26 01:50:00,756.733333333333
2016-02-26 02:00:00,756.7
2016-02-26 02:10:00,756.65
2016-02-26 02:20:00,756.6
2016-02-26 02:30:00,756.5499999999998
2016-02-26 02:40:00,756.5
2016-02-26 02:50:00,756.45
2016-02-26 03:00:00,756.4
2016-02-26 03:10:00,756.2999999999998
2016-02-26 03:20:00,756.2
2016-02-26 03:30:00,756.1
2016-02-26 03:40:00,756.0
2016-02-26 03:50:00,755.9
2016-02-26 04:00:00,755.7999999999998
2016-02-26 04:10:00,755.75
2016-02-26 04:20:00,755.7
2016-02-26 04:30:00,755.65
2016-02-26 04:40:00,755.6
2016-02-26 04:50:00,755.5499999999998
2016-02-26 05:00:00,755.5
2016-02-26 05:10:00,755.466666666667
2016-02-26 05:20:00,755.4333333333329
2016-02-26 05:30:00,755.4
2016-02-26 05:40:00,755.366666666667
2016-02-26 05:50:00,755.3333333333329
2016-02-26 06:00:00,755.2999999999998
2016-02-26 06:10:00,755.25
2016-02-26 06:20:00,755.2
2016-02-26 06:30:00,755.15
2016-02-26 06:40:00,755.1
2016-02-26 06:50:00,755.0499999999998
2016-02-26 07:00:00,755.0
2016-02-26 07:10:00,754.983333333333
2016-02-26 07:20:00,754.966666666667
2016-02-26 07:30:00,754.95
2016-02-26 07:40:00,754.9333333333329
2016-02-26 07:50:00,754.9166666666669
2016-02-26 08:00:00,754.9
2016-02-26 08:10:00,754.9166666666669
2016-02-26 08:20:00,754.9333333333329
2016-02-26 08:30:00,754.95
2016-02-26 08:40:00,754.966666666667
2016-02-26 08:50:00,754.983333333333
2016-02-26 09:00:00,755.0
2016-02-26 09:10:00,755.0
2016-02-26 09:20:00,755.0
2016-02-26 09:30:00,755.0
2016-02-26 09:40:00,755.0
2016-02-26 09:50:00,755.0
2016-02-26 10:00:00,755.0
2016-02-26 10:10:00,754.9333333333329
2016-02-26 10:20:00,754.866666666667
2016-02-26 10:30:00,754.7999999999998
2016-02-26 10:40:00,754.733333333333
2016-02-26 10:50:00,754.6666666666669
2016-02-26 11:00:00,754.6
2016-02-26 11:10:00,754.5499999999998
2016-02-26 11:20:00,754.5
2016-02-26 11:30:00,754.45
2016-02-26 11:40:00,754.4
2016-02-26 11:50:00,754.35
2016-02-26 12:00:00,754.2999999999998
2016-02-26 12:10:00,754.233333333333
2016-02-26 12:20:00,754.1666666666669
2016-02-26 12:30:00,754.1
2016-02-26 12:40:00,754.033333333333
2016-02-26 12:50:00,753.966666666667
2016-02-26 13:00:00,753.9
2016-02-26 13:10:00,753.783333333333
2016-02-26 13:20:00,753.6666666666669
2016-02-26 13:30:00,753.5499999999998
2016-02-26 13:40:00,753.4333333333329
2016-02-26 13:50:00,753.3166666666668
2016-02-26 14:00:00,753.2
2016-02-26 14:10:00,753.1333333333331
2016-02-26 14:20:00,753.0666666666668
2016-02-26 14:30:00,753.0
2016-02-26 14:40:00,752.9333333333329
2016-02-26 14:50:00,752.866666666667
2016-02-26 15:00:00,752.7999999999998
2016-02-26 15:10:00,752.716666666667
2016-02-26 15:20:00,752.6333333333331
2016-02-26 15:30:00,752.5499999999998
2016-02-26 15:40:00,752.466666666667
2016-02-26 15:50:00,752.3833333333331
2016-02-26 16:00:00,752.2999999999998
2016-02-26 16:10:00,752.233333333333
2016-02-26 16:20:00,752.1666666666669
2016-02-26 16:30:00,752.1
2016-02-26 16:40:00,752.033333333333
2016-02-26 16:50:00,751.966666666667
2016-02-26 17:00:00,751.9
2016-02-26 17:10:00,751.8833333333331
2016-02-26 17:20:00,751.866666666667
2016-02-26 17:30:00,751.85
2016-02-26 17:40:00,751.8333333333329
2016-02-26 17:50:00,751.8166666666668
2016-02-26 18:00:00,751.7999999999998
2016-02-26 18:10:00,751.7999999999998
2016-02-26 18:20:00,751.7999999999998
2016-02-26 18:30:00,751.7999999999998
2016-02-26 18:40:00,751.7999999999998
2016-02-26 18:50:00,751.7999999999998
2016-02-26 19:00:00,751.7999999999998
2016-02-26 19:10:00,751.766666666667
2016-02-26 19:20:00,751.733333333333
2016-02-26 19:30:00,751.7
2016-02-26 19:40:00,751.6666666666669
2016-02-26 19:50:00,751.6333333333331
2016-02-26 20:00:00,751.6
2016-02-26 20:10:00,751.5666666666668
2016-02-26 20:20:00,751.533333333333
2016-02-26 20:30:00,751.5
2016-02-26 20:40:00,751.466666666667
2016-02-26 20:50:00,751.4333333333329
2016-02-26 21:00:00,751.4
2016-02-26 21:10:00,751.3833333333331
2016-02-26 21:20:00,751.366666666667
2016-02-26 21:30:00,751.35
2016-02-26 21:40:00,751.3333333333329
2016-02-26 21:50:00,751.3166666666668
2016-02-26 22:00:00,751.2999999999998
2016-02-26 22:10:00,751.25
2016-02-26 22:20:00,751.2
2016-02-26 22:30:00,751.15
2016-02-26 22:40:00,751.1
2016-02-26 22:50:00,751.0499999999998
2016-02-26 23:00:00,751.0
2016-02-26 23:10:00,751.0
2016-02-26 23:20:00,751.0
2016-02-26 23:30:00,751.0
2016-02-26 23:40:00,751.0
2016-02-26 23:50:00,751.0
2016-02-27 00:00:00,751.0
2016-02-27 00:10:00,750.9333333333329
2016-02-27 00:20:00,750.866666666667
2016-02-27 00:30:00,750.7999999999998
2016-02-27 00:40:00,750.733333333333
2016-02-27 00:50:00,750.6666666666669
2016-02-27 01:00:00,750.6
2016-02-27 01:10:00,750.5833333333329
2016-02-27 01:20:00,750.5666666666668
2016-02-27 01:30:00,750.5499999999998
2016-02-27 01:40:00,750.533333333333
2016-02-27 01:50:00,750.516666666667
2016-02-27 02:00:00,750.5
2016-02-27 02:10:00,750.4333333333329
2016-02-27 02:20:00,750.366666666667
2016-02-27 02:30:00,750.2999999999998
2016-02-27 02:40:00,750.233333333333
2016-02-27 02:50:00,750.1666666666669
2016-02-27 03:00:00,750.1
2016-02-27 03:10:00,750.0833333333329
2016-02-27 03:20:00,750.0666666666668
2016-02-27 03:30:00,750.0499999999998
2016-02-27 03:40:00,750.033333333333
2016-02-27 03:50:00,750.016666666667
2016-02-27 04:00:00,750.0
2016-02-27 04:10:00,749.983333333333
2016-02-27 04:20:00,749.966666666667
2016-02-27 04:30:00,749.95
2016-02-27 04:40:00,749.9333333333329
2016-02-27 04:50:00,749.9166666666669
2016-02-27 05:00:00,749.9
2016-02-27 05:10:00,749.9166666666669
2016-02-27 05:20:00,749.9333333333329
2016-02-27 05:30:00,749.95
2016-02-27 05:40:00,749.966666666667
2016-02-27 05:50:00,749.983333333333
2016-02-27 06:00:00,750.0
2016-02-27 06:10:00,750.016666666667
2016-02-27 06:20:00,750.033333333333
2016-02-27 06:30:00,750.0499999999998
2016-02-27 06:40:00,750.0666666666668
2016-02-27 06:50:00,750.0833333333329
2016-02-27 07:00:00,750.1
2016-02-27 07:10:00,750.116666666667
2016-02-27 07:20:00,750.1333333333331
2016-02-27 07:30:00,750.15
2016-02-27 07:40:00,750.1666666666669
2016-02-27 07:50:00,750.1833333333329
2016-02-27 08:00:00,750.2
2016-02-27 08:10:00,750.2999999999998
2016-02-27 08:20:00,750.4
2016-02-27 08:30:00,750.5
2016-02-27 08:40:00,750.6
2016-02-27 08:50:00,750.7
2016-02-27 09:00:00,750.7999999999998
2016-02-27 09:10:00,750.8333333333329
2016-02-27 09:20:00,750.866666666667
2016-02-27 09:30:00,750.9
2016-02-27 09:40:00,750.9333333333329
2016-02-27 09:50:00,750.966666666667
2016-02-27 10:00:00,751.0
2016-02-27 10:10:00,751.0
2016-02-27 10:20:00,751.0
2016-02-27 10:30:00,751.0
2016-02-27 10:40:00,751.0
2016-02-27 10:50:00,751.0
2016-02-27 11:00:00,751.0
2016-02-27 11:10:00,751.0
2016-02-27 11:20:00,751.0
2016-02-27 11:30:00,751.0
2016-02-27 11:40:00,751.0
2016-02-27 11:50:00,751.0
2016-02-27 12:00:00,751.0
2016-02-27 12:10:00,750.966666666667
2016-02-27 12:20:00,750.9333333333329
2016-02-27 12:30:00,750.9
2016-02-27 12:40:00,750.866666666667
2016-02-27 12:50:00,750.8333333333329
2016-02-27 13:00:00,750.7999999999998
2016-02-27 13:10:00,750.783333333333
2016-02-27 13:20:00,750.766666666667
2016-02-27 13:30:00,750.75
2016-02-27 13:40:00,750.733333333333
2016-02-27 13:50:00,750.716666666667
2016-02-27 14:00:00,750.7
2016-02-27 14:10:00,750.733333333333
2016-02-27 14:20:00,750.766666666667
2016-02-27 14:30:00,750.7999999999998
2016-02-27 14:40:00,750.8333333333329
2016-02-27 14:50:00,750.866666666667
2016-02-27 15:00:00,750.9
2016-02-27 15:10:00,750.95
2016-02-27 15:20:00,751.0
2016-02-27 15:30:00,751.0499999999998
2016-02-27 15:40:00,751.1
2016-02-27 15:50:00,751.15
2016-02-27 16:00:00,751.2
2016-02-27 16:10:00,751.216666666667
2016-02-27 16:20:00,751.233333333333
2016-02-27 16:30:00,751.25
2016-02-27 16:40:00,751.266666666667
2016-02-27 16:50:00,751.283333333333
2016-02-27 17:00:00,751.2999999999998
2016-02-27 17:10:00,751.2999999999998
2016-02-27 17:20:00,751.2999999999998
2016-02-27 17:30:00,751.2999999999998
2016-02-27 17:40:00,751.2999999999998
2016-02-27 17:50:00,751.2999999999998
2016-02-27 18:00:00,751.2999999999998
2016-02-27 18:10:00,751.366666666667
2016-02-27 18:20:00,751.4333333333329
2016-02-27 18:30:00,751.5
2016-02-27 18:40:00,751.5666666666668
2016-02-27 18:50:00,751.6333333333331
2016-02-27 19:00:00,751.7
2016-02-27 19:10:00,751.8333333333329
2016-02-27 19:20:00,751.966666666667
2016-02-27 19:30:00,752.1
2016-02-27 19:40:00,752.233333333333
2016-02-27 19:50:00,752.366666666667
2016-02-27 20:00:00,752.5
2016-02-27 20:10:00,752.6
2016-02-27 20:20:00,752.7
2016-02-27 20:30:00,752.7999999999998
2016-02-27 20:40:00,752.9
2016-02-27 20:50:00,753.0
2016-02-27 21:00:00,753.1
2016-02-27 21:10:00,753.1333333333331
2016-02-27 21:20:00,753.1666666666669
2016-02-27 21:30:00,753.2
2016-02-27 21:40:00,753.233333333333
2016-02-27 21:50:00,753.266666666667
2016-02-27 22:00:00,753.2999999999998
2016-02-27 22:10:00,753.35
2016-02-27 22:20:00,753.4
2016-02-27 22:30:00,753.45
2016-02-27 22:40:00,753.5
2016-02-27 22:50:00,753.5499999999998
2016-02-27 23:00:00,753.6
2016-02-27 23:10:00,753.65
2016-02-27 23:20:00,753.7
2016-02-27 23:30:00,753.75
2016-02-27 23:40:00,753.7999999999998
2016-02-27 23:50:00,753.85
2016-02-28 00:00:00,753.9
2016-02-28 00:10:00,753.9
2016-02-28 00:20:00,753.9
2016-02-28 00:30:00,753.9
2016-02-28 00:40:00,753.9
2016-02-28 00:50:00,753.9
2016-02-28 01:00:00,753.9
2016-02-28 01:10:00,753.9166666666669
2016-02-28 01:20:00,753.9333333333329
2016-02-28 01:30:00,753.95
2016-02-28 01:40:00,753.966666666667
2016-02-28 01:50:00,753.983333333333
2016-02-28 02:00:00,754.0
2016-02-28 02:10:00,754.0499999999998
2016-02-28 02:20:00,754.1
2016-02-28 02:30:00,754.15
2016-02-28 02:40:00,754.2
2016-02-28 02:50:00,754.25
2016-02-28 03:00:00,754.2999999999998
2016-02-28 03:10:00,754.3166666666668
2016-02-28 03:20:00,754.3333333333329
2016-02-28 03:30:00,754.35
2016-02-28 03:40:00,754.366666666667
2016-02-28 03:50:00,754.3833333333331
2016-02-28 04:00:00,754.4
2016-02-28 04:10:00,754.483333333333
2016-02-28 04:20:00,754.5666666666668
2016-02-28 04:30:00,754.65
2016-02-28 04:40:00,754.733333333333
2016-02-28 04:50:00,754.8166666666668
2016-02-28 05:00:00,754.9
2016-02-28 05:10:00,754.9333333333329
2016-02-28 05:20:00,754.966666666667
2016-02-28 05:30:00,755.0
2016-02-28 05:40:00,755.033333333333
2016-02-28 05:50:00,755.0666666666668
2016-02-28 06:00:00,755.1
2016-02-28 06:10:00,755.15
2016-02-28 06:20:00,755.2
2016-02-28 06:30:00,755.25
2016-02-28 06:40:00,755.2999999999998
2016-02-28 06:50:00,755.35
2016-02-28 07:00:00,755.4
2016-02-28 07:10:00,755.533333333333
2016-02-28 07:20:00,755.6666666666669
2016-02-28 07:30:00,755.7999999999998
2016-02-28 07:40:00,755.9333333333329
2016-02-28 07:50:00,756.0666666666668
2016-02-28 08:00:00,756.2
2016-02-28 08:10:00,756.3333333333329
2016-02-28 08:20:00,756.466666666667
2016-02-28 08:30:00,756.6
2016-02-28 08:40:00,756.733333333333
2016-02-28 08:50:00,756.866666666667
2016-02-28 09:00:00,757.0
2016-02-28 09:10:00,757.0
2016-02-28 09:20:00,757.0
2016-02-28 09:30:00,757.0
2016-02-28 09:40:00,757.0
2016-02-28 09:50:00,757.0
2016-02-28 10:00:00,757.0
2016-02-28 10:10:00,757.0499999999998
2016-02-28 10:20:00,757.1
2016-02-28 10:30:00,757.15
2016-02-28 10:40:00,757.2
2016-02-28 10:50:00,757.25
2016-02-28 11:00:00,757.2999999999998
2016-02-28 11:10:00,757.2999999999998
2016-02-28 11:20:00,757.2999999999998
2016-02-28 11:30:00,757.2999999999998
2016-02-28 11:40:00,757.2999999999998
2016-02-28 11:50:00,757.2999999999998
2016-02-28 12:00:00,757.2999999999998
2016-02-28 12:10:00,757.2999999999998
2016-02-28 12:20:00,757.2999999999998
2016-02-28 12:30:00,757.2999999999998
2016-02-28 12:40:00,757.2999999999998
2016-02-28 12:50:00,757.2999999999998
2016-02-28 13:00:00,757.2999999999998
2016-02-28 13:10:00,757.2999999999998
2016-02-28 13:20:00,757.2999999999998
2016-02-28 13:30:00,757.2999999999998
2016-02-28 13:40:00,757.2999999999998
2016-02-28 13:50:00,757.2999999999998
2016-02-28 14:00:00,757.2999999999998
2016-02-28 14:10:00,757.35
2016-02-28 14:20:00,757.4
2016-02-28 14:30:00,757.45
2016-02-28 14:40:00,757.5
2016-02-28 14:50:00,757.5499999999998
2016-02-28 15:00:00,757.6
2016-02-28 15:10:00,757.6333333333331
2016-02-28 15:20:00,757.6666666666669
2016-02-28 15:30:00,757.7
2016-02-28 15:40:00,757.733333333333
2016-02-28 15:50:00,757.766666666667
2016-02-28 16:00:00,757.7999999999998
2016-02-28 16:10:00,757.8333333333329
2016-02-28 16:20:00,757.866666666667
2016-02-28 16:30:00,757.9
2016-02-28 16:40:00,757.9333333333329
2016-02-28 16:50:00,757.966666666667
2016-02-28 17:00:00,758.0
2016-02-28 17:10:00,758.0833333333329
2016-02-28 17:20:00,758.1666666666669
2016-02-28 17:30:00,758.25
2016-02-28 17:40:00,758.3333333333329
2016-02-28 17:50:00,758.4166666666669
2016-02-28 18:00:00,758.5
2016-02-28 18:10:00,758.6
2016-02-28 18:20:00,758.7
2016-02-28 18:30:00,758.7999999999998
2016-02-28 18:40:00,758.9
2016-02-28 18:50:00,759.0
2016-02-28 19:00:00,759.1
2016-02-28 19:10:00,759.25
2016-02-28 19:20:00,759.4
2016-02-28 19:30:00,759.5499999999998
2016-02-28 19:40:00,759.7
2016-02-28 19:50:00,759.85
2016-02-28 20:00:00,760.0
2016-02-28 20:10:00,760.0499999999998
2016-02-28 20:20:00,760.1
2016-02-28 20:30:00,760.15
2016-02-28 20:40:00,760.2
2016-02-28 20:50:00,760.25
2016-02-28 21:00:00,760.2999999999998
2016-02-28 21:10:00,760.2999999999998
2016-02-28 21:20:00,760.2999999999998
2016-02-28 21:30:00,760.2999999999998
2016-02-28 21:40:00,760.2999999999998
2016-02-28 21:50:00,760.2999999999998
2016-02-28 22:00:00,760.2999999999998
2016-02-28 22:10:00,760.366666666667
2016-02-28 22:20:00,760.4333333333329
2016-02-28 22:30:00,760.5
2016-02-28 22:40:00,760.5666666666668
2016-02-28 22:50:00,760.6333333333331
2016-02-28 23:00:00,760.7
2016-02-28 23:10:00,760.7
2016-02-28 23:20:00,760.7
2016-02-28 23:30:00,760.7
2016-02-28 23:40:00,760.7
2016-02-28 23:50:00,760.7
2016-02-29 00:00:00,760.7
2016-02-29 00:10:00,760.716666666667
2016-02-29 00:20:00,760.733333333333
2016-02-29 00:30:00,760.75
2016-02-29 00:40:00,760.766666666667
2016-02-29 00:50:00,760.783333333333
2016-02-29 01:00:00,760.7999999999998
2016-02-29 01:10:00,760.8166666666668
2016-02-29 01:20:00,760.8333333333329
2016-02-29 01:30:00,760.85
2016-02-29 01:40:00,760.866666666667
2016-02-29 01:50:00,760.8833333333331
2016-02-29 02:00:00,760.9
2016-02-29 02:10:00,760.9333333333329
2016-02-29 02:20:00,760.966666666667
2016-02-29 02:30:00,761.0
2016-02-29 02:40:00,761.033333333333
2016-02-29 02:50:00,761.0666666666668
2016-02-29 03:00:00,761.1
2016-02-29 03:10:00,761.1
2016-02-29 03:20:00,761.1
2016-02-29 03:30:00,761.1
2016-02-29 03:40:00,761.1
2016-02-29 03:50:00,761.1
2016-02-29 04:00:00,761.1
2016-02-29 04:10:00,761.1
2016-02-29 04:20:00,761.1
2016-02-29 04:30:00,761.1
2016-02-29 04:40:00,761.1
2016-02-29 04:50:00,761.1
2016-02-29 05:00:00,761.1
2016-02-29 05:10:00,761.1666666666669
2016-02-29 05:20:00,761.233333333333
2016-02-29 05:30:00,761.2999999999998
2016-02-29 05:40:00,761.366666666667
2016-02-29 05:50:00,761.4333333333329
2016-02-29 06:00:00,761.5
2016-02-29 06:10:00,761.5499999999998
2016-02-29 06:20:00,761.6
2016-02-29 06:30:00,761.65
2016-02-29 06:40:00,761.7
2016-02-29 06:50:00,761.75
2016-02-29 07:00:00,761.7999999999998
2016-02-29 07:10:00,761.8166666666668
2016-02-29 07:20:00,761.8333333333329
2016-02-29 07:30:00,761.85
2016-02-29 07:40:00,761.866666666667
2016-02-29 07:50:00,761.8833333333331
2016-02-29 08:00:00,761.9
2016-02-29 08:10:00,762.033333333333
2016-02-29 08:20:00,762.1666666666669
2016-02-29 08:30:00,762.2999999999998
2016-02-29 08:40:00,762.4333333333329
2016-02-29 08:50:00,762.5666666666668
2016-02-29 09:00:00,762.7
2016-02-29 09:10:00,762.75
2016-02-29 09:20:00,762.7999999999998
2016-02-29 09:30:00,762.85
2016-02-29 09:40:00,762.9
2016-02-29 09:50:00,762.95
2016-02-29 10:00:00,763.0
2016-02-29 10:10:00,762.966666666667
2016-02-29 10:20:00,762.9333333333329
2016-02-29 10:30:00,762.9
2016-02-29 10:40:00,762.866666666667
2016-02-29 10:50:00,762.8333333333329
2016-02-29 11:00:00,762.7999999999998
2016-02-29 11:10:00,762.8166666666668
2016-02-29 11:20:00,762.8333333333329
2016-02-29 11:30:00,762.85
2016-02-29 11:40:00,762.866666666667
2016-02-29 11:50:00,762.8833333333331
2016-02-29 12:00:00,762.9
2016-02-29 12:10:00,762.85
2016-02-29 12:20:00,762.7999999999998
2016-02-29 12:30:00,762.75
2016-02-29 12:40:00,762.7
2016-02-29 12:50:00,762.65
2016-02-29 13:00:00,762.6
2016-02-29 13:10:00,762.5499999999998
2016-02-29 13:20:00,762.5
2016-02-29 13:30:00,762.45
2016-02-29 13:40:00,762.4
2016-02-29 13:50:00,762.35
2016-02-29 14:00:00,762.2999999999998
2016-02-29 14:10:00,762.283333333333
2016-02-29 14:20:00,762.266666666667
2016-02-29 14:30:00,762.25
2016-02-29 14:40:00,762.233333333333
2016-02-29 14:50:00,762.216666666667
2016-02-29 15:00:00,762.2
2016-02-29 15:10:00,762.233333333333
2016-02-29 15:20:00,762.266666666667
2016-02-29 15:30:00,762.2999999999998
2016-02-29 15:40:00,762.3333333333329
2016-02-29 15:50:00,762.366666666667
2016-02-29 16:00:00,762.4
2016-02-29 16:10:00,762.4166666666669
2016-02-29 16:20:00,762.4333333333329
2016-02-29 16:30:00,762.45
2016-02-29 16:40:00,762.466666666667
2016-02-29 16:50:00,762.483333333333
2016-02-29 17:00:00,762.5
2016-02-29 17:10:00,762.5833333333329
2016-02-29 17:20:00,762.6666666666669
2016-02-29 17:30:00,762.75
2016-02-29 17:40:00,762.8333333333329
2016-02-29 17:50:00,762.9166666666669
2016-02-29 18:00:00,763.0
2016-02-29 18:10:00,763.0666666666668
2016-02-29 18:20:00,763.1333333333331
2016-02-29 18:30:00,763.2
2016-02-29 18:40:00,763.266666666667
2016-02-29 18:50:00,763.3333333333329
2016-02-29 19:00:00,763.4
2016-02-29 19:10:00,763.4333333333329
2016-02-29 19:20:00,763.466666666667
2016-02-29 19:30:00,763.5
2016-02-29 19:40:00,763.533333333333
2016-02-29 19:50:00,763.5666666666668
2016-02-29 20:00:00,763.6
2016-02-29 20:10:00,763.6
2016-02-29 20:20:00,763.6
2016-02-29 20:30:00,763.6
2016-02-29 20:40:00,763.6
2016-02-29 20:50:00,763.6
2016-02-29 21:00:00,763.6
2016-02-29 21:10:00,763.5666666666668
2016-02-29 21:20:00,763.533333333333
2016-02-29 21:30:00,763.5
2016-02-29 21:40:00,763.466666666667
2016-02-29 21:50:00,763.4333333333329
2016-02-29 22:00:00,763.4
2016-02-29 22:10:00,763.466666666667
2016-02-29 22:20:00,763.533333333333
2016-02-29 22:30:00,763.6
2016-02-29 22:40:00,763.6666666666669
2016-02-29 22:50:00,763.733333333333
2016-02-29 23:00:00,763.7999999999998
2016-02-29 23:10:00,763.766666666667
2016-02-29 23:20:00,763.733333333333
2016-02-29 23:30:00,763.7
2016-02-29 23:40:00,763.6666666666669
2016-02-29 23:50:00,763.6333333333331
2016-03-01 00:00:00,763.6
2016-03-01 00:10:00,763.5499999999998
2016-03-01 00:20:00,763.5
2016-03-01 00:30:00,763.45
2016-03-01 00:40:00,763.4
2016-03-01 00:50:00,763.35
2016-03-01 01:00:00,763.2999999999998
2016-03-01 01:10:00,763.25
2016-03-01 01:20:00,763.2
2016-03-01 01:30:00,763.15
2016-03-01 01:40:00,763.1
2016-03-01 01:50:00,763.0499999999998
2016-03-01 02:00:00,763.0
2016-03-01 02:10:00,763.0
2016-03-01 02:20:00,763.0
2016-03-01 02:30:00,763.0
2016-03-01 02:40:00,763.0
2016-03-01 02:50:00,763.0
2016-03-01 03:00:00,763.0
2016-03-01 03:10:00,762.9166666666669
2016-03-01 03:20:00,762.8333333333329
2016-03-01 03:30:00,762.75
2016-03-01 03:40:00,762.6666666666669
2016-03-01 03:50:00,762.5833333333329
2016-03-01 04:00:00,762.5
2016-03-01 04:10:00,762.45
2016-03-01 04:20:00,762.4
2016-03-01 04:30:00,762.35
2016-03-01 04:40:00,762.2999999999998
2016-03-01 04:50:00,762.25
2016-03-01 05:00:00,762.2
2016-03-01 05:10:00,762.1333333333331
2016-03-01 05:20:00,762.0666666666668
2016-03-01 05:30:00,762.0
2016-03-01 05:40:00,761.9333333333329
2016-03-01 05:50:00,761.866666666667
2016-03-01 06:00:00,761.7999999999998
2016-03-01 06:10:00,761.75
2016-03-01 06:20:00,761.7
2016-03-01 06:30:00,761.65
2016-03-01 06:40:00,761.6
2016-03-01 06:50:00,761.5499999999998
2016-03-01 07:00:00,761.5
2016-03-01 07:10:00,761.4333333333329
2016-03-01 07:20:00,761.366666666667
2016-03-01 07:30:00,761.2999999999998
2016-03-01 07:40:00,761.233333333333
2016-03-01 07:50:00,761.1666666666669
2016-03-01 08:00:00,761.1
2016-03-01 08:10:00,761.033333333333
2016-03-01 08:20:00,760.966666666667
2016-03-01 08:30:00,760.9
2016-03-01 08:40:00,760.8333333333329
2016-03-01 08:50:00,760.766666666667
2016-03-01 09:00:00,760.7
2016-03-01 09:10:00,760.5833333333329
2016-03-01 09:20:00,760.466666666667
2016-03-01 09:30:00,760.35
2016-03-01 09:40:00,760.233333333333
2016-03-01 09:50:00,760.116666666667
2016-03-01 10:00:00,760.0
2016-03-01 10:10:00,759.85
2016-03-01 10:20:00,759.7
2016-03-01 10:30:00,759.5499999999998
2016-03-01 10:40:00,759.4
2016-03-01 10:50:00,759.25
2016-03-01 11:00:00,759.1
2016-03-01 11:10:00,758.9333333333329
2016-03-01 11:20:00,758.766666666667
2016-03-01 11:30:00,758.6
2016-03-01 11:40:00,758.4333333333329
2016-03-01 11:50:00,758.266666666667
2016-03-01 12:00:00,758.1
2016-03-01 12:10:00,757.983333333333
2016-03-01 12:20:00,757.866666666667
2016-03-01 12:30:00,757.75
2016-03-01 12:40:00,757.6333333333331
2016-03-01 12:50:00,757.516666666667
2016-03-01 13:00:00,757.4
2016-03-01 13:10:00,757.1833333333329
2016-03-01 13:20:00,756.966666666667
2016-03-01 13:30:00,756.75
2016-03-01 13:40:00,756.533333333333
2016-03-01 13:50:00,756.3166666666668
2016-03-01 14:00:00,756.1
2016-03-01 14:10:00,755.9333333333329
2016-03-01 14:20:00,755.766666666667
2016-03-01 14:30:00,755.6
2016-03-01 14:40:00,755.4333333333329
2016-03-01 14:50:00,755.266666666667
2016-03-01 15:00:00,755.1
2016-03-01 15:10:00,754.966666666667
2016-03-01 15:20:00,754.8333333333329
2016-03-01 15:30:00,754.7
2016-03-01 15:40:00,754.5666666666668
2016-03-01 15:50:00,754.4333333333329
2016-03-01 16:00:00,754.2999999999998
2016-03-01 16:10:00,754.1833333333329
2016-03-01 16:20:00,754.0666666666668
2016-03-01 16:30:00,753.95
2016-03-01 16:40:00,753.8333333333329
2016-03-01 16:50:00,753.716666666667
2016-03-01 17:00:00,753.6
2016-03-01 17:10:00,753.466666666667
2016-03-01 17:20:00,753.3333333333329
2016-03-01 17:30:00,753.2
2016-03-01 17:40:00,753.0666666666668
2016-03-01 17:50:00,752.9333333333329
2016-03-01 18:00:00,752.7999999999998
2016-03-01 18:10:00,752.7999999999998
2016-03-01 18:20:00,752.7999999999998
2016-03-01 18:30:00,752.7999999999998
2016-03-01 18:40:00,752.7999999999998
2016-03-01 18:50:00,752.7999999999998
2016-03-01 19:00:00,752.7999999999998
2016-03-01 19:10:00,752.6833333333329
2016-03-01 19:20:00,752.5666666666668
2016-03-01 19:30:00,752.45
2016-03-01 19:40:00,752.3333333333329
2016-03-01 19:50:00,752.216666666667
2016-03-01 20:00:00,752.1
2016-03-01 20:10:00,752.016666666667
2016-03-01 20:20:00,751.9333333333329
2016-03-01 20:30:00,751.85
2016-03-01 20:40:00,751.766666666667
2016-03-01 20:50:00,751.6833333333329
2016-03-01 21:00:00,751.6
2016-03-01 21:10:00,751.5
2016-03-01 21:20:00,751.4
2016-03-01 21:30:00,751.2999999999998
2016-03-01 21:40:00,751.2
2016-03-01 21:50:00,751.1
2016-03-01 22:00:00,751.0
2016-03-01 22:10:00,750.9333333333329
2016-03-01 22:20:00,750.866666666667
2016-03-01 22:30:00,750.7999999999998
2016-03-01 22:40:00,750.733333333333
2016-03-01 22:50:00,750.6666666666669
2016-03-01 23:00:00,750.6
2016-03-01 23:10:00,750.533333333333
2016-03-01 23:20:00,750.466666666667
2016-03-01 23:30:00,750.4
2016-03-01 23:40:00,750.3333333333329
2016-03-01 23:50:00,750.266666666667
2016-03-02 00:00:00,750.2
2016-03-02 00:10:00,750.0833333333329
2016-03-02 00:20:00,749.966666666667
2016-03-02 00:30:00,749.85
2016-03-02 00:40:00,749.733333333333
2016-03-02 00:50:00,749.616666666667
2016-03-02 01:00:00,749.5
2016-03-02 01:10:00,749.4166666666669
2016-03-02 01:20:00,749.3333333333329
2016-03-02 01:30:00,749.25
2016-03-02 01:40:00,749.1666666666669
2016-03-02 01:50:00,749.0833333333329
2016-03-02 02:00:00,749.0
2016-03-02 02:10:00,748.9
2016-03-02 02:20:00,748.7999999999998
2016-03-02 02:30:00,748.7
2016-03-02 02:40:00,748.6
2016-03-02 02:50:00,748.5
2016-03-02 03:00:00,748.4
2016-03-02 03:10:00,748.266666666667
2016-03-02 03:20:00,748.1333333333331
2016-03-02 03:30:00,748.0
2016-03-02 03:40:00,747.866666666667
2016-03-02 03:50:00,747.733333333333
2016-03-02 04:00:00,747.6
2016-03-02 04:10:00,747.5499999999998
2016-03-02 04:20:00,747.5
2016-03-02 04:30:00,747.45
2016-03-02 04:40:00,747.4
2016-03-02 04:50:00,747.35
2016-03-02 05:00:00,747.2999999999998
2016-03-02 05:10:00,747.216666666667
2016-03-02 05:20:00,747.1333333333331
2016-03-02 05:30:00,747.0499999999998
2016-03-02 05:40:00,746.966666666667
2016-03-02 05:50:00,746.8833333333331
2016-03-02 06:00:00,746.7999999999998
2016-03-02 06:10:00,746.6833333333329
2016-03-02 06:20:00,746.5666666666668
2016-03-02 06:30:00,746.45
2016-03-02 06:40:00,746.3333333333329
2016-03-02 06:50:00,746.216666666667
2016-03-02 07:00:00,746.1
2016-03-02 07:10:00,746.0666666666668
2016-03-02 07:20:00,746.033333333333
2016-03-02 07:30:00,746.0
2016-03-02 07:40:00,745.966666666667
2016-03-02 07:50:00,745.9333333333329
2016-03-02 08:00:00,745.9
2016-03-02 08:10:00,746.0499999999998
2016-03-02 08:20:00,746.2
2016-03-02 08:30:00,746.35
2016-03-02 08:40:00,746.5
2016-03-02 08:50:00,746.65
2016-03-02 09:00:00,746.7999999999998
2016-03-02 09:10:00,746.75
2016-03-02 09:20:00,746.7
2016-03-02 09:30:00,746.65
2016-03-02 09:40:00,746.6
2016-03-02 09:50:00,746.5499999999998
2016-03-02 10:00:00,746.5
2016-03-02 10:10:00,746.5
2016-03-02 10:20:00,746.5
2016-03-02 10:30:00,746.5
2016-03-02 10:40:00,746.5
2016-03-02 10:50:00,746.5
2016-03-02 11:00:00,746.5
2016-03-02 11:10:00,746.4333333333329
2016-03-02 11:20:00,746.366666666667
2016-03-02 11:30:00,746.2999999999998
2016-03-02 11:40:00,746.233333333333
2016-03-02 11:50:00,746.1666666666669
2016-03-02 12:00:00,746.1
2016-03-02 12:10:00,745.9333333333329
2016-03-02 12:20:00,745.766666666667
2016-03-02 12:30:00,745.6
2016-03-02 12:40:00,745.4333333333329
2016-03-02 12:50:00,745.266666666667
2016-03-02 13:00:00,745.1
2016-03-02 13:10:00,744.9
2016-03-02 13:20:00,744.7
2016-03-02 13:30:00,744.5
2016-03-02 13:40:00,744.2999999999998
2016-03-02 13:50:00,744.1
2016-03-02 14:00:00,743.9
2016-03-02 14:10:00,743.7
2016-03-02 14:20:00,743.5
2016-03-02 14:30:00,743.2999999999998
2016-03-02 14:40:00,743.1
2016-03-02 14:50:00,742.9
2016-03-02 15:00:00,742.7
2016-03-02 15:10:00,742.6333333333331
2016-03-02 15:20:00,742.5666666666668
2016-03-02 15:30:00,742.5
2016-03-02 15:40:00,742.4333333333329
2016-03-02 15:50:00,742.366666666667
2016-03-02 16:00:00,742.2999999999998
2016-03-02 16:10:00,742.3333333333329
2016-03-02 16:20:00,742.366666666667
2016-03-02 16:30:00,742.4
2016-03-02 16:40:00,742.4333333333329
2016-03-02 16:50:00,742.466666666667
2016-03-02 17:00:00,742.5
2016-03-02 17:10:00,742.516666666667
2016-03-02 17:20:00,742.533333333333
2016-03-02 17:30:00,742.5499999999998
2016-03-02 17:40:00,742.5666666666668
2016-03-02 17:50:00,742.5833333333329
2016-03-02 18:00:00,742.6
2016-03-02 18:10:00,742.6833333333329
2016-03-02 18:20:00,742.766666666667
2016-03-02 18:30:00,742.85
2016-03-02 18:40:00,742.9333333333329
2016-03-02 18:50:00,743.016666666667
2016-03-02 19:00:00,743.1
2016-03-02 19:10:00,743.266666666667
2016-03-02 19:20:00,743.4333333333329
2016-03-02 19:30:00,743.6
2016-03-02 19:40:00,743.766666666667
2016-03-02 19:50:00,743.9333333333329
2016-03-02 20:00:00,744.1
2016-03-02 20:10:00,744.1333333333331
2016-03-02 20:20:00,744.1666666666669
2016-03-02 20:30:00,744.2
2016-03-02 20:40:00,744.233333333333
2016-03-02 20:50:00,744.266666666667
2016-03-02 21:00:00,744.2999999999998
2016-03-02 21:10:00,744.2999999999998
2016-03-02 21:20:00,744.2999999999998
2016-03-02 21:30:00,744.2999999999998
2016-03-02 21:40:00,744.2999999999998
2016-03-02 21:50:00,744.2999999999998
2016-03-02 22:00:00,744.2999999999998
2016-03-02 22:10:00,744.4
2016-03-02 22:20:00,744.5
2016-03-02 22:30:00,744.6
2016-03-02 22:40:00,744.7
2016-03-02 22:50:00,744.7999999999998
2016-03-02 23:00:00,744.9
2016-03-02 23:10:00,744.866666666667
2016-03-02 23:20:00,744.8333333333329
2016-03-02 23:30:00,744.7999999999998
2016-03-02 23:40:00,744.766666666667
2016-03-02 23:50:00,744.733333333333
2016-03-03 00:00:00,744.7
2016-03-03 00:10:00,744.6333333333331
2016-03-03 00:20:00,744.5666666666668
2016-03-03 00:30:00,744.5
2016-03-03 00:40:00,744.4333333333329
2016-03-03 00:50:00,744.366666666667
2016-03-03 01:00:00,744.2999999999998
2016-03-03 01:10:00,744.233333333333
2016-03-03 01:20:00,744.1666666666669
2016-03-03 01:30:00,744.1
2016-03-03 01:40:00,744.033333333333
2016-03-03 01:50:00,743.966666666667
2016-03-03 02:00:00,743.9
2016-03-03 02:10:00,743.8166666666668
2016-03-03 02:20:00,743.733333333333
2016-03-03 02:30:00,743.65
2016-03-03 02:40:00,743.5666666666668
2016-03-03 02:50:00,743.483333333333
2016-03-03 03:00:00,743.4
2016-03-03 03:10:00,743.2999999999998
2016-03-03 03:20:00,743.2
2016-03-03 03:30:00,743.1
2016-03-03 03:40:00,743.0
2016-03-03 03:50:00,742.9
2016-03-03 04:00:00,742.7999999999998
2016-03-03 04:10:00,742.733333333333
2016-03-03 04:20:00,742.6666666666669
2016-03-03 04:30:00,742.6
2016-03-03 04:40:00,742.533333333333
2016-03-03 04:50:00,742.466666666667
2016-03-03 05:00:00,742.4
2016-03-03 05:10:00,742.45
2016-03-03 05:20:00,742.5
2016-03-03 05:30:00,742.5499999999998
2016-03-03 05:40:00,742.6
2016-03-03 05:50:00,742.65
2016-03-03 06:00:00,742.7
2016-03-03 06:10:00,742.766666666667
2016-03-03 06:20:00,742.8333333333329
2016-03-03 06:30:00,742.9
2016-03-03 06:40:00,742.966666666667
2016-03-03 06:50:00,743.033333333333
2016-03-03 07:00:00,743.1
2016-03-03 07:10:00,743.1666666666669
2016-03-03 07:20:00,743.233333333333
2016-03-03 07:30:00,743.2999999999998
2016-03-03 07:40:00,743.366666666667
2016-03-03 07:50:00,743.4333333333329
2016-03-03 08:00:00,743.5
2016-03-03 08:10:00,743.6
2016-03-03 08:20:00,743.7
2016-03-03 08:30:00,743.7999999999998
2016-03-03 08:40:00,743.9
2016-03-03 08:50:00,744.0
2016-03-03 09:00:00,744.1
2016-03-03 09:10:00,744.25
2016-03-03 09:20:00,744.4
2016-03-03 09:30:00,744.5499999999998
2016-03-03 09:40:00,744.7
2016-03-03 09:50:00,744.85
2016-03-03 10:00:00,745.0
2016-03-03 10:10:00,745.25
2016-03-03 10:20:00,745.5
2016-03-03 10:30:00,745.75
2016-03-03 10:40:00,746.0
2016-03-03 10:50:00,746.25
2016-03-03 11:00:00,746.5
2016-03-03 11:10:00,746.6666666666669
2016-03-03 11:20:00,746.8333333333329
2016-03-03 11:30:00,747.0
2016-03-03 11:40:00,747.1666666666669
2016-03-03 11:50:00,747.3333333333329
2016-03-03 12:00:00,747.5
2016-03-03 12:10:00,747.5833333333329
2016-03-03 12:20:00,747.6666666666669
2016-03-03 12:30:00,747.75
2016-03-03 12:40:00,747.8333333333329
2016-03-03 12:50:00,747.9166666666669
2016-03-03 13:00:00,748.0
2016-03-03 13:10:00,748.0499999999998
2016-03-03 13:20:00,748.1
2016-03-03 13:30:00,748.15
2016-03-03 13:40:00,748.2
2016-03-03 13:50:00,748.25
2016-03-03 14:00:00,748.2999999999998
2016-03-03 14:10:00,748.35
2016-03-03 14:20:00,748.4
2016-03-03 14:30:00,748.45
2016-03-03 14:40:00,748.5
2016-03-03 14:50:00,748.5499999999998
2016-03-03 15:00:00,748.6
2016-03-03 15:10:00,748.65
2016-03-03 15:20:00,748.7
2016-03-03 15:30:00,748.75
2016-03-03 15:40:00,748.7999999999998
2016-03-03 15:50:00,748.85
2016-03-03 16:00:00,748.9
2016-03-03 16:10:00,748.95
2016-03-03 16:20:00,749.0
2016-03-03 16:30:00,749.0499999999998
2016-03-03 16:40:00,749.1
2016-03-03 16:50:00,749.15
2016-03-03 17:00:00,749.2
2016-03-03 17:10:00,749.266666666667
2016-03-03 17:20:00,749.3333333333329
2016-03-03 17:30:00,749.4
2016-03-03 17:40:00,749.466666666667
2016-03-03 17:50:00,749.533333333333
2016-03-03 18:00:00,749.6
2016-03-03 18:10:00,749.6833333333329
2016-03-03 18:20:00,749.766666666667
2016-03-03 18:30:00,749.85
2016-03-03 18:40:00,749.9333333333329
2016-03-03 18:50:00,750.016666666667
2016-03-03 19:00:00,750.1
2016-03-03 19:10:00,750.0499999999998
2016-03-03 19:20:00,750.0
2016-03-03 19:30:00,749.95
2016-03-03 19:40:00,749.9
2016-03-03 19:50:00,749.85
2016-03-03 20:00:00,749.7999999999998
2016-03-03 20:10:00,749.7999999999998
2016-03-03 20:20:00,749.7999999999998
2016-03-03 20:30:00,749.7999999999998
2016-03-03 20:40:00,749.7999999999998
2016-03-03 20:50:00,749.7999999999998
2016-03-03 21:00:00,749.7999999999998
2016-03-03 21:10:00,749.733333333333
2016-03-03 21:20:00,749.6666666666669
2016-03-03 21:30:00,749.6
2016-03-03 21:40:00,749.533333333333
2016-03-03 21:50:00,749.466666666667
2016-03-03 22:00:00,749.4
2016-03-03 22:10:00,749.2999999999998
2016-03-03 22:20:00,749.2
2016-03-03 22:30:00,749.1
2016-03-03 22:40:00,749.0
2016-03-03 22:50:00,748.9
2016-03-03 23:00:00,748.7999999999998
2016-03-03 23:10:00,748.6666666666669
2016-03-03 23:20:00,748.533333333333
2016-03-03 23:30:00,748.4
2016-03-03 23:40:00,748.266666666667
2016-03-03 23:50:00,748.1333333333331
2016-03-04 00:00:00,748.0
2016-03-04 00:10:00,747.8333333333329
2016-03-04 00:20:00,747.6666666666669
2016-03-04 00:30:00,747.5
2016-03-04 00:40:00,747.3333333333329
2016-03-04 00:50:00,747.1666666666669
2016-03-04 01:00:00,747.0
2016-03-04 01:10:00,746.8333333333329
2016-03-04 01:20:00,746.6666666666669
2016-03-04 01:30:00,746.5
2016-03-04 01:40:00,746.3333333333329
2016-03-04 01:50:00,746.1666666666669
2016-03-04 02:00:00,746.0
2016-03-04 02:10:00,745.8333333333329
2016-03-04 02:20:00,745.6666666666669
2016-03-04 02:30:00,745.5
2016-03-04 02:40:00,745.3333333333329
2016-03-04 02:50:00,745.1666666666669
2016-03-04 03:00:00,745.0
2016-03-04 03:10:00,744.75
2016-03-04 03:20:00,744.5
2016-03-04 03:30:00,744.25
2016-03-04 03:40:00,744.0
2016-03-04 03:50:00,743.75
2016-03-04 04:00:00,743.5
2016-03-04 04:10:00,743.266666666667
2016-03-04 04:20:00,743.033333333333
2016-03-04 04:30:00,742.7999999999998
2016-03-04 04:40:00,742.5666666666668
2016-03-04 04:50:00,742.3333333333329
2016-03-04 05:00:00,742.1
2016-03-04 05:10:00,741.8833333333331
2016-03-04 05:20:00,741.6666666666669
2016-03-04 05:30:00,741.45
2016-03-04 05:40:00,741.233333333333
2016-03-04 05:50:00,741.016666666667
2016-03-04 06:00:00,740.7999999999998
2016-03-04 06:10:00,740.754761904762
2016-03-04 06:20:00,740.7095238095238
2016-03-04 06:30:00,740.664285714286
2016-03-04 06:40:00,740.619047619048
2016-03-04 06:50:00,740.5738095238089
2016-03-04 07:00:00,740.528571428571
2016-03-04 07:10:00,740.483333333333
2016-03-04 07:20:00,740.438095238095
2016-03-04 07:30:00,740.392857142857
2016-03-04 07:40:00,740.347619047619
2016-03-04 07:50:00,740.3023809523811
2016-03-04 08:00:00,740.2571428571431
2016-03-04 08:10:00,740.211904761905
2016-03-04 08:20:00,740.1666666666669
2016-03-04 08:30:00,740.121428571429
2016-03-04 08:40:00,740.07619047619
2016-03-04 08:50:00,740.030952380952
2016-03-04 09:00:00,739.9857142857139
2016-03-04 09:10:00,739.940476190476
2016-03-04 09:20:00,739.895238095238
2016-03-04 09:30:00,739.85
2016-03-04 09:40:00,739.8047619047619
2016-03-04 09:50:00,739.759523809524
2016-03-04 10:00:00,739.7142857142861
2016-03-04 10:10:00,739.669047619048
2016-03-04 10:20:00,739.6238095238099
2016-03-04 10:30:00,739.5785714285709
2016-03-04 10:40:00,739.533333333333
2016-03-04 10:50:00,739.4880952380948
2016-03-04 11:00:00,739.442857142857
2016-03-04 11:10:00,739.3976190476188
2016-03-04 11:20:00,739.3523809523809
2016-03-04 11:30:00,739.307142857143
2016-03-04 11:40:00,739.2619047619049
2016-03-04 11:50:00,739.216666666667
2016-03-04 12:00:00,739.1714285714289
2016-03-04 12:10:00,739.1261904761901
2016-03-04 12:20:00,739.080952380952
2016-03-04 12:30:00,739.0357142857141
2016-03-04 12:40:00,738.990476190476
2016-03-04 12:50:00,738.9452380952381
2016-03-04 13:00:00,738.9
2016-03-04 13:10:00,738.8833333333331
2016-03-04 13:20:00,738.866666666667
2016-03-04 13:30:00,738.85
2016-03-04 13:40:00,738.8333333333329
2016-03-04 13:50:00,738.8166666666668
2016-03-04 14:00:00,738.7999999999998
2016-03-04 14:10:00,738.7999999999998
2016-03-04 14:20:00,738.7999999999998
2016-03-04 14:30:00,738.7999999999998
2016-03-04 14:40:00,738.7999999999998
2016-03-04 14:50:00,738.7999999999998
2016-03-04 15:00:00,738.7999999999998
2016-03-04 15:10:00,738.85
2016-03-04 15:20:00,738.9
2016-03-04 15:30:00,738.95
2016-03-04 15:40:00,739.0
2016-03-04 15:50:00,739.0499999999998
2016-03-04 16:00:00,739.1
2016-03-04 16:10:00,739.116666666667
2016-03-04 16:20:00,739.1333333333331
2016-03-04 16:30:00,739.15
2016-03-04 16:40:00,739.1666666666669
2016-03-04 16:50:00,739.1833333333329
2016-03-04 17:00:00,739.2
2016-03-04 17:10:00,739.216666666667
2016-03-04 17:20:00,739.233333333333
2016-03-04 17:30:00,739.25
2016-03-04 17:40:00,739.266666666667
2016-03-04 17:50:00,739.283333333333
2016-03-04 18:00:00,739.2999999999998
2016-03-04 18:10:00,739.366666666667
2016-03-04 18:20:00,739.4333333333329
2016-03-04 18:30:00,739.5
2016-03-04 18:40:00,739.5666666666668
2016-03-04 18:50:00,739.6333333333331
2016-03-04 19:00:00,739.7
2016-03-04 19:10:00,739.733333333333
2016-03-04 19:20:00,739.766666666667
2016-03-04 19:30:00,739.7999999999998
2016-03-04 19:40:00,739.8333333333329
2016-03-04 19:50:00,739.866666666667
2016-03-04 20:00:00,739.9
2016-03-04 20:10:00,739.9166666666669
2016-03-04 20:20:00,739.9333333333329
2016-03-04 20:30:00,739.95
2016-03-04 20:40:00,739.966666666667
2016-03-04 20:50:00,739.983333333333
2016-03-04 21:00:00,740.0
2016-03-04 21:10:00,740.0499999999998
2016-03-04 21:20:00,740.1
2016-03-04 21:30:00,740.15
2016-03-04 21:40:00,740.2
2016-03-04 21:50:00,740.25
2016-03-04 22:00:00,740.2999999999998
2016-03-04 22:10:00,740.3166666666668
2016-03-04 22:20:00,740.3333333333329
2016-03-04 22:30:00,740.35
2016-03-04 22:40:00,740.366666666667
2016-03-04 22:50:00,740.3833333333331
2016-03-04 23:00:00,740.4
2016-03-04 23:10:00,740.4166666666669
2016-03-04 23:20:00,740.4333333333329
2016-03-04 23:30:00,740.45
2016-03-04 23:40:00,740.466666666667
2016-03-04 23:50:00,740.483333333333
2016-03-05 00:00:00,740.5
2016-03-05 00:10:00,740.5
2016-03-05 00:20:00,740.5
2016-03-05 00:30:00,740.5
2016-03-05 00:40:00,740.5
2016-03-05 00:50:00,740.5
2016-03-05 01:00:00,740.5
2016-03-05 01:10:00,740.466666666667
2016-03-05 01:20:00,740.4333333333329
2016-03-05 01:30:00,740.4
2016-03-05 01:40:00,740.366666666667
2016-03-05 01:50:00,740.3333333333329
2016-03-05 02:00:00,740.2999999999998
2016-03-05 02:10:00,740.283333333333
2016-03-05 02:20:00,740.266666666667
2016-03-05 02:30:00,740.25
2016-03-05 02:40:00,740.233333333333
2016-03-05 02:50:00,740.216666666667
2016-03-05 03:00:00,740.2
2016-03-05 03:10:00,740.2
2016-03-05 03:20:00,740.2
2016-03-05 03:30:00,740.2
2016-03-05 03:40:00,740.2
2016-03-05 03:50:00,740.2
2016-03-05 04:00:00,740.2
2016-03-05 04:10:00,740.233333333333
2016-03-05 04:20:00,740.266666666667
2016-03-05 04:30:00,740.2999999999998
2016-03-05 04:40:00,740.3333333333329
2016-03-05 04:50:00,740.366666666667
2016-03-05 05:00:00,740.4
2016-03-05 05:10:00,740.4166666666669
2016-03-05 05:20:00,740.4333333333329
2016-03-05 05:30:00,740.45
2016-03-05 05:40:00,740.466666666667
2016-03-05 05:50:00,740.483333333333
2016-03-05 06:00:00,740.5
2016-03-05 06:10:00,740.5666666666668
2016-03-05 06:20:00,740.6333333333331
2016-03-05 06:30:00,740.7
2016-03-05 06:40:00,740.766666666667
2016-03-05 06:50:00,740.8333333333329
2016-03-05 07:00:00,740.9
2016-03-05 07:10:00,740.9333333333329
2016-03-05 07:20:00,740.966666666667
2016-03-05 07:30:00,741.0
2016-03-05 07:40:00,741.033333333333
2016-03-05 07:50:00,741.0666666666668
2016-03-05 08:00:00,741.1
2016-03-05 08:10:00,741.1666666666669
2016-03-05 08:20:00,741.233333333333
2016-03-05 08:30:00,741.2999999999998
2016-03-05 08:40:00,741.366666666667
2016-03-05 08:50:00,741.4333333333329
2016-03-05 09:00:00,741.5
2016-03-05 09:10:00,741.516666666667
2016-03-05 09:20:00,741.533333333333
2016-03-05 09:30:00,741.5499999999998
2016-03-05 09:40:00,741.5666666666668
2016-03-05 09:50:00,741.5833333333329
2016-03-05 10:00:00,741.6
2016-03-05 10:10:00,741.6666666666669
2016-03-05 10:20:00,741.733333333333
2016-03-05 10:30:00,741.7999999999998
2016-03-05 10:40:00,741.866666666667
2016-03-05 10:50:00,741.9333333333329
2016-03-05 11:00:00,742.0
2016-03-05 11:10:00,742.016666666667
2016-03-05 11:20:00,742.033333333333
2016-03-05 11:30:00,742.0499999999998
2016-03-05 11:40:00,742.0666666666668
2016-03-05 11:50:00,742.0833333333329
2016-03-05 12:00:00,742.1
2016-03-05 12:10:00,742.1333333333331
2016-03-05 12:20:00,742.1666666666669
2016-03-05 12:30:00,742.2
2016-03-05 12:40:00,742.233333333333
2016-03-05 12:50:00,742.266666666667
2016-03-05 13:00:00,742.2999999999998
2016-03-05 13:10:00,742.35
2016-03-05 13:20:00,742.4
2016-03-05 13:30:00,742.45
2016-03-05 13:40:00,742.5
2016-03-05 13:50:00,742.5499999999998
2016-03-05 14:00:00,742.6
2016-03-05 14:10:00,742.616666666667
2016-03-05 14:20:00,742.6333333333331
2016-03-05 14:30:00,742.65
2016-03-05 14:40:00,742.6666666666669
2016-03-05 14:50:00,742.6833333333329
2016-03-05 15:00:00,742.7
2016-03-05 15:10:00,742.716666666667
2016-03-05 15:20:00,742.733333333333
2016-03-05 15:30:00,742.75
2016-03-05 15:40:00,742.766666666667
2016-03-05 15:50:00,742.783333333333
2016-03-05 16:00:00,742.7999999999998
2016-03-05 16:10:00,742.8333333333329
2016-03-05 16:20:00,742.866666666667
2016-03-05 16:30:00,742.9
2016-03-05 16:40:00,742.9333333333329
2016-03-05 16:50:00,742.966666666667
2016-03-05 17:00:00,743.0
2016-03-05 17:10:00,743.0499999999998
2016-03-05 17:20:00,743.1
2016-03-05 17:30:00,743.15
2016-03-05 17:40:00,743.2
2016-03-05 17:50:00,743.25
2016-03-05 18:00:00,743.2999999999998
2016-03-05 18:10:00,743.35
2016-03-05 18:20:00,743.4
2016-03-05 18:30:00,743.45
2016-03-05 18:40:00,743.5
2016-03-05 18:50:00,743.5499999999998
2016-03-05 19:00:00,743.6
2016-03-05 19:10:00,743.6333333333331
2016-03-05 19:20:00,743.6666666666669
2016-03-05 19:30:00,743.7
2016-03-05 19:40:00,743.733333333333
2016-03-05 19:50:00,743.766666666667
2016-03-05 20:00:00,743.7999999999998
2016-03-05 20:10:00,743.85
2016-03-05 20:20:00,743.9
2016-03-05 20:30:00,743.95
2016-03-05 20:40:00,744.0
2016-03-05 20:50:00,744.0499999999998
2016-03-05 21:00:00,744.1
2016-03-05 21:10:00,744.1333333333331
2016-03-05 21:20:00,744.1666666666669
2016-03-05 21:30:00,744.2
2016-03-05 21:40:00,744.233333333333
2016-03-05 21:50:00,744.266666666667
2016-03-05 22:00:00,744.2999999999998
2016-03-05 22:10:00,744.3166666666668
2016-03-05 22:20:00,744.3333333333329
2016-03-05 22:30:00,744.35
2016-03-05 22:40:00,744.366666666667
2016-03-05 22:50:00,744.3833333333331
2016-03-05 23:00:00,744.4
2016-03-05 23:10:00,744.4166666666669
2016-03-05 23:20:00,744.4333333333329
2016-03-05 23:30:00,744.45
2016-03-05 23:40:00,744.466666666667
2016-03-05 23:50:00,744.483333333333
2016-03-06 00:00:00,744.5
2016-03-06 00:10:00,744.533333333333
2016-03-06 00:20:00,744.5666666666668
2016-03-06 00:30:00,744.6
2016-03-06 00:40:00,744.6333333333331
2016-03-06 00:50:00,744.6666666666669
2016-03-06 01:00:00,744.7
2016-03-06 01:10:00,744.7
2016-03-06 01:20:00,744.7
2016-03-06 01:30:00,744.7
2016-03-06 01:40:00,744.7
2016-03-06 01:50:00,744.7
2016-03-06 02:00:00,744.7
2016-03-06 02:10:00,744.733333333333
2016-03-06 02:20:00,744.766666666667
2016-03-06 02:30:00,744.7999999999998
2016-03-06 02:40:00,744.8333333333329
2016-03-06 02:50:00,744.866666666667
2016-03-06 03:00:00,744.9
2016-03-06 03:10:00,744.9166666666669
2016-03-06 03:20:00,744.9333333333329
2016-03-06 03:30:00,744.95
2016-03-06 03:40:00,744.966666666667
2016-03-06 03:50:00,744.983333333333
2016-03-06 04:00:00,745.0
2016-03-06 04:10:00,745.016666666667
2016-03-06 04:20:00,745.033333333333
2016-03-06 04:30:00,745.0499999999998
2016-03-06 04:40:00,745.0666666666668
2016-03-06 04:50:00,745.0833333333329
2016-03-06 05:00:00,745.1
2016-03-06 05:10:00,745.116666666667
2016-03-06 05:20:00,745.1333333333331
2016-03-06 05:30:00,745.15
2016-03-06 05:40:00,745.1666666666669
2016-03-06 05:50:00,745.1833333333329
2016-03-06 06:00:00,745.2
2016-03-06 06:10:00,745.233333333333
2016-03-06 06:20:00,745.266666666667
2016-03-06 06:30:00,745.2999999999998
2016-03-06 06:40:00,745.3333333333329
2016-03-06 06:50:00,745.366666666667
2016-03-06 07:00:00,745.4
2016-03-06 07:10:00,745.45
2016-03-06 07:20:00,745.5
2016-03-06 07:30:00,745.5499999999998
2016-03-06 07:40:00,745.6
2016-03-06 07:50:00,745.65
2016-03-06 08:00:00,745.7
2016-03-06 08:10:00,745.733333333333
2016-03-06 08:20:00,745.766666666667
2016-03-06 08:30:00,745.7999999999998
2016-03-06 08:40:00,745.8333333333329
2016-03-06 08:50:00,745.866666666667
2016-03-06 09:00:00,745.9
2016-03-06 09:10:00,746.0
2016-03-06 09:20:00,746.1
2016-03-06 09:30:00,746.2
2016-03-06 09:40:00,746.2999999999998
2016-03-06 09:50:00,746.4
2016-03-06 10:00:00,746.5
2016-03-06 10:10:00,746.5499999999998
2016-03-06 10:20:00,746.6
2016-03-06 10:30:00,746.65
2016-03-06 10:40:00,746.7
2016-03-06 10:50:00,746.75
2016-03-06 11:00:00,746.7999999999998
2016-03-06 11:10:00,746.7999999999998
2016-03-06 11:20:00,746.7999999999998
2016-03-06 11:30:00,746.7999999999998
2016-03-06 11:40:00,746.7999999999998
2016-03-06 11:50:00,746.7999999999998
2016-03-06 12:00:00,746.7999999999998
2016-03-06 12:10:00,746.8333333333329
2016-03-06 12:20:00,746.866666666667
2016-03-06 12:30:00,746.9
2016-03-06 12:40:00,746.9333333333329
2016-03-06 12:50:00,746.966666666667
2016-03-06 13:00:00,747.0
2016-03-06 13:10:00,746.983333333333
2016-03-06 13:20:00,746.966666666667
2016-03-06 13:30:00,746.95
2016-03-06 13:40:00,746.9333333333329
2016-03-06 13:50:00,746.9166666666669
2016-03-06 14:00:00,746.9
2016-03-06 14:10:00,746.95
2016-03-06 14:20:00,747.0
2016-03-06 14:30:00,747.0499999999998
2016-03-06 14:40:00,747.1
2016-03-06 14:50:00,747.15
2016-03-06 15:00:00,747.2
2016-03-06 15:10:00,747.233333333333
2016-03-06 15:20:00,747.266666666667
2016-03-06 15:30:00,747.2999999999998
2016-03-06 15:40:00,747.3333333333329
2016-03-06 15:50:00,747.366666666667
2016-03-06 16:00:00,747.4
2016-03-06 16:10:00,747.4
2016-03-06 16:20:00,747.4
2016-03-06 16:30:00,747.4
2016-03-06 16:40:00,747.4
2016-03-06 16:50:00,747.4
2016-03-06 17:00:00,747.4
2016-03-06 17:10:00,747.4
2016-03-06 17:20:00,747.4
2016-03-06 17:30:00,747.4
2016-03-06 17:40:00,747.4
2016-03-06 17:50:00,747.4
2016-03-06 18:00:00,747.4
2016-03-06 18:10:00,747.45
2016-03-06 18:20:00,747.5
2016-03-06 18:30:00,747.5499999999998
2016-03-06 18:40:00,747.6
2016-03-06 18:50:00,747.65
2016-03-06 19:00:00,747.7
2016-03-06 19:10:00,747.733333333333
2016-03-06 19:20:00,747.766666666667
2016-03-06 19:30:00,747.7999999999998
2016-03-06 19:40:00,747.8333333333329
2016-03-06 19:50:00,747.866666666667
2016-03-06 20:00:00,747.9
2016-03-06 20:10:00,747.9166666666669
2016-03-06 20:20:00,747.9333333333329
2016-03-06 20:30:00,747.95
2016-03-06 20:40:00,747.966666666667
2016-03-06 20:50:00,747.983333333333
2016-03-06 21:00:00,748.0
2016-03-06 21:10:00,748.0
2016-03-06 21:20:00,748.0
2016-03-06 21:30:00,748.0
2016-03-06 21:40:00,748.0
2016-03-06 21:50:00,748.0
2016-03-06 22:00:00,748.0
2016-03-06 22:10:00,748.0
2016-03-06 22:20:00,748.0
2016-03-06 22:30:00,748.0
2016-03-06 22:40:00,748.0
2016-03-06 22:50:00,748.0
2016-03-06 23:00:00,748.0
2016-03-06 23:10:00,747.95
2016-03-06 23:20:00,747.9
2016-03-06 23:30:00,747.85
2016-03-06 23:40:00,747.7999999999998
2016-03-06 23:50:00,747.75
2016-03-07 00:00:00,747.7
2016-03-07 00:10:00,747.7
2016-03-07 00:20:00,747.7
2016-03-07 00:30:00,747.7
2016-03-07 00:40:00,747.7
2016-03-07 00:50:00,747.7
2016-03-07 01:00:00,747.7
2016-03-07 01:10:00,747.6833333333329
2016-03-07 01:20:00,747.6666666666669
2016-03-07 01:30:00,747.65
2016-03-07 01:40:00,747.6333333333331
2016-03-07 01:50:00,747.616666666667
2016-03-07 02:00:00,747.6
2016-03-07 02:10:00,747.5666666666668
2016-03-07 02:20:00,747.533333333333
2016-03-07 02:30:00,747.5
2016-03-07 02:40:00,747.466666666667
2016-03-07 02:50:00,747.4333333333329
2016-03-07 03:00:00,747.4
2016-03-07 03:10:00,747.3833333333331
2016-03-07 03:20:00,747.366666666667
2016-03-07 03:30:00,747.35
2016-03-07 03:40:00,747.3333333333329
2016-03-07 03:50:00,747.3166666666668
2016-03-07 04:00:00,747.2999999999998
2016-03-07 04:10:00,747.266666666667
2016-03-07 04:20:00,747.233333333333
2016-03-07 04:30:00,747.2
2016-03-07 04:40:00,747.1666666666669
2016-03-07 04:50:00,747.1333333333331
2016-03-07 05:00:00,747.1
2016-03-07 05:10:00,747.116666666667
2016-03-07 05:20:00,747.1333333333331
2016-03-07 05:30:00,747.15
2016-03-07 05:40:00,747.1666666666669
2016-03-07 05:50:00,747.1833333333329
2016-03-07 06:00:00,747.2
2016-03-07 06:10:00,747.216666666667
2016-03-07 06:20:00,747.233333333333
2016-03-07 06:30:00,747.25
2016-03-07 06:40:00,747.266666666667
2016-03-07 06:50:00,747.283333333333
2016-03-07 07:00:00,747.2999999999998
2016-03-07 07:10:00,747.366666666667
2016-03-07 07:20:00,747.4333333333329
2016-03-07 07:30:00,747.5
2016-03-07 07:40:00,747.5666666666668
2016-03-07 07:50:00,747.6333333333331
2016-03-07 08:00:00,747.7
2016-03-07 08:10:00,747.733333333333
2016-03-07 08:20:00,747.766666666667
2016-03-07 08:30:00,747.7999999999998
2016-03-07 08:40:00,747.8333333333329
2016-03-07 08:50:00,747.866666666667
2016-03-07 09:00:00,747.9
2016-03-07 09:10:00,747.95
2016-03-07 09:20:00,748.0
2016-03-07 09:30:00,748.0499999999998
2016-03-07 09:40:00,748.1
2016-03-07 09:50:00,748.15
2016-03-07 10:00:00,748.2
2016-03-07 10:10:00,748.266666666667
2016-03-07 10:20:00,748.3333333333329
2016-03-07 10:30:00,748.4
2016-03-07 10:40:00,748.466666666667
2016-03-07 10:50:00,748.533333333333
2016-03-07 11:00:00,748.6
2016-03-07 11:10:00,748.6333333333331
2016-03-07 11:20:00,748.6666666666669
2016-03-07 11:30:00,748.7
2016-03-07 11:40:00,748.733333333333
2016-03-07 11:50:00,748.766666666667
2016-03-07 12:00:00,748.7999999999998
2016-03-07 12:10:00,748.8166666666668
2016-03-07 12:20:00,748.8333333333329
2016-03-07 12:30:00,748.85
2016-03-07 12:40:00,748.866666666667
2016-03-07 12:50:00,748.8833333333331
2016-03-07 13:00:00,748.9
2016-03-07 13:10:00,748.9333333333329
2016-03-07 13:20:00,748.966666666667
2016-03-07 13:30:00,749.0
2016-03-07 13:40:00,749.033333333333
2016-03-07 13:50:00,749.0666666666668
2016-03-07 14:00:00,749.1
2016-03-07 14:10:00,749.116666666667
2016-03-07 14:20:00,749.1333333333331
2016-03-07 14:30:00,749.15
2016-03-07 14:40:00,749.1666666666669
2016-03-07 14:50:00,749.1833333333329
2016-03-07 15:00:00,749.2
2016-03-07 15:10:00,749.233333333333
2016-03-07 15:20:00,749.266666666667
2016-03-07 15:30:00,749.2999999999998
2016-03-07 15:40:00,749.3333333333329
2016-03-07 15:50:00,749.366666666667
2016-03-07 16:00:00,749.4
2016-03-07 16:10:00,749.5
2016-03-07 16:20:00,749.6
2016-03-07 16:30:00,749.7
2016-03-07 16:40:00,749.7999999999998
2016-03-07 16:50:00,749.9
2016-03-07 17:00:00,750.0
2016-03-07 17:10:00,750.0666666666668
2016-03-07 17:20:00,750.1333333333331
2016-03-07 17:30:00,750.2
2016-03-07 17:40:00,750.266666666667
2016-03-07 17:50:00,750.3333333333329
2016-03-07 18:00:00,750.4
2016-03-07 18:10:00,750.5499999999998
2016-03-07 18:20:00,750.7
2016-03-07 18:30:00,750.85
2016-03-07 18:40:00,751.0
2016-03-07 18:50:00,751.15
2016-03-07 19:00:00,751.2999999999998
2016-03-07 19:10:00,751.3833333333331
2016-03-07 19:20:00,751.466666666667
2016-03-07 19:30:00,751.5499999999998
2016-03-07 19:40:00,751.6333333333331
2016-03-07 19:50:00,751.716666666667
2016-03-07 20:00:00,751.7999999999998
2016-03-07 20:10:00,751.8833333333331
2016-03-07 20:20:00,751.966666666667
2016-03-07 20:30:00,752.0499999999998
2016-03-07 20:40:00,752.1333333333331
2016-03-07 20:50:00,752.216666666667
2016-03-07 21:00:00,752.2999999999998
2016-03-07 21:10:00,752.3833333333331
2016-03-07 21:20:00,752.466666666667
2016-03-07 21:30:00,752.5499999999998
2016-03-07 21:40:00,752.6333333333331
2016-03-07 21:50:00,752.716666666667
2016-03-07 22:00:00,752.7999999999998
2016-03-07 22:10:00,752.866666666667
2016-03-07 22:20:00,752.9333333333329
2016-03-07 22:30:00,753.0
2016-03-07 22:40:00,753.0666666666668
2016-03-07 22:50:00,753.1333333333331
2016-03-07 23:00:00,753.2
2016-03-07 23:10:00,753.266666666667
2016-03-07 23:20:00,753.3333333333329
2016-03-07 23:30:00,753.4
2016-03-07 23:40:00,753.466666666667
2016-03-07 23:50:00,753.533333333333
2016-03-08 00:00:00,753.6
2016-03-08 00:10:00,753.6666666666669
2016-03-08 00:20:00,753.733333333333
2016-03-08 00:30:00,753.7999999999998
2016-03-08 00:40:00,753.866666666667
2016-03-08 00:50:00,753.9333333333329
2016-03-08 01:00:00,754.0
2016-03-08 01:10:00,754.0499999999998
2016-03-08 01:20:00,754.1
2016-03-08 01:30:00,754.15
2016-03-08 01:40:00,754.2
2016-03-08 01:50:00,754.25
2016-03-08 02:00:00,754.2999999999998
2016-03-08 02:10:00,754.3166666666668
2016-03-08 02:20:00,754.3333333333329
2016-03-08 02:30:00,754.35
2016-03-08 02:40:00,754.366666666667
2016-03-08 02:50:00,754.3833333333331
2016-03-08 03:00:00,754.4
2016-03-08 03:10:00,754.4333333333329
2016-03-08 03:20:00,754.466666666667
2016-03-08 03:30:00,754.5
2016-03-08 03:40:00,754.533333333333
2016-03-08 03:50:00,754.5666666666668
2016-03-08 04:00:00,754.6
2016-03-08 04:10:00,754.6666666666669
2016-03-08 04:20:00,754.733333333333
2016-03-08 04:30:00,754.7999999999998
2016-03-08 04:40:00,754.866666666667
2016-03-08 04:50:00,754.9333333333329
2016-03-08 05:00:00,755.0
2016-03-08 05:10:00,755.0833333333329
2016-03-08 05:20:00,755.1666666666669
2016-03-08 05:30:00,755.25
2016-03-08 05:40:00,755.3333333333329
2016-03-08 05:50:00,755.4166666666669
2016-03-08 06:00:00,755.5
2016-03-08 06:10:00,755.6
2016-03-08 06:20:00,755.7
2016-03-08 06:30:00,755.7999999999998
2016-03-08 06:40:00,755.9
2016-03-08 06:50:00,756.0
2016-03-08 07:00:00,756.1
2016-03-08 07:10:00,756.1666666666669
2016-03-08 07:20:00,756.233333333333
2016-03-08 07:30:00,756.2999999999998
2016-03-08 07:40:00,756.366666666667
2016-03-08 07:50:00,756.4333333333329
2016-03-08 08:00:00,756.5
2016-03-08 08:10:00,756.5833333333329
2016-03-08 08:20:00,756.6666666666669
2016-03-08 08:30:00,756.75
2016-03-08 08:40:00,756.8333333333329
2016-03-08 08:50:00,756.9166666666669
2016-03-08 09:00:00,757.0
2016-03-08 09:10:00,757.0499999999998
2016-03-08 09:20:00,757.1
2016-03-08 09:30:00,757.15
2016-03-08 09:40:00,757.2
2016-03-08 09:50:00,757.25
2016-03-08 10:00:00,757.2999999999998
2016-03-08 10:10:00,757.2999999999998
2016-03-08 10:20:00,757.2999999999998
2016-03-08 10:30:00,757.2999999999998
2016-03-08 10:40:00,757.2999999999998
2016-03-08 10:50:00,757.2999999999998
2016-03-08 11:00:00,757.2999999999998
2016-03-08 11:10:00,757.2999999999998
2016-03-08 11:20:00,757.2999999999998
2016-03-08 11:30:00,757.2999999999998
2016-03-08 11:40:00,757.2999999999998
2016-03-08 11:50:00,757.2999999999998
2016-03-08 12:00:00,757.2999999999998
2016-03-08 12:10:00,757.2999999999998
2016-03-08 12:20:00,757.2999999999998
2016-03-08 12:30:00,757.2999999999998
2016-03-08 12:40:00,757.2999999999998
2016-03-08 12:50:00,757.2999999999998
2016-03-08 13:00:00,757.2999999999998
2016-03-08 13:10:00,757.283333333333
2016-03-08 13:20:00,757.266666666667
2016-03-08 13:30:00,757.25
2016-03-08 13:40:00,757.233333333333
2016-03-08 13:50:00,757.216666666667
2016-03-08 14:00:00,757.2
2016-03-08 14:10:00,757.1666666666669
2016-03-08 14:20:00,757.1333333333331
2016-03-08 14:30:00,757.1
2016-03-08 14:40:00,757.0666666666668
2016-03-08 14:50:00,757.033333333333
2016-03-08 15:00:00,757.0
2016-03-08 15:10:00,757.0
2016-03-08 15:20:00,757.0
2016-03-08 15:30:00,757.0
2016-03-08 15:40:00,757.0
2016-03-08 15:50:00,757.0
2016-03-08 16:00:00,757.0
2016-03-08 16:10:00,756.95
2016-03-08 16:20:00,756.9
2016-03-08 16:30:00,756.85
2016-03-08 16:40:00,756.7999999999998
2016-03-08 16:50:00,756.75
2016-03-08 17:00:00,756.7
2016-03-08 17:10:00,756.716666666667
2016-03-08 17:20:00,756.733333333333
2016-03-08 17:30:00,756.75
2016-03-08 17:40:00,756.766666666667
2016-03-08 17:50:00,756.783333333333
2016-03-08 18:00:00,756.7999999999998
2016-03-08 18:10:00,756.866666666667
2016-03-08 18:20:00,756.9333333333329
2016-03-08 18:30:00,757.0
2016-03-08 18:40:00,757.0666666666668
2016-03-08 18:50:00,757.1333333333331
2016-03-08 19:00:00,757.2
2016-03-08 19:10:00,757.1666666666669
2016-03-08 19:20:00,757.1333333333331
2016-03-08 19:30:00,757.1
2016-03-08 19:40:00,757.0666666666668
2016-03-08 19:50:00,757.033333333333
2016-03-08 20:00:00,757.0
2016-03-08 20:10:00,756.866666666667
2016-03-08 20:20:00,756.733333333333
2016-03-08 20:30:00,756.6
2016-03-08 20:40:00,756.466666666667
2016-03-08 20:50:00,756.3333333333329
2016-03-08 21:00:00,756.2
2016-03-08 21:10:00,756.116666666667
2016-03-08 21:20:00,756.033333333333
2016-03-08 21:30:00,755.95
2016-03-08 21:40:00,755.866666666667
2016-03-08 21:50:00,755.783333333333
2016-03-08 22:00:00,755.7
2016-03-08 22:10:00,755.533333333333
2016-03-08 22:20:00,755.366666666667
2016-03-08 22:30:00,755.2
2016-03-08 22:40:00,755.033333333333
2016-03-08 22:50:00,754.866666666667
2016-03-08 23:00:00,754.7
2016-03-08 23:10:00,754.5833333333329
2016-03-08 23:20:00,754.466666666667
2016-03-08 23:30:00,754.35
2016-03-08 23:40:00,754.233333333333
2016-03-08 23:50:00,754.116666666667
2016-03-09 00:00:00,754.0
2016-03-09 00:10:00,753.866666666667
2016-03-09 00:20:00,753.733333333333
2016-03-09 00:30:00,753.6
2016-03-09 00:40:00,753.466666666667
2016-03-09 00:50:00,753.3333333333329
2016-03-09 01:00:00,753.2
2016-03-09 01:10:00,753.0833333333329
2016-03-09 01:20:00,752.966666666667
2016-03-09 01:30:00,752.85
2016-03-09 01:40:00,752.733333333333
2016-03-09 01:50:00,752.616666666667
2016-03-09 02:00:00,752.5
2016-03-09 02:10:00,752.2999999999998
2016-03-09 02:20:00,752.1
2016-03-09 02:30:00,751.9
2016-03-09 02:40:00,751.7
2016-03-09 02:50:00,751.5
2016-03-09 03:00:00,751.2999999999998
2016-03-09 03:10:00,751.0833333333329
2016-03-09 03:20:00,750.866666666667
2016-03-09 03:30:00,750.65
2016-03-09 03:40:00,750.4333333333329
2016-03-09 03:50:00,750.216666666667
2016-03-09 04:00:00,750.0
2016-03-09 04:10:00,749.8166666666668
2016-03-09 04:20:00,749.6333333333331
2016-03-09 04:30:00,749.45
2016-03-09 04:40:00,749.266666666667
2016-03-09 04:50:00,749.0833333333329
2016-03-09 05:00:00,748.9
2016-03-09 05:10:00,748.733333333333
2016-03-09 05:20:00,748.5666666666668
2016-03-09 05:30:00,748.4
2016-03-09 05:40:00,748.233333333333
2016-03-09 05:50:00,748.0666666666668
2016-03-09 06:00:00,747.9
2016-03-09 06:10:00,747.716666666667
2016-03-09 06:20:00,747.533333333333
2016-03-09 06:30:00,747.35
2016-03-09 06:40:00,747.1666666666669
2016-03-09 06:50:00,746.983333333333
2016-03-09 07:00:00,746.7999999999998
2016-03-09 07:10:00,746.6666666666669
2016-03-09 07:20:00,746.533333333333
2016-03-09 07:30:00,746.4
2016-03-09 07:40:00,746.266666666667
2016-03-09 07:50:00,746.1333333333331
2016-03-09 08:00:00,746.0
2016-03-09 08:10:00,745.9
2016-03-09 08:20:00,745.7999999999998
2016-03-09 08:30:00,745.7
2016-03-09 08:40:00,745.6
2016-03-09 08:50:00,745.5
2016-03-09 09:00:00,745.4
2016-03-09 09:10:00,745.283333333333
2016-03-09 09:20:00,745.1666666666669
2016-03-09 09:30:00,745.0499999999998
2016-03-09 09:40:00,744.9333333333329
2016-03-09 09:50:00,744.8166666666668
2016-03-09 10:00:00,744.7
2016-03-09 10:10:00,744.65
2016-03-09 10:20:00,744.6
2016-03-09 10:30:00,744.5499999999998
2016-03-09 10:40:00,744.5
2016-03-09 10:50:00,744.45
2016-03-09 11:00:00,744.4
2016-03-09 11:10:00,744.3833333333331
2016-03-09 11:20:00,744.366666666667
2016-03-09 11:30:00,744.35
2016-03-09 11:40:00,744.3333333333329
2016-03-09 11:50:00,744.3166666666668
2016-03-09 12:00:00,744.2999999999998
2016-03-09 12:10:00,744.2999999999998
2016-03-09 12:20:00,744.2999999999998
2016-03-09 12:30:00,744.2999999999998
2016-03-09 12:40:00,744.2999999999998
2016-03-09 12:50:00,744.2999999999998
2016-03-09 13:00:00,744.2999999999998
2016-03-09 13:10:00,744.266666666667
2016-03-09 13:20:00,744.233333333333
2016-03-09 13:30:00,744.2
2016-03-09 13:40:00,744.1666666666669
2016-03-09 13:50:00,744.1333333333331
2016-03-09 14:00:00,744.1
2016-03-09 14:10:00,744.2
2016-03-09 14:20:00,744.2999999999998
2016-03-09 14:30:00,744.4
2016-03-09 14:40:00,744.5
2016-03-09 14:50:00,744.6
2016-03-09 15:00:00,744.7
2016-03-09 15:10:00,744.783333333333
2016-03-09 15:20:00,744.866666666667
2016-03-09 15:30:00,744.95
2016-03-09 15:40:00,745.033333333333
2016-03-09 15:50:00,745.116666666667
2016-03-09 16:00:00,745.2
2016-03-09 16:10:00,745.266666666667
2016-03-09 16:20:00,745.3333333333329
2016-03-09 16:30:00,745.4
2016-03-09 16:40:00,745.466666666667
2016-03-09 16:50:00,745.533333333333
2016-03-09 17:00:00,745.6
2016-03-09 17:10:00,745.733333333333
2016-03-09 17:20:00,745.866666666667
2016-03-09 17:30:00,746.0
2016-03-09 17:40:00,746.1333333333331
2016-03-09 17:50:00,746.266666666667
2016-03-09 18:00:00,746.4
2016-03-09 18:10:00,746.533333333333
2016-03-09 18:20:00,746.6666666666669
2016-03-09 18:30:00,746.7999999999998
2016-03-09 18:40:00,746.9333333333329
2016-03-09 18:50:00,747.0666666666668
2016-03-09 19:00:00,747.2
2016-03-09 19:10:00,747.2999999999998
2016-03-09 19:20:00,747.4
2016-03-09 19:30:00,747.5
2016-03-09 19:40:00,747.6
2016-03-09 19:50:00,747.7
2016-03-09 20:00:00,747.7999999999998
2016-03-09 20:10:00,747.95
2016-03-09 20:20:00,748.1
2016-03-09 20:30:00,748.25
2016-03-09 20:40:00,748.4
2016-03-09 20:50:00,748.5499999999998
2016-03-09 21:00:00,748.7
2016-03-09 21:10:00,748.8333333333329
2016-03-09 21:20:00,748.966666666667
2016-03-09 21:30:00,749.1
2016-03-09 21:40:00,749.233333333333
2016-03-09 21:50:00,749.366666666667
2016-03-09 22:00:00,749.5
2016-03-09 22:10:00,749.5833333333329
2016-03-09 22:20:00,749.6666666666669
2016-03-09 22:30:00,749.75
2016-03-09 22:40:00,749.8333333333329
2016-03-09 22:50:00,749.9166666666669
2016-03-09 23:00:00,750.0
2016-03-09 23:10:00,750.116666666667
2016-03-09 23:20:00,750.233333333333
2016-03-09 23:30:00,750.35
2016-03-09 23:40:00,750.466666666667
2016-03-09 23:50:00,750.5833333333329
2016-03-10 00:00:00,750.7
2016-03-10 00:10:00,750.7999999999998
2016-03-10 00:20:00,750.9
2016-03-10 00:30:00,751.0
2016-03-10 00:40:00,751.1
2016-03-10 00:50:00,751.2
2016-03-10 01:00:00,751.2999999999998
2016-03-10 01:10:00,751.45
2016-03-10 01:20:00,751.6
2016-03-10 01:30:00,751.75
2016-03-10 01:40:00,751.9
2016-03-10 01:50:00,752.0499999999998
2016-03-10 02:00:00,752.2
2016-03-10 02:10:00,752.2999999999998
2016-03-10 02:20:00,752.4
2016-03-10 02:30:00,752.5
2016-03-10 02:40:00,752.6
2016-03-10 02:50:00,752.7
2016-03-10 03:00:00,752.7999999999998
2016-03-10 03:10:00,752.9333333333329
2016-03-10 03:20:00,753.0666666666668
2016-03-10 03:30:00,753.2
2016-03-10 03:40:00,753.3333333333329
2016-03-10 03:50:00,753.466666666667
2016-03-10 04:00:00,753.6
2016-03-10 04:10:00,753.6666666666669
2016-03-10 04:20:00,753.733333333333
2016-03-10 04:30:00,753.7999999999998
2016-03-10 04:40:00,753.866666666667
2016-03-10 04:50:00,753.9333333333329
2016-03-10 05:00:00,754.0
2016-03-10 05:10:00,754.15
2016-03-10 05:20:00,754.2999999999998
2016-03-10 05:30:00,754.45
2016-03-10 05:40:00,754.6
2016-03-10 05:50:00,754.75
2016-03-10 06:00:00,754.9
2016-03-10 06:10:00,755.033333333333
2016-03-10 06:20:00,755.1666666666669
2016-03-10 06:30:00,755.2999999999998
2016-03-10 06:40:00,755.4333333333329
2016-03-10 06:50:00,755.5666666666668
2016-03-10 07:00:00,755.7
2016-03-10 07:10:00,755.8166666666668
2016-03-10 07:20:00,755.9333333333329
2016-03-10 07:30:00,756.0499999999998
2016-03-10 07:40:00,756.1666666666669
2016-03-10 07:50:00,756.283333333333
2016-03-10 08:00:00,756.4
2016-03-10 08:10:00,756.5
2016-03-10 08:20:00,756.6
2016-03-10 08:30:00,756.7
2016-03-10 08:40:00,756.7999999999998
2016-03-10 08:50:00,756.9
2016-03-10 09:00:00,757.0
2016-03-10 09:10:00,757.1
2016-03-10 09:20:00,757.2
2016-03-10 09:30:00,757.2999999999998
2016-03-10 09:40:00,757.4
2016-03-10 09:50:00,757.5
2016-03-10 10:00:00,757.6
2016-03-10 10:10:00,757.6833333333329
2016-03-10 10:20:00,757.766666666667
2016-03-10 10:30:00,757.85
2016-03-10 10:40:00,757.9333333333329
2016-03-10 10:50:00,758.016666666667
2016-03-10 11:00:00,758.1
2016-03-10 11:10:00,758.15
2016-03-10 11:20:00,758.2
2016-03-10 11:30:00,758.25
2016-03-10 11:40:00,758.2999999999998
2016-03-10 11:50:00,758.35
2016-03-10 12:00:00,758.4
2016-03-10 12:10:00,758.45
2016-03-10 12:20:00,758.5
2016-03-10 12:30:00,758.5499999999998
2016-03-10 12:40:00,758.6
2016-03-10 12:50:00,758.65
2016-03-10 13:00:00,758.7
2016-03-10 13:10:00,758.716666666667
2016-03-10 13:20:00,758.733333333333
2016-03-10 13:30:00,758.75
2016-03-10 13:40:00,758.766666666667
2016-03-10 13:50:00,758.783333333333
2016-03-10 14:00:00,758.7999999999998
2016-03-10 14:10:00,758.866666666667
2016-03-10 14:20:00,758.9333333333329
2016-03-10 14:30:00,759.0
2016-03-10 14:40:00,759.0666666666668
2016-03-10 14:50:00,759.1333333333331
2016-03-10 15:00:00,759.2
2016-03-10 15:10:00,759.233333333333
2016-03-10 15:20:00,759.266666666667
2016-03-10 15:30:00,759.2999999999998
2016-03-10 15:40:00,759.3333333333329
2016-03-10 15:50:00,759.366666666667
2016-03-10 16:00:00,759.4
2016-03-10 16:10:00,759.4333333333329
2016-03-10 16:20:00,759.466666666667
2016-03-10 16:30:00,759.5
2016-03-10 16:40:00,759.533333333333
2016-03-10 16:50:00,759.5666666666668
2016-03-10 17:00:00,759.6
2016-03-10 17:10:00,759.6666666666669
2016-03-10 17:20:00,759.733333333333
2016-03-10 17:30:00,759.7999999999998
2016-03-10 17:40:00,759.866666666667
2016-03-10 17:50:00,759.9333333333329
2016-03-10 18:00:00,760.0
2016-03-10 18:10:00,760.116666666667
2016-03-10 18:20:00,760.233333333333
2016-03-10 18:30:00,760.35
2016-03-10 18:40:00,760.466666666667
2016-03-10 18:50:00,760.5833333333329
2016-03-10 19:00:00,760.7
2016-03-10 19:10:00,760.8166666666668
2016-03-10 19:20:00,760.9333333333329
2016-03-10 19:30:00,761.0499999999998
2016-03-10 19:40:00,761.1666666666669
2016-03-10 19:50:00,761.283333333333
2016-03-10 20:00:00,761.4
2016-03-10 20:10:00,761.466666666667
2016-03-10 20:20:00,761.533333333333
2016-03-10 20:30:00,761.6
2016-03-10 20:40:00,761.6666666666669
2016-03-10 20:50:00,761.733333333333
2016-03-10 21:00:00,761.7999999999998
2016-03-10 21:10:00,761.8833333333331
2016-03-10 21:20:00,761.966666666667
2016-03-10 21:30:00,762.0499999999998
2016-03-10 21:40:00,762.1333333333331
2016-03-10 21:50:00,762.216666666667
2016-03-10 22:00:00,762.2999999999998
2016-03-10 22:10:00,762.35
2016-03-10 22:20:00,762.4
2016-03-10 22:30:00,762.45
2016-03-10 22:40:00,762.5
2016-03-10 22:50:00,762.5499999999998
2016-03-10 23:00:00,762.6
2016-03-10 23:10:00,762.6666666666669
2016-03-10 23:20:00,762.733333333333
2016-03-10 23:30:00,762.7999999999998
2016-03-10 23:40:00,762.866666666667
2016-03-10 23:50:00,762.9333333333329
2016-03-11 00:00:00,763.0
2016-03-11 00:10:00,763.0
2016-03-11 00:20:00,763.0
2016-03-11 00:30:00,763.0
2016-03-11 00:40:00,763.0
2016-03-11 00:50:00,763.0
2016-03-11 01:00:00,763.0
2016-03-11 01:10:00,763.033333333333
2016-03-11 01:20:00,763.0666666666668
2016-03-11 01:30:00,763.1
2016-03-11 01:40:00,763.1333333333331
2016-03-11 01:50:00,763.1666666666669
2016-03-11 02:00:00,763.2
2016-03-11 02:10:00,763.233333333333
2016-03-11 02:20:00,763.266666666667
2016-03-11 02:30:00,763.2999999999998
2016-03-11 02:40:00,763.3333333333329
2016-03-11 02:50:00,763.366666666667
2016-03-11 03:00:00,763.4
2016-03-11 03:10:00,763.4
2016-03-11 03:20:00,763.4
2016-03-11 03:30:00,763.4
2016-03-11 03:40:00,763.4
2016-03-11 03:50:00,763.4
2016-03-11 04:00:00,763.4
2016-03-11 04:10:00,763.4333333333329
2016-03-11 04:20:00,763.466666666667
2016-03-11 04:30:00,763.5
2016-03-11 04:40:00,763.533333333333
2016-03-11 04:50:00,763.5666666666668
2016-03-11 05:00:00,763.6
2016-03-11 05:10:00,763.6
2016-03-11 05:20:00,763.6
2016-03-11 05:30:00,763.6
2016-03-11 05:40:00,763.6
2016-03-11 05:50:00,763.6
2016-03-11 06:00:00,763.6
2016-03-11 06:10:00,763.7
2016-03-11 06:20:00,763.7999999999998
2016-03-11 06:30:00,763.9
2016-03-11 06:40:00,764.0
2016-03-11 06:50:00,764.1
2016-03-11 07:00:00,764.2
2016-03-11 07:10:00,764.25
2016-03-11 07:20:00,764.2999999999998
2016-03-11 07:30:00,764.35
2016-03-11 07:40:00,764.4
2016-03-11 07:50:00,764.45
2016-03-11 08:00:00,764.5
2016-03-11 08:10:00,764.5499999999998
2016-03-11 08:20:00,764.6
2016-03-11 08:30:00,764.65
2016-03-11 08:40:00,764.7
2016-03-11 08:50:00,764.75
2016-03-11 09:00:00,764.7999999999998
2016-03-11 09:10:00,764.8166666666668
2016-03-11 09:20:00,764.8333333333329
2016-03-11 09:30:00,764.85
2016-03-11 09:40:00,764.866666666667
2016-03-11 09:50:00,764.8833333333331
2016-03-11 10:00:00,764.9
2016-03-11 10:10:00,764.966666666667
2016-03-11 10:20:00,765.033333333333
2016-03-11 10:30:00,765.1
2016-03-11 10:40:00,765.1666666666669
2016-03-11 10:50:00,765.233333333333
2016-03-11 11:00:00,765.2999999999998
2016-03-11 11:10:00,765.2999999999998
2016-03-11 11:20:00,765.2999999999998
2016-03-11 11:30:00,765.2999999999998
2016-03-11 11:40:00,765.2999999999998
2016-03-11 11:50:00,765.2999999999998
2016-03-11 12:00:00,765.2999999999998
2016-03-11 12:10:00,765.283333333333
2016-03-11 12:20:00,765.266666666667
2016-03-11 12:30:00,765.25
2016-03-11 12:40:00,765.233333333333
2016-03-11 12:50:00,765.216666666667
2016-03-11 13:00:00,765.2
2016-03-11 13:10:00,765.1333333333331
2016-03-11 13:20:00,765.0666666666668
2016-03-11 13:30:00,765.0
2016-03-11 13:40:00,764.9333333333329
2016-03-11 13:50:00,764.866666666667
2016-03-11 14:00:00,764.7999999999998
2016-03-11 14:10:00,764.7999999999998
2016-03-11 14:20:00,764.7999999999998
2016-03-11 14:30:00,764.7999999999998
2016-03-11 14:40:00,764.7999999999998
2016-03-11 14:50:00,764.7999999999998
2016-03-11 15:00:00,764.7999999999998
2016-03-11 15:10:00,764.783333333333
2016-03-11 15:20:00,764.766666666667
2016-03-11 15:30:00,764.75
2016-03-11 15:40:00,764.733333333333
2016-03-11 15:50:00,764.716666666667
2016-03-11 16:00:00,764.7
2016-03-11 16:10:00,764.716666666667
2016-03-11 16:20:00,764.733333333333
2016-03-11 16:30:00,764.75
2016-03-11 16:40:00,764.766666666667
2016-03-11 16:50:00,764.783333333333
2016-03-11 17:00:00,764.7999999999998
2016-03-11 17:10:00,764.7999999999998
2016-03-11 17:20:00,764.7999999999998
2016-03-11 17:30:00,764.7999999999998
2016-03-11 17:40:00,764.7999999999998
2016-03-11 17:50:00,764.7999999999998
2016-03-11 18:00:00,764.7999999999998
2016-03-11 18:10:00,764.866666666667
2016-03-11 18:20:00,764.9333333333329
2016-03-11 18:30:00,765.0
2016-03-11 18:40:00,765.0666666666668
2016-03-11 18:50:00,765.1333333333331
2016-03-11 19:00:00,765.2
2016-03-11 19:10:00,765.283333333333
2016-03-11 19:20:00,765.366666666667
2016-03-11 19:30:00,765.45
2016-03-11 19:40:00,765.533333333333
2016-03-11 19:50:00,765.616666666667
2016-03-11 20:00:00,765.7
2016-03-11 20:10:00,765.75
2016-03-11 20:20:00,765.7999999999998
2016-03-11 20:30:00,765.85
2016-03-11 20:40:00,765.9
2016-03-11 20:50:00,765.95
2016-03-11 21:00:00,766.0
2016-03-11 21:10:00,766.0499999999998
2016-03-11 21:20:00,766.1
2016-03-11 21:30:00,766.15
2016-03-11 21:40:00,766.2
2016-03-11 21:50:00,766.25
2016-03-11 22:00:00,766.2999999999998
2016-03-11 22:10:00,766.35
2016-03-11 22:20:00,766.4
2016-03-11 22:30:00,766.45
2016-03-11 22:40:00,766.5
2016-03-11 22:50:00,766.5499999999998
2016-03-11 23:00:00,766.6
2016-03-11 23:10:00,766.6
2016-03-11 23:20:00,766.6
2016-03-11 23:30:00,766.6
2016-03-11 23:40:00,766.6
2016-03-11 23:50:00,766.6
2016-03-12 00:00:00,766.6
2016-03-12 00:10:00,766.5499999999998
2016-03-12 00:20:00,766.5
2016-03-12 00:30:00,766.45
2016-03-12 00:40:00,766.4
2016-03-12 00:50:00,766.35
2016-03-12 01:00:00,766.2999999999998
2016-03-12 01:10:00,766.2999999999998
2016-03-12 01:20:00,766.2999999999998
2016-03-12 01:30:00,766.2999999999998
2016-03-12 01:40:00,766.2999999999998
2016-03-12 01:50:00,766.2999999999998
2016-03-12 02:00:00,766.2999999999998
2016-03-12 02:10:00,766.35
2016-03-12 02:20:00,766.4
2016-03-12 02:30:00,766.45
2016-03-12 02:40:00,766.5
2016-03-12 02:50:00,766.5499999999998
2016-03-12 03:00:00,766.6
2016-03-12 03:10:00,766.5666666666668
2016-03-12 03:20:00,766.533333333333
2016-03-12 03:30:00,766.5
2016-03-12 03:40:00,766.466666666667
2016-03-12 03:50:00,766.4333333333329
2016-03-12 04:00:00,766.4
2016-03-12 04:10:00,766.4
2016-03-12 04:20:00,766.4
2016-03-12 04:30:00,766.4
2016-03-12 04:40:00,766.4
2016-03-12 04:50:00,766.4
2016-03-12 05:00:00,766.4
2016-03-12 05:10:00,766.4333333333329
2016-03-12 05:20:00,766.466666666667
2016-03-12 05:30:00,766.5
2016-03-12 05:40:00,766.533333333333
2016-03-12 05:50:00,766.5666666666668
2016-03-12 06:00:00,766.6
2016-03-12 06:10:00,766.6333333333331
2016-03-12 06:20:00,766.6666666666669
2016-03-12 06:30:00,766.7
2016-03-12 06:40:00,766.733333333333
2016-03-12 06:50:00,766.766666666667
2016-03-12 07:00:00,766.7999999999998
2016-03-12 07:10:00,766.8333333333329
2016-03-12 07:20:00,766.866666666667
2016-03-12 07:30:00,766.9
2016-03-12 07:40:00,766.9333333333329
2016-03-12 07:50:00,766.966666666667
2016-03-12 08:00:00,767.0
2016-03-12 08:10:00,767.0499999999998
2016-03-12 08:20:00,767.1
2016-03-12 08:30:00,767.15
2016-03-12 08:40:00,767.2
2016-03-12 08:50:00,767.25
2016-03-12 09:00:00,767.2999999999998
2016-03-12 09:10:00,767.3333333333329
2016-03-12 09:20:00,767.366666666667
2016-03-12 09:30:00,767.4
2016-03-12 09:40:00,767.4333333333329
2016-03-12 09:50:00,767.466666666667
2016-03-12 10:00:00,767.5
2016-03-12 10:10:00,767.5
2016-03-12 10:20:00,767.5
2016-03-12 10:30:00,767.5
2016-03-12 10:40:00,767.5
2016-03-12 10:50:00,767.5
2016-03-12 11:00:00,767.5
2016-03-12 11:10:00,767.5
2016-03-12 11:20:00,767.5
2016-03-12 11:30:00,767.5
2016-03-12 11:40:00,767.5
2016-03-12 11:50:00,767.5
2016-03-12 12:00:00,767.5
2016-03-12 12:10:00,767.466666666667
2016-03-12 12:20:00,767.4333333333329
2016-03-12 12:30:00,767.4
2016-03-12 12:40:00,767.366666666667
2016-03-12 12:50:00,767.3333333333329
2016-03-12 13:00:00,767.2999999999998
2016-03-12 13:10:00,767.25
2016-03-12 13:20:00,767.2
2016-03-12 13:30:00,767.15
2016-03-12 13:40:00,767.1
2016-03-12 13:50:00,767.0499999999998
2016-03-12 14:00:00,767.0
2016-03-12 14:10:00,766.966666666667
2016-03-12 14:20:00,766.9333333333329
2016-03-12 14:30:00,766.9
2016-03-12 14:40:00,766.866666666667
2016-03-12 14:50:00,766.8333333333329
2016-03-12 15:00:00,766.7999999999998
2016-03-12 15:10:00,766.783333333333
2016-03-12 15:20:00,766.766666666667
2016-03-12 15:30:00,766.75
2016-03-12 15:40:00,766.733333333333
2016-03-12 15:50:00,766.716666666667
2016-03-12 16:00:00,766.7
2016-03-12 16:10:00,766.7
2016-03-12 16:20:00,766.7
2016-03-12 16:30:00,766.7
2016-03-12 16:40:00,766.7
2016-03-12 16:50:00,766.7
2016-03-12 17:00:00,766.7
2016-03-12 17:10:00,766.7
2016-03-12 17:20:00,766.7
2016-03-12 17:30:00,766.7
2016-03-12 17:40:00,766.7
2016-03-12 17:50:00,766.7
2016-03-12 18:00:00,766.7
2016-03-12 18:10:00,766.766666666667
2016-03-12 18:20:00,766.8333333333329
2016-03-12 18:30:00,766.9
2016-03-12 18:40:00,766.966666666667
2016-03-12 18:50:00,767.033333333333
2016-03-12 19:00:00,767.1
2016-03-12 19:10:00,767.15
2016-03-12 19:20:00,767.2
2016-03-12 19:30:00,767.25
2016-03-12 19:40:00,767.2999999999998
2016-03-12 19:50:00,767.35
2016-03-12 20:00:00,767.4
2016-03-12 20:10:00,767.466666666667
2016-03-12 20:20:00,767.533333333333
2016-03-12 20:30:00,767.6
2016-03-12 20:40:00,767.6666666666669
2016-03-12 20:50:00,767.733333333333
2016-03-12 21:00:00,767.7999999999998
2016-03-12 21:10:00,767.7999999999998
2016-03-12 21:20:00,767.7999999999998
2016-03-12 21:30:00,767.7999999999998
2016-03-12 21:40:00,767.7999999999998
2016-03-12 21:50:00,767.7999999999998
2016-03-12 22:00:00,767.7999999999998
2016-03-12 22:10:00,767.85
2016-03-12 22:20:00,767.9
2016-03-12 22:30:00,767.95
2016-03-12 22:40:00,768.0
2016-03-12 22:50:00,768.0499999999998
2016-03-12 23:00:00,768.1
2016-03-12 23:10:00,768.116666666667
2016-03-12 23:20:00,768.1333333333331
2016-03-12 23:30:00,768.15
2016-03-12 23:40:00,768.1666666666669
2016-03-12 23:50:00,768.1833333333329
2016-03-13 00:00:00,768.2
2016-03-13 00:10:00,768.1833333333329
2016-03-13 00:20:00,768.1666666666669
2016-03-13 00:30:00,768.15
2016-03-13 00:40:00,768.1333333333331
2016-03-13 00:50:00,768.116666666667
2016-03-13 01:00:00,768.1
2016-03-13 01:10:00,768.116666666667
2016-03-13 01:20:00,768.1333333333331
2016-03-13 01:30:00,768.15
2016-03-13 01:40:00,768.1666666666669
2016-03-13 01:50:00,768.1833333333329
2016-03-13 02:00:00,768.2
2016-03-13 02:10:00,768.233333333333
2016-03-13 02:20:00,768.266666666667
2016-03-13 02:30:00,768.2999999999998
2016-03-13 02:40:00,768.3333333333329
2016-03-13 02:50:00,768.366666666667
2016-03-13 03:00:00,768.4
2016-03-13 03:10:00,768.366666666667
2016-03-13 03:20:00,768.3333333333329
2016-03-13 03:30:00,768.2999999999998
2016-03-13 03:40:00,768.266666666667
2016-03-13 03:50:00,768.233333333333
2016-03-13 04:00:00,768.2
2016-03-13 04:10:00,768.233333333333
2016-03-13 04:20:00,768.266666666667
2016-03-13 04:30:00,768.2999999999998
2016-03-13 04:40:00,768.3333333333329
2016-03-13 04:50:00,768.366666666667
2016-03-13 05:00:00,768.4
2016-03-13 05:10:00,768.466666666667
2016-03-13 05:20:00,768.533333333333
2016-03-13 05:30:00,768.6
2016-03-13 05:40:00,768.6666666666669
2016-03-13 05:50:00,768.733333333333
2016-03-13 06:00:00,768.7999999999998
2016-03-13 06:10:00,768.866666666667
2016-03-13 06:20:00,768.9333333333329
2016-03-13 06:30:00,769.0
2016-03-13 06:40:00,769.0666666666668
2016-03-13 06:50:00,769.1333333333331
2016-03-13 07:00:00,769.2
2016-03-13 07:10:00,769.266666666667
2016-03-13 07:20:00,769.3333333333329
2016-03-13 07:30:00,769.4
2016-03-13 07:40:00,769.466666666667
2016-03-13 07:50:00,769.533333333333
2016-03-13 08:00:00,769.6
2016-03-13 08:10:00,769.65
2016-03-13 08:20:00,769.7
2016-03-13 08:30:00,769.75
2016-03-13 08:40:00,769.7999999999998
2016-03-13 08:50:00,769.85
2016-03-13 09:00:00,769.9
2016-03-13 09:10:00,769.866666666667
2016-03-13 09:20:00,769.8333333333329
2016-03-13 09:30:00,769.7999999999998
2016-03-13 09:40:00,769.766666666667
2016-03-13 09:50:00,769.733333333333
2016-03-13 10:00:00,769.7
2016-03-13 10:10:00,769.7
2016-03-13 10:20:00,769.7
2016-03-13 10:30:00,769.7
2016-03-13 10:40:00,769.7
2016-03-13 10:50:00,769.7
2016-03-13 11:00:00,769.7
2016-03-13 11:10:00,769.6833333333329
2016-03-13 11:20:00,769.6666666666669
2016-03-13 11:30:00,769.65
2016-03-13 11:40:00,769.6333333333331
2016-03-13 11:50:00,769.616666666667
2016-03-13 12:00:00,769.6
2016-03-13 12:10:00,769.5499999999998
2016-03-13 12:20:00,769.5
2016-03-13 12:30:00,769.45
2016-03-13 12:40:00,769.4
2016-03-13 12:50:00,769.35
2016-03-13 13:00:00,769.2999999999998
2016-03-13 13:10:00,769.283333333333
2016-03-13 13:20:00,769.266666666667
2016-03-13 13:30:00,769.25
2016-03-13 13:40:00,769.233333333333
2016-03-13 13:50:00,769.216666666667
2016-03-13 14:00:00,769.2
2016-03-13 14:10:00,769.116666666667
2016-03-13 14:20:00,769.033333333333
2016-03-13 14:30:00,768.95
2016-03-13 14:40:00,768.866666666667
2016-03-13 14:50:00,768.783333333333
2016-03-13 15:00:00,768.7
2016-03-13 15:10:00,768.65
2016-03-13 15:20:00,768.6
2016-03-13 15:30:00,768.5499999999998
2016-03-13 15:40:00,768.5
2016-03-13 15:50:00,768.45
2016-03-13 16:00:00,768.4
2016-03-13 16:10:00,768.366666666667
2016-03-13 16:20:00,768.3333333333329
2016-03-13 16:30:00,768.2999999999998
2016-03-13 16:40:00,768.266666666667
2016-03-13 16:50:00,768.233333333333
2016-03-13 17:00:00,768.2
2016-03-13 17:10:00,768.233333333333
2016-03-13 17:20:00,768.266666666667
2016-03-13 17:30:00,768.2999999999998
2016-03-13 17:40:00,768.3333333333329
2016-03-13 17:50:00,768.366666666667
2016-03-13 18:00:00,768.4
2016-03-13 18:10:00,768.45
2016-03-13 18:20:00,768.5
2016-03-13 18:30:00,768.5499999999998
2016-03-13 18:40:00,768.6
2016-03-13 18:50:00,768.65
2016-03-13 19:00:00,768.7
2016-03-13 19:10:00,768.716666666667
2016-03-13 19:20:00,768.733333333333
2016-03-13 19:30:00,768.75
2016-03-13 19:40:00,768.766666666667
2016-03-13 19:50:00,768.783333333333
2016-03-13 20:00:00,768.7999999999998
2016-03-13 20:10:00,768.85
2016-03-13 20:20:00,768.9
2016-03-13 20:30:00,768.95
2016-03-13 20:40:00,769.0
2016-03-13 20:50:00,769.0499999999998
2016-03-13 21:00:00,769.1
2016-03-13 21:10:00,769.0833333333329
2016-03-13 21:20:00,769.0666666666668
2016-03-13 21:30:00,769.0499999999998
2016-03-13 21:40:00,769.033333333333
2016-03-13 21:50:00,769.016666666667
2016-03-13 22:00:00,769.0
2016-03-13 22:10:00,769.0499999999998
2016-03-13 22:20:00,769.1
2016-03-13 22:30:00,769.15
2016-03-13 22:40:00,769.2
2016-03-13 22:50:00,769.25
2016-03-13 23:00:00,769.2999999999998
2016-03-13 23:10:00,769.283333333333
2016-03-13 23:20:00,769.266666666667
2016-03-13 23:30:00,769.25
2016-03-13 23:40:00,769.233333333333
2016-03-13 23:50:00,769.216666666667
2016-03-14 00:00:00,769.2
2016-03-14 00:10:00,769.1833333333329
2016-03-14 00:20:00,769.1666666666669
2016-03-14 00:30:00,769.15
2016-03-14 00:40:00,769.1333333333331
2016-03-14 00:50:00,769.116666666667
2016-03-14 01:00:00,769.1
2016-03-14 01:10:00,769.0499999999998
2016-03-14 01:20:00,769.0
2016-03-14 01:30:00,768.95
2016-03-14 01:40:00,768.9
2016-03-14 01:50:00,768.85
2016-03-14 02:00:00,768.7999999999998
2016-03-14 02:10:00,768.783333333333
2016-03-14 02:20:00,768.766666666667
2016-03-14 02:30:00,768.75
2016-03-14 02:40:00,768.733333333333
2016-03-14 02:50:00,768.716666666667
2016-03-14 03:00:00,768.7
2016-03-14 03:10:00,768.65
2016-03-14 03:20:00,768.6
2016-03-14 03:30:00,768.5499999999998
2016-03-14 03:40:00,768.5
2016-03-14 03:50:00,768.45
2016-03-14 04:00:00,768.4
2016-03-14 04:10:00,768.4
2016-03-14 04:20:00,768.4
2016-03-14 04:30:00,768.4
2016-03-14 04:40:00,768.4
2016-03-14 04:50:00,768.4
2016-03-14 05:00:00,768.4
2016-03-14 05:10:00,768.4
2016-03-14 05:20:00,768.4
2016-03-14 05:30:00,768.4
2016-03-14 05:40:00,768.4
2016-03-14 05:50:00,768.4
2016-03-14 06:00:00,768.4
2016-03-14 06:10:00,768.4333333333329
2016-03-14 06:20:00,768.466666666667
2016-03-14 06:30:00,768.5
2016-03-14 06:40:00,768.533333333333
2016-03-14 06:50:00,768.5666666666668
2016-03-14 07:00:00,768.6
2016-03-14 07:10:00,768.6666666666669
2016-03-14 07:20:00,768.733333333333
2016-03-14 07:30:00,768.7999999999998
2016-03-14 07:40:00,768.866666666667
2016-03-14 07:50:00,768.9333333333329
2016-03-14 08:00:00,769.0
2016-03-14 08:10:00,769.0
2016-03-14 08:20:00,769.0
2016-03-14 08:30:00,769.0
2016-03-14 08:40:00,769.0
2016-03-14 08:50:00,769.0
2016-03-14 09:00:00,769.0
2016-03-14 09:10:00,768.966666666667
2016-03-14 09:20:00,768.9333333333329
2016-03-14 09:30:00,768.9
2016-03-14 09:40:00,768.866666666667
2016-03-14 09:50:00,768.8333333333329
2016-03-14 10:00:00,768.7999999999998
2016-03-14 10:10:00,768.783333333333
2016-03-14 10:20:00,768.766666666667
2016-03-14 10:30:00,768.75
2016-03-14 10:40:00,768.733333333333
2016-03-14 10:50:00,768.716666666667
2016-03-14 11:00:00,768.7
2016-03-14 11:10:00,768.6833333333329
2016-03-14 11:20:00,768.6666666666669
2016-03-14 11:30:00,768.65
2016-03-14 11:40:00,768.6333333333331
2016-03-14 11:50:00,768.616666666667
2016-03-14 12:00:00,768.6
2016-03-14 12:10:00,768.5666666666668
2016-03-14 12:20:00,768.533333333333
2016-03-14 12:30:00,768.5
2016-03-14 12:40:00,768.466666666667
2016-03-14 12:50:00,768.4333333333329
2016-03-14 13:00:00,768.4
2016-03-14 13:10:00,768.2999999999998
2016-03-14 13:20:00,768.2
2016-03-14 13:30:00,768.1
2016-03-14 13:40:00,768.0
2016-03-14 13:50:00,767.9
2016-03-14 14:00:00,767.7999999999998
2016-03-14 14:10:00,767.733333333333
2016-03-14 14:20:00,767.6666666666669
2016-03-14 14:30:00,767.6
2016-03-14 14:40:00,767.533333333333
2016-03-14 14:50:00,767.466666666667
2016-03-14 15:00:00,767.4
2016-03-14 15:10:00,767.3333333333329
2016-03-14 15:20:00,767.266666666667
2016-03-14 15:30:00,767.2
2016-03-14 15:40:00,767.1333333333331
2016-03-14 15:50:00,767.0666666666668
2016-03-14 16:00:00,767.0
2016-03-14 16:10:00,766.95
2016-03-14 16:20:00,766.9
2016-03-14 16:30:00,766.85
2016-03-14 16:40:00,766.7999999999998
2016-03-14 16:50:00,766.75
2016-03-14 17:00:00,766.7
2016-03-14 17:10:00,766.6833333333329
2016-03-14 17:20:00,766.6666666666669
2016-03-14 17:30:00,766.65
2016-03-14 17:40:00,766.6333333333331
2016-03-14 17:50:00,766.616666666667
2016-03-14 18:00:00,766.6
2016-03-14 18:10:00,766.6333333333331
2016-03-14 18:20:00,766.6666666666669
2016-03-14 18:30:00,766.7
2016-03-14 18:40:00,766.733333333333
2016-03-14 18:50:00,766.766666666667
2016-03-14 19:00:00,766.7999999999998
2016-03-14 19:10:00,766.783333333333
2016-03-14 19:20:00,766.766666666667
2016-03-14 19:30:00,766.75
2016-03-14 19:40:00,766.733333333333
2016-03-14 19:50:00,766.716666666667
2016-03-14 20:00:00,766.7
2016-03-14 20:10:00,766.7
2016-03-14 20:20:00,766.7
2016-03-14 20:30:00,766.7
2016-03-14 20:40:00,766.7
2016-03-14 20:50:00,766.7
2016-03-14 21:00:00,766.7
2016-03-14 21:10:00,766.7
2016-03-14 21:20:00,766.7
2016-03-14 21:30:00,766.7
2016-03-14 21:40:00,766.7
2016-03-14 21:50:00,766.7
2016-03-14 22:00:00,766.7
2016-03-14 22:10:00,766.6833333333329
2016-03-14 22:20:00,766.6666666666669
2016-03-14 22:30:00,766.65
2016-03-14 22:40:00,766.6333333333331
2016-03-14 22:50:00,766.616666666667
2016-03-14 23:00:00,766.6
2016-03-14 23:10:00,766.6
2016-03-14 23:20:00,766.6
2016-03-14 23:30:00,766.6
2016-03-14 23:40:00,766.6
2016-03-14 23:50:00,766.6
2016-03-15 00:00:00,766.6
2016-03-15 00:10:00,766.5499999999998
2016-03-15 00:20:00,766.5
2016-03-15 00:30:00,766.45
2016-03-15 00:40:00,766.4
2016-03-15 00:50:00,766.35
2016-03-15 01:00:00,766.2999999999998
2016-03-15 01:10:00,766.35
2016-03-15 01:20:00,766.4
2016-03-15 01:30:00,766.45
2016-03-15 01:40:00,766.5
2016-03-15 01:50:00,766.5499999999998
2016-03-15 02:00:00,766.6
2016-03-15 02:10:00,766.533333333333
2016-03-15 02:20:00,766.466666666667
2016-03-15 02:30:00,766.4
2016-03-15 02:40:00,766.3333333333329
2016-03-15 02:50:00,766.266666666667
2016-03-15 03:00:00,766.2
2016-03-15 03:10:00,766.1666666666669
2016-03-15 03:20:00,766.1333333333331
2016-03-15 03:30:00,766.1
2016-03-15 03:40:00,766.0666666666668
2016-03-15 03:50:00,766.033333333333
2016-03-15 04:00:00,766.0
2016-03-15 04:10:00,765.983333333333
2016-03-15 04:20:00,765.966666666667
2016-03-15 04:30:00,765.95
2016-03-15 04:40:00,765.9333333333329
2016-03-15 04:50:00,765.9166666666669
2016-03-15 05:00:00,765.9
2016-03-15 05:10:00,765.9166666666669
2016-03-15 05:20:00,765.9333333333329
2016-03-15 05:30:00,765.95
2016-03-15 05:40:00,765.966666666667
2016-03-15 05:50:00,765.983333333333
2016-03-15 06:00:00,766.0
2016-03-15 06:10:00,766.0
2016-03-15 06:20:00,766.0
2016-03-15 06:30:00,766.0
2016-03-15 06:40:00,766.0
2016-03-15 06:50:00,766.0
2016-03-15 07:00:00,766.0
2016-03-15 07:10:00,766.0
2016-03-15 07:20:00,766.0
2016-03-15 07:30:00,766.0
2016-03-15 07:40:00,766.0
2016-03-15 07:50:00,766.0
2016-03-15 08:00:00,766.0
2016-03-15 08:10:00,766.0
2016-03-15 08:20:00,766.0
2016-03-15 08:30:00,766.0
2016-03-15 08:40:00,766.0
2016-03-15 08:50:00,766.0
2016-03-15 09:00:00,766.0
2016-03-15 09:10:00,766.0
2016-03-15 09:20:00,766.0
2016-03-15 09:30:00,766.0
2016-03-15 09:40:00,766.0
2016-03-15 09:50:00,766.0
2016-03-15 10:00:00,766.0
2016-03-15 10:10:00,765.95
2016-03-15 10:20:00,765.9
2016-03-15 10:30:00,765.85
2016-03-15 10:40:00,765.7999999999998
2016-03-15 10:50:00,765.75
2016-03-15 11:00:00,765.7
2016-03-15 11:10:00,765.65
2016-03-15 11:20:00,765.6
2016-03-15 11:30:00,765.5499999999998
2016-03-15 11:40:00,765.5
2016-03-15 11:50:00,765.45
2016-03-15 12:00:00,765.4
2016-03-15 12:10:00,765.366666666667
2016-03-15 12:20:00,765.3333333333329
2016-03-15 12:30:00,765.2999999999998
2016-03-15 12:40:00,765.266666666667
2016-03-15 12:50:00,765.233333333333
2016-03-15 13:00:00,765.2
2016-03-15 13:10:00,765.1333333333331
2016-03-15 13:20:00,765.0666666666668
2016-03-15 13:30:00,765.0
2016-03-15 13:40:00,764.9333333333329
2016-03-15 13:50:00,764.866666666667
2016-03-15 14:00:00,764.7999999999998
2016-03-15 14:10:00,764.6666666666669
2016-03-15 14:20:00,764.533333333333
2016-03-15 14:30:00,764.4
2016-03-15 14:40:00,764.266666666667
2016-03-15 14:50:00,764.1333333333331
2016-03-15 15:00:00,764.0
2016-03-15 15:10:00,763.966666666667
2016-03-15 15:20:00,763.9333333333329
2016-03-15 15:30:00,763.9
2016-03-15 15:40:00,763.866666666667
2016-03-15 15:50:00,763.8333333333329
2016-03-15 16:00:00,763.7999999999998
2016-03-15 16:10:00,763.766666666667
2016-03-15 16:20:00,763.733333333333
2016-03-15 16:30:00,763.7
2016-03-15 16:40:00,763.6666666666669
2016-03-15 16:50:00,763.6333333333331
2016-03-15 17:00:00,763.6
2016-03-15 17:10:00,763.5666666666668
2016-03-15 17:20:00,763.533333333333
2016-03-15 17:30:00,763.5
2016-03-15 17:40:00,763.466666666667
2016-03-15 17:50:00,763.4333333333329
2016-03-15 18:00:00,763.4
2016-03-15 18:10:00,763.466666666667
2016-03-15 18:20:00,763.533333333333
2016-03-15 18:30:00,763.6
2016-03-15 18:40:00,763.6666666666669
2016-03-15 18:50:00,763.733333333333
2016-03-15 19:00:00,763.7999999999998
2016-03-15 19:10:00,763.866666666667
2016-03-15 19:20:00,763.9333333333329
2016-03-15 19:30:00,764.0
2016-03-15 19:40:00,764.0666666666668
2016-03-15 19:50:00,764.1333333333331
2016-03-15 20:00:00,764.2
2016-03-15 20:10:00,764.233333333333
2016-03-15 20:20:00,764.266666666667
2016-03-15 20:30:00,764.2999999999998
2016-03-15 20:40:00,764.3333333333329
2016-03-15 20:50:00,764.366666666667
2016-03-15 21:00:00,764.4
2016-03-15 21:10:00,764.4166666666669
2016-03-15 21:20:00,764.4333333333329
2016-03-15 21:30:00,764.45
2016-03-15 21:40:00,764.466666666667
2016-03-15 21:50:00,764.483333333333
2016-03-15 22:00:00,764.5
2016-03-15 22:10:00,764.533333333333
2016-03-15 22:20:00,764.5666666666668
2016-03-15 22:30:00,764.6
2016-03-15 22:40:00,764.6333333333331
2016-03-15 22:50:00,764.6666666666669
2016-03-15 23:00:00,764.7
2016-03-15 23:10:00,764.6666666666669
2016-03-15 23:20:00,764.6333333333331
2016-03-15 23:30:00,764.6
2016-03-15 23:40:00,764.5666666666668
2016-03-15 23:50:00,764.533333333333
2016-03-16 00:00:00,764.5
2016-03-16 00:10:00,764.5
2016-03-16 00:20:00,764.5
2016-03-16 00:30:00,764.5
2016-03-16 00:40:00,764.5
2016-03-16 00:50:00,764.5
2016-03-16 01:00:00,764.5
2016-03-16 01:10:00,764.5
2016-03-16 01:20:00,764.5
2016-03-16 01:30:00,764.5
2016-03-16 01:40:00,764.5
2016-03-16 01:50:00,764.5
2016-03-16 02:00:00,764.5
2016-03-16 02:10:00,764.5
2016-03-16 02:20:00,764.5
2016-03-16 02:30:00,764.5
2016-03-16 02:40:00,764.5
2016-03-16 02:50:00,764.5
2016-03-16 03:00:00,764.5
2016-03-16 03:10:00,764.466666666667
2016-03-16 03:20:00,764.4333333333329
2016-03-16 03:30:00,764.4
2016-03-16 03:40:00,764.366666666667
2016-03-16 03:50:00,764.3333333333329
2016-03-16 04:00:00,764.2999999999998
2016-03-16 04:10:00,764.2999999999998
2016-03-16 04:20:00,764.2999999999998
2016-03-16 04:30:00,764.2999999999998
2016-03-16 04:40:00,764.2999999999998
2016-03-16 04:50:00,764.2999999999998
2016-03-16 05:00:00,764.2999999999998
2016-03-16 05:10:00,764.3166666666668
2016-03-16 05:20:00,764.3333333333329
2016-03-16 05:30:00,764.35
2016-03-16 05:40:00,764.366666666667
2016-03-16 05:50:00,764.3833333333331
2016-03-16 06:00:00,764.4
2016-03-16 06:10:00,764.4166666666669
2016-03-16 06:20:00,764.4333333333329
2016-03-16 06:30:00,764.45
2016-03-16 06:40:00,764.466666666667
2016-03-16 06:50:00,764.483333333333
2016-03-16 07:00:00,764.5
2016-03-16 07:10:00,764.533333333333
2016-03-16 07:20:00,764.5666666666668
2016-03-16 07:30:00,764.6
2016-03-16 07:40:00,764.6333333333331
2016-03-16 07:50:00,764.6666666666669
2016-03-16 08:00:00,764.7
2016-03-16 08:10:00,764.716666666667
2016-03-16 08:20:00,764.733333333333
2016-03-16 08:30:00,764.75
2016-03-16 08:40:00,764.766666666667
2016-03-16 08:50:00,764.783333333333
2016-03-16 09:00:00,764.7999999999998
2016-03-16 09:10:00,764.8166666666668
2016-03-16 09:20:00,764.8333333333329
2016-03-16 09:30:00,764.85
2016-03-16 09:40:00,764.866666666667
2016-03-16 09:50:00,764.8833333333331
2016-03-16 10:00:00,764.9
2016-03-16 10:10:00,764.8833333333331
2016-03-16 10:20:00,764.866666666667
2016-03-16 10:30:00,764.85
2016-03-16 10:40:00,764.8333333333329
2016-03-16 10:50:00,764.8166666666668
2016-03-16 11:00:00,764.7999999999998
2016-03-16 11:10:00,764.7999999999998
2016-03-16 11:20:00,764.7999999999998
2016-03-16 11:30:00,764.7999999999998
2016-03-16 11:40:00,764.7999999999998
2016-03-16 11:50:00,764.7999999999998
2016-03-16 12:00:00,764.7999999999998
2016-03-16 12:10:00,764.7999999999998
2016-03-16 12:20:00,764.7999999999998
2016-03-16 12:30:00,764.7999999999998
2016-03-16 12:40:00,764.7999999999998
2016-03-16 12:50:00,764.7999999999998
2016-03-16 13:00:00,764.7999999999998
2016-03-16 13:10:00,764.733333333333
2016-03-16 13:20:00,764.6666666666669
2016-03-16 13:30:00,764.6
2016-03-16 13:40:00,764.533333333333
2016-03-16 13:50:00,764.466666666667
2016-03-16 14:00:00,764.4
2016-03-16 14:10:00,764.366666666667
2016-03-16 14:20:00,764.3333333333329
2016-03-16 14:30:00,764.2999999999998
2016-03-16 14:40:00,764.266666666667
2016-03-16 14:50:00,764.233333333333
2016-03-16 15:00:00,764.2
2016-03-16 15:10:00,764.1666666666669
2016-03-16 15:20:00,764.1333333333331
2016-03-16 15:30:00,764.1
2016-03-16 15:40:00,764.0666666666668
2016-03-16 15:50:00,764.033333333333
2016-03-16 16:00:00,764.0
2016-03-16 16:10:00,764.016666666667
2016-03-16 16:20:00,764.033333333333
2016-03-16 16:30:00,764.0499999999998
2016-03-16 16:40:00,764.0666666666668
2016-03-16 16:50:00,764.0833333333329
2016-03-16 17:00:00,764.1
2016-03-16 17:10:00,764.1666666666669
2016-03-16 17:20:00,764.233333333333
2016-03-16 17:30:00,764.2999999999998
2016-03-16 17:40:00,764.366666666667
2016-03-16 17:50:00,764.4333333333329
2016-03-16 18:00:00,764.5
2016-03-16 18:10:00,764.5499999999998
2016-03-16 18:20:00,764.6
2016-03-16 18:30:00,764.65
2016-03-16 18:40:00,764.7
2016-03-16 18:50:00,764.75
2016-03-16 19:00:00,764.7999999999998
2016-03-16 19:10:00,764.85
2016-03-16 19:20:00,764.9
2016-03-16 19:30:00,764.95
2016-03-16 19:40:00,765.0
2016-03-16 19:50:00,765.0499999999998
2016-03-16 20:00:00,765.1
2016-03-16 20:10:00,765.15
2016-03-16 20:20:00,765.2
2016-03-16 20:30:00,765.25
2016-03-16 20:40:00,765.2999999999998
2016-03-16 20:50:00,765.35
2016-03-16 21:00:00,765.4
2016-03-16 21:10:00,765.4333333333329
2016-03-16 21:20:00,765.466666666667
2016-03-16 21:30:00,765.5
2016-03-16 21:40:00,765.533333333333
2016-03-16 21:50:00,765.5666666666668
2016-03-16 22:00:00,765.6
2016-03-16 22:10:00,765.616666666667
2016-03-16 22:20:00,765.6333333333331
2016-03-16 22:30:00,765.65
2016-03-16 22:40:00,765.6666666666669
2016-03-16 22:50:00,765.6833333333329
2016-03-16 23:00:00,765.7
2016-03-16 23:10:00,765.716666666667
2016-03-16 23:20:00,765.733333333333
2016-03-16 23:30:00,765.75
2016-03-16 23:40:00,765.766666666667
2016-03-16 23:50:00,765.783333333333
2016-03-17 00:00:00,765.7999999999998
2016-03-17 00:10:00,765.8166666666668
2016-03-17 00:20:00,765.8333333333329
2016-03-17 00:30:00,765.85
2016-03-17 00:40:00,765.866666666667
2016-03-17 00:50:00,765.8833333333331
2016-03-17 01:00:00,765.9
2016-03-17 01:10:00,765.9166666666669
2016-03-17 01:20:00,765.9333333333329
2016-03-17 01:30:00,765.95
2016-03-17 01:40:00,765.966666666667
2016-03-17 01:50:00,765.983333333333
2016-03-17 02:00:00,766.0
2016-03-17 02:10:00,766.0
2016-03-17 02:20:00,766.0
2016-03-17 02:30:00,766.0
2016-03-17 02:40:00,766.0
2016-03-17 02:50:00,766.0
2016-03-17 03:00:00,766.0
2016-03-17 03:10:00,766.0
2016-03-17 03:20:00,766.0
2016-03-17 03:30:00,766.0
2016-03-17 03:40:00,766.0
2016-03-17 03:50:00,766.0
2016-03-17 04:00:00,766.0
2016-03-17 04:10:00,766.0
2016-03-17 04:20:00,766.0
2016-03-17 04:30:00,766.0
2016-03-17 04:40:00,766.0
2016-03-17 04:50:00,766.0
2016-03-17 05:00:00,766.0
2016-03-17 05:10:00,765.983333333333
2016-03-17 05:20:00,765.966666666667
2016-03-17 05:30:00,765.95
2016-03-17 05:40:00,765.9333333333329
2016-03-17 05:50:00,765.9166666666669
2016-03-17 06:00:00,765.9
2016-03-17 06:10:00,765.966666666667
2016-03-17 06:20:00,766.033333333333
2016-03-17 06:30:00,766.1
2016-03-17 06:40:00,766.1666666666669
2016-03-17 06:50:00,766.233333333333
2016-03-17 07:00:00,766.2999999999998
2016-03-17 07:10:00,766.35
2016-03-17 07:20:00,766.4
2016-03-17 07:30:00,766.45
2016-03-17 07:40:00,766.5
2016-03-17 07:50:00,766.5499999999998
2016-03-17 08:00:00,766.6
2016-03-17 08:10:00,766.616666666667
2016-03-17 08:20:00,766.6333333333331
2016-03-17 08:30:00,766.65
2016-03-17 08:40:00,766.6666666666669
2016-03-17 08:50:00,766.6833333333329
2016-03-17 09:00:00,766.7
2016-03-17 09:10:00,766.6833333333329
2016-03-17 09:20:00,766.6666666666669
2016-03-17 09:30:00,766.65
2016-03-17 09:40:00,766.6333333333331
2016-03-17 09:50:00,766.616666666667
2016-03-17 10:00:00,766.6
2016-03-17 10:10:00,766.6
2016-03-17 10:20:00,766.6
2016-03-17 10:30:00,766.6
2016-03-17 10:40:00,766.6
2016-03-17 10:50:00,766.6
2016-03-17 11:00:00,766.6
2016-03-17 11:10:00,766.533333333333
2016-03-17 11:20:00,766.466666666667
2016-03-17 11:30:00,766.4
2016-03-17 11:40:00,766.3333333333329
2016-03-17 11:50:00,766.266666666667
2016-03-17 12:00:00,766.2
2016-03-17 12:10:00,766.1333333333331
2016-03-17 12:20:00,766.0666666666668
2016-03-17 12:30:00,766.0
2016-03-17 12:40:00,765.9333333333329
2016-03-17 12:50:00,765.866666666667
2016-03-17 13:00:00,765.7999999999998
2016-03-17 13:10:00,765.733333333333
2016-03-17 13:20:00,765.6666666666669
2016-03-17 13:30:00,765.6
2016-03-17 13:40:00,765.533333333333
2016-03-17 13:50:00,765.466666666667
2016-03-17 14:00:00,765.4
2016-03-17 14:10:00,765.35
2016-03-17 14:20:00,765.2999999999998
2016-03-17 14:30:00,765.25
2016-03-17 14:40:00,765.2
2016-03-17 14:50:00,765.15
2016-03-17 15:00:00,765.1
2016-03-17 15:10:00,765.033333333333
2016-03-17 15:20:00,764.966666666667
2016-03-17 15:30:00,764.9
2016-03-17 15:40:00,764.8333333333329
2016-03-17 15:50:00,764.766666666667
2016-03-17 16:00:00,764.7
2016-03-17 16:10:00,764.6666666666669
2016-03-17 16:20:00,764.6333333333331
2016-03-17 16:30:00,764.6
2016-03-17 16:40:00,764.5666666666668
2016-03-17 16:50:00,764.533333333333
2016-03-17 17:00:00,764.5
2016-03-17 17:10:00,764.45
2016-03-17 17:20:00,764.4
2016-03-17 17:30:00,764.35
2016-03-17 17:40:00,764.2999999999998
2016-03-17 17:50:00,764.25
2016-03-17 18:00:00,764.2
2016-03-17 18:10:00,764.2
2016-03-17 18:20:00,764.2
2016-03-17 18:30:00,764.2
2016-03-17 18:40:00,764.2
2016-03-17 18:50:00,764.2
2016-03-17 19:00:00,764.2
2016-03-17 19:10:00,764.216666666667
2016-03-17 19:20:00,764.233333333333
2016-03-17 19:30:00,764.25
2016-03-17 19:40:00,764.266666666667
2016-03-17 19:50:00,764.283333333333
2016-03-17 20:00:00,764.2999999999998
2016-03-17 20:10:00,764.3166666666668
2016-03-17 20:20:00,764.3333333333329
2016-03-17 20:30:00,764.35
2016-03-17 20:40:00,764.366666666667
2016-03-17 20:50:00,764.3833333333331
2016-03-17 21:00:00,764.4
2016-03-17 21:10:00,764.4166666666669
2016-03-17 21:20:00,764.4333333333329
2016-03-17 21:30:00,764.45
2016-03-17 21:40:00,764.466666666667
2016-03-17 21:50:00,764.483333333333
2016-03-17 22:00:00,764.5
2016-03-17 22:10:00,764.483333333333
2016-03-17 22:20:00,764.466666666667
2016-03-17 22:30:00,764.45
2016-03-17 22:40:00,764.4333333333329
2016-03-17 22:50:00,764.4166666666669
2016-03-17 23:00:00,764.4
2016-03-17 23:10:00,764.35
2016-03-17 23:20:00,764.2999999999998
2016-03-17 23:30:00,764.25
2016-03-17 23:40:00,764.2
2016-03-17 23:50:00,764.15
2016-03-18 00:00:00,764.1
2016-03-18 00:10:00,764.1
2016-03-18 00:20:00,764.1
2016-03-18 00:30:00,764.1
2016-03-18 00:40:00,764.1
2016-03-18 00:50:00,764.1
2016-03-18 01:00:00,764.1
2016-03-18 01:10:00,764.0666666666668
2016-03-18 01:20:00,764.033333333333
2016-03-18 01:30:00,764.0
2016-03-18 01:40:00,763.966666666667
2016-03-18 01:50:00,763.9333333333329
2016-03-18 02:00:00,763.9
2016-03-18 02:10:00,763.866666666667
2016-03-18 02:20:00,763.8333333333329
2016-03-18 02:30:00,763.7999999999998
2016-03-18 02:40:00,763.766666666667
2016-03-18 02:50:00,763.733333333333
2016-03-18 03:00:00,763.7
2016-03-18 03:10:00,763.6333333333331
2016-03-18 03:20:00,763.5666666666668
2016-03-18 03:30:00,763.5
2016-03-18 03:40:00,763.4333333333329
2016-03-18 03:50:00,763.366666666667
2016-03-18 04:00:00,763.2999999999998
2016-03-18 04:10:00,763.25
2016-03-18 04:20:00,763.2
2016-03-18 04:30:00,763.15
2016-03-18 04:40:00,763.1
2016-03-18 04:50:00,763.0499999999998
2016-03-18 05:00:00,763.0
2016-03-18 05:10:00,763.0
2016-03-18 05:20:00,763.0
2016-03-18 05:30:00,763.0
2016-03-18 05:40:00,763.0
2016-03-18 05:50:00,763.0
2016-03-18 06:00:00,763.0
2016-03-18 06:10:00,763.0499999999998
2016-03-18 06:20:00,763.1
2016-03-18 06:30:00,763.15
2016-03-18 06:40:00,763.2
2016-03-18 06:50:00,763.25
2016-03-18 07:00:00,763.2999999999998
2016-03-18 07:10:00,763.3166666666668
2016-03-18 07:20:00,763.3333333333329
2016-03-18 07:30:00,763.35
2016-03-18 07:40:00,763.366666666667
2016-03-18 07:50:00,763.3833333333331
2016-03-18 08:00:00,763.4
2016-03-18 08:10:00,763.4333333333329
2016-03-18 08:20:00,763.466666666667
2016-03-18 08:30:00,763.5
2016-03-18 08:40:00,763.533333333333
2016-03-18 08:50:00,763.5666666666668
2016-03-18 09:00:00,763.6
2016-03-18 09:10:00,763.6
2016-03-18 09:20:00,763.6
2016-03-18 09:30:00,763.6
2016-03-18 09:40:00,763.6
2016-03-18 09:50:00,763.6
2016-03-18 10:00:00,763.6
2016-03-18 10:10:00,763.6
2016-03-18 10:20:00,763.6
2016-03-18 10:30:00,763.6
2016-03-18 10:40:00,763.6
2016-03-18 10:50:00,763.6
2016-03-18 11:00:00,763.6
2016-03-18 11:10:00,763.6
2016-03-18 11:20:00,763.6
2016-03-18 11:30:00,763.6
2016-03-18 11:40:00,763.6
2016-03-18 11:50:00,763.6
2016-03-18 12:00:00,763.6
2016-03-18 12:10:00,763.5499999999998
2016-03-18 12:20:00,763.5
2016-03-18 12:30:00,763.45
2016-03-18 12:40:00,763.4
2016-03-18 12:50:00,763.35
2016-03-18 13:00:00,763.2999999999998
2016-03-18 13:10:00,763.216666666667
2016-03-18 13:20:00,763.1333333333331
2016-03-18 13:30:00,763.0499999999998
2016-03-18 13:40:00,762.966666666667
2016-03-18 13:50:00,762.8833333333331
2016-03-18 14:00:00,762.7999999999998
2016-03-18 14:10:00,762.716666666667
2016-03-18 14:20:00,762.6333333333331
2016-03-18 14:30:00,762.5499999999998
2016-03-18 14:40:00,762.466666666667
2016-03-18 14:50:00,762.3833333333331
2016-03-18 15:00:00,762.2999999999998
2016-03-18 15:10:00,762.266666666667
2016-03-18 15:20:00,762.233333333333
2016-03-18 15:30:00,762.2
2016-03-18 15:40:00,762.1666666666669
2016-03-18 15:50:00,762.1333333333331
2016-03-18 16:00:00,762.1
2016-03-18 16:10:00,762.1
2016-03-18 16:20:00,762.1
2016-03-18 16:30:00,762.1
2016-03-18 16:40:00,762.1
2016-03-18 16:50:00,762.1
2016-03-18 17:00:00,762.1
2016-03-18 17:10:00,762.1
2016-03-18 17:20:00,762.1
2016-03-18 17:30:00,762.1
2016-03-18 17:40:00,762.1
2016-03-18 17:50:00,762.1
2016-03-18 18:00:00,762.1
2016-03-18 18:10:00,762.116666666667
2016-03-18 18:20:00,762.1333333333331
2016-03-18 18:30:00,762.15
2016-03-18 18:40:00,762.1666666666669
2016-03-18 18:50:00,762.1833333333329
2016-03-18 19:00:00,762.2
2016-03-18 19:10:00,762.2
2016-03-18 19:20:00,762.2
2016-03-18 19:30:00,762.2
2016-03-18 19:40:00,762.2
2016-03-18 19:50:00,762.2
2016-03-18 20:00:00,762.2
2016-03-18 20:10:00,762.233333333333
2016-03-18 20:20:00,762.266666666667
2016-03-18 20:30:00,762.2999999999998
2016-03-18 20:40:00,762.3333333333329
2016-03-18 20:50:00,762.366666666667
2016-03-18 21:00:00,762.4
2016-03-18 21:10:00,762.4166666666669
2016-03-18 21:20:00,762.4333333333329
2016-03-18 21:30:00,762.45
2016-03-18 21:40:00,762.466666666667
2016-03-18 21:50:00,762.483333333333
2016-03-18 22:00:00,762.5
2016-03-18 22:10:00,762.5
2016-03-18 22:20:00,762.5
2016-03-18 22:30:00,762.5
2016-03-18 22:40:00,762.5
2016-03-18 22:50:00,762.5
2016-03-18 23:00:00,762.5
2016-03-18 23:10:00,762.5
2016-03-18 23:20:00,762.5
2016-03-18 23:30:00,762.5
2016-03-18 23:40:00,762.5
2016-03-18 23:50:00,762.5
2016-03-19 00:00:00,762.5
2016-03-19 00:10:00,762.516666666667
2016-03-19 00:20:00,762.533333333333
2016-03-19 00:30:00,762.5499999999998
2016-03-19 00:40:00,762.5666666666668
2016-03-19 00:50:00,762.5833333333329
2016-03-19 01:00:00,762.6
2016-03-19 01:10:00,762.5833333333329
2016-03-19 01:20:00,762.5666666666668
2016-03-19 01:30:00,762.5499999999998
2016-03-19 01:40:00,762.533333333333
2016-03-19 01:50:00,762.516666666667
2016-03-19 02:00:00,762.5
2016-03-19 02:10:00,762.4333333333329
2016-03-19 02:20:00,762.366666666667
2016-03-19 02:30:00,762.2999999999998
2016-03-19 02:40:00,762.233333333333
2016-03-19 02:50:00,762.1666666666669
2016-03-19 03:00:00,762.1
2016-03-19 03:10:00,762.0499999999998
2016-03-19 03:20:00,762.0
2016-03-19 03:30:00,761.95
2016-03-19 03:40:00,761.9
2016-03-19 03:50:00,761.85
2016-03-19 04:00:00,761.7999999999998
2016-03-19 04:10:00,761.7999999999998
2016-03-19 04:20:00,761.7999999999998
2016-03-19 04:30:00,761.7999999999998
2016-03-19 04:40:00,761.7999999999998
2016-03-19 04:50:00,761.7999999999998
2016-03-19 05:00:00,761.7999999999998
2016-03-19 05:10:00,761.7999999999998
2016-03-19 05:20:00,761.7999999999998
2016-03-19 05:30:00,761.7999999999998
2016-03-19 05:40:00,761.7999999999998
2016-03-19 05:50:00,761.7999999999998
2016-03-19 06:00:00,761.7999999999998
2016-03-19 06:10:00,761.7999999999998
2016-03-19 06:20:00,761.7999999999998
2016-03-19 06:30:00,761.7999999999998
2016-03-19 06:40:00,761.7999999999998
2016-03-19 06:50:00,761.7999999999998
2016-03-19 07:00:00,761.7999999999998
2016-03-19 07:10:00,761.866666666667
2016-03-19 07:20:00,761.9333333333329
2016-03-19 07:30:00,762.0
2016-03-19 07:40:00,762.0666666666668
2016-03-19 07:50:00,762.1333333333331
2016-03-19 08:00:00,762.2
2016-03-19 08:10:00,762.216666666667
2016-03-19 08:20:00,762.233333333333
2016-03-19 08:30:00,762.25
2016-03-19 08:40:00,762.266666666667
2016-03-19 08:50:00,762.283333333333
2016-03-19 09:00:00,762.2999999999998
2016-03-19 09:10:00,762.35
2016-03-19 09:20:00,762.4
2016-03-19 09:30:00,762.45
2016-03-19 09:40:00,762.5
2016-03-19 09:50:00,762.5499999999998
2016-03-19 10:00:00,762.6
2016-03-19 10:10:00,762.616666666667
2016-03-19 10:20:00,762.6333333333331
2016-03-19 10:30:00,762.65
2016-03-19 10:40:00,762.6666666666669
2016-03-19 10:50:00,762.6833333333329
2016-03-19 11:00:00,762.7
2016-03-19 11:10:00,762.716666666667
2016-03-19 11:20:00,762.733333333333
2016-03-19 11:30:00,762.75
2016-03-19 11:40:00,762.766666666667
2016-03-19 11:50:00,762.783333333333
2016-03-19 12:00:00,762.7999999999998
2016-03-19 12:10:00,762.766666666667
2016-03-19 12:20:00,762.733333333333
2016-03-19 12:30:00,762.7
2016-03-19 12:40:00,762.6666666666669
2016-03-19 12:50:00,762.6333333333331
2016-03-19 13:00:00,762.6
2016-03-19 13:10:00,762.5833333333329
2016-03-19 13:20:00,762.5666666666668
2016-03-19 13:30:00,762.5499999999998
2016-03-19 13:40:00,762.533333333333
2016-03-19 13:50:00,762.516666666667
2016-03-19 14:00:00,762.5
2016-03-19 14:10:00,762.483333333333
2016-03-19 14:20:00,762.466666666667
2016-03-19 14:30:00,762.45
2016-03-19 14:40:00,762.4333333333329
2016-03-19 14:50:00,762.4166666666669
2016-03-19 15:00:00,762.4
2016-03-19 15:10:00,762.3833333333331
2016-03-19 15:20:00,762.366666666667
2016-03-19 15:30:00,762.35
2016-03-19 15:40:00,762.3333333333329
2016-03-19 15:50:00,762.3166666666668
2016-03-19 16:00:00,762.2999999999998
2016-03-19 16:10:00,762.266666666667
2016-03-19 16:20:00,762.233333333333
2016-03-19 16:30:00,762.2
2016-03-19 16:40:00,762.1666666666669
2016-03-19 16:50:00,762.1333333333331
2016-03-19 17:00:00,762.1
2016-03-19 17:10:00,762.1
2016-03-19 17:20:00,762.1
2016-03-19 17:30:00,762.1
2016-03-19 17:40:00,762.1
2016-03-19 17:50:00,762.1
2016-03-19 18:00:00,762.1
2016-03-19 18:10:00,762.116666666667
2016-03-19 18:20:00,762.1333333333331
2016-03-19 18:30:00,762.15
2016-03-19 18:40:00,762.1666666666669
2016-03-19 18:50:00,762.1833333333329
2016-03-19 19:00:00,762.2
2016-03-19 19:10:00,762.2
2016-03-19 19:20:00,762.2
2016-03-19 19:30:00,762.2
2016-03-19 19:40:00,762.2
2016-03-19 19:50:00,762.2
2016-03-19 20:00:00,762.2
2016-03-19 20:10:00,762.266666666667
2016-03-19 20:20:00,762.3333333333329
2016-03-19 20:30:00,762.4
2016-03-19 20:40:00,762.466666666667
2016-03-19 20:50:00,762.533333333333
2016-03-19 21:00:00,762.6
2016-03-19 21:10:00,762.5833333333329
2016-03-19 21:20:00,762.5666666666668
2016-03-19 21:30:00,762.5499999999998
2016-03-19 21:40:00,762.533333333333
2016-03-19 21:50:00,762.516666666667
2016-03-19 22:00:00,762.5
2016-03-19 22:10:00,762.5
2016-03-19 22:20:00,762.5
2016-03-19 22:30:00,762.5
2016-03-19 22:40:00,762.5
2016-03-19 22:50:00,762.5
2016-03-19 23:00:00,762.5
2016-03-19 23:10:00,762.5
2016-03-19 23:20:00,762.5
2016-03-19 23:30:00,762.5
2016-03-19 23:40:00,762.5
2016-03-19 23:50:00,762.5
2016-03-20 00:00:00,762.5
2016-03-20 00:10:00,762.466666666667
2016-03-20 00:20:00,762.4333333333329
2016-03-20 00:30:00,762.4
2016-03-20 00:40:00,762.366666666667
2016-03-20 00:50:00,762.3333333333329
2016-03-20 01:00:00,762.2999999999998
2016-03-20 01:10:00,762.2999999999998
2016-03-20 01:20:00,762.2999999999998
2016-03-20 01:30:00,762.2999999999998
2016-03-20 01:40:00,762.2999999999998
2016-03-20 01:50:00,762.2999999999998
2016-03-20 02:00:00,762.2999999999998
2016-03-20 02:10:00,762.266666666667
2016-03-20 02:20:00,762.233333333333
2016-03-20 02:30:00,762.2
2016-03-20 02:40:00,762.1666666666669
2016-03-20 02:50:00,762.1333333333331
2016-03-20 03:00:00,762.1
2016-03-20 03:10:00,762.0499999999998
2016-03-20 03:20:00,762.0
2016-03-20 03:30:00,761.95
2016-03-20 03:40:00,761.9
2016-03-20 03:50:00,761.85
2016-03-20 04:00:00,761.7999999999998
2016-03-20 04:10:00,761.75
2016-03-20 04:20:00,761.7
2016-03-20 04:30:00,761.65
2016-03-20 04:40:00,761.6
2016-03-20 04:50:00,761.5499999999998
2016-03-20 05:00:00,761.5
2016-03-20 05:10:00,761.5
2016-03-20 05:20:00,761.5
2016-03-20 05:30:00,761.5
2016-03-20 05:40:00,761.5
2016-03-20 05:50:00,761.5
2016-03-20 06:00:00,761.5
2016-03-20 06:10:00,761.5499999999998
2016-03-20 06:20:00,761.6
2016-03-20 06:30:00,761.65
2016-03-20 06:40:00,761.7
2016-03-20 06:50:00,761.75
2016-03-20 07:00:00,761.7999999999998
2016-03-20 07:10:00,761.7999999999998
2016-03-20 07:20:00,761.7999999999998
2016-03-20 07:30:00,761.7999999999998
2016-03-20 07:40:00,761.7999999999998
2016-03-20 07:50:00,761.7999999999998
2016-03-20 08:00:00,761.7999999999998
2016-03-20 08:10:00,761.85
2016-03-20 08:20:00,761.9
2016-03-20 08:30:00,761.95
2016-03-20 08:40:00,762.0
2016-03-20 08:50:00,762.0499999999998
2016-03-20 09:00:00,762.1
2016-03-20 09:10:00,762.0499999999998
2016-03-20 09:20:00,762.0
2016-03-20 09:30:00,761.95
2016-03-20 09:40:00,761.9
2016-03-20 09:50:00,761.85
2016-03-20 10:00:00,761.7999999999998
2016-03-20 10:10:00,761.85
2016-03-20 10:20:00,761.9
2016-03-20 10:30:00,761.95
2016-03-20 10:40:00,762.0
2016-03-20 10:50:00,762.0499999999998
2016-03-20 11:00:00,762.1
2016-03-20 11:10:00,762.0499999999998
2016-03-20 11:20:00,762.0
2016-03-20 11:30:00,761.95
2016-03-20 11:40:00,761.9
2016-03-20 11:50:00,761.85
2016-03-20 12:00:00,761.7999999999998
2016-03-20 12:10:00,761.75
2016-03-20 12:20:00,761.7
2016-03-20 12:30:00,761.65
2016-03-20 12:40:00,761.6
2016-03-20 12:50:00,761.5499999999998
2016-03-20 13:00:00,761.5
2016-03-20 13:10:00,761.5
2016-03-20 13:20:00,761.5
2016-03-20 13:30:00,761.5
2016-03-20 13:40:00,761.5
2016-03-20 13:50:00,761.5
2016-03-20 14:00:00,761.5
2016-03-20 14:10:00,761.4333333333329
2016-03-20 14:20:00,761.366666666667
2016-03-20 14:30:00,761.2999999999998
2016-03-20 14:40:00,761.233333333333
2016-03-20 14:50:00,761.1666666666669
2016-03-20 15:00:00,761.1
2016-03-20 15:10:00,761.0499999999998
2016-03-20 15:20:00,761.0
2016-03-20 15:30:00,760.95
2016-03-20 15:40:00,760.9
2016-03-20 15:50:00,760.85
2016-03-20 16:00:00,760.7999999999998
2016-03-20 16:10:00,760.766666666667
2016-03-20 16:20:00,760.733333333333
2016-03-20 16:30:00,760.7
2016-03-20 16:40:00,760.6666666666669
2016-03-20 16:50:00,760.6333333333331
2016-03-20 17:00:00,760.6
2016-03-20 17:10:00,760.616666666667
2016-03-20 17:20:00,760.6333333333331
2016-03-20 17:30:00,760.65
2016-03-20 17:40:00,760.6666666666669
2016-03-20 17:50:00,760.6833333333329
2016-03-20 18:00:00,760.7
2016-03-20 18:10:00,760.716666666667
2016-03-20 18:20:00,760.733333333333
2016-03-20 18:30:00,760.75
2016-03-20 18:40:00,760.766666666667
2016-03-20 18:50:00,760.783333333333
2016-03-20 19:00:00,760.7999999999998
2016-03-20 19:10:00,760.85
2016-03-20 19:20:00,760.9
2016-03-20 19:30:00,760.95
2016-03-20 19:40:00,761.0
2016-03-20 19:50:00,761.0499999999998
2016-03-20 20:00:00,761.1
2016-03-20 20:10:00,761.1666666666669
2016-03-20 20:20:00,761.233333333333
2016-03-20 20:30:00,761.2999999999998
2016-03-20 20:40:00,761.366666666667
2016-03-20 20:50:00,761.4333333333329
2016-03-20 21:00:00,761.5
2016-03-20 21:10:00,761.466666666667
2016-03-20 21:20:00,761.4333333333329
2016-03-20 21:30:00,761.4
2016-03-20 21:40:00,761.366666666667
2016-03-20 21:50:00,761.3333333333329
2016-03-20 22:00:00,761.2999999999998
2016-03-20 22:10:00,761.3333333333329
2016-03-20 22:20:00,761.366666666667
2016-03-20 22:30:00,761.4
2016-03-20 22:40:00,761.4333333333329
2016-03-20 22:50:00,761.466666666667
2016-03-20 23:00:00,761.5
2016-03-20 23:10:00,761.483333333333
2016-03-20 23:20:00,761.466666666667
2016-03-20 23:30:00,761.45
2016-03-20 23:40:00,761.4333333333329
2016-03-20 23:50:00,761.4166666666669
2016-03-21 00:00:00,761.4
2016-03-21 00:10:00,761.4
2016-03-21 00:20:00,761.4
2016-03-21 00:30:00,761.4
2016-03-21 00:40:00,761.4
2016-03-21 00:50:00,761.4
2016-03-21 01:00:00,761.4
2016-03-21 01:10:00,761.3833333333331
2016-03-21 01:20:00,761.366666666667
2016-03-21 01:30:00,761.35
2016-03-21 01:40:00,761.3333333333329
2016-03-21 01:50:00,761.3166666666668
2016-03-21 02:00:00,761.2999999999998
2016-03-21 02:10:00,761.266666666667
2016-03-21 02:20:00,761.233333333333
2016-03-21 02:30:00,761.2
2016-03-21 02:40:00,761.1666666666669
2016-03-21 02:50:00,761.1333333333331
2016-03-21 03:00:00,761.1
2016-03-21 03:10:00,761.1
2016-03-21 03:20:00,761.1
2016-03-21 03:30:00,761.1
2016-03-21 03:40:00,761.1
2016-03-21 03:50:00,761.1
2016-03-21 04:00:00,761.1
2016-03-21 04:10:00,761.0666666666668
2016-03-21 04:20:00,761.033333333333
2016-03-21 04:30:00,761.0
2016-03-21 04:40:00,760.966666666667
2016-03-21 04:50:00,760.9333333333329
2016-03-21 05:00:00,760.9
2016-03-21 05:10:00,760.9333333333329
2016-03-21 05:20:00,760.966666666667
2016-03-21 05:30:00,761.0
2016-03-21 05:40:00,761.033333333333
2016-03-21 05:50:00,761.0666666666668
2016-03-21 06:00:00,761.1
2016-03-21 06:10:00,761.1
2016-03-21 06:20:00,761.1
2016-03-21 06:30:00,761.1
2016-03-21 06:40:00,761.1
2016-03-21 06:50:00,761.1
2016-03-21 07:00:00,761.1
2016-03-21 07:10:00,761.1333333333331
2016-03-21 07:20:00,761.1666666666669
2016-03-21 07:30:00,761.2
2016-03-21 07:40:00,761.233333333333
2016-03-21 07:50:00,761.266666666667
2016-03-21 08:00:00,761.2999999999998
2016-03-21 08:10:00,761.3333333333329
2016-03-21 08:20:00,761.366666666667
2016-03-21 08:30:00,761.4
2016-03-21 08:40:00,761.4333333333329
2016-03-21 08:50:00,761.466666666667
2016-03-21 09:00:00,761.5
2016-03-21 09:10:00,761.533333333333
2016-03-21 09:20:00,761.5666666666668
2016-03-21 09:30:00,761.6
2016-03-21 09:40:00,761.6333333333331
2016-03-21 09:50:00,761.6666666666669
2016-03-21 10:00:00,761.7
2016-03-21 10:10:00,761.716666666667
2016-03-21 10:20:00,761.733333333333
2016-03-21 10:30:00,761.75
2016-03-21 10:40:00,761.766666666667
2016-03-21 10:50:00,761.783333333333
2016-03-21 11:00:00,761.7999999999998
2016-03-21 11:10:00,761.7999999999998
2016-03-21 11:20:00,761.7999999999998
2016-03-21 11:30:00,761.7999999999998
2016-03-21 11:40:00,761.7999999999998
2016-03-21 11:50:00,761.7999999999998
2016-03-21 12:00:00,761.7999999999998
2016-03-21 12:10:00,761.75
2016-03-21 12:20:00,761.7
2016-03-21 12:30:00,761.65
2016-03-21 12:40:00,761.6
2016-03-21 12:50:00,761.5499999999998
2016-03-21 13:00:00,761.5
2016-03-21 13:10:00,761.4333333333329
2016-03-21 13:20:00,761.366666666667
2016-03-21 13:30:00,761.2999999999998
2016-03-21 13:40:00,761.233333333333
2016-03-21 13:50:00,761.1666666666669
2016-03-21 14:00:00,761.1
2016-03-21 14:10:00,761.033333333333
2016-03-21 14:20:00,760.966666666667
2016-03-21 14:30:00,760.9
2016-03-21 14:40:00,760.8333333333329
2016-03-21 14:50:00,760.766666666667
2016-03-21 15:00:00,760.7
2016-03-21 15:10:00,760.65
2016-03-21 15:20:00,760.6
2016-03-21 15:30:00,760.5499999999998
2016-03-21 15:40:00,760.5
2016-03-21 15:50:00,760.45
2016-03-21 16:00:00,760.4
2016-03-21 16:10:00,760.3333333333329
2016-03-21 16:20:00,760.266666666667
2016-03-21 16:30:00,760.2
2016-03-21 16:40:00,760.1333333333331
2016-03-21 16:50:00,760.0666666666668
2016-03-21 17:00:00,760.0
2016-03-21 17:10:00,760.033333333333
2016-03-21 17:20:00,760.0666666666668
2016-03-21 17:30:00,760.1
2016-03-21 17:40:00,760.1333333333331
2016-03-21 17:50:00,760.1666666666669
2016-03-21 18:00:00,760.2
2016-03-21 18:10:00,760.1666666666669
2016-03-21 18:20:00,760.1333333333331
2016-03-21 18:30:00,760.1
2016-03-21 18:40:00,760.0666666666668
2016-03-21 18:50:00,760.033333333333
2016-03-21 19:00:00,760.0
2016-03-21 19:10:00,759.966666666667
2016-03-21 19:20:00,759.9333333333329
2016-03-21 19:30:00,759.9
2016-03-21 19:40:00,759.866666666667
2016-03-21 19:50:00,759.8333333333329
2016-03-21 20:00:00,759.7999999999998
2016-03-21 20:10:00,759.8333333333329
2016-03-21 20:20:00,759.866666666667
2016-03-21 20:30:00,759.9
2016-03-21 20:40:00,759.9333333333329
2016-03-21 20:50:00,759.966666666667
2016-03-21 21:00:00,760.0
2016-03-21 21:10:00,760.0
2016-03-21 21:20:00,760.0
2016-03-21 21:30:00,760.0
2016-03-21 21:40:00,760.0
2016-03-21 21:50:00,760.0
2016-03-21 22:00:00,760.0
2016-03-21 22:10:00,759.9333333333329
2016-03-21 22:20:00,759.866666666667
2016-03-21 22:30:00,759.7999999999998
2016-03-21 22:40:00,759.733333333333
2016-03-21 22:50:00,759.6666666666669
2016-03-21 23:00:00,759.6
2016-03-21 23:10:00,759.6
2016-03-21 23:20:00,759.6
2016-03-21 23:30:00,759.6
2016-03-21 23:40:00,759.6
2016-03-21 23:50:00,759.6
2016-03-22 00:00:00,759.6
2016-03-22 00:10:00,759.5833333333329
2016-03-22 00:20:00,759.5666666666668
2016-03-22 00:30:00,759.5499999999998
2016-03-22 00:40:00,759.533333333333
2016-03-22 00:50:00,759.516666666667
2016-03-22 01:00:00,759.5
2016-03-22 01:10:00,759.45
2016-03-22 01:20:00,759.4
2016-03-22 01:30:00,759.35
2016-03-22 01:40:00,759.2999999999998
2016-03-22 01:50:00,759.25
2016-03-22 02:00:00,759.2
2016-03-22 02:10:00,759.15
2016-03-22 02:20:00,759.1
2016-03-22 02:30:00,759.0499999999998
2016-03-22 02:40:00,759.0
2016-03-22 02:50:00,758.95
2016-03-22 03:00:00,758.9
2016-03-22 03:10:00,758.8333333333329
2016-03-22 03:20:00,758.766666666667
2016-03-22 03:30:00,758.7
2016-03-22 03:40:00,758.6333333333331
2016-03-22 03:50:00,758.5666666666668
2016-03-22 04:00:00,758.5
2016-03-22 04:10:00,758.483333333333
2016-03-22 04:20:00,758.466666666667
2016-03-22 04:30:00,758.45
2016-03-22 04:40:00,758.4333333333329
2016-03-22 04:50:00,758.4166666666669
2016-03-22 05:00:00,758.4
2016-03-22 05:10:00,758.35
2016-03-22 05:20:00,758.2999999999998
2016-03-22 05:30:00,758.25
2016-03-22 05:40:00,758.2
2016-03-22 05:50:00,758.15
2016-03-22 06:00:00,758.1
2016-03-22 06:10:00,758.1
2016-03-22 06:20:00,758.1
2016-03-22 06:30:00,758.1
2016-03-22 06:40:00,758.1
2016-03-22 06:50:00,758.1
2016-03-22 07:00:00,758.1
2016-03-22 07:10:00,758.116666666667
2016-03-22 07:20:00,758.1333333333331
2016-03-22 07:30:00,758.15
2016-03-22 07:40:00,758.1666666666669
2016-03-22 07:50:00,758.1833333333329
2016-03-22 08:00:00,758.2
2016-03-22 08:10:00,758.1833333333329
2016-03-22 08:20:00,758.1666666666669
2016-03-22 08:30:00,758.15
2016-03-22 08:40:00,758.1333333333331
2016-03-22 08:50:00,758.116666666667
2016-03-22 09:00:00,758.1
2016-03-22 09:10:00,758.1
2016-03-22 09:20:00,758.1
2016-03-22 09:30:00,758.1
2016-03-22 09:40:00,758.1
2016-03-22 09:50:00,758.1
2016-03-22 10:00:00,758.1
2016-03-22 10:10:00,758.0499999999998
2016-03-22 10:20:00,758.0
2016-03-22 10:30:00,757.95
2016-03-22 10:40:00,757.9
2016-03-22 10:50:00,757.85
2016-03-22 11:00:00,757.7999999999998
2016-03-22 11:10:00,757.766666666667
2016-03-22 11:20:00,757.733333333333
2016-03-22 11:30:00,757.7
2016-03-22 11:40:00,757.6666666666669
2016-03-22 11:50:00,757.6333333333331
2016-03-22 12:00:00,757.6
2016-03-22 12:10:00,757.5499999999998
2016-03-22 12:20:00,757.5
2016-03-22 12:30:00,757.45
2016-03-22 12:40:00,757.4
2016-03-22 12:50:00,757.35
2016-03-22 13:00:00,757.2999999999998
2016-03-22 13:10:00,757.233333333333
2016-03-22 13:20:00,757.1666666666669
2016-03-22 13:30:00,757.1
2016-03-22 13:40:00,757.033333333333
2016-03-22 13:50:00,756.966666666667
2016-03-22 14:00:00,756.9
2016-03-22 14:10:00,756.8333333333329
2016-03-22 14:20:00,756.766666666667
2016-03-22 14:30:00,756.7
2016-03-22 14:40:00,756.6333333333331
2016-03-22 14:50:00,756.5666666666668
2016-03-22 15:00:00,756.5
2016-03-22 15:10:00,756.45
2016-03-22 15:20:00,756.4
2016-03-22 15:30:00,756.35
2016-03-22 15:40:00,756.2999999999998
2016-03-22 15:50:00,756.25
2016-03-22 16:00:00,756.2
2016-03-22 16:10:00,756.1833333333329
2016-03-22 16:20:00,756.1666666666669
2016-03-22 16:30:00,756.15
2016-03-22 16:40:00,756.1333333333331
2016-03-22 16:50:00,756.116666666667
2016-03-22 17:00:00,756.1
2016-03-22 17:10:00,756.0666666666668
2016-03-22 17:20:00,756.033333333333
2016-03-22 17:30:00,756.0
2016-03-22 17:40:00,755.966666666667
2016-03-22 17:50:00,755.9333333333329
2016-03-22 18:00:00,755.9
2016-03-22 18:10:00,755.9333333333329
2016-03-22 18:20:00,755.966666666667
2016-03-22 18:30:00,756.0
2016-03-22 18:40:00,756.033333333333
2016-03-22 18:50:00,756.0666666666668
2016-03-22 19:00:00,756.1
2016-03-22 19:10:00,756.1
2016-03-22 19:20:00,756.1
2016-03-22 19:30:00,756.1
2016-03-22 19:40:00,756.1
2016-03-22 19:50:00,756.1
2016-03-22 20:00:00,756.1
2016-03-22 20:10:00,756.116666666667
2016-03-22 20:20:00,756.1333333333331
2016-03-22 20:30:00,756.15
2016-03-22 20:40:00,756.1666666666669
2016-03-22 20:50:00,756.1833333333329
2016-03-22 21:00:00,756.2
2016-03-22 21:10:00,756.1833333333329
2016-03-22 21:20:00,756.1666666666669
2016-03-22 21:30:00,756.15
2016-03-22 21:40:00,756.1333333333331
2016-03-22 21:50:00,756.116666666667
2016-03-22 22:00:00,756.1
2016-03-22 22:10:00,756.116666666667
2016-03-22 22:20:00,756.1333333333331
2016-03-22 22:30:00,756.15
2016-03-22 22:40:00,756.1666666666669
2016-03-22 22:50:00,756.1833333333329
2016-03-22 23:00:00,756.2
2016-03-22 23:10:00,756.1916666666668
2016-03-22 23:20:00,756.1833333333329
2016-03-22 23:30:00,756.1749999999998
2016-03-22 23:40:00,756.1666666666669
2016-03-22 23:50:00,756.158333333333
2016-03-23 00:00:00,756.15
2016-03-23 00:10:00,756.141666666667
2016-03-23 00:20:00,756.1333333333331
2016-03-23 00:30:00,756.125
2016-03-23 00:40:00,756.116666666667
2016-03-23 00:50:00,756.108333333333
2016-03-23 01:00:00,756.1
2016-03-23 01:10:00,756.0666666666668
2016-03-23 01:20:00,756.033333333333
2016-03-23 01:30:00,756.0
2016-03-23 01:40:00,755.966666666667
2016-03-23 01:50:00,755.9333333333329
2016-03-23 02:00:00,755.9
2016-03-23 02:10:00,755.8833333333331
2016-03-23 02:20:00,755.866666666667
2016-03-23 02:30:00,755.85
2016-03-23 02:40:00,755.8333333333329
2016-03-23 02:50:00,755.8166666666668
2016-03-23 03:00:00,755.7999999999998
2016-03-23 03:10:00,755.7999999999998
2016-03-23 03:20:00,755.7999999999998
2016-03-23 03:30:00,755.7999999999998
2016-03-23 03:40:00,755.7999999999998
2016-03-23 03:50:00,755.7999999999998
2016-03-23 04:00:00,755.7999999999998
2016-03-23 04:10:00,755.7999999999998
2016-03-23 04:20:00,755.7999999999998
2016-03-23 04:30:00,755.7999999999998
2016-03-23 04:40:00,755.7999999999998
2016-03-23 04:50:00,755.7999999999998
2016-03-23 05:00:00,755.7999999999998
2016-03-23 05:10:00,755.7999999999998
2016-03-23 05:20:00,755.7999999999998
2016-03-23 05:30:00,755.7999999999998
2016-03-23 05:40:00,755.7999999999998
2016-03-23 05:50:00,755.7999999999998
2016-03-23 06:00:00,755.7999999999998
2016-03-23 06:10:00,755.85
2016-03-23 06:20:00,755.9
2016-03-23 06:30:00,755.95
2016-03-23 06:40:00,756.0
2016-03-23 06:50:00,756.0499999999998
2016-03-23 07:00:00,756.1
2016-03-23 07:10:00,756.1
2016-03-23 07:20:00,756.1
2016-03-23 07:30:00,756.1
2016-03-23 07:40:00,756.1
2016-03-23 07:50:00,756.1
2016-03-23 08:00:00,756.1
2016-03-23 08:10:00,756.116666666667
2016-03-23 08:20:00,756.1333333333331
2016-03-23 08:30:00,756.15
2016-03-23 08:40:00,756.1666666666669
2016-03-23 08:50:00,756.1833333333329
2016-03-23 09:00:00,756.2
2016-03-23 09:10:00,756.1833333333329
2016-03-23 09:20:00,756.1666666666669
2016-03-23 09:30:00,756.15
2016-03-23 09:40:00,756.1333333333331
2016-03-23 09:50:00,756.116666666667
2016-03-23 10:00:00,756.1
2016-03-23 10:10:00,756.116666666667
2016-03-23 10:20:00,756.1333333333331
2016-03-23 10:30:00,756.15
2016-03-23 10:40:00,756.1666666666669
2016-03-23 10:50:00,756.1833333333329
2016-03-23 11:00:00,756.2
2016-03-23 11:10:00,756.216666666667
2016-03-23 11:20:00,756.233333333333
2016-03-23 11:30:00,756.25
2016-03-23 11:40:00,756.266666666667
2016-03-23 11:50:00,756.283333333333
2016-03-23 12:00:00,756.2999999999998
2016-03-23 12:10:00,756.283333333333
2016-03-23 12:20:00,756.266666666667
2016-03-23 12:30:00,756.25
2016-03-23 12:40:00,756.233333333333
2016-03-23 12:50:00,756.216666666667
2016-03-23 13:00:00,756.2
2016-03-23 13:10:00,756.2
2016-03-23 13:20:00,756.2
2016-03-23 13:30:00,756.2
2016-03-23 13:40:00,756.2
2016-03-23 13:50:00,756.2
2016-03-23 14:00:00,756.2
2016-03-23 14:10:00,756.1333333333331
2016-03-23 14:20:00,756.0666666666668
2016-03-23 14:30:00,756.0
2016-03-23 14:40:00,755.9333333333329
2016-03-23 14:50:00,755.866666666667
2016-03-23 15:00:00,755.7999999999998
2016-03-23 15:10:00,755.7999999999998
2016-03-23 15:20:00,755.7999999999998
2016-03-23 15:30:00,755.7999999999998
2016-03-23 15:40:00,755.7999999999998
2016-03-23 15:50:00,755.7999999999998
2016-03-23 16:00:00,755.7999999999998
2016-03-23 16:10:00,755.7999999999998
2016-03-23 16:20:00,755.7999999999998
2016-03-23 16:30:00,755.7999999999998
2016-03-23 16:40:00,755.7999999999998
2016-03-23 16:50:00,755.7999999999998
2016-03-23 17:00:00,755.7999999999998
2016-03-23 17:10:00,755.8166666666668
2016-03-23 17:20:00,755.8333333333329
2016-03-23 17:30:00,755.85
2016-03-23 17:40:00,755.866666666667
2016-03-23 17:50:00,755.8833333333331
2016-03-23 18:00:00,755.9
2016-03-23 18:10:00,755.95
2016-03-23 18:20:00,756.0
2016-03-23 18:30:00,756.0499999999998
2016-03-23 18:40:00,756.1
2016-03-23 18:50:00,756.15
2016-03-23 19:00:00,756.2
2016-03-23 19:10:00,756.233333333333
2016-03-23 19:20:00,756.266666666667
2016-03-23 19:30:00,756.2999999999998
2016-03-23 19:40:00,756.3333333333329
2016-03-23 19:50:00,756.366666666667
2016-03-23 20:00:00,756.4
2016-03-23 20:10:00,756.4333333333329
2016-03-23 20:20:00,756.466666666667
2016-03-23 20:30:00,756.5
2016-03-23 20:40:00,756.533333333333
2016-03-23 20:50:00,756.5666666666668
2016-03-23 21:00:00,756.6
2016-03-23 21:10:00,756.6333333333331
2016-03-23 21:20:00,756.6666666666669
2016-03-23 21:30:00,756.7
2016-03-23 21:40:00,756.733333333333
2016-03-23 21:50:00,756.766666666667
2016-03-23 22:00:00,756.7999999999998
2016-03-23 22:10:00,756.8333333333329
2016-03-23 22:20:00,756.866666666667
2016-03-23 22:30:00,756.9
2016-03-23 22:40:00,756.9333333333329
2016-03-23 22:50:00,756.966666666667
2016-03-23 23:00:00,757.0
2016-03-23 23:10:00,756.983333333333
2016-03-23 23:20:00,756.966666666667
2016-03-23 23:30:00,756.95
2016-03-23 23:40:00,756.9333333333329
2016-03-23 23:50:00,756.9166666666669
2016-03-24 00:00:00,756.9
2016-03-24 00:10:00,756.9
2016-03-24 00:20:00,756.9
2016-03-24 00:30:00,756.9
2016-03-24 00:40:00,756.9
2016-03-24 00:50:00,756.9
2016-03-24 01:00:00,756.9
2016-03-24 01:10:00,756.866666666667
2016-03-24 01:20:00,756.8333333333329
2016-03-24 01:30:00,756.7999999999998
2016-03-24 01:40:00,756.766666666667
2016-03-24 01:50:00,756.733333333333
2016-03-24 02:00:00,756.7
2016-03-24 02:10:00,756.6833333333329
2016-03-24 02:20:00,756.6666666666669
2016-03-24 02:30:00,756.65
2016-03-24 02:40:00,756.6333333333331
2016-03-24 02:50:00,756.616666666667
2016-03-24 03:00:00,756.6
2016-03-24 03:10:00,756.5833333333329
2016-03-24 03:20:00,756.5666666666668
2016-03-24 03:30:00,756.5499999999998
2016-03-24 03:40:00,756.533333333333
2016-03-24 03:50:00,756.516666666667
2016-03-24 04:00:00,756.5
2016-03-24 04:10:00,756.45
2016-03-24 04:20:00,756.4
2016-03-24 04:30:00,756.35
2016-03-24 04:40:00,756.2999999999998
2016-03-24 04:50:00,756.25
2016-03-24 05:00:00,756.2
2016-03-24 05:10:00,756.2
2016-03-24 05:20:00,756.2
2016-03-24 05:30:00,756.2
2016-03-24 05:40:00,756.2
2016-03-24 05:50:00,756.2
2016-03-24 06:00:00,756.2
2016-03-24 06:10:00,756.216666666667
2016-03-24 06:20:00,756.233333333333
2016-03-24 06:30:00,756.25
2016-03-24 06:40:00,756.266666666667
2016-03-24 06:50:00,756.283333333333
2016-03-24 07:00:00,756.2999999999998
2016-03-24 07:10:00,756.35
2016-03-24 07:20:00,756.4
2016-03-24 07:30:00,756.45
2016-03-24 07:40:00,756.5
2016-03-24 07:50:00,756.5499999999998
2016-03-24 08:00:00,756.6
2016-03-24 08:10:00,756.616666666667
2016-03-24 08:20:00,756.6333333333331
2016-03-24 08:30:00,756.65
2016-03-24 08:40:00,756.6666666666669
2016-03-24 08:50:00,756.6833333333329
2016-03-24 09:00:00,756.7
2016-03-24 09:10:00,756.733333333333
2016-03-24 09:20:00,756.766666666667
2016-03-24 09:30:00,756.7999999999998
2016-03-24 09:40:00,756.8333333333329
2016-03-24 09:50:00,756.866666666667
2016-03-24 10:00:00,756.9
2016-03-24 10:10:00,756.9
2016-03-24 10:20:00,756.9
2016-03-24 10:30:00,756.9
2016-03-24 10:40:00,756.9
2016-03-24 10:50:00,756.9
2016-03-24 11:00:00,756.9
2016-03-24 11:10:00,756.9
2016-03-24 11:20:00,756.9
2016-03-24 11:30:00,756.9
2016-03-24 11:40:00,756.9
2016-03-24 11:50:00,756.9
2016-03-24 12:00:00,756.9
2016-03-24 12:10:00,756.866666666667
2016-03-24 12:20:00,756.8333333333329
2016-03-24 12:30:00,756.7999999999998
2016-03-24 12:40:00,756.766666666667
2016-03-24 12:50:00,756.733333333333
2016-03-24 13:00:00,756.7
2016-03-24 13:10:00,756.65
2016-03-24 13:20:00,756.6
2016-03-24 13:30:00,756.5499999999998
2016-03-24 13:40:00,756.5
2016-03-24 13:50:00,756.45
2016-03-24 14:00:00,756.4
2016-03-24 14:10:00,756.366666666667
2016-03-24 14:20:00,756.3333333333329
2016-03-24 14:30:00,756.2999999999998
2016-03-24 14:40:00,756.266666666667
2016-03-24 14:50:00,756.233333333333
2016-03-24 15:00:00,756.2
2016-03-24 15:10:00,756.1833333333329
2016-03-24 15:20:00,756.1666666666669
2016-03-24 15:30:00,756.15
2016-03-24 15:40:00,756.1333333333331
2016-03-24 15:50:00,756.116666666667
2016-03-24 16:00:00,756.1
2016-03-24 16:10:00,756.116666666667
2016-03-24 16:20:00,756.1333333333331
2016-03-24 16:30:00,756.15
2016-03-24 16:40:00,756.1666666666669
2016-03-24 16:50:00,756.1833333333329
2016-03-24 17:00:00,756.2
2016-03-24 17:10:00,756.2
2016-03-24 17:20:00,756.2
2016-03-24 17:30:00,756.2
2016-03-24 17:40:00,756.2
2016-03-24 17:50:00,756.2
2016-03-24 18:00:00,756.2
2016-03-24 18:10:00,756.216666666667
2016-03-24 18:20:00,756.233333333333
2016-03-24 18:30:00,756.25
2016-03-24 18:40:00,756.266666666667
2016-03-24 18:50:00,756.283333333333
2016-03-24 19:00:00,756.2999999999998
2016-03-24 19:10:00,756.3166666666668
2016-03-24 19:20:00,756.3333333333329
2016-03-24 19:30:00,756.35
2016-03-24 19:40:00,756.366666666667
2016-03-24 19:50:00,756.3833333333331
2016-03-24 20:00:00,756.4
2016-03-24 20:10:00,756.4
2016-03-24 20:20:00,756.4
2016-03-24 20:30:00,756.4
2016-03-24 20:40:00,756.4
2016-03-24 20:50:00,756.4
2016-03-24 21:00:00,756.4
2016-03-24 21:10:00,756.35
2016-03-24 21:20:00,756.2999999999998
2016-03-24 21:30:00,756.25
2016-03-24 21:40:00,756.2
2016-03-24 21:50:00,756.15
2016-03-24 22:00:00,756.1
2016-03-24 22:10:00,756.0499999999998
2016-03-24 22:20:00,756.0
2016-03-24 22:30:00,755.95
2016-03-24 22:40:00,755.9
2016-03-24 22:50:00,755.85
2016-03-24 23:00:00,755.7999999999998
2016-03-24 23:10:00,755.783333333333
2016-03-24 23:20:00,755.766666666667
2016-03-24 23:30:00,755.75
2016-03-24 23:40:00,755.733333333333
2016-03-24 23:50:00,755.716666666667
2016-03-25 00:00:00,755.7
2016-03-25 00:10:00,755.6666666666669
2016-03-25 00:20:00,755.6333333333331
2016-03-25 00:30:00,755.6
2016-03-25 00:40:00,755.5666666666668
2016-03-25 00:50:00,755.533333333333
2016-03-25 01:00:00,755.5
2016-03-25 01:10:00,755.45
2016-03-25 01:20:00,755.4
2016-03-25 01:30:00,755.35
2016-03-25 01:40:00,755.2999999999998
2016-03-25 01:50:00,755.25
2016-03-25 02:00:00,755.2
2016-03-25 02:10:00,755.116666666667
2016-03-25 02:20:00,755.033333333333
2016-03-25 02:30:00,754.95
2016-03-25 02:40:00,754.866666666667
2016-03-25 02:50:00,754.783333333333
2016-03-25 03:00:00,754.7
2016-03-25 03:10:00,754.6333333333331
2016-03-25 03:20:00,754.5666666666668
2016-03-25 03:30:00,754.5
2016-03-25 03:40:00,754.4333333333329
2016-03-25 03:50:00,754.366666666667
2016-03-25 04:00:00,754.2999999999998
2016-03-25 04:10:00,754.233333333333
2016-03-25 04:20:00,754.1666666666669
2016-03-25 04:30:00,754.1
2016-03-25 04:40:00,754.033333333333
2016-03-25 04:50:00,753.966666666667
2016-03-25 05:00:00,753.9
2016-03-25 05:10:00,753.85
2016-03-25 05:20:00,753.7999999999998
2016-03-25 05:30:00,753.75
2016-03-25 05:40:00,753.7
2016-03-25 05:50:00,753.65
2016-03-25 06:00:00,753.6
2016-03-25 06:10:00,753.533333333333
2016-03-25 06:20:00,753.466666666667
2016-03-25 06:30:00,753.4
2016-03-25 06:40:00,753.3333333333329
2016-03-25 06:50:00,753.266666666667
2016-03-25 07:00:00,753.2
2016-03-25 07:10:00,753.233333333333
2016-03-25 07:20:00,753.266666666667
2016-03-25 07:30:00,753.2999999999998
2016-03-25 07:40:00,753.3333333333329
2016-03-25 07:50:00,753.366666666667
2016-03-25 08:00:00,753.4
2016-03-25 08:10:00,753.4333333333329
2016-03-25 08:20:00,753.466666666667
2016-03-25 08:30:00,753.5
2016-03-25 08:40:00,753.533333333333
2016-03-25 08:50:00,753.5666666666668
2016-03-25 09:00:00,753.6
2016-03-25 09:10:00,753.616666666667
2016-03-25 09:20:00,753.6333333333331
2016-03-25 09:30:00,753.65
2016-03-25 09:40:00,753.6666666666669
2016-03-25 09:50:00,753.6833333333329
2016-03-25 10:00:00,753.7
2016-03-25 10:10:00,753.75
2016-03-25 10:20:00,753.7999999999998
2016-03-25 10:30:00,753.85
2016-03-25 10:40:00,753.9
2016-03-25 10:50:00,753.95
2016-03-25 11:00:00,754.0
2016-03-25 11:10:00,754.0499999999998
2016-03-25 11:20:00,754.1
2016-03-25 11:30:00,754.15
2016-03-25 11:40:00,754.2
2016-03-25 11:50:00,754.25
2016-03-25 12:00:00,754.2999999999998
2016-03-25 12:10:00,754.4333333333329
2016-03-25 12:20:00,754.5666666666668
2016-03-25 12:30:00,754.7
2016-03-25 12:40:00,754.8333333333329
2016-03-25 12:50:00,754.966666666667
2016-03-25 13:00:00,755.1
2016-03-25 13:10:00,755.2
2016-03-25 13:20:00,755.2999999999998
2016-03-25 13:30:00,755.4
2016-03-25 13:40:00,755.5
2016-03-25 13:50:00,755.6
2016-03-25 14:00:00,755.7
2016-03-25 14:10:00,755.766666666667
2016-03-25 14:20:00,755.8333333333329
2016-03-25 14:30:00,755.9
2016-03-25 14:40:00,755.966666666667
2016-03-25 14:50:00,756.033333333333
2016-03-25 15:00:00,756.1
2016-03-25 15:10:00,756.1666666666669
2016-03-25 15:20:00,756.233333333333
2016-03-25 15:30:00,756.2999999999998
2016-03-25 15:40:00,756.366666666667
2016-03-25 15:50:00,756.4333333333329
2016-03-25 16:00:00,756.5
2016-03-25 16:10:00,756.5833333333329
2016-03-25 16:20:00,756.6666666666669
2016-03-25 16:30:00,756.75
2016-03-25 16:40:00,756.8333333333329
2016-03-25 16:50:00,756.9166666666669
2016-03-25 17:00:00,757.0
2016-03-25 17:10:00,757.116666666667
2016-03-25 17:20:00,757.233333333333
2016-03-25 17:30:00,757.35
2016-03-25 17:40:00,757.466666666667
2016-03-25 17:50:00,757.5833333333329
2016-03-25 18:00:00,757.7
2016-03-25 18:10:00,757.766666666667
2016-03-25 18:20:00,757.8333333333329
2016-03-25 18:30:00,757.9
2016-03-25 18:40:00,757.966666666667
2016-03-25 18:50:00,758.033333333333
2016-03-25 19:00:00,758.1
2016-03-25 19:10:00,758.1666666666669
2016-03-25 19:20:00,758.233333333333
2016-03-25 19:30:00,758.2999999999998
2016-03-25 19:40:00,758.366666666667
2016-03-25 19:50:00,758.4333333333329
2016-03-25 20:00:00,758.5
2016-03-25 20:10:00,758.6
2016-03-25 20:20:00,758.7
2016-03-25 20:30:00,758.7999999999998
2016-03-25 20:40:00,758.9
2016-03-25 20:50:00,759.0
2016-03-25 21:00:00,759.1
2016-03-25 21:10:00,759.116666666667
2016-03-25 21:20:00,759.1333333333331
2016-03-25 21:30:00,759.15
2016-03-25 21:40:00,759.1666666666669
2016-03-25 21:50:00,759.1833333333329
2016-03-25 22:00:00,759.2
2016-03-25 22:10:00,759.2
2016-03-25 22:20:00,759.2
2016-03-25 22:30:00,759.2
2016-03-25 22:40:00,759.2
2016-03-25 22:50:00,759.2
2016-03-25 23:00:00,759.2
2016-03-25 23:10:00,759.2
2016-03-25 23:20:00,759.2
2016-03-25 23:30:00,759.2
2016-03-25 23:40:00,759.2
2016-03-25 23:50:00,759.2
2016-03-26 00:00:00,759.2
2016-03-26 00:10:00,759.1333333333331
2016-03-26 00:20:00,759.0666666666668
2016-03-26 00:30:00,759.0
2016-03-26 00:40:00,758.9333333333329
2016-03-26 00:50:00,758.866666666667
2016-03-26 01:00:00,758.7999999999998
2016-03-26 01:10:00,758.7999999999998
2016-03-26 01:20:00,758.7999999999998
2016-03-26 01:30:00,758.7999999999998
2016-03-26 01:40:00,758.7999999999998
2016-03-26 01:50:00,758.7999999999998
2016-03-26 02:00:00,758.7999999999998
2016-03-26 02:10:00,758.75
2016-03-26 02:20:00,758.7
2016-03-26 02:30:00,758.65
2016-03-26 02:40:00,758.6
2016-03-26 02:50:00,758.5499999999998
2016-03-26 03:00:00,758.5
2016-03-26 03:10:00,758.4333333333329
2016-03-26 03:20:00,758.366666666667
2016-03-26 03:30:00,758.2999999999998
2016-03-26 03:40:00,758.233333333333
2016-03-26 03:50:00,758.1666666666669
2016-03-26 04:00:00,758.1
2016-03-26 04:10:00,758.016666666667
2016-03-26 04:20:00,757.9333333333329
2016-03-26 04:30:00,757.85
2016-03-26 04:40:00,757.766666666667
2016-03-26 04:50:00,757.6833333333329
2016-03-26 05:00:00,757.6
2016-03-26 05:10:00,757.533333333333
2016-03-26 05:20:00,757.466666666667
2016-03-26 05:30:00,757.4
2016-03-26 05:40:00,757.3333333333329
2016-03-26 05:50:00,757.266666666667
2016-03-26 06:00:00,757.2
2016-03-26 06:10:00,757.1666666666669
2016-03-26 06:20:00,757.1333333333331
2016-03-26 06:30:00,757.1
2016-03-26 06:40:00,757.0666666666668
2016-03-26 06:50:00,757.033333333333
2016-03-26 07:00:00,757.0
2016-03-26 07:10:00,756.95
2016-03-26 07:20:00,756.9
2016-03-26 07:30:00,756.85
2016-03-26 07:40:00,756.7999999999998
2016-03-26 07:50:00,756.75
2016-03-26 08:00:00,756.7
2016-03-26 08:10:00,756.7
2016-03-26 08:20:00,756.7
2016-03-26 08:30:00,756.7
2016-03-26 08:40:00,756.7
2016-03-26 08:50:00,756.7
2016-03-26 09:00:00,756.7
2016-03-26 09:10:00,756.6666666666669
2016-03-26 09:20:00,756.6333333333331
2016-03-26 09:30:00,756.6
2016-03-26 09:40:00,756.5666666666668
2016-03-26 09:50:00,756.533333333333
2016-03-26 10:00:00,756.5
2016-03-26 10:10:00,756.4
2016-03-26 10:20:00,756.2999999999998
2016-03-26 10:30:00,756.2
2016-03-26 10:40:00,756.1
2016-03-26 10:50:00,756.0
2016-03-26 11:00:00,755.9
2016-03-26 11:10:00,755.766666666667
2016-03-26 11:20:00,755.6333333333331
2016-03-26 11:30:00,755.5
2016-03-26 11:40:00,755.366666666667
2016-03-26 11:50:00,755.233333333333
2016-03-26 12:00:00,755.1
2016-03-26 12:10:00,755.016666666667
2016-03-26 12:20:00,754.9333333333329
2016-03-26 12:30:00,754.85
2016-03-26 12:40:00,754.766666666667
2016-03-26 12:50:00,754.6833333333329
2016-03-26 13:00:00,754.6
2016-03-26 13:10:00,754.483333333333
2016-03-26 13:20:00,754.366666666667
2016-03-26 13:30:00,754.25
2016-03-26 13:40:00,754.1333333333331
2016-03-26 13:50:00,754.016666666667
2016-03-26 14:00:00,753.9
2016-03-26 14:10:00,753.783333333333
2016-03-26 14:20:00,753.6666666666669
2016-03-26 14:30:00,753.5499999999998
2016-03-26 14:40:00,753.4333333333329
2016-03-26 14:50:00,753.3166666666668
2016-03-26 15:00:00,753.2
2016-03-26 15:10:00,753.1333333333331
2016-03-26 15:20:00,753.0666666666668
2016-03-26 15:30:00,753.0
2016-03-26 15:40:00,752.9333333333329
2016-03-26 15:50:00,752.866666666667
2016-03-26 16:00:00,752.7999999999998
2016-03-26 16:10:00,752.65
2016-03-26 16:20:00,752.5
2016-03-26 16:30:00,752.35
2016-03-26 16:40:00,752.2
2016-03-26 16:50:00,752.0499999999998
2016-03-26 17:00:00,751.9
2016-03-26 17:10:00,751.783333333333
2016-03-26 17:20:00,751.6666666666669
2016-03-26 17:30:00,751.5499999999998
2016-03-26 17:40:00,751.4333333333329
2016-03-26 17:50:00,751.3166666666668
2016-03-26 18:00:00,751.2
2016-03-26 18:10:00,751.1333333333331
2016-03-26 18:20:00,751.0666666666668
2016-03-26 18:30:00,751.0
2016-03-26 18:40:00,750.9333333333329
2016-03-26 18:50:00,750.866666666667
2016-03-26 19:00:00,750.7999999999998
2016-03-26 19:10:00,750.6333333333331
2016-03-26 19:20:00,750.466666666667
2016-03-26 19:30:00,750.2999999999998
2016-03-26 19:40:00,750.1333333333331
2016-03-26 19:50:00,749.966666666667
2016-03-26 20:00:00,749.7999999999998
2016-03-26 20:10:00,749.65
2016-03-26 20:20:00,749.5
2016-03-26 20:30:00,749.35
2016-03-26 20:40:00,749.2
2016-03-26 20:50:00,749.0499999999998
2016-03-26 21:00:00,748.9
2016-03-26 21:10:00,748.7999999999998
2016-03-26 21:20:00,748.7
2016-03-26 21:30:00,748.6
2016-03-26 21:40:00,748.5
2016-03-26 21:50:00,748.4
2016-03-26 22:00:00,748.2999999999998
2016-03-26 22:10:00,748.15
2016-03-26 22:20:00,748.0
2016-03-26 22:30:00,747.85
2016-03-26 22:40:00,747.7
2016-03-26 22:50:00,747.5499999999998
2016-03-26 23:00:00,747.4
2016-03-26 23:10:00,747.25
2016-03-26 23:20:00,747.1
2016-03-26 23:30:00,746.95
2016-03-26 23:40:00,746.7999999999998
2016-03-26 23:50:00,746.65
2016-03-27 00:00:00,746.5
2016-03-27 00:10:00,746.85
2016-03-27 00:20:00,747.2
2016-03-27 00:30:00,747.5499999999998
2016-03-27 00:40:00,747.9
2016-03-27 00:50:00,748.25
2016-03-27 01:00:00,748.6
2016-03-27 01:10:00,748.65
2016-03-27 01:20:00,748.7
2016-03-27 01:30:00,748.75
2016-03-27 01:40:00,748.7999999999998
2016-03-27 01:50:00,748.85
2016-03-27 02:00:00,748.9
2016-03-27 02:10:00,748.891666666667
2016-03-27 02:20:00,748.8833333333331
2016-03-27 02:30:00,748.875
2016-03-27 02:40:00,748.866666666667
2016-03-27 02:50:00,748.858333333333
2016-03-27 03:00:00,748.85
2016-03-27 03:10:00,748.841666666667
2016-03-27 03:20:00,748.8333333333329
2016-03-27 03:30:00,748.825
2016-03-27 03:40:00,748.8166666666668
2016-03-27 03:50:00,748.8083333333329
2016-03-27 04:00:00,748.7999999999998
2016-03-27 04:10:00,748.7999999999998
2016-03-27 04:20:00,748.7999999999998
2016-03-27 04:30:00,748.7999999999998
2016-03-27 04:40:00,748.7999999999998
2016-03-27 04:50:00,748.7999999999998
2016-03-27 05:00:00,748.7999999999998
2016-03-27 05:10:00,748.9
2016-03-27 05:20:00,749.0
2016-03-27 05:30:00,749.1
2016-03-27 05:40:00,749.2
2016-03-27 05:50:00,749.2999999999998
2016-03-27 06:00:00,749.4
2016-03-27 06:10:00,749.45
2016-03-27 06:20:00,749.5
2016-03-27 06:30:00,749.5499999999998
2016-03-27 06:40:00,749.6
2016-03-27 06:50:00,749.65
2016-03-27 07:00:00,749.7
2016-03-27 07:10:00,749.8333333333329
2016-03-27 07:20:00,749.966666666667
2016-03-27 07:30:00,750.1
2016-03-27 07:40:00,750.233333333333
2016-03-27 07:50:00,750.366666666667
2016-03-27 08:00:00,750.5
2016-03-27 08:10:00,750.516666666667
2016-03-27 08:20:00,750.533333333333
2016-03-27 08:30:00,750.5499999999998
2016-03-27 08:40:00,750.5666666666668
2016-03-27 08:50:00,750.5833333333329
2016-03-27 09:00:00,750.6
2016-03-27 09:10:00,750.716666666667
2016-03-27 09:20:00,750.8333333333329
2016-03-27 09:30:00,750.95
2016-03-27 09:40:00,751.0666666666668
2016-03-27 09:50:00,751.1833333333329
2016-03-27 10:00:00,751.2999999999998
2016-03-27 10:10:00,751.3166666666668
2016-03-27 10:20:00,751.3333333333329
2016-03-27 10:30:00,751.35
2016-03-27 10:40:00,751.366666666667
2016-03-27 10:50:00,751.3833333333331
2016-03-27 11:00:00,751.4
2016-03-27 11:10:00,751.3833333333331
2016-03-27 11:20:00,751.366666666667
2016-03-27 11:30:00,751.35
2016-03-27 11:40:00,751.3333333333329
2016-03-27 11:50:00,751.3166666666668
2016-03-27 12:00:00,751.2999999999998
2016-03-27 12:10:00,751.283333333333
2016-03-27 12:20:00,751.266666666667
2016-03-27 12:30:00,751.25
2016-03-27 12:40:00,751.233333333333
2016-03-27 12:50:00,751.216666666667
2016-03-27 13:00:00,751.2
2016-03-27 13:10:00,751.216666666667
2016-03-27 13:20:00,751.233333333333
2016-03-27 13:30:00,751.25
2016-03-27 13:40:00,751.266666666667
2016-03-27 13:50:00,751.283333333333
2016-03-27 14:00:00,751.2999999999998
2016-03-27 14:10:00,751.216666666667
2016-03-27 14:20:00,751.1333333333331
2016-03-27 14:30:00,751.0499999999998
2016-03-27 14:40:00,750.966666666667
2016-03-27 14:50:00,750.8833333333331
2016-03-27 15:00:00,750.7999999999998
2016-03-27 15:10:00,750.75
2016-03-27 15:20:00,750.7
2016-03-27 15:30:00,750.65
2016-03-27 15:40:00,750.6
2016-03-27 15:50:00,750.5499999999998
2016-03-27 16:00:00,750.5
2016-03-27 16:10:00,750.45
2016-03-27 16:20:00,750.4
2016-03-27 16:30:00,750.35
2016-03-27 16:40:00,750.2999999999998
2016-03-27 16:50:00,750.25
2016-03-27 17:00:00,750.2
2016-03-27 17:10:00,750.15
2016-03-27 17:20:00,750.1
2016-03-27 17:30:00,750.0499999999998
2016-03-27 17:40:00,750.0
2016-03-27 17:50:00,749.95
2016-03-27 18:00:00,749.9
2016-03-27 18:10:00,749.9
2016-03-27 18:20:00,749.9
2016-03-27 18:30:00,749.9
2016-03-27 18:40:00,749.9
2016-03-27 18:50:00,749.9
2016-03-27 19:00:00,749.9
2016-03-27 19:10:00,749.9333333333329
2016-03-27 19:20:00,749.966666666667
2016-03-27 19:30:00,750.0
2016-03-27 19:40:00,750.033333333333
2016-03-27 19:50:00,750.0666666666668
2016-03-27 20:00:00,750.1
2016-03-27 20:10:00,750.1
2016-03-27 20:20:00,750.1
2016-03-27 20:30:00,750.1
2016-03-27 20:40:00,750.1
2016-03-27 20:50:00,750.1
2016-03-27 21:00:00,750.1
2016-03-27 21:10:00,750.033333333333
2016-03-27 21:20:00,749.966666666667
2016-03-27 21:30:00,749.9
2016-03-27 21:40:00,749.8333333333329
2016-03-27 21:50:00,749.766666666667
2016-03-27 22:00:00,749.7
2016-03-27 22:10:00,749.6
2016-03-27 22:20:00,749.5
2016-03-27 22:30:00,749.4
2016-03-27 22:40:00,749.2999999999998
2016-03-27 22:50:00,749.2
2016-03-27 23:00:00,749.1
2016-03-27 23:10:00,749.0
2016-03-27 23:20:00,748.9
2016-03-27 23:30:00,748.7999999999998
2016-03-27 23:40:00,748.7
2016-03-27 23:50:00,748.6
2016-03-28 00:00:00,748.5
2016-03-28 00:10:00,748.35
2016-03-28 00:20:00,748.2
2016-03-28 00:30:00,748.0499999999998
2016-03-28 00:40:00,747.9
2016-03-28 00:50:00,747.75
2016-03-28 01:00:00,747.6
2016-03-28 01:10:00,747.45
2016-03-28 01:20:00,747.2999999999998
2016-03-28 01:30:00,747.15
2016-03-28 01:40:00,747.0
2016-03-28 01:50:00,746.85
2016-03-28 02:00:00,746.7
2016-03-28 02:10:00,746.516666666667
2016-03-28 02:20:00,746.3333333333329
2016-03-28 02:30:00,746.15
2016-03-28 02:40:00,745.966666666667
2016-03-28 02:50:00,745.783333333333
2016-03-28 03:00:00,745.6
2016-03-28 03:10:00,745.3833333333331
2016-03-28 03:20:00,745.1666666666669
2016-03-28 03:30:00,744.95
2016-03-28 03:40:00,744.733333333333
2016-03-28 03:50:00,744.516666666667
2016-03-28 04:00:00,744.2999999999998
2016-03-28 04:10:00,744.1833333333329
2016-03-28 04:20:00,744.0666666666668
2016-03-28 04:30:00,743.95
2016-03-28 04:40:00,743.8333333333329
2016-03-28 04:50:00,743.716666666667
2016-03-28 05:00:00,743.6
2016-03-28 05:10:00,743.3333333333329
2016-03-28 05:20:00,743.0666666666668
2016-03-28 05:30:00,742.7999999999998
2016-03-28 05:40:00,742.533333333333
2016-03-28 05:50:00,742.266666666667
2016-03-28 06:00:00,742.0
2016-03-28 06:10:00,741.7999999999998
2016-03-28 06:20:00,741.6
2016-03-28 06:30:00,741.4
2016-03-28 06:40:00,741.2
2016-03-28 06:50:00,741.0
2016-03-28 07:00:00,740.7999999999998
2016-03-28 07:10:00,740.6666666666669
2016-03-28 07:20:00,740.533333333333
2016-03-28 07:30:00,740.4
2016-03-28 07:40:00,740.266666666667
2016-03-28 07:50:00,740.1333333333331
2016-03-28 08:00:00,740.0
2016-03-28 08:10:00,739.9166666666669
2016-03-28 08:20:00,739.8333333333329
2016-03-28 08:30:00,739.75
2016-03-28 08:40:00,739.6666666666669
2016-03-28 08:50:00,739.5833333333329
2016-03-28 09:00:00,739.5
2016-03-28 09:10:00,739.4333333333329
2016-03-28 09:20:00,739.366666666667
2016-03-28 09:30:00,739.2999999999998
2016-03-28 09:40:00,739.233333333333
2016-03-28 09:50:00,739.1666666666669
2016-03-28 10:00:00,739.1
2016-03-28 10:10:00,739.216666666667
2016-03-28 10:20:00,739.3333333333329
2016-03-28 10:30:00,739.45
2016-03-28 10:40:00,739.5666666666668
2016-03-28 10:50:00,739.6833333333329
2016-03-28 11:00:00,739.7999999999998
2016-03-28 11:10:00,739.966666666667
2016-03-28 11:20:00,740.1333333333331
2016-03-28 11:30:00,740.2999999999998
2016-03-28 11:40:00,740.466666666667
2016-03-28 11:50:00,740.6333333333331
2016-03-28 12:00:00,740.7999999999998
2016-03-28 12:10:00,740.866666666667
2016-03-28 12:20:00,740.9333333333329
2016-03-28 12:30:00,741.0
2016-03-28 12:40:00,741.0666666666668
2016-03-28 12:50:00,741.1333333333331
2016-03-28 13:00:00,741.2
2016-03-28 13:10:00,741.366666666667
2016-03-28 13:20:00,741.533333333333
2016-03-28 13:30:00,741.7
2016-03-28 13:40:00,741.866666666667
2016-03-28 13:50:00,742.033333333333
2016-03-28 14:00:00,742.2
2016-03-28 14:10:00,742.25
2016-03-28 14:20:00,742.2999999999998
2016-03-28 14:30:00,742.35
2016-03-28 14:40:00,742.4
2016-03-28 14:50:00,742.45
2016-03-28 15:00:00,742.5
2016-03-28 15:10:00,742.516666666667
2016-03-28 15:20:00,742.533333333333
2016-03-28 15:30:00,742.5499999999998
2016-03-28 15:40:00,742.5666666666668
2016-03-28 15:50:00,742.5833333333329
2016-03-28 16:00:00,742.6
2016-03-28 16:10:00,742.716666666667
2016-03-28 16:20:00,742.8333333333329
2016-03-28 16:30:00,742.95
2016-03-28 16:40:00,743.0666666666668
2016-03-28 16:50:00,743.1833333333329
2016-03-28 17:00:00,743.2999999999998
2016-03-28 17:10:00,743.3166666666668
2016-03-28 17:20:00,743.3333333333329
2016-03-28 17:30:00,743.35
2016-03-28 17:40:00,743.366666666667
2016-03-28 17:50:00,743.3833333333331
2016-03-28 18:00:00,743.4
2016-03-28 18:10:00,743.466666666667
2016-03-28 18:20:00,743.533333333333
2016-03-28 18:30:00,743.6
2016-03-28 18:40:00,743.6666666666669
2016-03-28 18:50:00,743.733333333333
2016-03-28 19:00:00,743.7999999999998
2016-03-28 19:10:00,743.8333333333329
2016-03-28 19:20:00,743.866666666667
2016-03-28 19:30:00,743.9
2016-03-28 19:40:00,743.9333333333329
2016-03-28 19:50:00,743.966666666667
2016-03-28 20:00:00,744.0
2016-03-28 20:10:00,744.0666666666668
2016-03-28 20:20:00,744.1333333333331
2016-03-28 20:30:00,744.2
2016-03-28 20:40:00,744.266666666667
2016-03-28 20:50:00,744.3333333333329
2016-03-28 21:00:00,744.4
2016-03-28 21:10:00,744.45
2016-03-28 21:20:00,744.5
2016-03-28 21:30:00,744.5499999999998
2016-03-28 21:40:00,744.6
2016-03-28 21:50:00,744.65
2016-03-28 22:00:00,744.7
2016-03-28 22:10:00,744.75
2016-03-28 22:20:00,744.7999999999998
2016-03-28 22:30:00,744.85
2016-03-28 22:40:00,744.9
2016-03-28 22:50:00,744.95
2016-03-28 23:00:00,745.0
2016-03-28 23:10:00,745.1
2016-03-28 23:20:00,745.2
2016-03-28 23:30:00,745.2999999999998
2016-03-28 23:40:00,745.4
2016-03-28 23:50:00,745.5
2016-03-29 00:00:00,745.6
2016-03-29 00:10:00,745.716666666667
2016-03-29 00:20:00,745.8333333333329
2016-03-29 00:30:00,745.95
2016-03-29 00:40:00,746.0666666666668
2016-03-29 00:50:00,746.1833333333329
2016-03-29 01:00:00,746.2999999999998
2016-03-29 01:10:00,746.3833333333331
2016-03-29 01:20:00,746.466666666667
2016-03-29 01:30:00,746.5499999999998
2016-03-29 01:40:00,746.6333333333331
2016-03-29 01:50:00,746.716666666667
2016-03-29 02:00:00,746.7999999999998
2016-03-29 02:10:00,746.866666666667
2016-03-29 02:20:00,746.9333333333329
2016-03-29 02:30:00,747.0
2016-03-29 02:40:00,747.0666666666668
2016-03-29 02:50:00,747.1333333333331
2016-03-29 03:00:00,747.2
2016-03-29 03:10:00,747.25
2016-03-29 03:20:00,747.2999999999998
2016-03-29 03:30:00,747.35
2016-03-29 03:40:00,747.4
2016-03-29 03:50:00,747.45
2016-03-29 04:00:00,747.5
2016-03-29 04:10:00,747.5666666666668
2016-03-29 04:20:00,747.6333333333331
2016-03-29 04:30:00,747.7
2016-03-29 04:40:00,747.766666666667
2016-03-29 04:50:00,747.8333333333329
2016-03-29 05:00:00,747.9
2016-03-29 05:10:00,747.966666666667
2016-03-29 05:20:00,748.033333333333
2016-03-29 05:30:00,748.1
2016-03-29 05:40:00,748.1666666666669
2016-03-29 05:50:00,748.233333333333
2016-03-29 06:00:00,748.2999999999998
2016-03-29 06:10:00,748.3833333333331
2016-03-29 06:20:00,748.466666666667
2016-03-29 06:30:00,748.5499999999998
2016-03-29 06:40:00,748.6333333333331
2016-03-29 06:50:00,748.716666666667
2016-03-29 07:00:00,748.7999999999998
2016-03-29 07:10:00,748.9
2016-03-29 07:20:00,749.0
2016-03-29 07:30:00,749.1
2016-03-29 07:40:00,749.2
2016-03-29 07:50:00,749.2999999999998
2016-03-29 08:00:00,749.4
2016-03-29 08:10:00,749.466666666667
2016-03-29 08:20:00,749.533333333333
2016-03-29 08:30:00,749.6
2016-03-29 08:40:00,749.6666666666669
2016-03-29 08:50:00,749.733333333333
2016-03-29 09:00:00,749.7999999999998
2016-03-29 09:10:00,749.8833333333331
2016-03-29 09:20:00,749.966666666667
2016-03-29 09:30:00,750.0499999999998
2016-03-29 09:40:00,750.1333333333331
2016-03-29 09:50:00,750.216666666667
2016-03-29 10:00:00,750.2999999999998
2016-03-29 10:10:00,750.3833333333331
2016-03-29 10:20:00,750.466666666667
2016-03-29 10:30:00,750.5499999999998
2016-03-29 10:40:00,750.6333333333331
2016-03-29 10:50:00,750.716666666667
2016-03-29 11:00:00,750.7999999999998
2016-03-29 11:10:00,750.866666666667
2016-03-29 11:20:00,750.9333333333329
2016-03-29 11:30:00,751.0
2016-03-29 11:40:00,751.0666666666668
2016-03-29 11:50:00,751.1333333333331
2016-03-29 12:00:00,751.2
2016-03-29 12:10:00,751.2
2016-03-29 12:20:00,751.2
2016-03-29 12:30:00,751.2
2016-03-29 12:40:00,751.2
2016-03-29 12:50:00,751.2
2016-03-29 13:00:00,751.2
2016-03-29 13:10:00,751.216666666667
2016-03-29 13:20:00,751.233333333333
2016-03-29 13:30:00,751.25
2016-03-29 13:40:00,751.266666666667
2016-03-29 13:50:00,751.283333333333
2016-03-29 14:00:00,751.2999999999998
2016-03-29 14:10:00,751.2999999999998
2016-03-29 14:20:00,751.2999999999998
2016-03-29 14:30:00,751.2999999999998
2016-03-29 14:40:00,751.2999999999998
2016-03-29 14:50:00,751.2999999999998
2016-03-29 15:00:00,751.2999999999998
2016-03-29 15:10:00,751.35
2016-03-29 15:20:00,751.4
2016-03-29 15:30:00,751.45
2016-03-29 15:40:00,751.5
2016-03-29 15:50:00,751.5499999999998
2016-03-29 16:00:00,751.6
2016-03-29 16:10:00,751.5666666666668
2016-03-29 16:20:00,751.533333333333
2016-03-29 16:30:00,751.5
2016-03-29 16:40:00,751.466666666667
2016-03-29 16:50:00,751.4333333333329
2016-03-29 17:00:00,751.4
2016-03-29 17:10:00,751.3833333333331
2016-03-29 17:20:00,751.366666666667
2016-03-29 17:30:00,751.35
2016-03-29 17:40:00,751.3333333333329
2016-03-29 17:50:00,751.3166666666668
2016-03-29 18:00:00,751.2999999999998
2016-03-29 18:10:00,751.2999999999998
2016-03-29 18:20:00,751.2999999999998
2016-03-29 18:30:00,751.2999999999998
2016-03-29 18:40:00,751.2999999999998
2016-03-29 18:50:00,751.2999999999998
2016-03-29 19:00:00,751.2999999999998
2016-03-29 19:10:00,751.25
2016-03-29 19:20:00,751.2
2016-03-29 19:30:00,751.15
2016-03-29 19:40:00,751.1
2016-03-29 19:50:00,751.0499999999998
2016-03-29 20:00:00,751.0
2016-03-29 20:10:00,750.95
2016-03-29 20:20:00,750.9
2016-03-29 20:30:00,750.85
2016-03-29 20:40:00,750.7999999999998
2016-03-29 20:50:00,750.75
2016-03-29 21:00:00,750.7
2016-03-29 21:10:00,750.6833333333329
2016-03-29 21:20:00,750.6666666666669
2016-03-29 21:30:00,750.65
2016-03-29 21:40:00,750.6333333333331
2016-03-29 21:50:00,750.616666666667
2016-03-29 22:00:00,750.6
2016-03-29 22:10:00,750.516666666667
2016-03-29 22:20:00,750.4333333333329
2016-03-29 22:30:00,750.35
2016-03-29 22:40:00,750.266666666667
2016-03-29 22:50:00,750.1833333333329
2016-03-29 23:00:00,750.1
2016-03-29 23:10:00,750.0833333333329
2016-03-29 23:20:00,750.0666666666668
2016-03-29 23:30:00,750.0499999999998
2016-03-29 23:40:00,750.033333333333
2016-03-29 23:50:00,750.016666666667
2016-03-30 00:00:00,750.0
2016-03-30 00:10:00,750.033333333333
2016-03-30 00:20:00,750.0666666666668
2016-03-30 00:30:00,750.1
2016-03-30 00:40:00,750.1333333333331
2016-03-30 00:50:00,750.1666666666669
2016-03-30 01:00:00,750.2
2016-03-30 01:10:00,750.266666666667
2016-03-30 01:20:00,750.3333333333329
2016-03-30 01:30:00,750.4
2016-03-30 01:40:00,750.466666666667
2016-03-30 01:50:00,750.533333333333
2016-03-30 02:00:00,750.6
2016-03-30 02:10:00,750.616666666667
2016-03-30 02:20:00,750.6333333333331
2016-03-30 02:30:00,750.65
2016-03-30 02:40:00,750.6666666666669
2016-03-30 02:50:00,750.6833333333329
2016-03-30 03:00:00,750.7
2016-03-30 03:10:00,750.733333333333
2016-03-30 03:20:00,750.766666666667
2016-03-30 03:30:00,750.7999999999998
2016-03-30 03:40:00,750.8333333333329
2016-03-30 03:50:00,750.866666666667
2016-03-30 04:00:00,750.9
2016-03-30 04:10:00,750.9
2016-03-30 04:20:00,750.9
2016-03-30 04:30:00,750.9
2016-03-30 04:40:00,750.9
2016-03-30 04:50:00,750.9
2016-03-30 05:00:00,750.9
2016-03-30 05:10:00,750.9166666666669
2016-03-30 05:20:00,750.9333333333329
2016-03-30 05:30:00,750.95
2016-03-30 05:40:00,750.966666666667
2016-03-30 05:50:00,750.983333333333
2016-03-30 06:00:00,751.0
2016-03-30 06:10:00,751.0499999999998
2016-03-30 06:20:00,751.1
2016-03-30 06:30:00,751.15
2016-03-30 06:40:00,751.2
2016-03-30 06:50:00,751.25
2016-03-30 07:00:00,751.2999999999998
2016-03-30 07:10:00,751.35
2016-03-30 07:20:00,751.4
2016-03-30 07:30:00,751.45
2016-03-30 07:40:00,751.5
2016-03-30 07:50:00,751.5499999999998
2016-03-30 08:00:00,751.6
2016-03-30 08:10:00,751.6833333333329
2016-03-30 08:20:00,751.766666666667
2016-03-30 08:30:00,751.85
2016-03-30 08:40:00,751.9333333333329
2016-03-30 08:50:00,752.016666666667
2016-03-30 09:00:00,752.1
2016-03-30 09:10:00,752.1666666666669
2016-03-30 09:20:00,752.233333333333
2016-03-30 09:30:00,752.2999999999998
2016-03-30 09:40:00,752.366666666667
2016-03-30 09:50:00,752.4333333333329
2016-03-30 10:00:00,752.5
2016-03-30 10:10:00,752.5499999999998
2016-03-30 10:20:00,752.6
2016-03-30 10:30:00,752.65
2016-03-30 10:40:00,752.7
2016-03-30 10:50:00,752.75
2016-03-30 11:00:00,752.7999999999998
2016-03-30 11:10:00,752.8833333333331
2016-03-30 11:20:00,752.966666666667
2016-03-30 11:30:00,753.0499999999998
2016-03-30 11:40:00,753.1333333333331
2016-03-30 11:50:00,753.216666666667
2016-03-30 12:00:00,753.2999999999998
2016-03-30 12:10:00,753.3166666666668
2016-03-30 12:20:00,753.3333333333329
2016-03-30 12:30:00,753.35
2016-03-30 12:40:00,753.366666666667
2016-03-30 12:50:00,753.3833333333331
2016-03-30 13:00:00,753.4
2016-03-30 13:10:00,753.4
2016-03-30 13:20:00,753.4
2016-03-30 13:30:00,753.4
2016-03-30 13:40:00,753.4
2016-03-30 13:50:00,753.4
2016-03-30 14:00:00,753.4
2016-03-30 14:10:00,753.4333333333329
2016-03-30 14:20:00,753.466666666667
2016-03-30 14:30:00,753.5
2016-03-30 14:40:00,753.533333333333
2016-03-30 14:50:00,753.5666666666668
2016-03-30 15:00:00,753.6
2016-03-30 15:10:00,753.5499999999998
2016-03-30 15:20:00,753.5
2016-03-30 15:30:00,753.45
2016-03-30 15:40:00,753.4
2016-03-30 15:50:00,753.35
2016-03-30 16:00:00,753.2999999999998
2016-03-30 16:10:00,753.283333333333
2016-03-30 16:20:00,753.266666666667
2016-03-30 16:30:00,753.25
2016-03-30 16:40:00,753.233333333333
2016-03-30 16:50:00,753.216666666667
2016-03-30 17:00:00,753.2
2016-03-30 17:10:00,753.1833333333329
2016-03-30 17:20:00,753.1666666666669
2016-03-30 17:30:00,753.15
2016-03-30 17:40:00,753.1333333333331
2016-03-30 17:50:00,753.116666666667
2016-03-30 18:00:00,753.1
2016-03-30 18:10:00,753.116666666667
2016-03-30 18:20:00,753.1333333333331
2016-03-30 18:30:00,753.15
2016-03-30 18:40:00,753.1666666666669
2016-03-30 18:50:00,753.1833333333329
2016-03-30 19:00:00,753.2
2016-03-30 19:10:00,753.233333333333
2016-03-30 19:20:00,753.266666666667
2016-03-30 19:30:00,753.2999999999998
2016-03-30 19:40:00,753.3333333333329
2016-03-30 19:50:00,753.366666666667
2016-03-30 20:00:00,753.4
2016-03-30 20:10:00,753.466666666667
2016-03-30 20:20:00,753.533333333333
2016-03-30 20:30:00,753.6
2016-03-30 20:40:00,753.6666666666669
2016-03-30 20:50:00,753.733333333333
2016-03-30 21:00:00,753.7999999999998
2016-03-30 21:10:00,753.8333333333329
2016-03-30 21:20:00,753.866666666667
2016-03-30 21:30:00,753.9
2016-03-30 21:40:00,753.9333333333329
2016-03-30 21:50:00,753.966666666667
2016-03-30 22:00:00,754.0
2016-03-30 22:10:00,754.0499999999998
2016-03-30 22:20:00,754.1
2016-03-30 22:30:00,754.15
2016-03-30 22:40:00,754.2
2016-03-30 22:50:00,754.25
2016-03-30 23:00:00,754.2999999999998
2016-03-30 23:10:00,754.2999999999998
2016-03-30 23:20:00,754.2999999999998
2016-03-30 23:30:00,754.2999999999998
2016-03-30 23:40:00,754.2999999999998
2016-03-30 23:50:00,754.2999999999998
2016-03-31 00:00:00,754.2999999999998
2016-03-31 00:10:00,754.283333333333
2016-03-31 00:20:00,754.266666666667
2016-03-31 00:30:00,754.25
2016-03-31 00:40:00,754.233333333333
2016-03-31 00:50:00,754.216666666667
2016-03-31 01:00:00,754.2
2016-03-31 01:10:00,754.216666666667
2016-03-31 01:20:00,754.233333333333
2016-03-31 01:30:00,754.25
2016-03-31 01:40:00,754.266666666667
2016-03-31 01:50:00,754.283333333333
2016-03-31 02:00:00,754.2999999999998
2016-03-31 02:10:00,754.2999999999998
2016-03-31 02:20:00,754.2999999999998
2016-03-31 02:30:00,754.2999999999998
2016-03-31 02:40:00,754.2999999999998
2016-03-31 02:50:00,754.2999999999998
2016-03-31 03:00:00,754.2999999999998
2016-03-31 03:10:00,754.25
2016-03-31 03:20:00,754.2
2016-03-31 03:30:00,754.15
2016-03-31 03:40:00,754.1
2016-03-31 03:50:00,754.0499999999998
2016-03-31 04:00:00,754.0
2016-03-31 04:10:00,754.0499999999998
2016-03-31 04:20:00,754.1
2016-03-31 04:30:00,754.15
2016-03-31 04:40:00,754.2
2016-03-31 04:50:00,754.25
2016-03-31 05:00:00,754.2999999999998
2016-03-31 05:10:00,754.2
2016-03-31 05:20:00,754.1
2016-03-31 05:30:00,754.0
2016-03-31 05:40:00,753.9
2016-03-31 05:50:00,753.7999999999998
2016-03-31 06:00:00,753.7
2016-03-31 06:10:00,753.75
2016-03-31 06:20:00,753.7999999999998
2016-03-31 06:30:00,753.85
2016-03-31 06:40:00,753.9
2016-03-31 06:50:00,753.95
2016-03-31 07:00:00,754.0
2016-03-31 07:10:00,754.033333333333
2016-03-31 07:20:00,754.0666666666668
2016-03-31 07:30:00,754.1
2016-03-31 07:40:00,754.1333333333331
2016-03-31 07:50:00,754.1666666666669
2016-03-31 08:00:00,754.2
2016-03-31 08:10:00,754.216666666667
2016-03-31 08:20:00,754.233333333333
2016-03-31 08:30:00,754.25
2016-03-31 08:40:00,754.266666666667
2016-03-31 08:50:00,754.283333333333
2016-03-31 09:00:00,754.2999999999998
2016-03-31 09:10:00,754.3166666666668
2016-03-31 09:20:00,754.3333333333329
2016-03-31 09:30:00,754.35
2016-03-31 09:40:00,754.366666666667
2016-03-31 09:50:00,754.3833333333331
2016-03-31 10:00:00,754.4
2016-03-31 10:10:00,754.4333333333329
2016-03-31 10:20:00,754.466666666667
2016-03-31 10:30:00,754.5
2016-03-31 10:40:00,754.533333333333
2016-03-31 10:50:00,754.5666666666668
2016-03-31 11:00:00,754.6
2016-03-31 11:10:00,754.6666666666669
2016-03-31 11:20:00,754.733333333333
2016-03-31 11:30:00,754.7999999999998
2016-03-31 11:40:00,754.866666666667
2016-03-31 11:50:00,754.9333333333329
2016-03-31 12:00:00,755.0
2016-03-31 12:10:00,754.95
2016-03-31 12:20:00,754.9
2016-03-31 12:30:00,754.85
2016-03-31 12:40:00,754.7999999999998
2016-03-31 12:50:00,754.75
2016-03-31 13:00:00,754.7
2016-03-31 13:10:00,754.6833333333329
2016-03-31 13:20:00,754.6666666666669
2016-03-31 13:30:00,754.65
2016-03-31 13:40:00,754.6333333333331
2016-03-31 13:50:00,754.616666666667
2016-03-31 14:00:00,754.6
2016-03-31 14:10:00,754.5499999999998
2016-03-31 14:20:00,754.5
2016-03-31 14:30:00,754.45
2016-03-31 14:40:00,754.4
2016-03-31 14:50:00,754.35
2016-03-31 15:00:00,754.2999999999998
2016-03-31 15:10:00,754.2999999999998
2016-03-31 15:20:00,754.2999999999998
2016-03-31 15:30:00,754.2999999999998
2016-03-31 15:40:00,754.2999999999998
2016-03-31 15:50:00,754.2999999999998
2016-03-31 16:00:00,754.2999999999998
2016-03-31 16:10:00,754.2
2016-03-31 16:20:00,754.1
2016-03-31 16:30:00,754.0
2016-03-31 16:40:00,753.9
2016-03-31 16:50:00,753.7999999999998
2016-03-31 17:00:00,753.7
2016-03-31 17:10:00,753.8166666666668
2016-03-31 17:20:00,753.9333333333329
2016-03-31 17:30:00,754.0499999999998
2016-03-31 17:40:00,754.1666666666669
2016-03-31 17:50:00,754.283333333333
2016-03-31 18:00:00,754.4
2016-03-31 18:10:00,754.466666666667
2016-03-31 18:20:00,754.533333333333
2016-03-31 18:30:00,754.6
2016-03-31 18:40:00,754.6666666666669
2016-03-31 18:50:00,754.733333333333
2016-03-31 19:00:00,754.7999999999998
2016-03-31 19:10:00,754.8333333333329
2016-03-31 19:20:00,754.866666666667
2016-03-31 19:30:00,754.9
2016-03-31 19:40:00,754.9333333333329
2016-03-31 19:50:00,754.966666666667
2016-03-31 20:00:00,755.0
2016-03-31 20:10:00,755.033333333333
2016-03-31 20:20:00,755.0666666666668
2016-03-31 20:30:00,755.1
2016-03-31 20:40:00,755.1333333333331
2016-03-31 20:50:00,755.1666666666669
2016-03-31 21:00:00,755.2
2016-03-31 21:10:00,755.25
2016-03-31 21:20:00,755.2999999999998
2016-03-31 21:30:00,755.35
2016-03-31 21:40:00,755.4
2016-03-31 21:50:00,755.45
2016-03-31 22:00:00,755.5
2016-03-31 22:10:00,755.6
2016-03-31 22:20:00,755.7
2016-03-31 22:30:00,755.7999999999998
2016-03-31 22:40:00,755.9
2016-03-31 22:50:00,756.0
2016-03-31 23:00:00,756.1
2016-03-31 23:10:00,756.1666666666669
2016-03-31 23:20:00,756.233333333333
2016-03-31 23:30:00,756.2999999999998
2016-03-31 23:40:00,756.366666666667
2016-03-31 23:50:00,756.4333333333329
2016-04-01 00:00:00,756.5
2016-04-01 00:10:00,756.6333333333331
2016-04-01 00:20:00,756.766666666667
2016-04-01 00:30:00,756.9
2016-04-01 00:40:00,757.033333333333
2016-04-01 00:50:00,757.1666666666669
2016-04-01 01:00:00,757.2999999999998
2016-04-01 01:10:00,757.366666666667
2016-04-01 01:20:00,757.4333333333329
2016-04-01 01:30:00,757.5
2016-04-01 01:40:00,757.5666666666668
2016-04-01 01:50:00,757.6333333333331
2016-04-01 02:00:00,757.7
2016-04-01 02:10:00,757.766666666667
2016-04-01 02:20:00,757.8333333333329
2016-04-01 02:30:00,757.9
2016-04-01 02:40:00,757.966666666667
2016-04-01 02:50:00,758.033333333333
2016-04-01 03:00:00,758.1
2016-04-01 03:10:00,758.0666666666668
2016-04-01 03:20:00,758.033333333333
2016-04-01 03:30:00,758.0
2016-04-01 03:40:00,757.966666666667
2016-04-01 03:50:00,757.9333333333329
2016-04-01 04:00:00,757.9
2016-04-01 04:10:00,758.0499999999998
2016-04-01 04:20:00,758.2
2016-04-01 04:30:00,758.35
2016-04-01 04:40:00,758.5
2016-04-01 04:50:00,758.65
2016-04-01 05:00:00,758.7999999999998
2016-04-01 05:10:00,758.85
2016-04-01 05:20:00,758.9
2016-04-01 05:30:00,758.95
2016-04-01 05:40:00,759.0
2016-04-01 05:50:00,759.0499999999998
2016-04-01 06:00:00,759.1
2016-04-01 06:10:00,759.2
2016-04-01 06:20:00,759.2999999999998
2016-04-01 06:30:00,759.4
2016-04-01 06:40:00,759.5
2016-04-01 06:50:00,759.6
2016-04-01 07:00:00,759.7
2016-04-01 07:10:00,759.783333333333
2016-04-01 07:20:00,759.866666666667
2016-04-01 07:30:00,759.95
2016-04-01 07:40:00,760.033333333333
2016-04-01 07:50:00,760.116666666667
2016-04-01 08:00:00,760.2
2016-04-01 08:10:00,760.266666666667
2016-04-01 08:20:00,760.3333333333329
2016-04-01 08:30:00,760.4
2016-04-01 08:40:00,760.466666666667
2016-04-01 08:50:00,760.533333333333
2016-04-01 09:00:00,760.6
2016-04-01 09:10:00,760.65
2016-04-01 09:20:00,760.7
2016-04-01 09:30:00,760.75
2016-04-01 09:40:00,760.7999999999998
2016-04-01 09:50:00,760.85
2016-04-01 10:00:00,760.9
2016-04-01 10:10:00,760.9333333333329
2016-04-01 10:20:00,760.966666666667
2016-04-01 10:30:00,761.0
2016-04-01 10:40:00,761.033333333333
2016-04-01 10:50:00,761.0666666666668
2016-04-01 11:00:00,761.1
2016-04-01 11:10:00,761.1666666666669
2016-04-01 11:20:00,761.233333333333
2016-04-01 11:30:00,761.2999999999998
2016-04-01 11:40:00,761.366666666667
2016-04-01 11:50:00,761.4333333333329
2016-04-01 12:00:00,761.5
2016-04-01 12:10:00,761.4166666666669
2016-04-01 12:20:00,761.3333333333329
2016-04-01 12:30:00,761.25
2016-04-01 12:40:00,761.1666666666669
2016-04-01 12:50:00,761.0833333333329
2016-04-01 13:00:00,761.0
2016-04-01 13:10:00,760.95
2016-04-01 13:20:00,760.9
2016-04-01 13:30:00,760.85
2016-04-01 13:40:00,760.7999999999998
2016-04-01 13:50:00,760.75
2016-04-01 14:00:00,760.7
2016-04-01 14:10:00,760.7
2016-04-01 14:20:00,760.7
2016-04-01 14:30:00,760.7
2016-04-01 14:40:00,760.7
2016-04-01 14:50:00,760.7
2016-04-01 15:00:00,760.7
2016-04-01 15:10:00,760.6333333333331
2016-04-01 15:20:00,760.5666666666668
2016-04-01 15:30:00,760.5
2016-04-01 15:40:00,760.4333333333329
2016-04-01 15:50:00,760.366666666667
2016-04-01 16:00:00,760.2999999999998
2016-04-01 16:10:00,760.25
2016-04-01 16:20:00,760.2
2016-04-01 16:30:00,760.15
2016-04-01 16:40:00,760.1
2016-04-01 16:50:00,760.0499999999998
2016-04-01 17:00:00,760.0
2016-04-01 17:10:00,759.966666666667
2016-04-01 17:20:00,759.9333333333329
2016-04-01 17:30:00,759.9
2016-04-01 17:40:00,759.866666666667
2016-04-01 17:50:00,759.8333333333329
2016-04-01 18:00:00,759.7999999999998
2016-04-01 18:10:00,759.766666666667
2016-04-01 18:20:00,759.733333333333
2016-04-01 18:30:00,759.7
2016-04-01 18:40:00,759.6666666666669
2016-04-01 18:50:00,759.6333333333331
2016-04-01 19:00:00,759.6
2016-04-01 19:10:00,759.6
2016-04-01 19:20:00,759.6
2016-04-01 19:30:00,759.6
2016-04-01 19:40:00,759.6
2016-04-01 19:50:00,759.6
2016-04-01 20:00:00,759.6
2016-04-01 20:10:00,759.65
2016-04-01 20:20:00,759.7
2016-04-01 20:30:00,759.75
2016-04-01 20:40:00,759.7999999999998
2016-04-01 20:50:00,759.85
2016-04-01 21:00:00,759.9
2016-04-01 21:10:00,759.866666666667
2016-04-01 21:20:00,759.8333333333329
2016-04-01 21:30:00,759.7999999999998
2016-04-01 21:40:00,759.766666666667
2016-04-01 21:50:00,759.733333333333
2016-04-01 22:00:00,759.7
2016-04-01 22:10:00,759.6833333333329
2016-04-01 22:20:00,759.6666666666669
2016-04-01 22:30:00,759.65
2016-04-01 22:40:00,759.6333333333331
2016-04-01 22:50:00,759.616666666667
2016-04-01 23:00:00,759.6
2016-04-01 23:10:00,759.6
2016-04-01 23:20:00,759.6
2016-04-01 23:30:00,759.6
2016-04-01 23:40:00,759.6
2016-04-01 23:50:00,759.6
2016-04-02 00:00:00,759.6
2016-04-02 00:10:00,759.5666666666668
2016-04-02 00:20:00,759.533333333333
2016-04-02 00:30:00,759.5
2016-04-02 00:40:00,759.466666666667
2016-04-02 00:50:00,759.4333333333329
2016-04-02 01:00:00,759.4
2016-04-02 01:10:00,759.35
2016-04-02 01:20:00,759.2999999999998
2016-04-02 01:30:00,759.25
2016-04-02 01:40:00,759.2
2016-04-02 01:50:00,759.15
2016-04-02 02:00:00,759.1
2016-04-02 02:10:00,759.0499999999998
2016-04-02 02:20:00,759.0
2016-04-02 02:30:00,758.95
2016-04-02 02:40:00,758.9
2016-04-02 02:50:00,758.85
2016-04-02 03:00:00,758.7999999999998
2016-04-02 03:10:00,758.7999999999998
2016-04-02 03:20:00,758.7999999999998
2016-04-02 03:30:00,758.7999999999998
2016-04-02 03:40:00,758.7999999999998
2016-04-02 03:50:00,758.7999999999998
2016-04-02 04:00:00,758.7999999999998
2016-04-02 04:10:00,758.733333333333
2016-04-02 04:20:00,758.6666666666669
2016-04-02 04:30:00,758.6
2016-04-02 04:40:00,758.533333333333
2016-04-02 04:50:00,758.466666666667
2016-04-02 05:00:00,758.4
2016-04-02 05:10:00,758.366666666667
2016-04-02 05:20:00,758.3333333333329
2016-04-02 05:30:00,758.2999999999998
2016-04-02 05:40:00,758.266666666667
2016-04-02 05:50:00,758.233333333333
2016-04-02 06:00:00,758.2
2016-04-02 06:10:00,758.1833333333329
2016-04-02 06:20:00,758.1666666666669
2016-04-02 06:30:00,758.15
2016-04-02 06:40:00,758.1333333333331
2016-04-02 06:50:00,758.116666666667
2016-04-02 07:00:00,758.1
2016-04-02 07:10:00,758.0666666666668
2016-04-02 07:20:00,758.033333333333
2016-04-02 07:30:00,758.0
2016-04-02 07:40:00,757.966666666667
2016-04-02 07:50:00,757.9333333333329
2016-04-02 08:00:00,757.9
2016-04-02 08:10:00,757.9
2016-04-02 08:20:00,757.9
2016-04-02 08:30:00,757.9
2016-04-02 08:40:00,757.9
2016-04-02 08:50:00,757.9
2016-04-02 09:00:00,757.9
2016-04-02 09:10:00,757.9166666666669
2016-04-02 09:20:00,757.9333333333329
2016-04-02 09:30:00,757.95
2016-04-02 09:40:00,757.966666666667
2016-04-02 09:50:00,757.983333333333
2016-04-02 10:00:00,758.0
2016-04-02 10:10:00,758.016666666667
2016-04-02 10:20:00,758.033333333333
2016-04-02 10:30:00,758.0499999999998
2016-04-02 10:40:00,758.0666666666668
2016-04-02 10:50:00,758.0833333333329
2016-04-02 11:00:00,758.1
2016-04-02 11:10:00,758.0499999999998
2016-04-02 11:20:00,758.0
2016-04-02 11:30:00,757.95
2016-04-02 11:40:00,757.9
2016-04-02 11:50:00,757.85
2016-04-02 12:00:00,757.7999999999998
2016-04-02 12:10:00,757.716666666667
2016-04-02 12:20:00,757.6333333333331
2016-04-02 12:30:00,757.5499999999998
2016-04-02 12:40:00,757.466666666667
2016-04-02 12:50:00,757.3833333333331
2016-04-02 13:00:00,757.2999999999998
2016-04-02 13:10:00,757.233333333333
2016-04-02 13:20:00,757.1666666666669
2016-04-02 13:30:00,757.1
2016-04-02 13:40:00,757.033333333333
2016-04-02 13:50:00,756.966666666667
2016-04-02 14:00:00,756.9
2016-04-02 14:10:00,756.766666666667
2016-04-02 14:20:00,756.6333333333331
2016-04-02 14:30:00,756.5
2016-04-02 14:40:00,756.366666666667
2016-04-02 14:50:00,756.233333333333
2016-04-02 15:00:00,756.1
2016-04-02 15:10:00,755.983333333333
2016-04-02 15:20:00,755.866666666667
2016-04-02 15:30:00,755.75
2016-04-02 15:40:00,755.6333333333331
2016-04-02 15:50:00,755.516666666667
2016-04-02 16:00:00,755.4
2016-04-02 16:10:00,755.233333333333
2016-04-02 16:20:00,755.0666666666668
2016-04-02 16:30:00,754.9
2016-04-02 16:40:00,754.733333333333
2016-04-02 16:50:00,754.5666666666668
2016-04-02 17:00:00,754.4
2016-04-02 17:10:00,754.2999999999998
2016-04-02 17:20:00,754.2
2016-04-02 17:30:00,754.1
2016-04-02 17:40:00,754.0
2016-04-02 17:50:00,753.9
2016-04-02 18:00:00,753.7999999999998
2016-04-02 18:10:00,753.766666666667
2016-04-02 18:20:00,753.733333333333
2016-04-02 18:30:00,753.7
2016-04-02 18:40:00,753.6666666666669
2016-04-02 18:50:00,753.6333333333331
2016-04-02 19:00:00,753.6
2016-04-02 19:10:00,753.516666666667
2016-04-02 19:20:00,753.4333333333329
2016-04-02 19:30:00,753.35
2016-04-02 19:40:00,753.266666666667
2016-04-02 19:50:00,753.1833333333329
2016-04-02 20:00:00,753.1
2016-04-02 20:10:00,753.116666666667
2016-04-02 20:20:00,753.1333333333331
2016-04-02 20:30:00,753.15
2016-04-02 20:40:00,753.1666666666669
2016-04-02 20:50:00,753.1833333333329
2016-04-02 21:00:00,753.2
2016-04-02 21:10:00,753.1833333333329
2016-04-02 21:20:00,753.1666666666669
2016-04-02 21:30:00,753.15
2016-04-02 21:40:00,753.1333333333331
2016-04-02 21:50:00,753.116666666667
2016-04-02 22:00:00,753.1
2016-04-02 22:10:00,753.0499999999998
2016-04-02 22:20:00,753.0
2016-04-02 22:30:00,752.95
2016-04-02 22:40:00,752.9
2016-04-02 22:50:00,752.85
2016-04-02 23:00:00,752.7999999999998
2016-04-02 23:10:00,752.75
2016-04-02 23:20:00,752.7
2016-04-02 23:30:00,752.65
2016-04-02 23:40:00,752.6
2016-04-02 23:50:00,752.5499999999998
2016-04-03 00:00:00,752.5
2016-04-03 00:10:00,752.45
2016-04-03 00:20:00,752.4
2016-04-03 00:30:00,752.35
2016-04-03 00:40:00,752.2999999999998
2016-04-03 00:50:00,752.25
2016-04-03 01:00:00,752.2
2016-04-03 01:10:00,752.1833333333329
2016-04-03 01:20:00,752.1666666666669
2016-04-03 01:30:00,752.15
2016-04-03 01:40:00,752.1333333333331
2016-04-03 01:50:00,752.116666666667
2016-04-03 02:00:00,752.1
2016-04-03 02:10:00,752.116666666667
2016-04-03 02:20:00,752.1333333333331
2016-04-03 02:30:00,752.15
2016-04-03 02:40:00,752.1666666666669
2016-04-03 02:50:00,752.1833333333329
2016-04-03 03:00:00,752.2
2016-04-03 03:10:00,752.1666666666669
2016-04-03 03:20:00,752.1333333333331
2016-04-03 03:30:00,752.1
2016-04-03 03:40:00,752.0666666666668
2016-04-03 03:50:00,752.033333333333
2016-04-03 04:00:00,752.0
2016-04-03 04:10:00,751.966666666667
2016-04-03 04:20:00,751.9333333333329
2016-04-03 04:30:00,751.9
2016-04-03 04:40:00,751.866666666667
2016-04-03 04:50:00,751.8333333333329
2016-04-03 05:00:00,751.7999999999998
2016-04-03 05:10:00,751.783333333333
2016-04-03 05:20:00,751.766666666667
2016-04-03 05:30:00,751.75
2016-04-03 05:40:00,751.733333333333
2016-04-03 05:50:00,751.716666666667
2016-04-03 06:00:00,751.7
2016-04-03 06:10:00,751.716666666667
2016-04-03 06:20:00,751.733333333333
2016-04-03 06:30:00,751.75
2016-04-03 06:40:00,751.766666666667
2016-04-03 06:50:00,751.783333333333
2016-04-03 07:00:00,751.7999999999998
2016-04-03 07:10:00,751.8333333333329
2016-04-03 07:20:00,751.866666666667
2016-04-03 07:30:00,751.9
2016-04-03 07:40:00,751.9333333333329
2016-04-03 07:50:00,751.966666666667
2016-04-03 08:00:00,752.0
2016-04-03 08:10:00,752.0499999999998
2016-04-03 08:20:00,752.1
2016-04-03 08:30:00,752.15
2016-04-03 08:40:00,752.2
2016-04-03 08:50:00,752.25
2016-04-03 09:00:00,752.2999999999998
2016-04-03 09:10:00,752.3166666666668
2016-04-03 09:20:00,752.3333333333329
2016-04-03 09:30:00,752.35
2016-04-03 09:40:00,752.366666666667
2016-04-03 09:50:00,752.3833333333331
2016-04-03 10:00:00,752.4
2016-04-03 10:10:00,752.4166666666669
2016-04-03 10:20:00,752.4333333333329
2016-04-03 10:30:00,752.45
2016-04-03 10:40:00,752.466666666667
2016-04-03 10:50:00,752.483333333333
2016-04-03 11:00:00,752.5
2016-04-03 11:10:00,752.466666666667
2016-04-03 11:20:00,752.4333333333329
2016-04-03 11:30:00,752.4
2016-04-03 11:40:00,752.366666666667
2016-04-03 11:50:00,752.3333333333329
2016-04-03 12:00:00,752.2999999999998
2016-04-03 12:10:00,752.25
2016-04-03 12:20:00,752.2
2016-04-03 12:30:00,752.15
2016-04-03 12:40:00,752.1
2016-04-03 12:50:00,752.0499999999998
2016-04-03 13:00:00,752.0
2016-04-03 13:10:00,751.95
2016-04-03 13:20:00,751.9
2016-04-03 13:30:00,751.85
2016-04-03 13:40:00,751.7999999999998
2016-04-03 13:50:00,751.75
2016-04-03 14:00:00,751.7
2016-04-03 14:10:00,751.5833333333329
2016-04-03 14:20:00,751.466666666667
2016-04-03 14:30:00,751.35
2016-04-03 14:40:00,751.233333333333
2016-04-03 14:50:00,751.116666666667
2016-04-03 15:00:00,751.0
2016-04-03 15:10:00,750.95
2016-04-03 15:20:00,750.9
2016-04-03 15:30:00,750.85
2016-04-03 15:40:00,750.7999999999998
2016-04-03 15:50:00,750.75
2016-04-03 16:00:00,750.7
2016-04-03 16:10:00,750.6
2016-04-03 16:20:00,750.5
2016-04-03 16:30:00,750.4
2016-04-03 16:40:00,750.2999999999998
2016-04-03 16:50:00,750.2
2016-04-03 17:00:00,750.1
2016-04-03 17:10:00,750.0499999999998
2016-04-03 17:20:00,750.0
2016-04-03 17:30:00,749.95
2016-04-03 17:40:00,749.9
2016-04-03 17:50:00,749.85
2016-04-03 18:00:00,749.7999999999998
2016-04-03 18:10:00,749.75
2016-04-03 18:20:00,749.7
2016-04-03 18:30:00,749.65
2016-04-03 18:40:00,749.6
2016-04-03 18:50:00,749.5499999999998
2016-04-03 19:00:00,749.5
2016-04-03 19:10:00,749.45
2016-04-03 19:20:00,749.4
2016-04-03 19:30:00,749.35
2016-04-03 19:40:00,749.2999999999998
2016-04-03 19:50:00,749.25
2016-04-03 20:00:00,749.2
2016-04-03 20:10:00,749.25
2016-04-03 20:20:00,749.2999999999998
2016-04-03 20:30:00,749.35
2016-04-03 20:40:00,749.4
2016-04-03 20:50:00,749.45
2016-04-03 21:00:00,749.5
2016-04-03 21:10:00,749.483333333333
2016-04-03 21:20:00,749.466666666667
2016-04-03 21:30:00,749.45
2016-04-03 21:40:00,749.4333333333329
2016-04-03 21:50:00,749.4166666666669
2016-04-03 22:00:00,749.4
2016-04-03 22:10:00,749.3333333333329
2016-04-03 22:20:00,749.266666666667
2016-04-03 22:30:00,749.2
2016-04-03 22:40:00,749.1333333333331
2016-04-03 22:50:00,749.0666666666668
2016-04-03 23:00:00,749.0
2016-04-03 23:10:00,748.9333333333329
2016-04-03 23:20:00,748.866666666667
2016-04-03 23:30:00,748.7999999999998
2016-04-03 23:40:00,748.733333333333
2016-04-03 23:50:00,748.6666666666669
2016-04-04 00:00:00,748.6
2016-04-04 00:10:00,748.5833333333329
2016-04-04 00:20:00,748.5666666666668
2016-04-04 00:30:00,748.5499999999998
2016-04-04 00:40:00,748.533333333333
2016-04-04 00:50:00,748.516666666667
2016-04-04 01:00:00,748.5
2016-04-04 01:10:00,748.516666666667
2016-04-04 01:20:00,748.533333333333
2016-04-04 01:30:00,748.5499999999998
2016-04-04 01:40:00,748.5666666666668
2016-04-04 01:50:00,748.5833333333329
2016-04-04 02:00:00,748.6
2016-04-04 02:10:00,748.5833333333329
2016-04-04 02:20:00,748.5666666666668
2016-04-04 02:30:00,748.5499999999998
2016-04-04 02:40:00,748.533333333333
2016-04-04 02:50:00,748.516666666667
2016-04-04 03:00:00,748.5
2016-04-04 03:10:00,748.45
2016-04-04 03:20:00,748.4
2016-04-04 03:30:00,748.35
2016-04-04 03:40:00,748.2999999999998
2016-04-04 03:50:00,748.25
2016-04-04 04:00:00,748.2
2016-04-04 04:10:00,748.1666666666669
2016-04-04 04:20:00,748.1333333333331
2016-04-04 04:30:00,748.1
2016-04-04 04:40:00,748.0666666666668
2016-04-04 04:50:00,748.033333333333
2016-04-04 05:00:00,748.0
2016-04-04 05:10:00,748.016666666667
2016-04-04 05:20:00,748.033333333333
2016-04-04 05:30:00,748.0499999999998
2016-04-04 05:40:00,748.0666666666668
2016-04-04 05:50:00,748.0833333333329
2016-04-04 06:00:00,748.1
2016-04-04 06:10:00,748.116666666667
2016-04-04 06:20:00,748.1333333333331
2016-04-04 06:30:00,748.15
2016-04-04 06:40:00,748.1666666666669
2016-04-04 06:50:00,748.1833333333329
2016-04-04 07:00:00,748.2
2016-04-04 07:10:00,748.2999999999998
2016-04-04 07:20:00,748.4
2016-04-04 07:30:00,748.5
2016-04-04 07:40:00,748.6
2016-04-04 07:50:00,748.7
2016-04-04 08:00:00,748.7999999999998
2016-04-04 08:10:00,748.866666666667
2016-04-04 08:20:00,748.9333333333329
2016-04-04 08:30:00,749.0
2016-04-04 08:40:00,749.0666666666668
2016-04-04 08:50:00,749.1333333333331
2016-04-04 09:00:00,749.2
2016-04-04 09:10:00,749.2999999999998
2016-04-04 09:20:00,749.4
2016-04-04 09:30:00,749.5
2016-04-04 09:40:00,749.6
2016-04-04 09:50:00,749.7
2016-04-04 10:00:00,749.7999999999998
2016-04-04 10:10:00,749.8166666666668
2016-04-04 10:20:00,749.8333333333329
2016-04-04 10:30:00,749.85
2016-04-04 10:40:00,749.866666666667
2016-04-04 10:50:00,749.8833333333331
2016-04-04 11:00:00,749.9
2016-04-04 11:10:00,749.9
2016-04-04 11:20:00,749.9
2016-04-04 11:30:00,749.9
2016-04-04 11:40:00,749.9
2016-04-04 11:50:00,749.9
2016-04-04 12:00:00,749.9
2016-04-04 12:10:00,749.8833333333331
2016-04-04 12:20:00,749.866666666667
2016-04-04 12:30:00,749.85
2016-04-04 12:40:00,749.8333333333329
2016-04-04 12:50:00,749.8166666666668
2016-04-04 13:00:00,749.7999999999998
2016-04-04 13:10:00,749.783333333333
2016-04-04 13:20:00,749.766666666667
2016-04-04 13:30:00,749.75
2016-04-04 13:40:00,749.733333333333
2016-04-04 13:50:00,749.716666666667
2016-04-04 14:00:00,749.7
2016-04-04 14:10:00,749.65
2016-04-04 14:20:00,749.6
2016-04-04 14:30:00,749.5499999999998
2016-04-04 14:40:00,749.5
2016-04-04 14:50:00,749.45
2016-04-04 15:00:00,749.4
2016-04-04 15:10:00,749.366666666667
2016-04-04 15:20:00,749.3333333333329
2016-04-04 15:30:00,749.2999999999998
2016-04-04 15:40:00,749.266666666667
2016-04-04 15:50:00,749.233333333333
2016-04-04 16:00:00,749.2
2016-04-04 16:10:00,749.15
2016-04-04 16:20:00,749.1
2016-04-04 16:30:00,749.0499999999998
2016-04-04 16:40:00,749.0
2016-04-04 16:50:00,748.95
2016-04-04 17:00:00,748.9
2016-04-04 17:10:00,748.9333333333329
2016-04-04 17:20:00,748.966666666667
2016-04-04 17:30:00,749.0
2016-04-04 17:40:00,749.033333333333
2016-04-04 17:50:00,749.0666666666668
2016-04-04 18:00:00,749.1
2016-04-04 18:10:00,749.0833333333329
2016-04-04 18:20:00,749.0666666666668
2016-04-04 18:30:00,749.0499999999998
2016-04-04 18:40:00,749.033333333333
2016-04-04 18:50:00,749.016666666667
2016-04-04 19:00:00,749.0
2016-04-04 19:10:00,748.983333333333
2016-04-04 19:20:00,748.966666666667
2016-04-04 19:30:00,748.95
2016-04-04 19:40:00,748.9333333333329
2016-04-04 19:50:00,748.9166666666669
2016-04-04 20:00:00,748.9
2016-04-04 20:10:00,748.95
2016-04-04 20:20:00,749.0
2016-04-04 20:30:00,749.0499999999998
2016-04-04 20:40:00,749.1
2016-04-04 20:50:00,749.15
2016-04-04 21:00:00,749.2
2016-04-04 21:10:00,749.2
2016-04-04 21:20:00,749.2
2016-04-04 21:30:00,749.2
2016-04-04 21:40:00,749.2
2016-04-04 21:50:00,749.2
2016-04-04 22:00:00,749.2
2016-04-04 22:10:00,749.1833333333329
2016-04-04 22:20:00,749.1666666666669
2016-04-04 22:30:00,749.15
2016-04-04 22:40:00,749.1333333333331
2016-04-04 22:50:00,749.116666666667
2016-04-04 23:00:00,749.1
2016-04-04 23:10:00,749.0666666666668
2016-04-04 23:20:00,749.033333333333
2016-04-04 23:30:00,749.0
2016-04-04 23:40:00,748.966666666667
2016-04-04 23:50:00,748.9333333333329
2016-04-05 00:00:00,748.9
2016-04-05 00:10:00,748.9
2016-04-05 00:20:00,748.9
2016-04-05 00:30:00,748.9
2016-04-05 00:40:00,748.9
2016-04-05 00:50:00,748.9
2016-04-05 01:00:00,748.9
2016-04-05 01:10:00,748.9
2016-04-05 01:20:00,748.9
2016-04-05 01:30:00,748.9
2016-04-05 01:40:00,748.9
2016-04-05 01:50:00,748.9
2016-04-05 02:00:00,748.9
2016-04-05 02:10:00,748.9166666666669
2016-04-05 02:20:00,748.9333333333329
2016-04-05 02:30:00,748.95
2016-04-05 02:40:00,748.966666666667
2016-04-05 02:50:00,748.983333333333
2016-04-05 03:00:00,749.0
2016-04-05 03:10:00,748.983333333333
2016-04-05 03:20:00,748.966666666667
2016-04-05 03:30:00,748.95
2016-04-05 03:40:00,748.9333333333329
2016-04-05 03:50:00,748.9166666666669
2016-04-05 04:00:00,748.9
2016-04-05 04:10:00,748.8833333333331
2016-04-05 04:20:00,748.866666666667
2016-04-05 04:30:00,748.85
2016-04-05 04:40:00,748.8333333333329
2016-04-05 04:50:00,748.8166666666668
2016-04-05 05:00:00,748.7999999999998
2016-04-05 05:10:00,748.7999999999998
2016-04-05 05:20:00,748.7999999999998
2016-04-05 05:30:00,748.7999999999998
2016-04-05 05:40:00,748.7999999999998
2016-04-05 05:50:00,748.7999999999998
2016-04-05 06:00:00,748.7999999999998
2016-04-05 06:10:00,748.8166666666668
2016-04-05 06:20:00,748.8333333333329
2016-04-05 06:30:00,748.85
2016-04-05 06:40:00,748.866666666667
2016-04-05 06:50:00,748.8833333333331
2016-04-05 07:00:00,748.9
2016-04-05 07:10:00,748.95
2016-04-05 07:20:00,749.0
2016-04-05 07:30:00,749.0499999999998
2016-04-05 07:40:00,749.1
2016-04-05 07:50:00,749.15
2016-04-05 08:00:00,749.2
2016-04-05 08:10:00,749.25
2016-04-05 08:20:00,749.2999999999998
2016-04-05 08:30:00,749.35
2016-04-05 08:40:00,749.4
2016-04-05 08:50:00,749.45
2016-04-05 09:00:00,749.5
2016-04-05 09:10:00,749.5499999999998
2016-04-05 09:20:00,749.6
2016-04-05 09:30:00,749.65
2016-04-05 09:40:00,749.7
2016-04-05 09:50:00,749.75
2016-04-05 10:00:00,749.7999999999998
2016-04-05 10:10:00,749.85
2016-04-05 10:20:00,749.9
2016-04-05 10:30:00,749.95
2016-04-05 10:40:00,750.0
2016-04-05 10:50:00,750.0499999999998
2016-04-05 11:00:00,750.1
2016-04-05 11:10:00,750.1833333333329
2016-04-05 11:20:00,750.266666666667
2016-04-05 11:30:00,750.35
2016-04-05 11:40:00,750.4333333333329
2016-04-05 11:50:00,750.516666666667
2016-04-05 12:00:00,750.6
2016-04-05 12:10:00,750.65
2016-04-05 12:20:00,750.7
2016-04-05 12:30:00,750.75
2016-04-05 12:40:00,750.7999999999998
2016-04-05 12:50:00,750.85
2016-04-05 13:00:00,750.9
2016-04-05 13:10:00,750.9166666666669
2016-04-05 13:20:00,750.9333333333329
2016-04-05 13:30:00,750.95
2016-04-05 13:40:00,750.966666666667
2016-04-05 13:50:00,750.983333333333
2016-04-05 14:00:00,751.0
2016-04-05 14:10:00,751.0499999999998
2016-04-05 14:20:00,751.1
2016-04-05 14:30:00,751.15
2016-04-05 14:40:00,751.2
2016-04-05 14:50:00,751.25
2016-04-05 15:00:00,751.2999999999998
2016-04-05 15:10:00,751.2999999999998
2016-04-05 15:20:00,751.2999999999998
2016-04-05 15:30:00,751.2999999999998
2016-04-05 15:40:00,751.2999999999998
2016-04-05 15:50:00,751.2999999999998
2016-04-05 16:00:00,751.2999999999998
2016-04-05 16:10:00,751.35
2016-04-05 16:20:00,751.4
2016-04-05 16:30:00,751.45
2016-04-05 16:40:00,751.5
2016-04-05 16:50:00,751.5499999999998
2016-04-05 17:00:00,751.6
2016-04-05 17:10:00,751.6333333333331
2016-04-05 17:20:00,751.6666666666669
2016-04-05 17:30:00,751.7
2016-04-05 17:40:00,751.733333333333
2016-04-05 17:50:00,751.766666666667
2016-04-05 18:00:00,751.7999999999998
2016-04-05 18:10:00,751.85
2016-04-05 18:20:00,751.9
2016-04-05 18:30:00,751.95
2016-04-05 18:40:00,752.0
2016-04-05 18:50:00,752.0499999999998
2016-04-05 19:00:00,752.1
2016-04-05 19:10:00,752.1666666666669
2016-04-05 19:20:00,752.233333333333
2016-04-05 19:30:00,752.2999999999998
2016-04-05 19:40:00,752.366666666667
2016-04-05 19:50:00,752.4333333333329
2016-04-05 20:00:00,752.5
2016-04-05 20:10:00,752.616666666667
2016-04-05 20:20:00,752.733333333333
2016-04-05 20:30:00,752.85
2016-04-05 20:40:00,752.966666666667
2016-04-05 20:50:00,753.0833333333329
2016-04-05 21:00:00,753.2
2016-04-05 21:10:00,753.2999999999998
2016-04-05 21:20:00,753.4
2016-04-05 21:30:00,753.5
2016-04-05 21:40:00,753.6
2016-04-05 21:50:00,753.7
2016-04-05 22:00:00,753.7999999999998
2016-04-05 22:10:00,753.8333333333329
2016-04-05 22:20:00,753.866666666667
2016-04-05 22:30:00,753.9
2016-04-05 22:40:00,753.9333333333329
2016-04-05 22:50:00,753.966666666667
2016-04-05 23:00:00,754.0
2016-04-05 23:10:00,754.033333333333
2016-04-05 23:20:00,754.0666666666668
2016-04-05 23:30:00,754.1
2016-04-05 23:40:00,754.1333333333331
2016-04-05 23:50:00,754.1666666666669
2016-04-06 00:00:00,754.2
2016-04-06 00:10:00,754.216666666667
2016-04-06 00:20:00,754.233333333333
2016-04-06 00:30:00,754.25
2016-04-06 00:40:00,754.266666666667
2016-04-06 00:50:00,754.283333333333
2016-04-06 01:00:00,754.2999999999998
2016-04-06 01:10:00,754.2999999999998
2016-04-06 01:20:00,754.2999999999998
2016-04-06 01:30:00,754.2999999999998
2016-04-06 01:40:00,754.2999999999998
2016-04-06 01:50:00,754.2999999999998
2016-04-06 02:00:00,754.2999999999998
2016-04-06 02:10:00,754.25
2016-04-06 02:20:00,754.2
2016-04-06 02:30:00,754.15
2016-04-06 02:40:00,754.1
2016-04-06 02:50:00,754.0499999999998
2016-04-06 03:00:00,754.0
2016-04-06 03:10:00,754.0
2016-04-06 03:20:00,754.0
2016-04-06 03:30:00,754.0
2016-04-06 03:40:00,754.0
2016-04-06 03:50:00,754.0
2016-04-06 04:00:00,754.0
2016-04-06 04:10:00,753.966666666667
2016-04-06 04:20:00,753.9333333333329
2016-04-06 04:30:00,753.9
2016-04-06 04:40:00,753.866666666667
2016-04-06 04:50:00,753.8333333333329
2016-04-06 05:00:00,753.7999999999998
2016-04-06 05:10:00,753.783333333333
2016-04-06 05:20:00,753.766666666667
2016-04-06 05:30:00,753.75
2016-04-06 05:40:00,753.733333333333
2016-04-06 05:50:00,753.716666666667
2016-04-06 06:00:00,753.7
2016-04-06 06:10:00,753.716666666667
2016-04-06 06:20:00,753.733333333333
2016-04-06 06:30:00,753.75
2016-04-06 06:40:00,753.766666666667
2016-04-06 06:50:00,753.783333333333
2016-04-06 07:00:00,753.7999999999998
2016-04-06 07:10:00,753.8333333333329
2016-04-06 07:20:00,753.866666666667
2016-04-06 07:30:00,753.9
2016-04-06 07:40:00,753.9333333333329
2016-04-06 07:50:00,753.966666666667
2016-04-06 08:00:00,754.0
2016-04-06 08:10:00,754.0
2016-04-06 08:20:00,754.0
2016-04-06 08:30:00,754.0
2016-04-06 08:40:00,754.0
2016-04-06 08:50:00,754.0
2016-04-06 09:00:00,754.0
2016-04-06 09:10:00,754.0
2016-04-06 09:20:00,754.0
2016-04-06 09:30:00,754.0
2016-04-06 09:40:00,754.0
2016-04-06 09:50:00,754.0
2016-04-06 10:00:00,754.0
2016-04-06 10:10:00,754.0
2016-04-06 10:20:00,754.0
2016-04-06 10:30:00,754.0
2016-04-06 10:40:00,754.0
2016-04-06 10:50:00,754.0
2016-04-06 11:00:00,754.0
2016-04-06 11:10:00,753.9333333333329
2016-04-06 11:20:00,753.866666666667
2016-04-06 11:30:00,753.7999999999998
2016-04-06 11:40:00,753.733333333333
2016-04-06 11:50:00,753.6666666666669
2016-04-06 12:00:00,753.6
2016-04-06 12:10:00,753.483333333333
2016-04-06 12:20:00,753.366666666667
2016-04-06 12:30:00,753.25
2016-04-06 12:40:00,753.1333333333331
2016-04-06 12:50:00,753.016666666667
2016-04-06 13:00:00,752.9
2016-04-06 13:10:00,752.866666666667
2016-04-06 13:20:00,752.8333333333329
2016-04-06 13:30:00,752.7999999999998
2016-04-06 13:40:00,752.766666666667
2016-04-06 13:50:00,752.733333333333
2016-04-06 14:00:00,752.7
2016-04-06 14:10:00,752.616666666667
2016-04-06 14:20:00,752.533333333333
2016-04-06 14:30:00,752.45
2016-04-06 14:40:00,752.366666666667
2016-04-06 14:50:00,752.283333333333
2016-04-06 15:00:00,752.2
2016-04-06 15:10:00,752.1
2016-04-06 15:20:00,752.0
2016-04-06 15:30:00,751.9
2016-04-06 15:40:00,751.7999999999998
2016-04-06 15:50:00,751.7
2016-04-06 16:00:00,751.6
2016-04-06 16:10:00,751.533333333333
2016-04-06 16:20:00,751.466666666667
2016-04-06 16:30:00,751.4
2016-04-06 16:40:00,751.3333333333329
2016-04-06 16:50:00,751.266666666667
2016-04-06 17:00:00,751.2
2016-04-06 17:10:00,751.216666666667
2016-04-06 17:20:00,751.233333333333
2016-04-06 17:30:00,751.25
2016-04-06 17:40:00,751.266666666667
2016-04-06 17:50:00,751.283333333333
2016-04-06 18:00:00,751.2999999999998
2016-04-06 18:10:00,751.2999999999998
2016-04-06 18:20:00,751.2999999999998
2016-04-06 18:30:00,751.2999999999998
2016-04-06 18:40:00,751.2999999999998
2016-04-06 18:50:00,751.2999999999998
2016-04-06 19:00:00,751.2999999999998
2016-04-06 19:10:00,751.2999999999998
2016-04-06 19:20:00,751.2999999999998
2016-04-06 19:30:00,751.2999999999998
2016-04-06 19:40:00,751.2999999999998
2016-04-06 19:50:00,751.2999999999998
2016-04-06 20:00:00,751.2999999999998
2016-04-06 20:10:00,751.35
2016-04-06 20:20:00,751.4
2016-04-06 20:30:00,751.45
2016-04-06 20:40:00,751.5
2016-04-06 20:50:00,751.5499999999998
2016-04-06 21:00:00,751.6
2016-04-06 21:10:00,751.6
2016-04-06 21:20:00,751.6
2016-04-06 21:30:00,751.6
2016-04-06 21:40:00,751.6
2016-04-06 21:50:00,751.6
2016-04-06 22:00:00,751.6
2016-04-06 22:10:00,751.616666666667
2016-04-06 22:20:00,751.6333333333331
2016-04-06 22:30:00,751.65
2016-04-06 22:40:00,751.6666666666669
2016-04-06 22:50:00,751.6833333333329
2016-04-06 23:00:00,751.7
2016-04-06 23:10:00,751.716666666667
2016-04-06 23:20:00,751.733333333333
2016-04-06 23:30:00,751.75
2016-04-06 23:40:00,751.766666666667
2016-04-06 23:50:00,751.783333333333
2016-04-07 00:00:00,751.7999999999998
2016-04-07 00:10:00,751.783333333333
2016-04-07 00:20:00,751.766666666667
2016-04-07 00:30:00,751.75
2016-04-07 00:40:00,751.733333333333
2016-04-07 00:50:00,751.716666666667
2016-04-07 01:00:00,751.7
2016-04-07 01:10:00,751.7
2016-04-07 01:20:00,751.7
2016-04-07 01:30:00,751.7
2016-04-07 01:40:00,751.7
2016-04-07 01:50:00,751.7
2016-04-07 02:00:00,751.7
2016-04-07 02:10:00,751.7
2016-04-07 02:20:00,751.7
2016-04-07 02:30:00,751.7
2016-04-07 02:40:00,751.7
2016-04-07 02:50:00,751.7
2016-04-07 03:00:00,751.7
2016-04-07 03:10:00,751.6833333333329
2016-04-07 03:20:00,751.6666666666669
2016-04-07 03:30:00,751.65
2016-04-07 03:40:00,751.6333333333331
2016-04-07 03:50:00,751.616666666667
2016-04-07 04:00:00,751.6
2016-04-07 04:10:00,751.616666666667
2016-04-07 04:20:00,751.6333333333331
2016-04-07 04:30:00,751.65
2016-04-07 04:40:00,751.6666666666669
2016-04-07 04:50:00,751.6833333333329
2016-04-07 05:00:00,751.7
2016-04-07 05:10:00,751.6833333333329
2016-04-07 05:20:00,751.6666666666669
2016-04-07 05:30:00,751.65
2016-04-07 05:40:00,751.6333333333331
2016-04-07 05:50:00,751.616666666667
2016-04-07 06:00:00,751.6
2016-04-07 06:10:00,751.6333333333331
2016-04-07 06:20:00,751.6666666666669
2016-04-07 06:30:00,751.7
2016-04-07 06:40:00,751.733333333333
2016-04-07 06:50:00,751.766666666667
2016-04-07 07:00:00,751.7999999999998
2016-04-07 07:10:00,751.85
2016-04-07 07:20:00,751.9
2016-04-07 07:30:00,751.95
2016-04-07 07:40:00,752.0
2016-04-07 07:50:00,752.0499999999998
2016-04-07 08:00:00,752.1
2016-04-07 08:10:00,752.1666666666669
2016-04-07 08:20:00,752.233333333333
2016-04-07 08:30:00,752.2999999999998
2016-04-07 08:40:00,752.366666666667
2016-04-07 08:50:00,752.4333333333329
2016-04-07 09:00:00,752.5
2016-04-07 09:10:00,752.533333333333
2016-04-07 09:20:00,752.5666666666668
2016-04-07 09:30:00,752.6
2016-04-07 09:40:00,752.6333333333331
2016-04-07 09:50:00,752.6666666666669
2016-04-07 10:00:00,752.7
2016-04-07 10:10:00,752.716666666667
2016-04-07 10:20:00,752.733333333333
2016-04-07 10:30:00,752.75
2016-04-07 10:40:00,752.766666666667
2016-04-07 10:50:00,752.783333333333
2016-04-07 11:00:00,752.7999999999998
2016-04-07 11:10:00,752.7999999999998
2016-04-07 11:20:00,752.7999999999998
2016-04-07 11:30:00,752.7999999999998
2016-04-07 11:40:00,752.7999999999998
2016-04-07 11:50:00,752.7999999999998
2016-04-07 12:00:00,752.7999999999998
2016-04-07 12:10:00,752.7999999999998
2016-04-07 12:20:00,752.7999999999998
2016-04-07 12:30:00,752.7999999999998
2016-04-07 12:40:00,752.7999999999998
2016-04-07 12:50:00,752.7999999999998
2016-04-07 13:00:00,752.7999999999998
2016-04-07 13:10:00,752.7999999999998
2016-04-07 13:20:00,752.7999999999998
2016-04-07 13:30:00,752.7999999999998
2016-04-07 13:40:00,752.7999999999998
2016-04-07 13:50:00,752.7999999999998
2016-04-07 14:00:00,752.7999999999998
2016-04-07 14:10:00,752.7999999999998
2016-04-07 14:20:00,752.7999999999998
2016-04-07 14:30:00,752.7999999999998
2016-04-07 14:40:00,752.7999999999998
2016-04-07 14:50:00,752.7999999999998
2016-04-07 15:00:00,752.7999999999998
2016-04-07 15:10:00,752.783333333333
2016-04-07 15:20:00,752.766666666667
2016-04-07 15:30:00,752.75
2016-04-07 15:40:00,752.733333333333
2016-04-07 15:50:00,752.716666666667
2016-04-07 16:00:00,752.7
2016-04-07 16:10:00,752.6666666666669
2016-04-07 16:20:00,752.6333333333331
2016-04-07 16:30:00,752.6
2016-04-07 16:40:00,752.5666666666668
2016-04-07 16:50:00,752.533333333333
2016-04-07 17:00:00,752.5
2016-04-07 17:10:00,752.5
2016-04-07 17:20:00,752.5
2016-04-07 17:30:00,752.5
2016-04-07 17:40:00,752.5
2016-04-07 17:50:00,752.5
2016-04-07 18:00:00,752.5
2016-04-07 18:10:00,752.5499999999998
2016-04-07 18:20:00,752.6
2016-04-07 18:30:00,752.65
2016-04-07 18:40:00,752.7
2016-04-07 18:50:00,752.75
2016-04-07 19:00:00,752.7999999999998
2016-04-07 19:10:00,752.85
2016-04-07 19:20:00,752.9
2016-04-07 19:30:00,752.95
2016-04-07 19:40:00,753.0
2016-04-07 19:50:00,753.0499999999998
2016-04-07 20:00:00,753.1
2016-04-07 20:10:00,753.1833333333329
2016-04-07 20:20:00,753.266666666667
2016-04-07 20:30:00,753.35
2016-04-07 20:40:00,753.4333333333329
2016-04-07 20:50:00,753.516666666667
2016-04-07 21:00:00,753.6
2016-04-07 21:10:00,753.6666666666669
2016-04-07 21:20:00,753.733333333333
2016-04-07 21:30:00,753.7999999999998
2016-04-07 21:40:00,753.866666666667
2016-04-07 21:50:00,753.9333333333329
2016-04-07 22:00:00,754.0
2016-04-07 22:10:00,754.0
2016-04-07 22:20:00,754.0
2016-04-07 22:30:00,754.0
2016-04-07 22:40:00,754.0
2016-04-07 22:50:00,754.0
2016-04-07 23:00:00,754.0
2016-04-07 23:10:00,754.033333333333
2016-04-07 23:20:00,754.0666666666668
2016-04-07 23:30:00,754.1
2016-04-07 23:40:00,754.1333333333331
2016-04-07 23:50:00,754.1666666666669
2016-04-08 00:00:00,754.2
2016-04-08 00:10:00,754.1749999999998
2016-04-08 00:20:00,754.15
2016-04-08 00:30:00,754.125
2016-04-08 00:40:00,754.1
2016-04-08 00:50:00,754.075
2016-04-08 01:00:00,754.0499999999998
2016-04-08 01:10:00,754.025
2016-04-08 01:20:00,754.0
2016-04-08 01:30:00,753.975
2016-04-08 01:40:00,753.95
2016-04-08 01:50:00,753.9249999999998
2016-04-08 02:00:00,753.9
2016-04-08 02:10:00,753.9166666666669
2016-04-08 02:20:00,753.9333333333329
2016-04-08 02:30:00,753.95
2016-04-08 02:40:00,753.966666666667
2016-04-08 02:50:00,753.983333333333
2016-04-08 03:00:00,754.0
2016-04-08 03:10:00,753.983333333333
2016-04-08 03:20:00,753.966666666667
2016-04-08 03:30:00,753.95
2016-04-08 03:40:00,753.9333333333329
2016-04-08 03:50:00,753.9166666666669
2016-04-08 04:00:00,753.9
2016-04-08 04:10:00,753.9
2016-04-08 04:20:00,753.9
2016-04-08 04:30:00,753.9
2016-04-08 04:40:00,753.9
2016-04-08 04:50:00,753.9
2016-04-08 05:00:00,753.9
2016-04-08 05:10:00,753.9166666666669
2016-04-08 05:20:00,753.9333333333329
2016-04-08 05:30:00,753.95
2016-04-08 05:40:00,753.966666666667
2016-04-08 05:50:00,753.983333333333
2016-04-08 06:00:00,754.0
2016-04-08 06:10:00,754.033333333333
2016-04-08 06:20:00,754.0666666666668
2016-04-08 06:30:00,754.1
2016-04-08 06:40:00,754.1333333333331
2016-04-08 06:50:00,754.1666666666669
2016-04-08 07:00:00,754.2
2016-04-08 07:10:00,754.266666666667
2016-04-08 07:20:00,754.3333333333329
2016-04-08 07:30:00,754.4
2016-04-08 07:40:00,754.466666666667
2016-04-08 07:50:00,754.533333333333
2016-04-08 08:00:00,754.6
2016-04-08 08:10:00,754.5666666666668
2016-04-08 08:20:00,754.533333333333
2016-04-08 08:30:00,754.5
2016-04-08 08:40:00,754.466666666667
2016-04-08 08:50:00,754.4333333333329
2016-04-08 09:00:00,754.4
2016-04-08 09:10:00,754.4333333333329
2016-04-08 09:20:00,754.466666666667
2016-04-08 09:30:00,754.5
2016-04-08 09:40:00,754.533333333333
2016-04-08 09:50:00,754.5666666666668
2016-04-08 10:00:00,754.6
2016-04-08 10:10:00,754.6
2016-04-08 10:20:00,754.6
2016-04-08 10:30:00,754.6
2016-04-08 10:40:00,754.6
2016-04-08 10:50:00,754.6
2016-04-08 11:00:00,754.6
2016-04-08 11:10:00,754.6
2016-04-08 11:20:00,754.6
2016-04-08 11:30:00,754.6
2016-04-08 11:40:00,754.6
2016-04-08 11:50:00,754.6
2016-04-08 12:00:00,754.6
2016-04-08 12:10:00,754.6
2016-04-08 12:20:00,754.6
2016-04-08 12:30:00,754.6
2016-04-08 12:40:00,754.6
2016-04-08 12:50:00,754.6
2016-04-08 13:00:00,754.6
2016-04-08 13:10:00,754.5499999999998
2016-04-08 13:20:00,754.5
2016-04-08 13:30:00,754.45
2016-04-08 13:40:00,754.4
2016-04-08 13:50:00,754.35
2016-04-08 14:00:00,754.2999999999998
2016-04-08 14:10:00,754.25
2016-04-08 14:20:00,754.2
2016-04-08 14:30:00,754.15
2016-04-08 14:40:00,754.1
2016-04-08 14:50:00,754.0499999999998
2016-04-08 15:00:00,754.0
2016-04-08 15:10:00,753.9333333333329
2016-04-08 15:20:00,753.866666666667
2016-04-08 15:30:00,753.7999999999998
2016-04-08 15:40:00,753.733333333333
2016-04-08 15:50:00,753.6666666666669
2016-04-08 16:00:00,753.6
2016-04-08 16:10:00,753.5666666666668
2016-04-08 16:20:00,753.533333333333
2016-04-08 16:30:00,753.5
2016-04-08 16:40:00,753.466666666667
2016-04-08 16:50:00,753.4333333333329
2016-04-08 17:00:00,753.4
2016-04-08 17:10:00,753.366666666667
2016-04-08 17:20:00,753.3333333333329
2016-04-08 17:30:00,753.2999999999998
2016-04-08 17:40:00,753.266666666667
2016-04-08 17:50:00,753.233333333333
2016-04-08 18:00:00,753.2
2016-04-08 18:10:00,753.2
2016-04-08 18:20:00,753.2
2016-04-08 18:30:00,753.2
2016-04-08 18:40:00,753.2
2016-04-08 18:50:00,753.2
2016-04-08 19:00:00,753.2
2016-04-08 19:10:00,753.216666666667
2016-04-08 19:20:00,753.233333333333
2016-04-08 19:30:00,753.25
2016-04-08 19:40:00,753.266666666667
2016-04-08 19:50:00,753.283333333333
2016-04-08 20:00:00,753.2999999999998
2016-04-08 20:10:00,753.3166666666668
2016-04-08 20:20:00,753.3333333333329
2016-04-08 20:30:00,753.35
2016-04-08 20:40:00,753.366666666667
2016-04-08 20:50:00,753.3833333333331
2016-04-08 21:00:00,753.4
2016-04-08 21:10:00,753.366666666667
2016-04-08 21:20:00,753.3333333333329
2016-04-08 21:30:00,753.2999999999998
2016-04-08 21:40:00,753.266666666667
2016-04-08 21:50:00,753.233333333333
2016-04-08 22:00:00,753.2
2016-04-08 22:10:00,753.1833333333329
2016-04-08 22:20:00,753.1666666666669
2016-04-08 22:30:00,753.15
2016-04-08 22:40:00,753.1333333333331
2016-04-08 22:50:00,753.116666666667
2016-04-08 23:00:00,753.1
2016-04-08 23:10:00,753.0666666666668
2016-04-08 23:20:00,753.033333333333
2016-04-08 23:30:00,753.0
2016-04-08 23:40:00,752.966666666667
2016-04-08 23:50:00,752.9333333333329
2016-04-09 00:00:00,752.9
2016-04-09 00:10:00,752.8833333333331
2016-04-09 00:20:00,752.866666666667
2016-04-09 00:30:00,752.85
2016-04-09 00:40:00,752.8333333333329
2016-04-09 00:50:00,752.8166666666668
2016-04-09 01:00:00,752.7999999999998
2016-04-09 01:10:00,752.75
2016-04-09 01:20:00,752.7
2016-04-09 01:30:00,752.65
2016-04-09 01:40:00,752.6
2016-04-09 01:50:00,752.5499999999998
2016-04-09 02:00:00,752.5
2016-04-09 02:10:00,752.466666666667
2016-04-09 02:20:00,752.4333333333329
2016-04-09 02:30:00,752.4
2016-04-09 02:40:00,752.366666666667
2016-04-09 02:50:00,752.3333333333329
2016-04-09 03:00:00,752.2999999999998
2016-04-09 03:10:00,752.233333333333
2016-04-09 03:20:00,752.1666666666669
2016-04-09 03:30:00,752.1
2016-04-09 03:40:00,752.033333333333
2016-04-09 03:50:00,751.966666666667
2016-04-09 04:00:00,751.9
2016-04-09 04:10:00,751.85
2016-04-09 04:20:00,751.7999999999998
2016-04-09 04:30:00,751.75
2016-04-09 04:40:00,751.7
2016-04-09 04:50:00,751.65
2016-04-09 05:00:00,751.6
2016-04-09 05:10:00,751.533333333333
2016-04-09 05:20:00,751.466666666667
2016-04-09 05:30:00,751.4
2016-04-09 05:40:00,751.3333333333329
2016-04-09 05:50:00,751.266666666667
2016-04-09 06:00:00,751.2
2016-04-09 06:10:00,751.1666666666669
2016-04-09 06:20:00,751.1333333333331
2016-04-09 06:30:00,751.1
2016-04-09 06:40:00,751.0666666666668
2016-04-09 06:50:00,751.033333333333
2016-04-09 07:00:00,751.0
2016-04-09 07:10:00,750.966666666667
2016-04-09 07:20:00,750.9333333333329
2016-04-09 07:30:00,750.9
2016-04-09 07:40:00,750.866666666667
2016-04-09 07:50:00,750.8333333333329
2016-04-09 08:00:00,750.7999999999998
2016-04-09 08:10:00,750.766666666667
2016-04-09 08:20:00,750.733333333333
2016-04-09 08:30:00,750.7
2016-04-09 08:40:00,750.6666666666669
2016-04-09 08:50:00,750.6333333333331
2016-04-09 09:00:00,750.6
2016-04-09 09:10:00,750.5666666666668
2016-04-09 09:20:00,750.533333333333
2016-04-09 09:30:00,750.5
2016-04-09 09:40:00,750.466666666667
2016-04-09 09:50:00,750.4333333333329
2016-04-09 10:00:00,750.4
2016-04-09 10:10:00,750.3833333333331
2016-04-09 10:20:00,750.366666666667
2016-04-09 10:30:00,750.35
2016-04-09 10:40:00,750.3333333333329
2016-04-09 10:50:00,750.3166666666668
2016-04-09 11:00:00,750.2999999999998
2016-04-09 11:10:00,750.283333333333
2016-04-09 11:20:00,750.266666666667
2016-04-09 11:30:00,750.25
2016-04-09 11:40:00,750.233333333333
2016-04-09 11:50:00,750.216666666667
2016-04-09 12:00:00,750.2
2016-04-09 12:10:00,750.15
2016-04-09 12:20:00,750.1
2016-04-09 12:30:00,750.0499999999998
2016-04-09 12:40:00,750.0
2016-04-09 12:50:00,749.95
2016-04-09 13:00:00,749.9
2016-04-09 13:10:00,749.8333333333329
2016-04-09 13:20:00,749.766666666667
2016-04-09 13:30:00,749.7
2016-04-09 13:40:00,749.6333333333331
2016-04-09 13:50:00,749.5666666666668
2016-04-09 14:00:00,749.5
2016-04-09 14:10:00,749.45
2016-04-09 14:20:00,749.4
2016-04-09 14:30:00,749.35
2016-04-09 14:40:00,749.2999999999998
2016-04-09 14:50:00,749.25
2016-04-09 15:00:00,749.2
2016-04-09 15:10:00,749.1333333333331
2016-04-09 15:20:00,749.0666666666668
2016-04-09 15:30:00,749.0
2016-04-09 15:40:00,748.9333333333329
2016-04-09 15:50:00,748.866666666667
2016-04-09 16:00:00,748.7999999999998
2016-04-09 16:10:00,748.75
2016-04-09 16:20:00,748.7
2016-04-09 16:30:00,748.65
2016-04-09 16:40:00,748.6
2016-04-09 16:50:00,748.5499999999998
2016-04-09 17:00:00,748.5
2016-04-09 17:10:00,748.466666666667
2016-04-09 17:20:00,748.4333333333329
2016-04-09 17:30:00,748.4
2016-04-09 17:40:00,748.366666666667
2016-04-09 17:50:00,748.3333333333329
2016-04-09 18:00:00,748.2999999999998
2016-04-09 18:10:00,748.2999999999998
2016-04-09 18:20:00,748.2999999999998
2016-04-09 18:30:00,748.2999999999998
2016-04-09 18:40:00,748.2999999999998
2016-04-09 18:50:00,748.2999999999998
2016-04-09 19:00:00,748.2999999999998
2016-04-09 19:10:00,748.3833333333331
2016-04-09 19:20:00,748.466666666667
2016-04-09 19:30:00,748.5499999999998
2016-04-09 19:40:00,748.6333333333331
2016-04-09 19:50:00,748.716666666667
2016-04-09 20:00:00,748.7999999999998
2016-04-09 20:10:00,748.966666666667
2016-04-09 20:20:00,749.1333333333331
2016-04-09 20:30:00,749.2999999999998
2016-04-09 20:40:00,749.466666666667
2016-04-09 20:50:00,749.6333333333331
2016-04-09 21:00:00,749.7999999999998
2016-04-09 21:10:00,749.8333333333329
2016-04-09 21:20:00,749.866666666667
2016-04-09 21:30:00,749.9
2016-04-09 21:40:00,749.9333333333329
2016-04-09 21:50:00,749.966666666667
2016-04-09 22:00:00,750.0
2016-04-09 22:10:00,750.033333333333
2016-04-09 22:20:00,750.0666666666668
2016-04-09 22:30:00,750.1
2016-04-09 22:40:00,750.1333333333331
2016-04-09 22:50:00,750.1666666666669
2016-04-09 23:00:00,750.2
2016-04-09 23:10:00,750.283333333333
2016-04-09 23:20:00,750.366666666667
2016-04-09 23:30:00,750.45
2016-04-09 23:40:00,750.533333333333
2016-04-09 23:50:00,750.616666666667
2016-04-10 00:00:00,750.7
2016-04-10 00:10:00,750.783333333333
2016-04-10 00:20:00,750.866666666667
2016-04-10 00:30:00,750.95
2016-04-10 00:40:00,751.033333333333
2016-04-10 00:50:00,751.116666666667
2016-04-10 01:00:00,751.2
2016-04-10 01:10:00,751.266666666667
2016-04-10 01:20:00,751.3333333333329
2016-04-10 01:30:00,751.4
2016-04-10 01:40:00,751.466666666667
2016-04-10 01:50:00,751.533333333333
2016-04-10 02:00:00,751.6
2016-04-10 02:10:00,751.616666666667
2016-04-10 02:20:00,751.6333333333331
2016-04-10 02:30:00,751.65
2016-04-10 02:40:00,751.6666666666669
2016-04-10 02:50:00,751.6833333333329
2016-04-10 03:00:00,751.7
2016-04-10 03:10:00,751.766666666667
2016-04-10 03:20:00,751.8333333333329
2016-04-10 03:30:00,751.9
2016-04-10 03:40:00,751.966666666667
2016-04-10 03:50:00,752.033333333333
2016-04-10 04:00:00,752.1
2016-04-10 04:10:00,752.1
2016-04-10 04:20:00,752.1
2016-04-10 04:30:00,752.1
2016-04-10 04:40:00,752.1
2016-04-10 04:50:00,752.1
2016-04-10 05:00:00,752.1
2016-04-10 05:10:00,752.116666666667
2016-04-10 05:20:00,752.1333333333331
2016-04-10 05:30:00,752.15
2016-04-10 05:40:00,752.1666666666669
2016-04-10 05:50:00,752.1833333333329
2016-04-10 06:00:00,752.2
2016-04-10 06:10:00,752.25
2016-04-10 06:20:00,752.2999999999998
2016-04-10 06:30:00,752.35
2016-04-10 06:40:00,752.4
2016-04-10 06:50:00,752.45
2016-04-10 07:00:00,752.5
2016-04-10 07:10:00,752.6
2016-04-10 07:20:00,752.7
2016-04-10 07:30:00,752.7999999999998
2016-04-10 07:40:00,752.9
2016-04-10 07:50:00,753.0
2016-04-10 08:00:00,753.1
2016-04-10 08:10:00,753.1333333333331
2016-04-10 08:20:00,753.1666666666669
2016-04-10 08:30:00,753.2
2016-04-10 08:40:00,753.233333333333
2016-04-10 08:50:00,753.266666666667
2016-04-10 09:00:00,753.2999999999998
2016-04-10 09:10:00,753.35
2016-04-10 09:20:00,753.4
2016-04-10 09:30:00,753.45
2016-04-10 09:40:00,753.5
2016-04-10 09:50:00,753.5499999999998
2016-04-10 10:00:00,753.6
2016-04-10 10:10:00,753.5499999999998
2016-04-10 10:20:00,753.5
2016-04-10 10:30:00,753.45
2016-04-10 10:40:00,753.4
2016-04-10 10:50:00,753.35
2016-04-10 11:00:00,753.2999999999998
2016-04-10 11:10:00,753.283333333333
2016-04-10 11:20:00,753.266666666667
2016-04-10 11:30:00,753.25
2016-04-10 11:40:00,753.233333333333
2016-04-10 11:50:00,753.216666666667
2016-04-10 12:00:00,753.2
2016-04-10 12:10:00,753.116666666667
2016-04-10 12:20:00,753.033333333333
2016-04-10 12:30:00,752.95
2016-04-10 12:40:00,752.866666666667
2016-04-10 12:50:00,752.783333333333
2016-04-10 13:00:00,752.7
2016-04-10 13:10:00,752.6666666666669
2016-04-10 13:20:00,752.6333333333331
2016-04-10 13:30:00,752.6
2016-04-10 13:40:00,752.5666666666668
2016-04-10 13:50:00,752.533333333333
2016-04-10 14:00:00,752.5
2016-04-10 14:10:00,752.45
2016-04-10 14:20:00,752.4
2016-04-10 14:30:00,752.35
2016-04-10 14:40:00,752.2999999999998
2016-04-10 14:50:00,752.25
2016-04-10 15:00:00,752.2
2016-04-10 15:10:00,752.116666666667
2016-04-10 15:20:00,752.033333333333
2016-04-10 15:30:00,751.95
2016-04-10 15:40:00,751.866666666667
2016-04-10 15:50:00,751.783333333333
2016-04-10 16:00:00,751.7
2016-04-10 16:10:00,751.616666666667
2016-04-10 16:20:00,751.533333333333
2016-04-10 16:30:00,751.45
2016-04-10 16:40:00,751.366666666667
2016-04-10 16:50:00,751.283333333333
2016-04-10 17:00:00,751.2
2016-04-10 17:10:00,751.1666666666669
2016-04-10 17:20:00,751.1333333333331
2016-04-10 17:30:00,751.1
2016-04-10 17:40:00,751.0666666666668
2016-04-10 17:50:00,751.033333333333
2016-04-10 18:00:00,751.0
2016-04-10 18:10:00,750.95
2016-04-10 18:20:00,750.9
2016-04-10 18:30:00,750.85
2016-04-10 18:40:00,750.7999999999998
2016-04-10 18:50:00,750.75
2016-04-10 19:00:00,750.7
2016-04-10 19:10:00,750.7
2016-04-10 19:20:00,750.7
2016-04-10 19:30:00,750.7
2016-04-10 19:40:00,750.7
2016-04-10 19:50:00,750.7
2016-04-10 20:00:00,750.7
2016-04-10 20:10:00,750.733333333333
2016-04-10 20:20:00,750.766666666667
2016-04-10 20:30:00,750.7999999999998
2016-04-10 20:40:00,750.8333333333329
2016-04-10 20:50:00,750.866666666667
2016-04-10 21:00:00,750.9
2016-04-10 21:10:00,750.8833333333331
2016-04-10 21:20:00,750.866666666667
2016-04-10 21:30:00,750.85
2016-04-10 21:40:00,750.8333333333329
2016-04-10 21:50:00,750.8166666666668
2016-04-10 22:00:00,750.7999999999998
2016-04-10 22:10:00,750.766666666667
2016-04-10 22:20:00,750.733333333333
2016-04-10 22:30:00,750.7
2016-04-10 22:40:00,750.6666666666669
2016-04-10 22:50:00,750.6333333333331
2016-04-10 23:00:00,750.6
2016-04-10 23:10:00,750.6
2016-04-10 23:20:00,750.6
2016-04-10 23:30:00,750.6
2016-04-10 23:40:00,750.6
2016-04-10 23:50:00,750.6
2016-04-11 00:00:00,750.6
2016-04-11 00:10:00,750.6
2016-04-11 00:20:00,750.6
2016-04-11 00:30:00,750.6
2016-04-11 00:40:00,750.6
2016-04-11 00:50:00,750.6
2016-04-11 01:00:00,750.6
2016-04-11 01:10:00,750.6
2016-04-11 01:20:00,750.6
2016-04-11 01:30:00,750.6
2016-04-11 01:40:00,750.6
2016-04-11 01:50:00,750.6
2016-04-11 02:00:00,750.6
2016-04-11 02:10:00,750.5666666666668
2016-04-11 02:20:00,750.533333333333
2016-04-11 02:30:00,750.5
2016-04-11 02:40:00,750.466666666667
2016-04-11 02:50:00,750.4333333333329
2016-04-11 03:00:00,750.4
2016-04-11 03:10:00,750.366666666667
2016-04-11 03:20:00,750.3333333333329
2016-04-11 03:30:00,750.2999999999998
2016-04-11 03:40:00,750.266666666667
2016-04-11 03:50:00,750.233333333333
2016-04-11 04:00:00,750.2
2016-04-11 04:10:00,750.1833333333329
2016-04-11 04:20:00,750.1666666666669
2016-04-11 04:30:00,750.15
2016-04-11 04:40:00,750.1333333333331
2016-04-11 04:50:00,750.116666666667
2016-04-11 05:00:00,750.1
2016-04-11 05:10:00,750.0666666666668
2016-04-11 05:20:00,750.033333333333
2016-04-11 05:30:00,750.0
2016-04-11 05:40:00,749.966666666667
2016-04-11 05:50:00,749.9333333333329
2016-04-11 06:00:00,749.9
2016-04-11 06:10:00,749.866666666667
2016-04-11 06:20:00,749.8333333333329
2016-04-11 06:30:00,749.7999999999998
2016-04-11 06:40:00,749.766666666667
2016-04-11 06:50:00,749.733333333333
2016-04-11 07:00:00,749.7
2016-04-11 07:10:00,749.716666666667
2016-04-11 07:20:00,749.733333333333
2016-04-11 07:30:00,749.75
2016-04-11 07:40:00,749.766666666667
2016-04-11 07:50:00,749.783333333333
2016-04-11 08:00:00,749.7999999999998
2016-04-11 08:10:00,749.7999999999998
2016-04-11 08:20:00,749.7999999999998
2016-04-11 08:30:00,749.7999999999998
2016-04-11 08:40:00,749.7999999999998
2016-04-11 08:50:00,749.7999999999998
2016-04-11 09:00:00,749.7999999999998
2016-04-11 09:10:00,749.8166666666668
2016-04-11 09:20:00,749.8333333333329
2016-04-11 09:30:00,749.85
2016-04-11 09:40:00,749.866666666667
2016-04-11 09:50:00,749.8833333333331
2016-04-11 10:00:00,749.9
2016-04-11 10:10:00,749.9333333333329
2016-04-11 10:20:00,749.966666666667
2016-04-11 10:30:00,750.0
2016-04-11 10:40:00,750.033333333333
2016-04-11 10:50:00,750.0666666666668
2016-04-11 11:00:00,750.1
2016-04-11 11:10:00,750.116666666667
2016-04-11 11:20:00,750.1333333333331
2016-04-11 11:30:00,750.15
2016-04-11 11:40:00,750.1666666666669
2016-04-11 11:50:00,750.1833333333329
2016-04-11 12:00:00,750.2
2016-04-11 12:10:00,750.2
2016-04-11 12:20:00,750.2
2016-04-11 12:30:00,750.2
2016-04-11 12:40:00,750.2
2016-04-11 12:50:00,750.2
2016-04-11 13:00:00,750.2
2016-04-11 13:10:00,750.1833333333329
2016-04-11 13:20:00,750.1666666666669
2016-04-11 13:30:00,750.15
2016-04-11 13:40:00,750.1333333333331
2016-04-11 13:50:00,750.116666666667
2016-04-11 14:00:00,750.1
2016-04-11 14:10:00,750.116666666667
2016-04-11 14:20:00,750.1333333333331
2016-04-11 14:30:00,750.15
2016-04-11 14:40:00,750.1666666666669
2016-04-11 14:50:00,750.1833333333329
2016-04-11 15:00:00,750.2
2016-04-11 15:10:00,750.3166666666668
2016-04-11 15:20:00,750.4333333333329
2016-04-11 15:30:00,750.5499999999998
2016-04-11 15:40:00,750.6666666666669
2016-04-11 15:50:00,750.783333333333
2016-04-11 16:00:00,750.9
2016-04-11 16:10:00,750.85
2016-04-11 16:20:00,750.7999999999998
2016-04-11 16:30:00,750.75
2016-04-11 16:40:00,750.7
2016-04-11 16:50:00,750.65
2016-04-11 17:00:00,750.6
2016-04-11 17:10:00,750.616666666667
2016-04-11 17:20:00,750.6333333333331
2016-04-11 17:30:00,750.65
2016-04-11 17:40:00,750.6666666666669
2016-04-11 17:50:00,750.6833333333329
2016-04-11 18:00:00,750.7
2016-04-11 18:10:00,750.6833333333329
2016-04-11 18:20:00,750.6666666666669
2016-04-11 18:30:00,750.65
2016-04-11 18:40:00,750.6333333333331
2016-04-11 18:50:00,750.616666666667
2016-04-11 19:00:00,750.6
2016-04-11 19:10:00,750.5666666666668
2016-04-11 19:20:00,750.533333333333
2016-04-11 19:30:00,750.5
2016-04-11 19:40:00,750.466666666667
2016-04-11 19:50:00,750.4333333333329
2016-04-11 20:00:00,750.4
2016-04-11 20:10:00,750.466666666667
2016-04-11 20:20:00,750.533333333333
2016-04-11 20:30:00,750.6
2016-04-11 20:40:00,750.6666666666669
2016-04-11 20:50:00,750.733333333333
2016-04-11 21:00:00,750.7999999999998
2016-04-11 21:10:00,750.8333333333329
2016-04-11 21:20:00,750.866666666667
2016-04-11 21:30:00,750.9
2016-04-11 21:40:00,750.9333333333329
2016-04-11 21:50:00,750.966666666667
2016-04-11 22:00:00,751.0
2016-04-11 22:10:00,751.0499999999998
2016-04-11 22:20:00,751.1
2016-04-11 22:30:00,751.15
2016-04-11 22:40:00,751.2
2016-04-11 22:50:00,751.25
2016-04-11 23:00:00,751.2999999999998
2016-04-11 23:10:00,751.3166666666668
2016-04-11 23:20:00,751.3333333333329
2016-04-11 23:30:00,751.35
2016-04-11 23:40:00,751.366666666667
2016-04-11 23:50:00,751.3833333333331
2016-04-12 00:00:00,751.4
2016-04-12 00:10:00,751.45
2016-04-12 00:20:00,751.5
2016-04-12 00:30:00,751.5499999999998
2016-04-12 00:40:00,751.6
2016-04-12 00:50:00,751.65
2016-04-12 01:00:00,751.7
2016-04-12 01:10:00,751.6833333333329
2016-04-12 01:20:00,751.6666666666669
2016-04-12 01:30:00,751.65
2016-04-12 01:40:00,751.6333333333331
2016-04-12 01:50:00,751.616666666667
2016-04-12 02:00:00,751.6
2016-04-12 02:10:00,751.6
2016-04-12 02:20:00,751.6
2016-04-12 02:30:00,751.6
2016-04-12 02:40:00,751.6
2016-04-12 02:50:00,751.6
2016-04-12 03:00:00,751.6
2016-04-12 03:10:00,751.5666666666668
2016-04-12 03:20:00,751.533333333333
2016-04-12 03:30:00,751.5
2016-04-12 03:40:00,751.466666666667
2016-04-12 03:50:00,751.4333333333329
2016-04-12 04:00:00,751.4
2016-04-12 04:10:00,751.4333333333329
2016-04-12 04:20:00,751.466666666667
2016-04-12 04:30:00,751.5
2016-04-12 04:40:00,751.533333333333
2016-04-12 04:50:00,751.5666666666668
2016-04-12 05:00:00,751.6
2016-04-12 05:10:00,751.6
2016-04-12 05:20:00,751.6
2016-04-12 05:30:00,751.6
2016-04-12 05:40:00,751.6
2016-04-12 05:50:00,751.6
2016-04-12 06:00:00,751.6
2016-04-12 06:10:00,751.616666666667
2016-04-12 06:20:00,751.6333333333331
2016-04-12 06:30:00,751.65
2016-04-12 06:40:00,751.6666666666669
2016-04-12 06:50:00,751.6833333333329
2016-04-12 07:00:00,751.7
2016-04-12 07:10:00,751.75
2016-04-12 07:20:00,751.7999999999998
2016-04-12 07:30:00,751.85
2016-04-12 07:40:00,751.9
2016-04-12 07:50:00,751.95
2016-04-12 08:00:00,752.0
2016-04-12 08:10:00,752.016666666667
2016-04-12 08:20:00,752.033333333333
2016-04-12 08:30:00,752.0499999999998
2016-04-12 08:40:00,752.0666666666668
2016-04-12 08:50:00,752.0833333333329
2016-04-12 09:00:00,752.1
2016-04-12 09:10:00,752.0833333333329
2016-04-12 09:20:00,752.0666666666668
2016-04-12 09:30:00,752.0499999999998
2016-04-12 09:40:00,752.033333333333
2016-04-12 09:50:00,752.016666666667
2016-04-12 10:00:00,752.0
2016-04-12 10:10:00,752.0
2016-04-12 10:20:00,752.0
2016-04-12 10:30:00,752.0
2016-04-12 10:40:00,752.0
2016-04-12 10:50:00,752.0
2016-04-12 11:00:00,752.0
2016-04-12 11:10:00,751.983333333333
2016-04-12 11:20:00,751.966666666667
2016-04-12 11:30:00,751.95
2016-04-12 11:40:00,751.9333333333329
2016-04-12 11:50:00,751.9166666666669
2016-04-12 12:00:00,751.9
2016-04-12 12:10:00,751.866666666667
2016-04-12 12:20:00,751.8333333333329
2016-04-12 12:30:00,751.7999999999998
2016-04-12 12:40:00,751.766666666667
2016-04-12 12:50:00,751.733333333333
2016-04-12 13:00:00,751.7
2016-04-12 13:10:00,751.6833333333329
2016-04-12 13:20:00,751.6666666666669
2016-04-12 13:30:00,751.65
2016-04-12 13:40:00,751.6333333333331
2016-04-12 13:50:00,751.616666666667
2016-04-12 14:00:00,751.6
2016-04-12 14:10:00,751.6
2016-04-12 14:20:00,751.6
2016-04-12 14:30:00,751.6
2016-04-12 14:40:00,751.6
2016-04-12 14:50:00,751.6
2016-04-12 15:00:00,751.6
2016-04-12 15:10:00,751.6
2016-04-12 15:20:00,751.6
2016-04-12 15:30:00,751.6
2016-04-12 15:40:00,751.6
2016-04-12 15:50:00,751.6
2016-04-12 16:00:00,751.6
2016-04-12 16:10:00,751.5499999999998
2016-04-12 16:20:00,751.5
2016-04-12 16:30:00,751.45
2016-04-12 16:40:00,751.4
2016-04-12 16:50:00,751.35
2016-04-12 17:00:00,751.2999999999998
2016-04-12 17:10:00,751.283333333333
2016-04-12 17:20:00,751.266666666667
2016-04-12 17:30:00,751.25
2016-04-12 17:40:00,751.233333333333
2016-04-12 17:50:00,751.216666666667
2016-04-12 18:00:00,751.2
2016-04-12 18:10:00,751.1666666666669
2016-04-12 18:20:00,751.1333333333331
2016-04-12 18:30:00,751.1
2016-04-12 18:40:00,751.0666666666668
2016-04-12 18:50:00,751.033333333333
2016-04-12 19:00:00,751.0
2016-04-12 19:10:00,751.0
2016-04-12 19:20:00,751.0
2016-04-12 19:30:00,751.0
2016-04-12 19:40:00,751.0
2016-04-12 19:50:00,751.0
2016-04-12 20:00:00,751.0
2016-04-12 20:10:00,751.0499999999998
2016-04-12 20:20:00,751.1
2016-04-12 20:30:00,751.15
2016-04-12 20:40:00,751.2
2016-04-12 20:50:00,751.25
2016-04-12 21:00:00,751.2999999999998
2016-04-12 21:10:00,751.3166666666668
2016-04-12 21:20:00,751.3333333333329
2016-04-12 21:30:00,751.35
2016-04-12 21:40:00,751.366666666667
2016-04-12 21:50:00,751.3833333333331
2016-04-12 22:00:00,751.4
2016-04-12 22:10:00,751.4333333333329
2016-04-12 22:20:00,751.466666666667
2016-04-12 22:30:00,751.5
2016-04-12 22:40:00,751.533333333333
2016-04-12 22:50:00,751.5666666666668
2016-04-12 23:00:00,751.6
2016-04-12 23:10:00,751.616666666667
2016-04-12 23:20:00,751.6333333333331
2016-04-12 23:30:00,751.65
2016-04-12 23:40:00,751.6666666666669
2016-04-12 23:50:00,751.6833333333329
2016-04-13 00:00:00,751.7
2016-04-13 00:10:00,751.6833333333329
2016-04-13 00:20:00,751.6666666666669
2016-04-13 00:30:00,751.65
2016-04-13 00:40:00,751.6333333333331
2016-04-13 00:50:00,751.616666666667
2016-04-13 01:00:00,751.6
2016-04-13 01:10:00,751.5499999999998
2016-04-13 01:20:00,751.5
2016-04-13 01:30:00,751.45
2016-04-13 01:40:00,751.4
2016-04-13 01:50:00,751.35
2016-04-13 02:00:00,751.2999999999998
2016-04-13 02:10:00,751.2999999999998
2016-04-13 02:20:00,751.2999999999998
2016-04-13 02:30:00,751.2999999999998
2016-04-13 02:40:00,751.2999999999998
2016-04-13 02:50:00,751.2999999999998
2016-04-13 03:00:00,751.2999999999998
2016-04-13 03:10:00,751.25
2016-04-13 03:20:00,751.2
2016-04-13 03:30:00,751.15
2016-04-13 03:40:00,751.1
2016-04-13 03:50:00,751.0499999999998
2016-04-13 04:00:00,751.0
2016-04-13 04:10:00,750.9166666666669
2016-04-13 04:20:00,750.8333333333329
2016-04-13 04:30:00,750.75
2016-04-13 04:40:00,750.6666666666669
2016-04-13 04:50:00,750.5833333333329
2016-04-13 05:00:00,750.5
2016-04-13 05:10:00,750.45
2016-04-13 05:20:00,750.4
2016-04-13 05:30:00,750.35
2016-04-13 05:40:00,750.2999999999998
2016-04-13 05:50:00,750.25
2016-04-13 06:00:00,750.2
2016-04-13 06:10:00,750.2
2016-04-13 06:20:00,750.2
2016-04-13 06:30:00,750.2
2016-04-13 06:40:00,750.2
2016-04-13 06:50:00,750.2
2016-04-13 07:00:00,750.2
2016-04-13 07:10:00,750.266666666667
2016-04-13 07:20:00,750.3333333333329
2016-04-13 07:30:00,750.4
2016-04-13 07:40:00,750.466666666667
2016-04-13 07:50:00,750.533333333333
2016-04-13 08:00:00,750.6
2016-04-13 08:10:00,750.6
2016-04-13 08:20:00,750.6
2016-04-13 08:30:00,750.6
2016-04-13 08:40:00,750.6
2016-04-13 08:50:00,750.6
2016-04-13 09:00:00,750.6
2016-04-13 09:10:00,750.616666666667
2016-04-13 09:20:00,750.6333333333331
2016-04-13 09:30:00,750.65
2016-04-13 09:40:00,750.6666666666669
2016-04-13 09:50:00,750.6833333333329
2016-04-13 10:00:00,750.7
2016-04-13 10:10:00,750.75
2016-04-13 10:20:00,750.7999999999998
2016-04-13 10:30:00,750.85
2016-04-13 10:40:00,750.9
2016-04-13 10:50:00,750.95
2016-04-13 11:00:00,751.0
2016-04-13 11:10:00,751.0499999999998
2016-04-13 11:20:00,751.1
2016-04-13 11:30:00,751.15
2016-04-13 11:40:00,751.2
2016-04-13 11:50:00,751.25
2016-04-13 12:00:00,751.2999999999998
2016-04-13 12:10:00,751.35
2016-04-13 12:20:00,751.4
2016-04-13 12:30:00,751.45
2016-04-13 12:40:00,751.5
2016-04-13 12:50:00,751.5499999999998
2016-04-13 13:00:00,751.6
2016-04-13 13:10:00,751.65
2016-04-13 13:20:00,751.7
2016-04-13 13:30:00,751.75
2016-04-13 13:40:00,751.7999999999998
2016-04-13 13:50:00,751.85
2016-04-13 14:00:00,751.9
2016-04-13 14:10:00,751.9333333333329
2016-04-13 14:20:00,751.966666666667
2016-04-13 14:30:00,752.0
2016-04-13 14:40:00,752.033333333333
2016-04-13 14:50:00,752.0666666666668
2016-04-13 15:00:00,752.1
2016-04-13 15:10:00,752.116666666667
2016-04-13 15:20:00,752.1333333333331
2016-04-13 15:30:00,752.15
2016-04-13 15:40:00,752.1666666666669
2016-04-13 15:50:00,752.1833333333329
2016-04-13 16:00:00,752.2
2016-04-13 16:10:00,752.1833333333329
2016-04-13 16:20:00,752.1666666666669
2016-04-13 16:30:00,752.15
2016-04-13 16:40:00,752.1333333333331
2016-04-13 16:50:00,752.116666666667
2016-04-13 17:00:00,752.1
2016-04-13 17:10:00,752.1
2016-04-13 17:20:00,752.1
2016-04-13 17:30:00,752.1
2016-04-13 17:40:00,752.1
2016-04-13 17:50:00,752.1
2016-04-13 18:00:00,752.1
2016-04-13 18:10:00,752.033333333333
2016-04-13 18:20:00,751.966666666667
2016-04-13 18:30:00,751.9
2016-04-13 18:40:00,751.8333333333329
2016-04-13 18:50:00,751.766666666667
2016-04-13 19:00:00,751.7
2016-04-13 19:10:00,751.766666666667
2016-04-13 19:20:00,751.8333333333329
2016-04-13 19:30:00,751.9
2016-04-13 19:40:00,751.966666666667
2016-04-13 19:50:00,752.033333333333
2016-04-13 20:00:00,752.1
2016-04-13 20:10:00,752.1666666666669
2016-04-13 20:20:00,752.233333333333
2016-04-13 20:30:00,752.2999999999998
2016-04-13 20:40:00,752.366666666667
2016-04-13 20:50:00,752.4333333333329
2016-04-13 21:00:00,752.5
2016-04-13 21:10:00,752.6
2016-04-13 21:20:00,752.7
2016-04-13 21:30:00,752.7999999999998
2016-04-13 21:40:00,752.9
2016-04-13 21:50:00,753.0
2016-04-13 22:00:00,753.1
2016-04-13 22:10:00,753.1333333333331
2016-04-13 22:20:00,753.1666666666669
2016-04-13 22:30:00,753.2
2016-04-13 22:40:00,753.233333333333
2016-04-13 22:50:00,753.266666666667
2016-04-13 23:00:00,753.2999999999998
2016-04-13 23:10:00,753.35
2016-04-13 23:20:00,753.4
2016-04-13 23:30:00,753.45
2016-04-13 23:40:00,753.5
2016-04-13 23:50:00,753.5499999999998
2016-04-14 00:00:00,753.6
2016-04-14 00:10:00,753.6
2016-04-14 00:20:00,753.6
2016-04-14 00:30:00,753.6
2016-04-14 00:40:00,753.6
2016-04-14 00:50:00,753.6
2016-04-14 01:00:00,753.6
2016-04-14 01:10:00,753.6333333333331
2016-04-14 01:20:00,753.6666666666669
2016-04-14 01:30:00,753.7
2016-04-14 01:40:00,753.733333333333
2016-04-14 01:50:00,753.766666666667
2016-04-14 02:00:00,753.7999999999998
2016-04-14 02:10:00,753.8166666666668
2016-04-14 02:20:00,753.8333333333329
2016-04-14 02:30:00,753.85
2016-04-14 02:40:00,753.866666666667
2016-04-14 02:50:00,753.8833333333331
2016-04-14 03:00:00,753.9
2016-04-14 03:10:00,753.8833333333331
2016-04-14 03:20:00,753.866666666667
2016-04-14 03:30:00,753.85
2016-04-14 03:40:00,753.8333333333329
2016-04-14 03:50:00,753.8166666666668
2016-04-14 04:00:00,753.7999999999998
2016-04-14 04:10:00,753.8166666666668
2016-04-14 04:20:00,753.8333333333329
2016-04-14 04:30:00,753.85
2016-04-14 04:40:00,753.866666666667
2016-04-14 04:50:00,753.8833333333331
2016-04-14 05:00:00,753.9
2016-04-14 05:10:00,753.866666666667
2016-04-14 05:20:00,753.8333333333329
2016-04-14 05:30:00,753.7999999999998
2016-04-14 05:40:00,753.766666666667
2016-04-14 05:50:00,753.733333333333
2016-04-14 06:00:00,753.7
2016-04-14 06:10:00,753.733333333333
2016-04-14 06:20:00,753.766666666667
2016-04-14 06:30:00,753.7999999999998
2016-04-14 06:40:00,753.8333333333329
2016-04-14 06:50:00,753.866666666667
2016-04-14 07:00:00,753.9
2016-04-14 07:10:00,753.966666666667
2016-04-14 07:20:00,754.033333333333
2016-04-14 07:30:00,754.1
2016-04-14 07:40:00,754.1666666666669
2016-04-14 07:50:00,754.233333333333
2016-04-14 08:00:00,754.2999999999998
2016-04-14 08:10:00,754.2999999999998
2016-04-14 08:20:00,754.2999999999998
2016-04-14 08:30:00,754.2999999999998
2016-04-14 08:40:00,754.2999999999998
2016-04-14 08:50:00,754.2999999999998
2016-04-14 09:00:00,754.2999999999998
2016-04-14 09:10:00,754.3166666666668
2016-04-14 09:20:00,754.3333333333329
2016-04-14 09:30:00,754.35
2016-04-14 09:40:00,754.366666666667
2016-04-14 09:50:00,754.3833333333331
2016-04-14 10:00:00,754.4
2016-04-14 10:10:00,754.45
2016-04-14 10:20:00,754.5
2016-04-14 10:30:00,754.5499999999998
2016-04-14 10:40:00,754.6
2016-04-14 10:50:00,754.65
2016-04-14 11:00:00,754.7
2016-04-14 11:10:00,754.65
2016-04-14 11:20:00,754.6
2016-04-14 11:30:00,754.5499999999998
2016-04-14 11:40:00,754.5
2016-04-14 11:50:00,754.45
2016-04-14 12:00:00,754.4
2016-04-14 12:10:00,754.3833333333331
2016-04-14 12:20:00,754.366666666667
2016-04-14 12:30:00,754.35
2016-04-14 12:40:00,754.3333333333329
2016-04-14 12:50:00,754.3166666666668
2016-04-14 13:00:00,754.2999999999998
2016-04-14 13:10:00,754.233333333333
2016-04-14 13:20:00,754.1666666666669
2016-04-14 13:30:00,754.1
2016-04-14 13:40:00,754.033333333333
2016-04-14 13:50:00,753.966666666667
2016-04-14 14:00:00,753.9
2016-04-14 14:10:00,753.85
2016-04-14 14:20:00,753.7999999999998
2016-04-14 14:30:00,753.75
2016-04-14 14:40:00,753.7
2016-04-14 14:50:00,753.65
2016-04-14 15:00:00,753.6
2016-04-14 15:10:00,753.516666666667
2016-04-14 15:20:00,753.4333333333329
2016-04-14 15:30:00,753.35
2016-04-14 15:40:00,753.266666666667
2016-04-14 15:50:00,753.1833333333329
2016-04-14 16:00:00,753.1
2016-04-14 16:10:00,753.0666666666668
2016-04-14 16:20:00,753.033333333333
2016-04-14 16:30:00,753.0
2016-04-14 16:40:00,752.966666666667
2016-04-14 16:50:00,752.9333333333329
2016-04-14 17:00:00,752.9
2016-04-14 17:10:00,752.8833333333331
2016-04-14 17:20:00,752.866666666667
2016-04-14 17:30:00,752.85
2016-04-14 17:40:00,752.8333333333329
2016-04-14 17:50:00,752.8166666666668
2016-04-14 18:00:00,752.7999999999998
2016-04-14 18:10:00,752.716666666667
2016-04-14 18:20:00,752.6333333333331
2016-04-14 18:30:00,752.5499999999998
2016-04-14 18:40:00,752.466666666667
2016-04-14 18:50:00,752.3833333333331
2016-04-14 19:00:00,752.2999999999998
2016-04-14 19:10:00,752.25
2016-04-14 19:20:00,752.2
2016-04-14 19:30:00,752.15
2016-04-14 19:40:00,752.1
2016-04-14 19:50:00,752.0499999999998
2016-04-14 20:00:00,752.0
2016-04-14 20:10:00,751.9333333333329
2016-04-14 20:20:00,751.866666666667
2016-04-14 20:30:00,751.7999999999998
2016-04-14 20:40:00,751.733333333333
2016-04-14 20:50:00,751.6666666666669
2016-04-14 21:00:00,751.6
2016-04-14 21:10:00,751.5499999999998
2016-04-14 21:20:00,751.5
2016-04-14 21:30:00,751.45
2016-04-14 21:40:00,751.4
2016-04-14 21:50:00,751.35
2016-04-14 22:00:00,751.2999999999998
2016-04-14 22:10:00,751.25
2016-04-14 22:20:00,751.2
2016-04-14 22:30:00,751.15
2016-04-14 22:40:00,751.1
2016-04-14 22:50:00,751.0499999999998
2016-04-14 23:00:00,751.0
2016-04-14 23:10:00,751.0499999999998
2016-04-14 23:20:00,751.1
2016-04-14 23:30:00,751.15
2016-04-14 23:40:00,751.2
2016-04-14 23:50:00,751.25
2016-04-15 00:00:00,751.2999999999998
2016-04-15 00:10:00,751.216666666667
2016-04-15 00:20:00,751.1333333333331
2016-04-15 00:30:00,751.0499999999998
2016-04-15 00:40:00,750.966666666667
2016-04-15 00:50:00,750.8833333333331
2016-04-15 01:00:00,750.7999999999998
2016-04-15 01:10:00,750.6333333333331
2016-04-15 01:20:00,750.466666666667
2016-04-15 01:30:00,750.2999999999998
2016-04-15 01:40:00,750.1333333333331
2016-04-15 01:50:00,749.966666666667
2016-04-15 02:00:00,749.7999999999998
2016-04-15 02:10:00,749.7
2016-04-15 02:20:00,749.6
2016-04-15 02:30:00,749.5
2016-04-15 02:40:00,749.4
2016-04-15 02:50:00,749.2999999999998
2016-04-15 03:00:00,749.2
2016-04-15 03:10:00,749.1
2016-04-15 03:20:00,749.0
2016-04-15 03:30:00,748.9
2016-04-15 03:40:00,748.7999999999998
2016-04-15 03:50:00,748.7
2016-04-15 04:00:00,748.6
2016-04-15 04:10:00,748.5
2016-04-15 04:20:00,748.4
2016-04-15 04:30:00,748.2999999999998
2016-04-15 04:40:00,748.2
2016-04-15 04:50:00,748.1
2016-04-15 05:00:00,748.0
2016-04-15 05:10:00,747.966666666667
2016-04-15 05:20:00,747.9333333333329
2016-04-15 05:30:00,747.9
2016-04-15 05:40:00,747.866666666667
2016-04-15 05:50:00,747.8333333333329
2016-04-15 06:00:00,747.7999999999998
2016-04-15 06:10:00,747.783333333333
2016-04-15 06:20:00,747.766666666667
2016-04-15 06:30:00,747.75
2016-04-15 06:40:00,747.733333333333
2016-04-15 06:50:00,747.716666666667
2016-04-15 07:00:00,747.7
2016-04-15 07:10:00,747.766666666667
2016-04-15 07:20:00,747.8333333333329
2016-04-15 07:30:00,747.9
2016-04-15 07:40:00,747.966666666667
2016-04-15 07:50:00,748.033333333333
2016-04-15 08:00:00,748.1
2016-04-15 08:10:00,748.1333333333331
2016-04-15 08:20:00,748.1666666666669
2016-04-15 08:30:00,748.2
2016-04-15 08:40:00,748.233333333333
2016-04-15 08:50:00,748.266666666667
2016-04-15 09:00:00,748.2999999999998
2016-04-15 09:10:00,748.2999999999998
2016-04-15 09:20:00,748.2999999999998
2016-04-15 09:30:00,748.2999999999998
2016-04-15 09:40:00,748.2999999999998
2016-04-15 09:50:00,748.2999999999998
2016-04-15 10:00:00,748.2999999999998
2016-04-15 10:10:00,748.35
2016-04-15 10:20:00,748.4
2016-04-15 10:30:00,748.45
2016-04-15 10:40:00,748.5
2016-04-15 10:50:00,748.5499999999998
2016-04-15 11:00:00,748.6
2016-04-15 11:10:00,748.5833333333329
2016-04-15 11:20:00,748.5666666666668
2016-04-15 11:30:00,748.5499999999998
2016-04-15 11:40:00,748.533333333333
2016-04-15 11:50:00,748.516666666667
2016-04-15 12:00:00,748.5
2016-04-15 12:10:00,748.466666666667
2016-04-15 12:20:00,748.4333333333329
2016-04-15 12:30:00,748.4
2016-04-15 12:40:00,748.366666666667
2016-04-15 12:50:00,748.3333333333329
2016-04-15 13:00:00,748.2999999999998
2016-04-15 13:10:00,748.233333333333
2016-04-15 13:20:00,748.1666666666669
2016-04-15 13:30:00,748.1
2016-04-15 13:40:00,748.033333333333
2016-04-15 13:50:00,747.966666666667
2016-04-15 14:00:00,747.9
2016-04-15 14:10:00,747.8166666666668
2016-04-15 14:20:00,747.733333333333
2016-04-15 14:30:00,747.65
2016-04-15 14:40:00,747.5666666666668
2016-04-15 14:50:00,747.483333333333
2016-04-15 15:00:00,747.4
2016-04-15 15:10:00,747.35
2016-04-15 15:20:00,747.2999999999998
2016-04-15 15:30:00,747.25
2016-04-15 15:40:00,747.2
2016-04-15 15:50:00,747.15
2016-04-15 16:00:00,747.1
2016-04-15 16:10:00,747.016666666667
2016-04-15 16:20:00,746.9333333333329
2016-04-15 16:30:00,746.85
2016-04-15 16:40:00,746.766666666667
2016-04-15 16:50:00,746.6833333333329
2016-04-15 17:00:00,746.6
2016-04-15 17:10:00,746.516666666667
2016-04-15 17:20:00,746.4333333333329
2016-04-15 17:30:00,746.35
2016-04-15 17:40:00,746.266666666667
2016-04-15 17:50:00,746.1833333333329
2016-04-15 18:00:00,746.1
2016-04-15 18:10:00,746.016666666667
2016-04-15 18:20:00,745.9333333333329
2016-04-15 18:30:00,745.85
2016-04-15 18:40:00,745.766666666667
2016-04-15 18:50:00,745.6833333333329
2016-04-15 19:00:00,745.6
2016-04-15 19:10:00,745.5
2016-04-15 19:20:00,745.4
2016-04-15 19:30:00,745.2999999999998
2016-04-15 19:40:00,745.2
2016-04-15 19:50:00,745.1
2016-04-15 20:00:00,745.0
2016-04-15 20:10:00,744.966666666667
2016-04-15 20:20:00,744.9333333333329
2016-04-15 20:30:00,744.9
2016-04-15 20:40:00,744.866666666667
2016-04-15 20:50:00,744.8333333333329
2016-04-15 21:00:00,744.7999999999998
2016-04-15 21:10:00,744.75
2016-04-15 21:20:00,744.7
2016-04-15 21:30:00,744.65
2016-04-15 21:40:00,744.6
2016-04-15 21:50:00,744.5499999999998
2016-04-15 22:00:00,744.5
2016-04-15 22:10:00,744.533333333333
2016-04-15 22:20:00,744.5666666666668
2016-04-15 22:30:00,744.6
2016-04-15 22:40:00,744.6333333333331
2016-04-15 22:50:00,744.6666666666669
2016-04-15 23:00:00,744.7
2016-04-15 23:10:00,744.7
2016-04-15 23:20:00,744.7
2016-04-15 23:30:00,744.7
2016-04-15 23:40:00,744.7
2016-04-15 23:50:00,744.7
2016-04-16 00:00:00,744.7
2016-04-16 00:10:00,744.6666666666669
2016-04-16 00:20:00,744.6333333333331
2016-04-16 00:30:00,744.6
2016-04-16 00:40:00,744.5666666666668
2016-04-16 00:50:00,744.533333333333
2016-04-16 01:00:00,744.5
2016-04-16 01:10:00,744.516666666667
2016-04-16 01:20:00,744.533333333333
2016-04-16 01:30:00,744.5499999999998
2016-04-16 01:40:00,744.5666666666668
2016-04-16 01:50:00,744.5833333333329
2016-04-16 02:00:00,744.6
2016-04-16 02:10:00,744.616666666667
2016-04-16 02:20:00,744.6333333333331
2016-04-16 02:30:00,744.65
2016-04-16 02:40:00,744.6666666666669
2016-04-16 02:50:00,744.6833333333329
2016-04-16 03:00:00,744.7
2016-04-16 03:10:00,744.7
2016-04-16 03:20:00,744.7
2016-04-16 03:30:00,744.7
2016-04-16 03:40:00,744.7
2016-04-16 03:50:00,744.7
2016-04-16 04:00:00,744.7
2016-04-16 04:10:00,744.733333333333
2016-04-16 04:20:00,744.766666666667
2016-04-16 04:30:00,744.7999999999998
2016-04-16 04:40:00,744.8333333333329
2016-04-16 04:50:00,744.866666666667
2016-04-16 05:00:00,744.9
2016-04-16 05:10:00,744.9333333333329
2016-04-16 05:20:00,744.966666666667
2016-04-16 05:30:00,745.0
2016-04-16 05:40:00,745.033333333333
2016-04-16 05:50:00,745.0666666666668
2016-04-16 06:00:00,745.1
2016-04-16 06:10:00,745.1333333333331
2016-04-16 06:20:00,745.1666666666669
2016-04-16 06:30:00,745.2
2016-04-16 06:40:00,745.233333333333
2016-04-16 06:50:00,745.266666666667
2016-04-16 07:00:00,745.2999999999998
2016-04-16 07:10:00,745.35
2016-04-16 07:20:00,745.4
2016-04-16 07:30:00,745.45
2016-04-16 07:40:00,745.5
2016-04-16 07:50:00,745.5499999999998
2016-04-16 08:00:00,745.6
2016-04-16 08:10:00,745.65
2016-04-16 08:20:00,745.7
2016-04-16 08:30:00,745.75
2016-04-16 08:40:00,745.7999999999998
2016-04-16 08:50:00,745.85
2016-04-16 09:00:00,745.9
2016-04-16 09:10:00,745.9166666666669
2016-04-16 09:20:00,745.9333333333329
2016-04-16 09:30:00,745.95
2016-04-16 09:40:00,745.966666666667
2016-04-16 09:50:00,745.983333333333
2016-04-16 10:00:00,746.0
2016-04-16 10:10:00,746.033333333333
2016-04-16 10:20:00,746.0666666666668
2016-04-16 10:30:00,746.1
2016-04-16 10:40:00,746.1333333333331
2016-04-16 10:50:00,746.1666666666669
2016-04-16 11:00:00,746.2
2016-04-16 11:10:00,746.3166666666668
2016-04-16 11:20:00,746.4333333333329
2016-04-16 11:30:00,746.5499999999998
2016-04-16 11:40:00,746.6666666666669
2016-04-16 11:50:00,746.783333333333
2016-04-16 12:00:00,746.9
2016-04-16 12:10:00,746.9333333333329
2016-04-16 12:20:00,746.966666666667
2016-04-16 12:30:00,747.0
2016-04-16 12:40:00,747.033333333333
2016-04-16 12:50:00,747.0666666666668
2016-04-16 13:00:00,747.1
2016-04-16 13:10:00,747.116666666667
2016-04-16 13:20:00,747.1333333333331
2016-04-16 13:30:00,747.15
2016-04-16 13:40:00,747.1666666666669
2016-04-16 13:50:00,747.1833333333329
2016-04-16 14:00:00,747.2
2016-04-16 14:10:00,747.266666666667
2016-04-16 14:20:00,747.3333333333329
2016-04-16 14:30:00,747.4
2016-04-16 14:40:00,747.466666666667
2016-04-16 14:50:00,747.533333333333
2016-04-16 15:00:00,747.6
2016-04-16 15:10:00,747.5833333333329
2016-04-16 15:20:00,747.5666666666668
2016-04-16 15:30:00,747.5499999999998
2016-04-16 15:40:00,747.533333333333
2016-04-16 15:50:00,747.516666666667
2016-04-16 16:00:00,747.5
2016-04-16 16:10:00,747.6333333333331
2016-04-16 16:20:00,747.766666666667
2016-04-16 16:30:00,747.9
2016-04-16 16:40:00,748.033333333333
2016-04-16 16:50:00,748.1666666666669
2016-04-16 17:00:00,748.2999999999998
2016-04-16 17:10:00,748.3333333333329
2016-04-16 17:20:00,748.366666666667
2016-04-16 17:30:00,748.4
2016-04-16 17:40:00,748.4333333333329
2016-04-16 17:50:00,748.466666666667
2016-04-16 18:00:00,748.5
2016-04-16 18:10:00,748.516666666667
2016-04-16 18:20:00,748.533333333333
2016-04-16 18:30:00,748.5499999999998
2016-04-16 18:40:00,748.5666666666668
2016-04-16 18:50:00,748.5833333333329
2016-04-16 19:00:00,748.6
2016-04-16 19:10:00,748.6333333333331
2016-04-16 19:20:00,748.6666666666669
2016-04-16 19:30:00,748.7
2016-04-16 19:40:00,748.733333333333
2016-04-16 19:50:00,748.766666666667
2016-04-16 20:00:00,748.7999999999998
2016-04-16 20:10:00,748.866666666667
2016-04-16 20:20:00,748.9333333333329
2016-04-16 20:30:00,749.0
2016-04-16 20:40:00,749.0666666666668
2016-04-16 20:50:00,749.1333333333331
2016-04-16 21:00:00,749.2
2016-04-16 21:10:00,749.266666666667
2016-04-16 21:20:00,749.3333333333329
2016-04-16 21:30:00,749.4
2016-04-16 21:40:00,749.466666666667
2016-04-16 21:50:00,749.533333333333
2016-04-16 22:00:00,749.6
2016-04-16 22:10:00,749.6666666666669
2016-04-16 22:20:00,749.733333333333
2016-04-16 22:30:00,749.7999999999998
2016-04-16 22:40:00,749.866666666667
2016-04-16 22:50:00,749.9333333333329
2016-04-16 23:00:00,750.0
2016-04-16 23:10:00,750.033333333333
2016-04-16 23:20:00,750.0666666666668
2016-04-16 23:30:00,750.1
2016-04-16 23:40:00,750.1333333333331
2016-04-16 23:50:00,750.1666666666669
2016-04-17 00:00:00,750.2
2016-04-17 00:10:00,750.266666666667
2016-04-17 00:20:00,750.3333333333329
2016-04-17 00:30:00,750.4
2016-04-17 00:40:00,750.466666666667
2016-04-17 00:50:00,750.533333333333
2016-04-17 01:00:00,750.6
2016-04-17 01:10:00,750.7
2016-04-17 01:20:00,750.7999999999998
2016-04-17 01:30:00,750.9
2016-04-17 01:40:00,751.0
2016-04-17 01:50:00,751.1
2016-04-17 02:00:00,751.2
2016-04-17 02:10:00,751.216666666667
2016-04-17 02:20:00,751.233333333333
2016-04-17 02:30:00,751.25
2016-04-17 02:40:00,751.266666666667
2016-04-17 02:50:00,751.283333333333
2016-04-17 03:00:00,751.2999999999998
2016-04-17 03:10:00,751.366666666667
2016-04-17 03:20:00,751.4333333333329
2016-04-17 03:30:00,751.5
2016-04-17 03:40:00,751.5666666666668
2016-04-17 03:50:00,751.6333333333331
2016-04-17 04:00:00,751.7
2016-04-17 04:10:00,751.716666666667
2016-04-17 04:20:00,751.733333333333
2016-04-17 04:30:00,751.75
2016-04-17 04:40:00,751.766666666667
2016-04-17 04:50:00,751.783333333333
2016-04-17 05:00:00,751.7999999999998
2016-04-17 05:10:00,751.85
2016-04-17 05:20:00,751.9
2016-04-17 05:30:00,751.95
2016-04-17 05:40:00,752.0
2016-04-17 05:50:00,752.0499999999998
2016-04-17 06:00:00,752.1
2016-04-17 06:10:00,752.1666666666669
2016-04-17 06:20:00,752.233333333333
2016-04-17 06:30:00,752.2999999999998
2016-04-17 06:40:00,752.366666666667
2016-04-17 06:50:00,752.4333333333329
2016-04-17 07:00:00,752.5
2016-04-17 07:10:00,752.616666666667
2016-04-17 07:20:00,752.733333333333
2016-04-17 07:30:00,752.85
2016-04-17 07:40:00,752.966666666667
2016-04-17 07:50:00,753.0833333333329
2016-04-17 08:00:00,753.2
2016-04-17 08:10:00,753.3166666666668
2016-04-17 08:20:00,753.4333333333329
2016-04-17 08:30:00,753.5499999999998
2016-04-17 08:40:00,753.6666666666669
2016-04-17 08:50:00,753.783333333333
2016-04-17 09:00:00,753.9
2016-04-17 09:10:00,753.966666666667
2016-04-17 09:20:00,754.033333333333
2016-04-17 09:30:00,754.1
2016-04-17 09:40:00,754.1666666666669
2016-04-17 09:50:00,754.233333333333
2016-04-17 10:00:00,754.2999999999998
2016-04-17 10:10:00,754.4166666666669
2016-04-17 10:20:00,754.533333333333
2016-04-17 10:30:00,754.65
2016-04-17 10:40:00,754.766666666667
2016-04-17 10:50:00,754.8833333333331
2016-04-17 11:00:00,755.0
2016-04-17 11:10:00,755.0833333333329
2016-04-17 11:20:00,755.1666666666669
2016-04-17 11:30:00,755.25
2016-04-17 11:40:00,755.3333333333329
2016-04-17 11:50:00,755.4166666666669
2016-04-17 12:00:00,755.5
2016-04-17 12:10:00,755.5499999999998
2016-04-17 12:20:00,755.6
2016-04-17 12:30:00,755.65
2016-04-17 12:40:00,755.7
2016-04-17 12:50:00,755.75
2016-04-17 13:00:00,755.7999999999998
2016-04-17 13:10:00,755.85
2016-04-17 13:20:00,755.9
2016-04-17 13:30:00,755.95
2016-04-17 13:40:00,756.0
2016-04-17 13:50:00,756.0499999999998
2016-04-17 14:00:00,756.1
2016-04-17 14:10:00,756.116666666667
2016-04-17 14:20:00,756.1333333333331
2016-04-17 14:30:00,756.15
2016-04-17 14:40:00,756.1666666666669
2016-04-17 14:50:00,756.1833333333329
2016-04-17 15:00:00,756.2
2016-04-17 15:10:00,756.266666666667
2016-04-17 15:20:00,756.3333333333329
2016-04-17 15:30:00,756.4
2016-04-17 15:40:00,756.466666666667
2016-04-17 15:50:00,756.533333333333
2016-04-17 16:00:00,756.6
2016-04-17 16:10:00,756.6666666666669
2016-04-17 16:20:00,756.733333333333
2016-04-17 16:30:00,756.7999999999998
2016-04-17 16:40:00,756.866666666667
2016-04-17 16:50:00,756.9333333333329
2016-04-17 17:00:00,757.0
2016-04-17 17:10:00,757.0499999999998
2016-04-17 17:20:00,757.1
2016-04-17 17:30:00,757.15
2016-04-17 17:40:00,757.2
2016-04-17 17:50:00,757.25
2016-04-17 18:00:00,757.2999999999998
2016-04-17 18:10:00,757.366666666667
2016-04-17 18:20:00,757.4333333333329
2016-04-17 18:30:00,757.5
2016-04-17 18:40:00,757.5666666666668
2016-04-17 18:50:00,757.6333333333331
2016-04-17 19:00:00,757.7
2016-04-17 19:10:00,757.783333333333
2016-04-17 19:20:00,757.866666666667
2016-04-17 19:30:00,757.95
2016-04-17 19:40:00,758.033333333333
2016-04-17 19:50:00,758.116666666667
2016-04-17 20:00:00,758.2
2016-04-17 20:10:00,758.2999999999998
2016-04-17 20:20:00,758.4
2016-04-17 20:30:00,758.5
2016-04-17 20:40:00,758.6
2016-04-17 20:50:00,758.7
2016-04-17 21:00:00,758.7999999999998
2016-04-17 21:10:00,758.9166666666669
2016-04-17 21:20:00,759.033333333333
2016-04-17 21:30:00,759.15
2016-04-17 21:40:00,759.266666666667
2016-04-17 21:50:00,759.3833333333331
2016-04-17 22:00:00,759.5
2016-04-17 22:10:00,759.5666666666668
2016-04-17 22:20:00,759.6333333333331
2016-04-17 22:30:00,759.7
2016-04-17 22:40:00,759.766666666667
2016-04-17 22:50:00,759.8333333333329
2016-04-17 23:00:00,759.9
2016-04-17 23:10:00,759.9166666666669
2016-04-17 23:20:00,759.9333333333329
2016-04-17 23:30:00,759.95
2016-04-17 23:40:00,759.966666666667
2016-04-17 23:50:00,759.983333333333
2016-04-18 00:00:00,760.0
2016-04-18 00:10:00,760.0499999999998
2016-04-18 00:20:00,760.1
2016-04-18 00:30:00,760.15
2016-04-18 00:40:00,760.2
2016-04-18 00:50:00,760.25
2016-04-18 01:00:00,760.2999999999998
2016-04-18 01:10:00,760.3166666666668
2016-04-18 01:20:00,760.3333333333329
2016-04-18 01:30:00,760.35
2016-04-18 01:40:00,760.366666666667
2016-04-18 01:50:00,760.3833333333331
2016-04-18 02:00:00,760.4
2016-04-18 02:10:00,760.4333333333329
2016-04-18 02:20:00,760.466666666667
2016-04-18 02:30:00,760.5
2016-04-18 02:40:00,760.533333333333
2016-04-18 02:50:00,760.5666666666668
2016-04-18 03:00:00,760.6
2016-04-18 03:10:00,760.6
2016-04-18 03:20:00,760.6
2016-04-18 03:30:00,760.6
2016-04-18 03:40:00,760.6
2016-04-18 03:50:00,760.6
2016-04-18 04:00:00,760.6
2016-04-18 04:10:00,760.616666666667
2016-04-18 04:20:00,760.6333333333331
2016-04-18 04:30:00,760.65
2016-04-18 04:40:00,760.6666666666669
2016-04-18 04:50:00,760.6833333333329
2016-04-18 05:00:00,760.7
2016-04-18 05:10:00,760.716666666667
2016-04-18 05:20:00,760.733333333333
2016-04-18 05:30:00,760.75
2016-04-18 05:40:00,760.766666666667
2016-04-18 05:50:00,760.783333333333
2016-04-18 06:00:00,760.7999999999998
2016-04-18 06:10:00,760.85
2016-04-18 06:20:00,760.9
2016-04-18 06:30:00,760.95
2016-04-18 06:40:00,761.0
2016-04-18 06:50:00,761.0499999999998
2016-04-18 07:00:00,761.1
2016-04-18 07:10:00,761.1666666666669
2016-04-18 07:20:00,761.233333333333
2016-04-18 07:30:00,761.2999999999998
2016-04-18 07:40:00,761.366666666667
2016-04-18 07:50:00,761.4333333333329
2016-04-18 08:00:00,761.5
2016-04-18 08:10:00,761.5
2016-04-18 08:20:00,761.5
2016-04-18 08:30:00,761.5
2016-04-18 08:40:00,761.5
2016-04-18 08:50:00,761.5
2016-04-18 09:00:00,761.5
2016-04-18 09:10:00,761.5499999999998
2016-04-18 09:20:00,761.6
2016-04-18 09:30:00,761.65
2016-04-18 09:40:00,761.7
2016-04-18 09:50:00,761.75
2016-04-18 10:00:00,761.7999999999998
2016-04-18 10:10:00,761.8166666666668
2016-04-18 10:20:00,761.8333333333329
2016-04-18 10:30:00,761.85
2016-04-18 10:40:00,761.866666666667
2016-04-18 10:50:00,761.8833333333331
2016-04-18 11:00:00,761.9
2016-04-18 11:10:00,761.9
2016-04-18 11:20:00,761.9
2016-04-18 11:30:00,761.9
2016-04-18 11:40:00,761.9
2016-04-18 11:50:00,761.9
2016-04-18 12:00:00,761.9
2016-04-18 12:10:00,761.9
2016-04-18 12:20:00,761.9
2016-04-18 12:30:00,761.9
2016-04-18 12:40:00,761.9
2016-04-18 12:50:00,761.9
2016-04-18 13:00:00,761.9
2016-04-18 13:10:00,761.9333333333329
2016-04-18 13:20:00,761.966666666667
2016-04-18 13:30:00,762.0
2016-04-18 13:40:00,762.033333333333
2016-04-18 13:50:00,762.0666666666668
2016-04-18 14:00:00,762.1
2016-04-18 14:10:00,762.116666666667
2016-04-18 14:20:00,762.1333333333331
2016-04-18 14:30:00,762.15
2016-04-18 14:40:00,762.1666666666669
2016-04-18 14:50:00,762.1833333333329
2016-04-18 15:00:00,762.2
2016-04-18 15:10:00,762.216666666667
2016-04-18 15:20:00,762.233333333333
2016-04-18 15:30:00,762.25
2016-04-18 15:40:00,762.266666666667
2016-04-18 15:50:00,762.283333333333
2016-04-18 16:00:00,762.2999999999998
2016-04-18 16:10:00,762.283333333333
2016-04-18 16:20:00,762.266666666667
2016-04-18 16:30:00,762.25
2016-04-18 16:40:00,762.233333333333
2016-04-18 16:50:00,762.216666666667
2016-04-18 17:00:00,762.2
2016-04-18 17:10:00,762.1833333333329
2016-04-18 17:20:00,762.1666666666669
2016-04-18 17:30:00,762.15
2016-04-18 17:40:00,762.1333333333331
2016-04-18 17:50:00,762.116666666667
2016-04-18 18:00:00,762.1
2016-04-18 18:10:00,762.116666666667
2016-04-18 18:20:00,762.1333333333331
2016-04-18 18:30:00,762.15
2016-04-18 18:40:00,762.1666666666669
2016-04-18 18:50:00,762.1833333333329
2016-04-18 19:00:00,762.2
2016-04-18 19:10:00,762.25
2016-04-18 19:20:00,762.2999999999998
2016-04-18 19:30:00,762.35
2016-04-18 19:40:00,762.4
2016-04-18 19:50:00,762.45
2016-04-18 20:00:00,762.5
2016-04-18 20:10:00,762.5666666666668
2016-04-18 20:20:00,762.6333333333331
2016-04-18 20:30:00,762.7
2016-04-18 20:40:00,762.766666666667
2016-04-18 20:50:00,762.8333333333329
2016-04-18 21:00:00,762.9
2016-04-18 21:10:00,762.966666666667
2016-04-18 21:20:00,763.033333333333
2016-04-18 21:30:00,763.1
2016-04-18 21:40:00,763.1666666666669
2016-04-18 21:50:00,763.233333333333
2016-04-18 22:00:00,763.2999999999998
2016-04-18 22:10:00,763.366666666667
2016-04-18 22:20:00,763.4333333333329
2016-04-18 22:30:00,763.5
2016-04-18 22:40:00,763.5666666666668
2016-04-18 22:50:00,763.6333333333331
2016-04-18 23:00:00,763.7
2016-04-18 23:10:00,763.7
2016-04-18 23:20:00,763.7
2016-04-18 23:30:00,763.7
2016-04-18 23:40:00,763.7
2016-04-18 23:50:00,763.7
2016-04-19 00:00:00,763.7
2016-04-19 00:10:00,763.716666666667
2016-04-19 00:20:00,763.733333333333
2016-04-19 00:30:00,763.75
2016-04-19 00:40:00,763.766666666667
2016-04-19 00:50:00,763.783333333333
2016-04-19 01:00:00,763.7999999999998
2016-04-19 01:10:00,763.8333333333329
2016-04-19 01:20:00,763.866666666667
2016-04-19 01:30:00,763.9
2016-04-19 01:40:00,763.9333333333329
2016-04-19 01:50:00,763.966666666667
2016-04-19 02:00:00,764.0
2016-04-19 02:10:00,764.0
2016-04-19 02:20:00,764.0
2016-04-19 02:30:00,764.0
2016-04-19 02:40:00,764.0
2016-04-19 02:50:00,764.0
2016-04-19 03:00:00,764.0
2016-04-19 03:10:00,764.016666666667
2016-04-19 03:20:00,764.033333333333
2016-04-19 03:30:00,764.0499999999998
2016-04-19 03:40:00,764.0666666666668
2016-04-19 03:50:00,764.0833333333329
2016-04-19 04:00:00,764.1
2016-04-19 04:10:00,764.116666666667
2016-04-19 04:20:00,764.1333333333331
2016-04-19 04:30:00,764.15
2016-04-19 04:40:00,764.1666666666669
2016-04-19 04:50:00,764.1833333333329
2016-04-19 05:00:00,764.2
2016-04-19 05:10:00,764.216666666667
2016-04-19 05:20:00,764.233333333333
2016-04-19 05:30:00,764.25
2016-04-19 05:40:00,764.266666666667
2016-04-19 05:50:00,764.283333333333
2016-04-19 06:00:00,764.2999999999998
2016-04-19 06:10:00,764.2999999999998
2016-04-19 06:20:00,764.2999999999998
2016-04-19 06:30:00,764.2999999999998
2016-04-19 06:40:00,764.2999999999998
2016-04-19 06:50:00,764.2999999999998
2016-04-19 07:00:00,764.2999999999998
2016-04-19 07:10:00,764.3833333333331
2016-04-19 07:20:00,764.466666666667
2016-04-19 07:30:00,764.5499999999998
2016-04-19 07:40:00,764.6333333333331
2016-04-19 07:50:00,764.716666666667
2016-04-19 08:00:00,764.7999999999998
2016-04-19 08:10:00,764.8166666666668
2016-04-19 08:20:00,764.8333333333329
2016-04-19 08:30:00,764.85
2016-04-19 08:40:00,764.866666666667
2016-04-19 08:50:00,764.8833333333331
2016-04-19 09:00:00,764.9
2016-04-19 09:10:00,764.95
2016-04-19 09:20:00,765.0
2016-04-19 09:30:00,765.0499999999998
2016-04-19 09:40:00,765.1
2016-04-19 09:50:00,765.15
2016-04-19 10:00:00,765.2
2016-04-19 10:10:00,765.233333333333
2016-04-19 10:20:00,765.266666666667
2016-04-19 10:30:00,765.2999999999998
2016-04-19 10:40:00,765.3333333333329
2016-04-19 10:50:00,765.366666666667
2016-04-19 11:00:00,765.4
2016-04-19 11:10:00,765.4333333333329
2016-04-19 11:20:00,765.466666666667
2016-04-19 11:30:00,765.5
2016-04-19 11:40:00,765.533333333333
2016-04-19 11:50:00,765.5666666666668
2016-04-19 12:00:00,765.6
2016-04-19 12:10:00,765.616666666667
2016-04-19 12:20:00,765.6333333333331
2016-04-19 12:30:00,765.65
2016-04-19 12:40:00,765.6666666666669
2016-04-19 12:50:00,765.6833333333329
2016-04-19 13:00:00,765.7
2016-04-19 13:10:00,765.7
2016-04-19 13:20:00,765.7
2016-04-19 13:30:00,765.7
2016-04-19 13:40:00,765.7
2016-04-19 13:50:00,765.7
2016-04-19 14:00:00,765.7
2016-04-19 14:10:00,765.6833333333329
2016-04-19 14:20:00,765.6666666666669
2016-04-19 14:30:00,765.65
2016-04-19 14:40:00,765.6333333333331
2016-04-19 14:50:00,765.616666666667
2016-04-19 15:00:00,765.6
2016-04-19 15:10:00,765.6
2016-04-19 15:20:00,765.6
2016-04-19 15:30:00,765.6
2016-04-19 15:40:00,765.6
2016-04-19 15:50:00,765.6
2016-04-19 16:00:00,765.6
2016-04-19 16:10:00,765.6
2016-04-19 16:20:00,765.6
2016-04-19 16:30:00,765.6
2016-04-19 16:40:00,765.6
2016-04-19 16:50:00,765.6
2016-04-19 17:00:00,765.6
2016-04-19 17:10:00,765.6
2016-04-19 17:20:00,765.6
2016-04-19 17:30:00,765.6
2016-04-19 17:40:00,765.6
2016-04-19 17:50:00,765.6
2016-04-19 18:00:00,765.6
2016-04-19 18:10:00,765.616666666667
2016-04-19 18:20:00,765.6333333333331
2016-04-19 18:30:00,765.65
2016-04-19 18:40:00,765.6666666666669
2016-04-19 18:50:00,765.6833333333329
2016-04-19 19:00:00,765.7
2016-04-19 19:10:00,765.733333333333
2016-04-19 19:20:00,765.766666666667
2016-04-19 19:30:00,765.7999999999998
2016-04-19 19:40:00,765.8333333333329
2016-04-19 19:50:00,765.866666666667
2016-04-19 20:00:00,765.9
2016-04-19 20:10:00,765.966666666667
2016-04-19 20:20:00,766.033333333333
2016-04-19 20:30:00,766.1
2016-04-19 20:40:00,766.1666666666669
2016-04-19 20:50:00,766.233333333333
2016-04-19 21:00:00,766.2999999999998
2016-04-19 21:10:00,766.366666666667
2016-04-19 21:20:00,766.4333333333329
2016-04-19 21:30:00,766.5
2016-04-19 21:40:00,766.5666666666668
2016-04-19 21:50:00,766.6333333333331
2016-04-19 22:00:00,766.7
2016-04-19 22:10:00,766.766666666667
2016-04-19 22:20:00,766.8333333333329
2016-04-19 22:30:00,766.9
2016-04-19 22:40:00,766.966666666667
2016-04-19 22:50:00,767.033333333333
2016-04-19 23:00:00,767.1
2016-04-19 23:10:00,767.15
2016-04-19 23:20:00,767.2
2016-04-19 23:30:00,767.25
2016-04-19 23:40:00,767.2999999999998
2016-04-19 23:50:00,767.35
2016-04-20 00:00:00,767.4
2016-04-20 00:10:00,767.4166666666669
2016-04-20 00:20:00,767.4333333333329
2016-04-20 00:30:00,767.45
2016-04-20 00:40:00,767.466666666667
2016-04-20 00:50:00,767.483333333333
2016-04-20 01:00:00,767.5
2016-04-20 01:10:00,767.5
2016-04-20 01:20:00,767.5
2016-04-20 01:30:00,767.5
2016-04-20 01:40:00,767.5
2016-04-20 01:50:00,767.5
2016-04-20 02:00:00,767.5
2016-04-20 02:10:00,767.466666666667
2016-04-20 02:20:00,767.4333333333329
2016-04-20 02:30:00,767.4
2016-04-20 02:40:00,767.366666666667
2016-04-20 02:50:00,767.3333333333329
2016-04-20 03:00:00,767.2999999999998
2016-04-20 03:10:00,767.2999999999998
2016-04-20 03:20:00,767.2999999999998
2016-04-20 03:30:00,767.2999999999998
2016-04-20 03:40:00,767.2999999999998
2016-04-20 03:50:00,767.2999999999998
2016-04-20 04:00:00,767.2999999999998
2016-04-20 04:10:00,767.2999999999998
2016-04-20 04:20:00,767.2999999999998
2016-04-20 04:30:00,767.2999999999998
2016-04-20 04:40:00,767.2999999999998
2016-04-20 04:50:00,767.2999999999998
2016-04-20 05:00:00,767.2999999999998
2016-04-20 05:10:00,767.3333333333329
2016-04-20 05:20:00,767.366666666667
2016-04-20 05:30:00,767.4
2016-04-20 05:40:00,767.4333333333329
2016-04-20 05:50:00,767.466666666667
2016-04-20 06:00:00,767.5
2016-04-20 06:10:00,767.5666666666668
2016-04-20 06:20:00,767.6333333333331
2016-04-20 06:30:00,767.7
2016-04-20 06:40:00,767.766666666667
2016-04-20 06:50:00,767.8333333333329
2016-04-20 07:00:00,767.9
2016-04-20 07:10:00,767.95
2016-04-20 07:20:00,768.0
2016-04-20 07:30:00,768.0499999999998
2016-04-20 07:40:00,768.1
2016-04-20 07:50:00,768.15
2016-04-20 08:00:00,768.2
2016-04-20 08:10:00,768.1833333333329
2016-04-20 08:20:00,768.1666666666669
2016-04-20 08:30:00,768.15
2016-04-20 08:40:00,768.1333333333331
2016-04-20 08:50:00,768.116666666667
2016-04-20 09:00:00,768.1
2016-04-20 09:10:00,768.0499999999998
2016-04-20 09:20:00,768.0
2016-04-20 09:30:00,767.95
2016-04-20 09:40:00,767.9
2016-04-20 09:50:00,767.85
2016-04-20 10:00:00,767.7999999999998
2016-04-20 10:10:00,767.7999999999998
2016-04-20 10:20:00,767.7999999999998
2016-04-20 10:30:00,767.7999999999998
2016-04-20 10:40:00,767.7999999999998
2016-04-20 10:50:00,767.7999999999998
2016-04-20 11:00:00,767.7999999999998
2016-04-20 11:10:00,767.75
2016-04-20 11:20:00,767.7
2016-04-20 11:30:00,767.65
2016-04-20 11:40:00,767.6
2016-04-20 11:50:00,767.5499999999998
2016-04-20 12:00:00,767.5
2016-04-20 12:10:00,767.45
2016-04-20 12:20:00,767.4
2016-04-20 12:30:00,767.35
2016-04-20 12:40:00,767.2999999999998
2016-04-20 12:50:00,767.25
2016-04-20 13:00:00,767.2
2016-04-20 13:10:00,767.1666666666669
2016-04-20 13:20:00,767.1333333333331
2016-04-20 13:30:00,767.1
2016-04-20 13:40:00,767.0666666666668
2016-04-20 13:50:00,767.033333333333
2016-04-20 14:00:00,767.0
2016-04-20 14:10:00,766.9
2016-04-20 14:20:00,766.7999999999998
2016-04-20 14:30:00,766.7
2016-04-20 14:40:00,766.6
2016-04-20 14:50:00,766.5
2016-04-20 15:00:00,766.4
2016-04-20 15:10:00,766.3333333333329
2016-04-20 15:20:00,766.266666666667
2016-04-20 15:30:00,766.2
2016-04-20 15:40:00,766.1333333333331
2016-04-20 15:50:00,766.0666666666668
2016-04-20 16:00:00,766.0
2016-04-20 16:10:00,765.9166666666669
2016-04-20 16:20:00,765.8333333333329
2016-04-20 16:30:00,765.75
2016-04-20 16:40:00,765.6666666666669
2016-04-20 16:50:00,765.5833333333329
2016-04-20 17:00:00,765.5
2016-04-20 17:10:00,765.4333333333329
2016-04-20 17:20:00,765.366666666667
2016-04-20 17:30:00,765.2999999999998
2016-04-20 17:40:00,765.233333333333
2016-04-20 17:50:00,765.1666666666669
2016-04-20 18:00:00,765.1
2016-04-20 18:10:00,765.0499999999998
2016-04-20 18:20:00,765.0
2016-04-20 18:30:00,764.95
2016-04-20 18:40:00,764.9
2016-04-20 18:50:00,764.85
2016-04-20 19:00:00,764.7999999999998
2016-04-20 19:10:00,764.75
2016-04-20 19:20:00,764.7
2016-04-20 19:30:00,764.65
2016-04-20 19:40:00,764.6
2016-04-20 19:50:00,764.5499999999998
2016-04-20 20:00:00,764.5
2016-04-20 20:10:00,764.5
2016-04-20 20:20:00,764.5
2016-04-20 20:30:00,764.5
2016-04-20 20:40:00,764.5
2016-04-20 20:50:00,764.5
2016-04-20 21:00:00,764.5
2016-04-20 21:10:00,764.533333333333
2016-04-20 21:20:00,764.5666666666668
2016-04-20 21:30:00,764.6
2016-04-20 21:40:00,764.6333333333331
2016-04-20 21:50:00,764.6666666666669
2016-04-20 22:00:00,764.7
2016-04-20 22:10:00,764.6666666666669
2016-04-20 22:20:00,764.6333333333331
2016-04-20 22:30:00,764.6
2016-04-20 22:40:00,764.5666666666668
2016-04-20 22:50:00,764.533333333333
2016-04-20 23:00:00,764.5
2016-04-20 23:10:00,764.5
2016-04-20 23:20:00,764.5
2016-04-20 23:30:00,764.5
2016-04-20 23:40:00,764.5
2016-04-20 23:50:00,764.5
2016-04-21 00:00:00,764.5
2016-04-21 00:10:00,764.5
2016-04-21 00:20:00,764.5
2016-04-21 00:30:00,764.5
2016-04-21 00:40:00,764.5
2016-04-21 00:50:00,764.5
2016-04-21 01:00:00,764.5
2016-04-21 01:10:00,764.4333333333329
2016-04-21 01:20:00,764.366666666667
2016-04-21 01:30:00,764.2999999999998
2016-04-21 01:40:00,764.233333333333
2016-04-21 01:50:00,764.1666666666669
2016-04-21 02:00:00,764.1
2016-04-21 02:10:00,764.016666666667
2016-04-21 02:20:00,763.9333333333329
2016-04-21 02:30:00,763.85
2016-04-21 02:40:00,763.766666666667
2016-04-21 02:50:00,763.6833333333329
2016-04-21 03:00:00,763.6
2016-04-21 03:10:00,763.5666666666668
2016-04-21 03:20:00,763.533333333333
2016-04-21 03:30:00,763.5
2016-04-21 03:40:00,763.466666666667
2016-04-21 03:50:00,763.4333333333329
2016-04-21 04:00:00,763.4
2016-04-21 04:10:00,763.4
2016-04-21 04:20:00,763.4
2016-04-21 04:30:00,763.4
2016-04-21 04:40:00,763.4
2016-04-21 04:50:00,763.4
2016-04-21 05:00:00,763.4
2016-04-21 05:10:00,763.3833333333331
2016-04-21 05:20:00,763.366666666667
2016-04-21 05:30:00,763.35
2016-04-21 05:40:00,763.3333333333329
2016-04-21 05:50:00,763.3166666666668
2016-04-21 06:00:00,763.2999999999998
2016-04-21 06:10:00,763.283333333333
2016-04-21 06:20:00,763.266666666667
2016-04-21 06:30:00,763.25
2016-04-21 06:40:00,763.233333333333
2016-04-21 06:50:00,763.216666666667
2016-04-21 07:00:00,763.2
2016-04-21 07:10:00,763.15
2016-04-21 07:20:00,763.1
2016-04-21 07:30:00,763.0499999999998
2016-04-21 07:40:00,763.0
2016-04-21 07:50:00,762.95
2016-04-21 08:00:00,762.9
2016-04-21 08:10:00,762.866666666667
2016-04-21 08:20:00,762.8333333333329
2016-04-21 08:30:00,762.7999999999998
2016-04-21 08:40:00,762.766666666667
2016-04-21 08:50:00,762.733333333333
2016-04-21 09:00:00,762.7
2016-04-21 09:10:00,762.6833333333329
2016-04-21 09:20:00,762.6666666666669
2016-04-21 09:30:00,762.65
2016-04-21 09:40:00,762.6333333333331
2016-04-21 09:50:00,762.616666666667
2016-04-21 10:00:00,762.6
2016-04-21 10:10:00,762.616666666667
2016-04-21 10:20:00,762.6333333333331
2016-04-21 10:30:00,762.65
2016-04-21 10:40:00,762.6666666666669
2016-04-21 10:50:00,762.6833333333329
2016-04-21 11:00:00,762.7
2016-04-21 11:10:00,762.6666666666669
2016-04-21 11:20:00,762.6333333333331
2016-04-21 11:30:00,762.6
2016-04-21 11:40:00,762.5666666666668
2016-04-21 11:50:00,762.533333333333
2016-04-21 12:00:00,762.5
2016-04-21 12:10:00,762.4333333333329
2016-04-21 12:20:00,762.366666666667
2016-04-21 12:30:00,762.2999999999998
2016-04-21 12:40:00,762.233333333333
2016-04-21 12:50:00,762.1666666666669
2016-04-21 13:00:00,762.1
2016-04-21 13:10:00,761.966666666667
2016-04-21 13:20:00,761.8333333333329
2016-04-21 13:30:00,761.7
2016-04-21 13:40:00,761.5666666666668
2016-04-21 13:50:00,761.4333333333329
2016-04-21 14:00:00,761.2999999999998
2016-04-21 14:10:00,761.233333333333
2016-04-21 14:20:00,761.1666666666669
2016-04-21 14:30:00,761.1
2016-04-21 14:40:00,761.033333333333
2016-04-21 14:50:00,760.966666666667
2016-04-21 15:00:00,760.9
2016-04-21 15:10:00,760.7999999999998
2016-04-21 15:20:00,760.7
2016-04-21 15:30:00,760.6
2016-04-21 15:40:00,760.5
2016-04-21 15:50:00,760.4
2016-04-21 16:00:00,760.2999999999998
2016-04-21 16:10:00,760.233333333333
2016-04-21 16:20:00,760.1666666666669
2016-04-21 16:30:00,760.1
2016-04-21 16:40:00,760.033333333333
2016-04-21 16:50:00,759.966666666667
2016-04-21 17:00:00,759.9
2016-04-21 17:10:00,759.8833333333331
2016-04-21 17:20:00,759.866666666667
2016-04-21 17:30:00,759.85
2016-04-21 17:40:00,759.8333333333329
2016-04-21 17:50:00,759.8166666666668
2016-04-21 18:00:00,759.7999999999998
2016-04-21 18:10:00,759.766666666667
2016-04-21 18:20:00,759.733333333333
2016-04-21 18:30:00,759.7
2016-04-21 18:40:00,759.6666666666669
2016-04-21 18:50:00,759.6333333333331
2016-04-21 19:00:00,759.6
2016-04-21 19:10:00,759.5833333333329
2016-04-21 19:20:00,759.5666666666668
2016-04-21 19:30:00,759.5499999999998
2016-04-21 19:40:00,759.533333333333
2016-04-21 19:50:00,759.516666666667
2016-04-21 20:00:00,759.5
2016-04-21 20:10:00,759.516666666667
2016-04-21 20:20:00,759.533333333333
2016-04-21 20:30:00,759.5499999999998
2016-04-21 20:40:00,759.5666666666668
2016-04-21 20:50:00,759.5833333333329
2016-04-21 21:00:00,759.6
2016-04-21 21:10:00,759.6333333333331
2016-04-21 21:20:00,759.6666666666669
2016-04-21 21:30:00,759.7
2016-04-21 21:40:00,759.733333333333
2016-04-21 21:50:00,759.766666666667
2016-04-21 22:00:00,759.7999999999998
2016-04-21 22:10:00,759.866666666667
2016-04-21 22:20:00,759.9333333333329
2016-04-21 22:30:00,760.0
2016-04-21 22:40:00,760.0666666666668
2016-04-21 22:50:00,760.1333333333331
2016-04-21 23:00:00,760.2
2016-04-21 23:10:00,760.1666666666669
2016-04-21 23:20:00,760.1333333333331
2016-04-21 23:30:00,760.1
2016-04-21 23:40:00,760.0666666666668
2016-04-21 23:50:00,760.033333333333
2016-04-22 00:00:00,760.0
2016-04-22 00:10:00,760.0499999999998
2016-04-22 00:20:00,760.1
2016-04-22 00:30:00,760.15
2016-04-22 00:40:00,760.2
2016-04-22 00:50:00,760.25
2016-04-22 01:00:00,760.2999999999998
2016-04-22 01:10:00,760.2999999999998
2016-04-22 01:20:00,760.2999999999998
2016-04-22 01:30:00,760.2999999999998
2016-04-22 01:40:00,760.2999999999998
2016-04-22 01:50:00,760.2999999999998
2016-04-22 02:00:00,760.2999999999998
2016-04-22 02:10:00,760.283333333333
2016-04-22 02:20:00,760.266666666667
2016-04-22 02:30:00,760.25
2016-04-22 02:40:00,760.233333333333
2016-04-22 02:50:00,760.216666666667
2016-04-22 03:00:00,760.2
2016-04-22 03:10:00,760.1666666666669
2016-04-22 03:20:00,760.1333333333331
2016-04-22 03:30:00,760.1
2016-04-22 03:40:00,760.0666666666668
2016-04-22 03:50:00,760.033333333333
2016-04-22 04:00:00,760.0
2016-04-22 04:10:00,759.966666666667
2016-04-22 04:20:00,759.9333333333329
2016-04-22 04:30:00,759.9
2016-04-22 04:40:00,759.866666666667
2016-04-22 04:50:00,759.8333333333329
2016-04-22 05:00:00,759.7999999999998
2016-04-22 05:10:00,759.766666666667
2016-04-22 05:20:00,759.733333333333
2016-04-22 05:30:00,759.7
2016-04-22 05:40:00,759.6666666666669
2016-04-22 05:50:00,759.6333333333331
2016-04-22 06:00:00,759.6
2016-04-22 06:10:00,759.6
2016-04-22 06:20:00,759.6
2016-04-22 06:30:00,759.6
2016-04-22 06:40:00,759.6
2016-04-22 06:50:00,759.6
2016-04-22 07:00:00,759.6
2016-04-22 07:10:00,759.65
2016-04-22 07:20:00,759.7
2016-04-22 07:30:00,759.75
2016-04-22 07:40:00,759.7999999999998
2016-04-22 07:50:00,759.85
2016-04-22 08:00:00,759.9
2016-04-22 08:10:00,759.9
2016-04-22 08:20:00,759.9
2016-04-22 08:30:00,759.9
2016-04-22 08:40:00,759.9
2016-04-22 08:50:00,759.9
2016-04-22 09:00:00,759.9
2016-04-22 09:10:00,759.9
2016-04-22 09:20:00,759.9
2016-04-22 09:30:00,759.9
2016-04-22 09:40:00,759.9
2016-04-22 09:50:00,759.9
2016-04-22 10:00:00,759.9
2016-04-22 10:10:00,759.8833333333331
2016-04-22 10:20:00,759.866666666667
2016-04-22 10:30:00,759.85
2016-04-22 10:40:00,759.8333333333329
2016-04-22 10:50:00,759.8166666666668
2016-04-22 11:00:00,759.7999999999998
2016-04-22 11:10:00,759.7999999999998
2016-04-22 11:20:00,759.7999999999998
2016-04-22 11:30:00,759.7999999999998
2016-04-22 11:40:00,759.7999999999998
2016-04-22 11:50:00,759.7999999999998
2016-04-22 12:00:00,759.7999999999998
2016-04-22 12:10:00,759.716666666667
2016-04-22 12:20:00,759.6333333333331
2016-04-22 12:30:00,759.5499999999998
2016-04-22 12:40:00,759.466666666667
2016-04-22 12:50:00,759.3833333333331
2016-04-22 13:00:00,759.2999999999998
2016-04-22 13:10:00,759.233333333333
2016-04-22 13:20:00,759.1666666666669
2016-04-22 13:30:00,759.1
2016-04-22 13:40:00,759.033333333333
2016-04-22 13:50:00,758.966666666667
2016-04-22 14:00:00,758.9
2016-04-22 14:10:00,758.8333333333329
2016-04-22 14:20:00,758.766666666667
2016-04-22 14:30:00,758.7
2016-04-22 14:40:00,758.6333333333331
2016-04-22 14:50:00,758.5666666666668
2016-04-22 15:00:00,758.5
2016-04-22 15:10:00,758.4333333333329
2016-04-22 15:20:00,758.366666666667
2016-04-22 15:30:00,758.2999999999998
2016-04-22 15:40:00,758.233333333333
2016-04-22 15:50:00,758.1666666666669
2016-04-22 16:00:00,758.1
2016-04-22 16:10:00,758.016666666667
2016-04-22 16:20:00,757.9333333333329
2016-04-22 16:30:00,757.85
2016-04-22 16:40:00,757.766666666667
2016-04-22 16:50:00,757.6833333333329
2016-04-22 17:00:00,757.6
2016-04-22 17:10:00,757.5499999999998
2016-04-22 17:20:00,757.5
2016-04-22 17:30:00,757.45
2016-04-22 17:40:00,757.4
2016-04-22 17:50:00,757.35
2016-04-22 18:00:00,757.2999999999998
2016-04-22 18:10:00,757.2999999999998
2016-04-22 18:20:00,757.2999999999998
2016-04-22 18:30:00,757.2999999999998
2016-04-22 18:40:00,757.2999999999998
2016-04-22 18:50:00,757.2999999999998
2016-04-22 19:00:00,757.2999999999998
2016-04-22 19:10:00,757.216666666667
2016-04-22 19:20:00,757.1333333333331
2016-04-22 19:30:00,757.0499999999998
2016-04-22 19:40:00,756.966666666667
2016-04-22 19:50:00,756.8833333333331
2016-04-22 20:00:00,756.7999999999998
2016-04-22 20:10:00,756.766666666667
2016-04-22 20:20:00,756.733333333333
2016-04-22 20:30:00,756.7
2016-04-22 20:40:00,756.6666666666669
2016-04-22 20:50:00,756.6333333333331
2016-04-22 21:00:00,756.6
2016-04-22 21:10:00,756.65
2016-04-22 21:20:00,756.7
2016-04-22 21:30:00,756.75
2016-04-22 21:40:00,756.7999999999998
2016-04-22 21:50:00,756.85
2016-04-22 22:00:00,756.9
2016-04-22 22:10:00,756.9
2016-04-22 22:20:00,756.9
2016-04-22 22:30:00,756.9
2016-04-22 22:40:00,756.9
2016-04-22 22:50:00,756.9
2016-04-22 23:00:00,756.9
2016-04-22 23:10:00,756.9166666666669
2016-04-22 23:20:00,756.9333333333329
2016-04-22 23:30:00,756.95
2016-04-22 23:40:00,756.966666666667
2016-04-22 23:50:00,756.983333333333
2016-04-23 00:00:00,757.0
2016-04-23 00:10:00,757.0
2016-04-23 00:20:00,757.0
2016-04-23 00:30:00,757.0
2016-04-23 00:40:00,757.0
2016-04-23 00:50:00,757.0
2016-04-23 01:00:00,757.0
2016-04-23 01:10:00,756.983333333333
2016-04-23 01:20:00,756.966666666667
2016-04-23 01:30:00,756.95
2016-04-23 01:40:00,756.9333333333329
2016-04-23 01:50:00,756.9166666666669
2016-04-23 02:00:00,756.9
2016-04-23 02:10:00,756.85
2016-04-23 02:20:00,756.7999999999998
2016-04-23 02:30:00,756.75
2016-04-23 02:40:00,756.7
2016-04-23 02:50:00,756.65
2016-04-23 03:00:00,756.6
2016-04-23 03:10:00,756.6
2016-04-23 03:20:00,756.6
2016-04-23 03:30:00,756.6
2016-04-23 03:40:00,756.6
2016-04-23 03:50:00,756.6
2016-04-23 04:00:00,756.6
2016-04-23 04:10:00,756.5666666666668
2016-04-23 04:20:00,756.533333333333
2016-04-23 04:30:00,756.5
2016-04-23 04:40:00,756.466666666667
2016-04-23 04:50:00,756.4333333333329
2016-04-23 05:00:00,756.4
2016-04-23 05:10:00,756.366666666667
2016-04-23 05:20:00,756.3333333333329
2016-04-23 05:30:00,756.2999999999998
2016-04-23 05:40:00,756.266666666667
2016-04-23 05:50:00,756.233333333333
2016-04-23 06:00:00,756.2
2016-04-23 06:10:00,756.2
2016-04-23 06:20:00,756.2
2016-04-23 06:30:00,756.2
2016-04-23 06:40:00,756.2
2016-04-23 06:50:00,756.2
2016-04-23 07:00:00,756.2
2016-04-23 07:10:00,756.233333333333
2016-04-23 07:20:00,756.266666666667
2016-04-23 07:30:00,756.2999999999998
2016-04-23 07:40:00,756.3333333333329
2016-04-23 07:50:00,756.366666666667
2016-04-23 08:00:00,756.4
2016-04-23 08:10:00,756.4333333333329
2016-04-23 08:20:00,756.466666666667
2016-04-23 08:30:00,756.5
2016-04-23 08:40:00,756.533333333333
2016-04-23 08:50:00,756.5666666666668
2016-04-23 09:00:00,756.6
2016-04-23 09:10:00,756.6
2016-04-23 09:20:00,756.6
2016-04-23 09:30:00,756.6
2016-04-23 09:40:00,756.6
2016-04-23 09:50:00,756.6
2016-04-23 10:00:00,756.6
2016-04-23 10:10:00,756.6
2016-04-23 10:20:00,756.6
2016-04-23 10:30:00,756.6
2016-04-23 10:40:00,756.6
2016-04-23 10:50:00,756.6
2016-04-23 11:00:00,756.6
2016-04-23 11:10:00,756.6666666666669
2016-04-23 11:20:00,756.733333333333
2016-04-23 11:30:00,756.7999999999998
2016-04-23 11:40:00,756.866666666667
2016-04-23 11:50:00,756.9333333333329
2016-04-23 12:00:00,757.0
2016-04-23 12:10:00,757.0
2016-04-23 12:20:00,757.0
2016-04-23 12:30:00,757.0
2016-04-23 12:40:00,757.0
2016-04-23 12:50:00,757.0
2016-04-23 13:00:00,757.0
2016-04-23 13:10:00,757.0
2016-04-23 13:20:00,757.0
2016-04-23 13:30:00,757.0
2016-04-23 13:40:00,757.0
2016-04-23 13:50:00,757.0
2016-04-23 14:00:00,757.0
2016-04-23 14:10:00,757.0
2016-04-23 14:20:00,757.0
2016-04-23 14:30:00,757.0
2016-04-23 14:40:00,757.0
2016-04-23 14:50:00,757.0
2016-04-23 15:00:00,757.0
2016-04-23 15:10:00,757.0499999999998
2016-04-23 15:20:00,757.1
2016-04-23 15:30:00,757.15
2016-04-23 15:40:00,757.2
2016-04-23 15:50:00,757.25
2016-04-23 16:00:00,757.2999999999998
2016-04-23 16:10:00,757.2999999999998
2016-04-23 16:20:00,757.2999999999998
2016-04-23 16:30:00,757.2999999999998
2016-04-23 16:40:00,757.2999999999998
2016-04-23 16:50:00,757.2999999999998
2016-04-23 17:00:00,757.2999999999998
2016-04-23 17:10:00,757.35
2016-04-23 17:20:00,757.4
2016-04-23 17:30:00,757.45
2016-04-23 17:40:00,757.5
2016-04-23 17:50:00,757.5499999999998
2016-04-23 18:00:00,757.6
2016-04-23 18:10:00,757.6333333333331
2016-04-23 18:20:00,757.6666666666669
2016-04-23 18:30:00,757.7
2016-04-23 18:40:00,757.733333333333
2016-04-23 18:50:00,757.766666666667
2016-04-23 19:00:00,757.7999999999998
2016-04-23 19:10:00,757.866666666667
2016-04-23 19:20:00,757.9333333333329
2016-04-23 19:30:00,758.0
2016-04-23 19:40:00,758.0666666666668
2016-04-23 19:50:00,758.1333333333331
2016-04-23 20:00:00,758.2
2016-04-23 20:10:00,758.25
2016-04-23 20:20:00,758.2999999999998
2016-04-23 20:30:00,758.35
2016-04-23 20:40:00,758.4
2016-04-23 20:50:00,758.45
2016-04-23 21:00:00,758.5
2016-04-23 21:10:00,758.6
2016-04-23 21:20:00,758.7
2016-04-23 21:30:00,758.7999999999998
2016-04-23 21:40:00,758.9
2016-04-23 21:50:00,759.0
2016-04-23 22:00:00,759.1
2016-04-23 22:10:00,759.1
2016-04-23 22:20:00,759.1
2016-04-23 22:30:00,759.1
2016-04-23 22:40:00,759.1
2016-04-23 22:50:00,759.1
2016-04-23 23:00:00,759.1
2016-04-23 23:10:00,759.1
2016-04-23 23:20:00,759.1
2016-04-23 23:30:00,759.1
2016-04-23 23:40:00,759.1
2016-04-23 23:50:00,759.1
2016-04-24 00:00:00,759.1
2016-04-24 00:10:00,759.1
2016-04-24 00:20:00,759.1
2016-04-24 00:30:00,759.1
2016-04-24 00:40:00,759.1
2016-04-24 00:50:00,759.1
2016-04-24 01:00:00,759.1
2016-04-24 01:10:00,759.0666666666668
2016-04-24 01:20:00,759.033333333333
2016-04-24 01:30:00,759.0
2016-04-24 01:40:00,758.966666666667
2016-04-24 01:50:00,758.9333333333329
2016-04-24 02:00:00,758.9
2016-04-24 02:10:00,758.8833333333331
2016-04-24 02:20:00,758.866666666667
2016-04-24 02:30:00,758.85
2016-04-24 02:40:00,758.8333333333329
2016-04-24 02:50:00,758.8166666666668
2016-04-24 03:00:00,758.7999999999998
2016-04-24 03:10:00,758.75
2016-04-24 03:20:00,758.7
2016-04-24 03:30:00,758.65
2016-04-24 03:40:00,758.6
2016-04-24 03:50:00,758.5499999999998
2016-04-24 04:00:00,758.5
2016-04-24 04:10:00,758.466666666667
2016-04-24 04:20:00,758.4333333333329
2016-04-24 04:30:00,758.4
2016-04-24 04:40:00,758.366666666667
2016-04-24 04:50:00,758.3333333333329
2016-04-24 05:00:00,758.2999999999998
2016-04-24 05:10:00,758.266666666667
2016-04-24 05:20:00,758.233333333333
2016-04-24 05:30:00,758.2
2016-04-24 05:40:00,758.1666666666669
2016-04-24 05:50:00,758.1333333333331
2016-04-24 06:00:00,758.1
2016-04-24 06:10:00,758.0666666666668
2016-04-24 06:20:00,758.033333333333
2016-04-24 06:30:00,758.0
2016-04-24 06:40:00,757.966666666667
2016-04-24 06:50:00,757.9333333333329
2016-04-24 07:00:00,757.9
2016-04-24 07:10:00,757.9
2016-04-24 07:20:00,757.9
2016-04-24 07:30:00,757.9
2016-04-24 07:40:00,757.9
2016-04-24 07:50:00,757.9
2016-04-24 08:00:00,757.9
2016-04-24 08:10:00,757.9333333333329
2016-04-24 08:20:00,757.966666666667
2016-04-24 08:30:00,758.0
2016-04-24 08:40:00,758.033333333333
2016-04-24 08:50:00,758.0666666666668
2016-04-24 09:00:00,758.1
2016-04-24 09:10:00,758.0666666666668
2016-04-24 09:20:00,758.033333333333
2016-04-24 09:30:00,758.0
2016-04-24 09:40:00,757.966666666667
2016-04-24 09:50:00,757.9333333333329
2016-04-24 10:00:00,757.9
2016-04-24 10:10:00,757.9
2016-04-24 10:20:00,757.9
2016-04-24 10:30:00,757.9
2016-04-24 10:40:00,757.9
2016-04-24 10:50:00,757.9
2016-04-24 11:00:00,757.9
2016-04-24 11:10:00,757.9333333333329
2016-04-24 11:20:00,757.966666666667
2016-04-24 11:30:00,758.0
2016-04-24 11:40:00,758.033333333333
2016-04-24 11:50:00,758.0666666666668
2016-04-24 12:00:00,758.1
2016-04-24 12:10:00,758.033333333333
2016-04-24 12:20:00,757.966666666667
2016-04-24 12:30:00,757.9
2016-04-24 12:40:00,757.8333333333329
2016-04-24 12:50:00,757.766666666667
2016-04-24 13:00:00,757.7
2016-04-24 13:10:00,757.7
2016-04-24 13:20:00,757.7
2016-04-24 13:30:00,757.7
2016-04-24 13:40:00,757.7
2016-04-24 13:50:00,757.7
2016-04-24 14:00:00,757.7
2016-04-24 14:10:00,757.6333333333331
2016-04-24 14:20:00,757.5666666666668
2016-04-24 14:30:00,757.5
2016-04-24 14:40:00,757.4333333333329
2016-04-24 14:50:00,757.366666666667
2016-04-24 15:00:00,757.2999999999998
2016-04-24 15:10:00,757.2999999999998
2016-04-24 15:20:00,757.2999999999998
2016-04-24 15:30:00,757.2999999999998
2016-04-24 15:40:00,757.2999999999998
2016-04-24 15:50:00,757.2999999999998
2016-04-24 16:00:00,757.2999999999998
2016-04-24 16:10:00,757.3166666666668
2016-04-24 16:20:00,757.3333333333329
2016-04-24 16:30:00,757.35
2016-04-24 16:40:00,757.366666666667
2016-04-24 16:50:00,757.3833333333331
2016-04-24 17:00:00,757.4
2016-04-24 17:10:00,757.3833333333331
2016-04-24 17:20:00,757.366666666667
2016-04-24 17:30:00,757.35
2016-04-24 17:40:00,757.3333333333329
2016-04-24 17:50:00,757.3166666666668
2016-04-24 18:00:00,757.2999999999998
2016-04-24 18:10:00,757.35
2016-04-24 18:20:00,757.4
2016-04-24 18:30:00,757.45
2016-04-24 18:40:00,757.5
2016-04-24 18:50:00,757.5499999999998
2016-04-24 19:00:00,757.6
2016-04-24 19:10:00,757.6333333333331
2016-04-24 19:20:00,757.6666666666669
2016-04-24 19:30:00,757.7
2016-04-24 19:40:00,757.733333333333
2016-04-24 19:50:00,757.766666666667
2016-04-24 20:00:00,757.7999999999998
2016-04-24 20:10:00,757.8333333333329
2016-04-24 20:20:00,757.866666666667
2016-04-24 20:30:00,757.9
2016-04-24 20:40:00,757.9333333333329
2016-04-24 20:50:00,757.966666666667
2016-04-24 21:00:00,758.0
2016-04-24 21:10:00,758.0499999999998
2016-04-24 21:20:00,758.1
2016-04-24 21:30:00,758.15
2016-04-24 21:40:00,758.2
2016-04-24 21:50:00,758.25
2016-04-24 22:00:00,758.2999999999998
2016-04-24 22:10:00,758.283333333333
2016-04-24 22:20:00,758.266666666667
2016-04-24 22:30:00,758.25
2016-04-24 22:40:00,758.233333333333
2016-04-24 22:50:00,758.216666666667
2016-04-24 23:00:00,758.2
2016-04-24 23:10:00,758.1833333333329
2016-04-24 23:20:00,758.1666666666669
2016-04-24 23:30:00,758.15
2016-04-24 23:40:00,758.1333333333331
2016-04-24 23:50:00,758.116666666667
2016-04-25 00:00:00,758.1
2016-04-25 00:10:00,758.0833333333329
2016-04-25 00:20:00,758.0666666666668
2016-04-25 00:30:00,758.0499999999998
2016-04-25 00:40:00,758.033333333333
2016-04-25 00:50:00,758.016666666667
2016-04-25 01:00:00,758.0
2016-04-25 01:10:00,757.95
2016-04-25 01:20:00,757.9
2016-04-25 01:30:00,757.85
2016-04-25 01:40:00,757.7999999999998
2016-04-25 01:50:00,757.75
2016-04-25 02:00:00,757.7
2016-04-25 02:10:00,757.6333333333331
2016-04-25 02:20:00,757.5666666666668
2016-04-25 02:30:00,757.5
2016-04-25 02:40:00,757.4333333333329
2016-04-25 02:50:00,757.366666666667
2016-04-25 03:00:00,757.2999999999998
2016-04-25 03:10:00,757.233333333333
2016-04-25 03:20:00,757.1666666666669
2016-04-25 03:30:00,757.1
2016-04-25 03:40:00,757.033333333333
2016-04-25 03:50:00,756.966666666667
2016-04-25 04:00:00,756.9
2016-04-25 04:10:00,756.8166666666668
2016-04-25 04:20:00,756.733333333333
2016-04-25 04:30:00,756.65
2016-04-25 04:40:00,756.5666666666668
2016-04-25 04:50:00,756.483333333333
2016-04-25 05:00:00,756.4
2016-04-25 05:10:00,756.3166666666668
2016-04-25 05:20:00,756.233333333333
2016-04-25 05:30:00,756.15
2016-04-25 05:40:00,756.0666666666668
2016-04-25 05:50:00,755.983333333333
2016-04-25 06:00:00,755.9
2016-04-25 06:10:00,755.8333333333329
2016-04-25 06:20:00,755.766666666667
2016-04-25 06:30:00,755.7
2016-04-25 06:40:00,755.6333333333331
2016-04-25 06:50:00,755.5666666666668
2016-04-25 07:00:00,755.5
2016-04-25 07:10:00,755.4333333333329
2016-04-25 07:20:00,755.366666666667
2016-04-25 07:30:00,755.2999999999998
2016-04-25 07:40:00,755.233333333333
2016-04-25 07:50:00,755.1666666666669
2016-04-25 08:00:00,755.1
2016-04-25 08:10:00,755.016666666667
2016-04-25 08:20:00,754.9333333333329
2016-04-25 08:30:00,754.85
2016-04-25 08:40:00,754.766666666667
2016-04-25 08:50:00,754.6833333333329
2016-04-25 09:00:00,754.6
2016-04-25 09:10:00,754.5
2016-04-25 09:20:00,754.4
2016-04-25 09:30:00,754.2999999999998
2016-04-25 09:40:00,754.2
2016-04-25 09:50:00,754.1
2016-04-25 10:00:00,754.0
2016-04-25 10:10:00,753.9166666666669
2016-04-25 10:20:00,753.8333333333329
2016-04-25 10:30:00,753.75
2016-04-25 10:40:00,753.6666666666669
2016-04-25 10:50:00,753.5833333333329
2016-04-25 11:00:00,753.5
2016-04-25 11:10:00,753.3833333333331
2016-04-25 11:20:00,753.266666666667
2016-04-25 11:30:00,753.15
2016-04-25 11:40:00,753.033333333333
2016-04-25 11:50:00,752.9166666666669
2016-04-25 12:00:00,752.7999999999998
2016-04-25 12:10:00,752.65
2016-04-25 12:20:00,752.5
2016-04-25 12:30:00,752.35
2016-04-25 12:40:00,752.2
2016-04-25 12:50:00,752.0499999999998
2016-04-25 13:00:00,751.9
2016-04-25 13:10:00,751.75
2016-04-25 13:20:00,751.6
2016-04-25 13:30:00,751.45
2016-04-25 13:40:00,751.2999999999998
2016-04-25 13:50:00,751.15
2016-04-25 14:00:00,751.0
2016-04-25 14:10:00,750.9333333333329
2016-04-25 14:20:00,750.866666666667
2016-04-25 14:30:00,750.7999999999998
2016-04-25 14:40:00,750.733333333333
2016-04-25 14:50:00,750.6666666666669
2016-04-25 15:00:00,750.6
2016-04-25 15:10:00,750.5
2016-04-25 15:20:00,750.4
2016-04-25 15:30:00,750.2999999999998
2016-04-25 15:40:00,750.2
2016-04-25 15:50:00,750.1
2016-04-25 16:00:00,750.0
2016-04-25 16:10:00,749.866666666667
2016-04-25 16:20:00,749.733333333333
2016-04-25 16:30:00,749.6
2016-04-25 16:40:00,749.466666666667
2016-04-25 16:50:00,749.3333333333329
2016-04-25 17:00:00,749.2
2016-04-25 17:10:00,749.1
2016-04-25 17:20:00,749.0
2016-04-25 17:30:00,748.9
2016-04-25 17:40:00,748.7999999999998
2016-04-25 17:50:00,748.7
2016-04-25 18:00:00,748.6
2016-04-25 18:10:00,748.6
2016-04-25 18:20:00,748.6
2016-04-25 18:30:00,748.6
2016-04-25 18:40:00,748.6
2016-04-25 18:50:00,748.6
2016-04-25 19:00:00,748.6
2016-04-25 19:10:00,748.5499999999998
2016-04-25 19:20:00,748.5
2016-04-25 19:30:00,748.45
2016-04-25 19:40:00,748.4
2016-04-25 19:50:00,748.35
2016-04-25 20:00:00,748.2999999999998
2016-04-25 20:10:00,748.2999999999998
2016-04-25 20:20:00,748.2999999999998
2016-04-25 20:30:00,748.2999999999998
2016-04-25 20:40:00,748.2999999999998
2016-04-25 20:50:00,748.2999999999998
2016-04-25 21:00:00,748.2999999999998
2016-04-25 21:10:00,748.3333333333329
2016-04-25 21:20:00,748.366666666667
2016-04-25 21:30:00,748.4
2016-04-25 21:40:00,748.4333333333329
2016-04-25 21:50:00,748.466666666667
2016-04-25 22:00:00,748.5
2016-04-25 22:10:00,748.533333333333
2016-04-25 22:20:00,748.5666666666668
2016-04-25 22:30:00,748.6
2016-04-25 22:40:00,748.6333333333331
2016-04-25 22:50:00,748.6666666666669
2016-04-25 23:00:00,748.7
2016-04-25 23:10:00,748.783333333333
2016-04-25 23:20:00,748.866666666667
2016-04-25 23:30:00,748.95
2016-04-25 23:40:00,749.033333333333
2016-04-25 23:50:00,749.116666666667
2016-04-26 00:00:00,749.2
2016-04-26 00:10:00,749.15
2016-04-26 00:20:00,749.1
2016-04-26 00:30:00,749.0499999999998
2016-04-26 00:40:00,749.0
2016-04-26 00:50:00,748.95
2016-04-26 01:00:00,748.9
2016-04-26 01:10:00,748.8833333333331
2016-04-26 01:20:00,748.866666666667
2016-04-26 01:30:00,748.85
2016-04-26 01:40:00,748.8333333333329
2016-04-26 01:50:00,748.8166666666668
2016-04-26 02:00:00,748.7999999999998
2016-04-26 02:10:00,748.766666666667
2016-04-26 02:20:00,748.733333333333
2016-04-26 02:30:00,748.7
2016-04-26 02:40:00,748.6666666666669
2016-04-26 02:50:00,748.6333333333331
2016-04-26 03:00:00,748.6
2016-04-26 03:10:00,748.5833333333329
2016-04-26 03:20:00,748.5666666666668
2016-04-26 03:30:00,748.5499999999998
2016-04-26 03:40:00,748.533333333333
2016-04-26 03:50:00,748.516666666667
2016-04-26 04:00:00,748.5
2016-04-26 04:10:00,748.466666666667
2016-04-26 04:20:00,748.4333333333329
2016-04-26 04:30:00,748.4
2016-04-26 04:40:00,748.366666666667
2016-04-26 04:50:00,748.3333333333329
2016-04-26 05:00:00,748.2999999999998
2016-04-26 05:10:00,748.25
2016-04-26 05:20:00,748.2
2016-04-26 05:30:00,748.15
2016-04-26 05:40:00,748.1
2016-04-26 05:50:00,748.0499999999998
2016-04-26 06:00:00,748.0
2016-04-26 06:10:00,747.983333333333
2016-04-26 06:20:00,747.966666666667
2016-04-26 06:30:00,747.95
2016-04-26 06:40:00,747.9333333333329
2016-04-26 06:50:00,747.9166666666669
2016-04-26 07:00:00,747.9
2016-04-26 07:10:00,747.9333333333329
2016-04-26 07:20:00,747.966666666667
2016-04-26 07:30:00,748.0
2016-04-26 07:40:00,748.033333333333
2016-04-26 07:50:00,748.0666666666668
2016-04-26 08:00:00,748.1
2016-04-26 08:10:00,748.0666666666668
2016-04-26 08:20:00,748.033333333333
2016-04-26 08:30:00,748.0
2016-04-26 08:40:00,747.966666666667
2016-04-26 08:50:00,747.9333333333329
2016-04-26 09:00:00,747.9
2016-04-26 09:10:00,747.9166666666669
2016-04-26 09:20:00,747.9333333333329
2016-04-26 09:30:00,747.95
2016-04-26 09:40:00,747.966666666667
2016-04-26 09:50:00,747.983333333333
2016-04-26 10:00:00,748.0
2016-04-26 10:10:00,748.0
2016-04-26 10:20:00,748.0
2016-04-26 10:30:00,748.0
2016-04-26 10:40:00,748.0
2016-04-26 10:50:00,748.0
2016-04-26 11:00:00,748.0
2016-04-26 11:10:00,748.0
2016-04-26 11:20:00,748.0
2016-04-26 11:30:00,748.0
2016-04-26 11:40:00,748.0
2016-04-26 11:50:00,748.0
2016-04-26 12:00:00,748.0
2016-04-26 12:10:00,748.0
2016-04-26 12:20:00,748.0
2016-04-26 12:30:00,748.0
2016-04-26 12:40:00,748.0
2016-04-26 12:50:00,748.0
2016-04-26 13:00:00,748.0
2016-04-26 13:10:00,748.0499999999998
2016-04-26 13:20:00,748.1
2016-04-26 13:30:00,748.15
2016-04-26 13:40:00,748.2
2016-04-26 13:50:00,748.25
2016-04-26 14:00:00,748.2999999999998
2016-04-26 14:10:00,748.35
2016-04-26 14:20:00,748.4
2016-04-26 14:30:00,748.45
2016-04-26 14:40:00,748.5
2016-04-26 14:50:00,748.5499999999998
2016-04-26 15:00:00,748.6
2016-04-26 15:10:00,748.5666666666668
2016-04-26 15:20:00,748.533333333333
2016-04-26 15:30:00,748.5
2016-04-26 15:40:00,748.466666666667
2016-04-26 15:50:00,748.4333333333329
2016-04-26 16:00:00,748.4
2016-04-26 16:10:00,748.4333333333329
2016-04-26 16:20:00,748.466666666667
2016-04-26 16:30:00,748.5
2016-04-26 16:40:00,748.533333333333
2016-04-26 16:50:00,748.5666666666668
2016-04-26 17:00:00,748.6
2016-04-26 17:10:00,748.5833333333329
2016-04-26 17:20:00,748.5666666666668
2016-04-26 17:30:00,748.5499999999998
2016-04-26 17:40:00,748.533333333333
2016-04-26 17:50:00,748.516666666667
2016-04-26 18:00:00,748.5
2016-04-26 18:10:00,748.5666666666668
2016-04-26 18:20:00,748.6333333333331
2016-04-26 18:30:00,748.7
2016-04-26 18:40:00,748.766666666667
2016-04-26 18:50:00,748.8333333333329
2016-04-26 19:00:00,748.9
2016-04-26 19:10:00,748.95
2016-04-26 19:20:00,749.0
2016-04-26 19:30:00,749.0499999999998
2016-04-26 19:40:00,749.1
2016-04-26 19:50:00,749.15
2016-04-26 20:00:00,749.2
2016-04-26 20:10:00,749.283333333333
2016-04-26 20:20:00,749.366666666667
2016-04-26 20:30:00,749.45
2016-04-26 20:40:00,749.533333333333
2016-04-26 20:50:00,749.616666666667
2016-04-26 21:00:00,749.7
2016-04-26 21:10:00,749.7
2016-04-26 21:20:00,749.7
2016-04-26 21:30:00,749.7
2016-04-26 21:40:00,749.7
2016-04-26 21:50:00,749.7
2016-04-26 22:00:00,749.7
2016-04-26 22:10:00,749.6833333333329
2016-04-26 22:20:00,749.6666666666669
2016-04-26 22:30:00,749.65
2016-04-26 22:40:00,749.6333333333331
2016-04-26 22:50:00,749.616666666667
2016-04-26 23:00:00,749.6
2016-04-26 23:10:00,749.616666666667
2016-04-26 23:20:00,749.6333333333331
2016-04-26 23:30:00,749.65
2016-04-26 23:40:00,749.6666666666669
2016-04-26 23:50:00,749.6833333333329
2016-04-27 00:00:00,749.7
2016-04-27 00:10:00,749.7
2016-04-27 00:20:00,749.7
2016-04-27 00:30:00,749.7
2016-04-27 00:40:00,749.7
2016-04-27 00:50:00,749.7
2016-04-27 01:00:00,749.7
2016-04-27 01:10:00,749.7
2016-04-27 01:20:00,749.7
2016-04-27 01:30:00,749.7
2016-04-27 01:40:00,749.7
2016-04-27 01:50:00,749.7
2016-04-27 02:00:00,749.7
2016-04-27 02:10:00,749.716666666667
2016-04-27 02:20:00,749.733333333333
2016-04-27 02:30:00,749.75
2016-04-27 02:40:00,749.766666666667
2016-04-27 02:50:00,749.783333333333
2016-04-27 03:00:00,749.7999999999998
2016-04-27 03:10:00,749.8166666666668
2016-04-27 03:20:00,749.8333333333329
2016-04-27 03:30:00,749.85
2016-04-27 03:40:00,749.866666666667
2016-04-27 03:50:00,749.8833333333331
2016-04-27 04:00:00,749.9
2016-04-27 04:10:00,749.9333333333329
2016-04-27 04:20:00,749.966666666667
2016-04-27 04:30:00,750.0
2016-04-27 04:40:00,750.033333333333
2016-04-27 04:50:00,750.0666666666668
2016-04-27 05:00:00,750.1
2016-04-27 05:10:00,750.116666666667
2016-04-27 05:20:00,750.1333333333331
2016-04-27 05:30:00,750.15
2016-04-27 05:40:00,750.1666666666669
2016-04-27 05:50:00,750.1833333333329
2016-04-27 06:00:00,750.2
2016-04-27 06:10:00,750.25
2016-04-27 06:20:00,750.2999999999998
2016-04-27 06:30:00,750.35
2016-04-27 06:40:00,750.4
2016-04-27 06:50:00,750.45
2016-04-27 07:00:00,750.5
2016-04-27 07:10:00,750.516666666667
2016-04-27 07:20:00,750.533333333333
2016-04-27 07:30:00,750.5499999999998
2016-04-27 07:40:00,750.5666666666668
2016-04-27 07:50:00,750.5833333333329
2016-04-27 08:00:00,750.6
2016-04-27 08:10:00,750.6666666666669
2016-04-27 08:20:00,750.733333333333
2016-04-27 08:30:00,750.7999999999998
2016-04-27 08:40:00,750.866666666667
2016-04-27 08:50:00,750.9333333333329
2016-04-27 09:00:00,751.0
2016-04-27 09:10:00,751.0666666666668
2016-04-27 09:20:00,751.1333333333331
2016-04-27 09:30:00,751.2
2016-04-27 09:40:00,751.266666666667
2016-04-27 09:50:00,751.3333333333329
2016-04-27 10:00:00,751.4
2016-04-27 10:10:00,751.4333333333329
2016-04-27 10:20:00,751.466666666667
2016-04-27 10:30:00,751.5
2016-04-27 10:40:00,751.533333333333
2016-04-27 10:50:00,751.5666666666668
2016-04-27 11:00:00,751.6
2016-04-27 11:10:00,751.6666666666669
2016-04-27 11:20:00,751.733333333333
2016-04-27 11:30:00,751.7999999999998
2016-04-27 11:40:00,751.866666666667
2016-04-27 11:50:00,751.9333333333329
2016-04-27 12:00:00,752.0
2016-04-27 12:10:00,752.0499999999998
2016-04-27 12:20:00,752.1
2016-04-27 12:30:00,752.15
2016-04-27 12:40:00,752.2
2016-04-27 12:50:00,752.25
2016-04-27 13:00:00,752.2999999999998
2016-04-27 13:10:00,752.366666666667
2016-04-27 13:20:00,752.4333333333329
2016-04-27 13:30:00,752.5
2016-04-27 13:40:00,752.5666666666668
2016-04-27 13:50:00,752.6333333333331
2016-04-27 14:00:00,752.7
2016-04-27 14:10:00,752.766666666667
2016-04-27 14:20:00,752.8333333333329
2016-04-27 14:30:00,752.9
2016-04-27 14:40:00,752.966666666667
2016-04-27 14:50:00,753.033333333333
2016-04-27 15:00:00,753.1
2016-04-27 15:10:00,753.1
2016-04-27 15:20:00,753.1
2016-04-27 15:30:00,753.1
2016-04-27 15:40:00,753.1
2016-04-27 15:50:00,753.1
2016-04-27 16:00:00,753.1
2016-04-27 16:10:00,753.1666666666669
2016-04-27 16:20:00,753.233333333333
2016-04-27 16:30:00,753.2999999999998
2016-04-27 16:40:00,753.366666666667
2016-04-27 16:50:00,753.4333333333329
2016-04-27 17:00:00,753.5
2016-04-27 17:10:00,753.5499999999998
2016-04-27 17:20:00,753.6
2016-04-27 17:30:00,753.65
2016-04-27 17:40:00,753.7
2016-04-27 17:50:00,753.75
2016-04-27 18:00:00,753.7999999999998
2016-04-27 18:10:00,753.866666666667
2016-04-27 18:20:00,753.9333333333329
2016-04-27 18:30:00,754.0
2016-04-27 18:40:00,754.0666666666668
2016-04-27 18:50:00,754.1333333333331
2016-04-27 19:00:00,754.2
2016-04-27 19:10:00,754.2
2016-04-27 19:20:00,754.2
2016-04-27 19:30:00,754.2
2016-04-27 19:40:00,754.2
2016-04-27 19:50:00,754.2
2016-04-27 20:00:00,754.2
2016-04-27 20:10:00,754.233333333333
2016-04-27 20:20:00,754.266666666667
2016-04-27 20:30:00,754.2999999999998
2016-04-27 20:40:00,754.3333333333329
2016-04-27 20:50:00,754.366666666667
2016-04-27 21:00:00,754.4
2016-04-27 21:10:00,754.45
2016-04-27 21:20:00,754.5
2016-04-27 21:30:00,754.5499999999998
2016-04-27 21:40:00,754.6
2016-04-27 21:50:00,754.65
2016-04-27 22:00:00,754.7
2016-04-27 22:10:00,754.766666666667
2016-04-27 22:20:00,754.8333333333329
2016-04-27 22:30:00,754.9
2016-04-27 22:40:00,754.966666666667
2016-04-27 22:50:00,755.033333333333
2016-04-27 23:00:00,755.1
2016-04-27 23:10:00,755.1
2016-04-27 23:20:00,755.1
2016-04-27 23:30:00,755.1
2016-04-27 23:40:00,755.1
2016-04-27 23:50:00,755.1
2016-04-28 00:00:00,755.1
2016-04-28 00:10:00,755.116666666667
2016-04-28 00:20:00,755.1333333333331
2016-04-28 00:30:00,755.15
2016-04-28 00:40:00,755.1666666666669
2016-04-28 00:50:00,755.1833333333329
2016-04-28 01:00:00,755.2
2016-04-28 01:10:00,755.216666666667
2016-04-28 01:20:00,755.233333333333
2016-04-28 01:30:00,755.25
2016-04-28 01:40:00,755.266666666667
2016-04-28 01:50:00,755.283333333333
2016-04-28 02:00:00,755.2999999999998
2016-04-28 02:10:00,755.3166666666668
2016-04-28 02:20:00,755.3333333333329
2016-04-28 02:30:00,755.35
2016-04-28 02:40:00,755.366666666667
2016-04-28 02:50:00,755.3833333333331
2016-04-28 03:00:00,755.4
2016-04-28 03:10:00,755.4
2016-04-28 03:20:00,755.4
2016-04-28 03:30:00,755.4
2016-04-28 03:40:00,755.4
2016-04-28 03:50:00,755.4
2016-04-28 04:00:00,755.4
2016-04-28 04:10:00,755.4
2016-04-28 04:20:00,755.4
2016-04-28 04:30:00,755.4
2016-04-28 04:40:00,755.4
2016-04-28 04:50:00,755.4
2016-04-28 05:00:00,755.4
2016-04-28 05:10:00,755.4
2016-04-28 05:20:00,755.4
2016-04-28 05:30:00,755.4
2016-04-28 05:40:00,755.4
2016-04-28 05:50:00,755.4
2016-04-28 06:00:00,755.4
2016-04-28 06:10:00,755.4166666666669
2016-04-28 06:20:00,755.4333333333329
2016-04-28 06:30:00,755.45
2016-04-28 06:40:00,755.466666666667
2016-04-28 06:50:00,755.483333333333
2016-04-28 07:00:00,755.5
2016-04-28 07:10:00,755.5499999999998
2016-04-28 07:20:00,755.6
2016-04-28 07:30:00,755.65
2016-04-28 07:40:00,755.7
2016-04-28 07:50:00,755.75
2016-04-28 08:00:00,755.7999999999998
2016-04-28 08:10:00,755.85
2016-04-28 08:20:00,755.9
2016-04-28 08:30:00,755.95
2016-04-28 08:40:00,756.0
2016-04-28 08:50:00,756.0499999999998
2016-04-28 09:00:00,756.1
2016-04-28 09:10:00,756.15
2016-04-28 09:20:00,756.2
2016-04-28 09:30:00,756.25
2016-04-28 09:40:00,756.2999999999998
2016-04-28 09:50:00,756.35
2016-04-28 10:00:00,756.4
2016-04-28 10:10:00,756.3833333333331
2016-04-28 10:20:00,756.366666666667
2016-04-28 10:30:00,756.35
2016-04-28 10:40:00,756.3333333333329
2016-04-28 10:50:00,756.3166666666668
2016-04-28 11:00:00,756.2999999999998
2016-04-28 11:10:00,756.283333333333
2016-04-28 11:20:00,756.266666666667
2016-04-28 11:30:00,756.25
2016-04-28 11:40:00,756.233333333333
2016-04-28 11:50:00,756.216666666667
2016-04-28 12:00:00,756.2
2016-04-28 12:10:00,756.25
2016-04-28 12:20:00,756.2999999999998
2016-04-28 12:30:00,756.35
2016-04-28 12:40:00,756.4
2016-04-28 12:50:00,756.45
2016-04-28 13:00:00,756.5
2016-04-28 13:10:00,756.475
2016-04-28 13:20:00,756.45
2016-04-28 13:30:00,756.4249999999998
2016-04-28 13:40:00,756.4
2016-04-28 13:50:00,756.375
2016-04-28 14:00:00,756.35
2016-04-28 14:10:00,756.325
2016-04-28 14:20:00,756.2999999999998
2016-04-28 14:30:00,756.275
2016-04-28 14:40:00,756.25
2016-04-28 14:50:00,756.225
2016-04-28 15:00:00,756.2
2016-04-28 15:10:00,756.233333333333
2016-04-28 15:20:00,756.266666666667
2016-04-28 15:30:00,756.2999999999998
2016-04-28 15:40:00,756.3333333333329
2016-04-28 15:50:00,756.366666666667
2016-04-28 16:00:00,756.4
2016-04-28 16:10:00,756.35
2016-04-28 16:20:00,756.2999999999998
2016-04-28 16:30:00,756.25
2016-04-28 16:40:00,756.2
2016-04-28 16:50:00,756.15
2016-04-28 17:00:00,756.1
2016-04-28 17:10:00,756.1
2016-04-28 17:20:00,756.1
2016-04-28 17:30:00,756.1
2016-04-28 17:40:00,756.1
2016-04-28 17:50:00,756.1
2016-04-28 18:00:00,756.1
2016-04-28 18:10:00,756.116666666667
2016-04-28 18:20:00,756.1333333333331
2016-04-28 18:30:00,756.15
2016-04-28 18:40:00,756.1666666666669
2016-04-28 18:50:00,756.1833333333329
2016-04-28 19:00:00,756.2
2016-04-28 19:10:00,756.2
2016-04-28 19:20:00,756.2
2016-04-28 19:30:00,756.2
2016-04-28 19:40:00,756.2
2016-04-28 19:50:00,756.2
2016-04-28 20:00:00,756.2
2016-04-28 20:10:00,756.2
2016-04-28 20:20:00,756.2
2016-04-28 20:30:00,756.2
2016-04-28 20:40:00,756.2
2016-04-28 20:50:00,756.2
2016-04-28 21:00:00,756.2
2016-04-28 21:10:00,756.2
2016-04-28 21:20:00,756.2
2016-04-28 21:30:00,756.2
2016-04-28 21:40:00,756.2
2016-04-28 21:50:00,756.2
2016-04-28 22:00:00,756.2
2016-04-28 22:10:00,756.1833333333329
2016-04-28 22:20:00,756.1666666666669
2016-04-28 22:30:00,756.15
2016-04-28 22:40:00,756.1333333333331
2016-04-28 22:50:00,756.116666666667
2016-04-28 23:00:00,756.1
2016-04-28 23:10:00,756.055555555556
2016-04-28 23:20:00,756.0111111111108
2016-04-28 23:30:00,755.966666666667
2016-04-28 23:40:00,755.9222222222221
2016-04-28 23:50:00,755.877777777778
2016-04-29 00:00:00,755.8333333333329
2016-04-29 00:10:00,755.788888888889
2016-04-29 00:20:00,755.7444444444438
2016-04-29 00:30:00,755.7
2016-04-29 00:40:00,755.655555555556
2016-04-29 00:50:00,755.6111111111109
2016-04-29 01:00:00,755.5666666666668
2016-04-29 01:10:00,755.5222222222221
2016-04-29 01:20:00,755.4777777777781
2016-04-29 01:30:00,755.4333333333329
2016-04-29 01:40:00,755.3888888888889
2016-04-29 01:50:00,755.3444444444439
2016-04-29 02:00:00,755.2999999999998
2016-04-29 02:10:00,755.233333333333
2016-04-29 02:20:00,755.1666666666669
2016-04-29 02:30:00,755.1
2016-04-29 02:40:00,755.033333333333
2016-04-29 02:50:00,754.966666666667
2016-04-29 03:00:00,754.9
2016-04-29 03:10:00,754.85
2016-04-29 03:20:00,754.7999999999998
2016-04-29 03:30:00,754.75
2016-04-29 03:40:00,754.7
2016-04-29 03:50:00,754.65
2016-04-29 04:00:00,754.6
2016-04-29 04:10:00,754.575
2016-04-29 04:20:00,754.5499999999998
2016-04-29 04:30:00,754.525
2016-04-29 04:40:00,754.5
2016-04-29 04:50:00,754.475
2016-04-29 05:00:00,754.45
2016-04-29 05:10:00,754.4249999999998
2016-04-29 05:20:00,754.4
2016-04-29 05:30:00,754.375
2016-04-29 05:40:00,754.35
2016-04-29 05:50:00,754.325
2016-04-29 06:00:00,754.2999999999998
2016-04-29 06:10:00,754.283333333333
2016-04-29 06:20:00,754.266666666667
2016-04-29 06:30:00,754.25
2016-04-29 06:40:00,754.233333333333
2016-04-29 06:50:00,754.216666666667
2016-04-29 07:00:00,754.2
2016-04-29 07:10:00,754.216666666667
2016-04-29 07:20:00,754.233333333333
2016-04-29 07:30:00,754.25
2016-04-29 07:40:00,754.266666666667
2016-04-29 07:50:00,754.283333333333
2016-04-29 08:00:00,754.2999999999998
2016-04-29 08:10:00,754.35
2016-04-29 08:20:00,754.4
2016-04-29 08:30:00,754.45
2016-04-29 08:40:00,754.5
2016-04-29 08:50:00,754.5499999999998
2016-04-29 09:00:00,754.6
2016-04-29 09:10:00,754.616666666667
2016-04-29 09:20:00,754.6333333333331
2016-04-29 09:30:00,754.65
2016-04-29 09:40:00,754.6666666666669
2016-04-29 09:50:00,754.6833333333329
2016-04-29 10:00:00,754.7
2016-04-29 10:10:00,754.766666666667
2016-04-29 10:20:00,754.8333333333329
2016-04-29 10:30:00,754.9
2016-04-29 10:40:00,754.966666666667
2016-04-29 10:50:00,755.033333333333
2016-04-29 11:00:00,755.1
2016-04-29 11:10:00,755.1333333333331
2016-04-29 11:20:00,755.1666666666669
2016-04-29 11:30:00,755.2
2016-04-29 11:40:00,755.233333333333
2016-04-29 11:50:00,755.266666666667
2016-04-29 12:00:00,755.2999999999998
2016-04-29 12:10:00,755.266666666667
2016-04-29 12:20:00,755.233333333333
2016-04-29 12:30:00,755.2
2016-04-29 12:40:00,755.1666666666669
2016-04-29 12:50:00,755.1333333333331
2016-04-29 13:00:00,755.1
2016-04-29 13:10:00,755.15
2016-04-29 13:20:00,755.2
2016-04-29 13:30:00,755.25
2016-04-29 13:40:00,755.2999999999998
2016-04-29 13:50:00,755.35
2016-04-29 14:00:00,755.4
2016-04-29 14:10:00,755.466666666667
2016-04-29 14:20:00,755.533333333333
2016-04-29 14:30:00,755.6
2016-04-29 14:40:00,755.6666666666669
2016-04-29 14:50:00,755.733333333333
2016-04-29 15:00:00,755.7999999999998
2016-04-29 15:10:00,755.8166666666668
2016-04-29 15:20:00,755.8333333333329
2016-04-29 15:30:00,755.85
2016-04-29 15:40:00,755.866666666667
2016-04-29 15:50:00,755.8833333333331
2016-04-29 16:00:00,755.9
2016-04-29 16:10:00,755.866666666667
2016-04-29 16:20:00,755.8333333333329
2016-04-29 16:30:00,755.7999999999998
2016-04-29 16:40:00,755.766666666667
2016-04-29 16:50:00,755.733333333333
2016-04-29 17:00:00,755.7
2016-04-29 17:10:00,755.6666666666669
2016-04-29 17:20:00,755.6333333333331
2016-04-29 17:30:00,755.6
2016-04-29 17:40:00,755.5666666666668
2016-04-29 17:50:00,755.533333333333
2016-04-29 18:00:00,755.5
2016-04-29 18:10:00,755.5
2016-04-29 18:20:00,755.5
2016-04-29 18:30:00,755.5
2016-04-29 18:40:00,755.5
2016-04-29 18:50:00,755.5
2016-04-29 19:00:00,755.5
2016-04-29 19:10:00,755.5
2016-04-29 19:20:00,755.5
2016-04-29 19:30:00,755.5
2016-04-29 19:40:00,755.5
2016-04-29 19:50:00,755.5
2016-04-29 20:00:00,755.5
2016-04-29 20:10:00,755.5499999999998
2016-04-29 20:20:00,755.6
2016-04-29 20:30:00,755.65
2016-04-29 20:40:00,755.7
2016-04-29 20:50:00,755.75
2016-04-29 21:00:00,755.7999999999998
2016-04-29 21:10:00,755.8833333333331
2016-04-29 21:20:00,755.966666666667
2016-04-29 21:30:00,756.0499999999998
2016-04-29 21:40:00,756.1333333333331
2016-04-29 21:50:00,756.216666666667
2016-04-29 22:00:00,756.2999999999998
2016-04-29 22:10:00,756.2999999999998
2016-04-29 22:20:00,756.2999999999998
2016-04-29 22:30:00,756.2999999999998
2016-04-29 22:40:00,756.2999999999998
2016-04-29 22:50:00,756.2999999999998
2016-04-29 23:00:00,756.2999999999998
2016-04-29 23:10:00,756.3166666666668
2016-04-29 23:20:00,756.3333333333329
2016-04-29 23:30:00,756.35
2016-04-29 23:40:00,756.366666666667
2016-04-29 23:50:00,756.3833333333331
2016-04-30 00:00:00,756.4
2016-04-30 00:10:00,756.4333333333329
2016-04-30 00:20:00,756.466666666667
2016-04-30 00:30:00,756.5
2016-04-30 00:40:00,756.533333333333
2016-04-30 00:50:00,756.5666666666668
2016-04-30 01:00:00,756.6
2016-04-30 01:10:00,756.65
2016-04-30 01:20:00,756.7
2016-04-30 01:30:00,756.75
2016-04-30 01:40:00,756.7999999999998
2016-04-30 01:50:00,756.85
2016-04-30 02:00:00,756.9
2016-04-30 02:10:00,756.9
2016-04-30 02:20:00,756.9
2016-04-30 02:30:00,756.9
2016-04-30 02:40:00,756.9
2016-04-30 02:50:00,756.9
2016-04-30 03:00:00,756.9
2016-04-30 03:10:00,756.9166666666669
2016-04-30 03:20:00,756.9333333333329
2016-04-30 03:30:00,756.95
2016-04-30 03:40:00,756.966666666667
2016-04-30 03:50:00,756.983333333333
2016-04-30 04:00:00,757.0
2016-04-30 04:10:00,757.033333333333
2016-04-30 04:20:00,757.0666666666668
2016-04-30 04:30:00,757.1
2016-04-30 04:40:00,757.1333333333331
2016-04-30 04:50:00,757.1666666666669
2016-04-30 05:00:00,757.2
2016-04-30 05:10:00,757.216666666667
2016-04-30 05:20:00,757.233333333333
2016-04-30 05:30:00,757.25
2016-04-30 05:40:00,757.266666666667
2016-04-30 05:50:00,757.283333333333
2016-04-30 06:00:00,757.2999999999998
2016-04-30 06:10:00,757.35
2016-04-30 06:20:00,757.4
2016-04-30 06:30:00,757.45
2016-04-30 06:40:00,757.5
2016-04-30 06:50:00,757.5499999999998
2016-04-30 07:00:00,757.6
2016-04-30 07:10:00,757.6833333333329
2016-04-30 07:20:00,757.766666666667
2016-04-30 07:30:00,757.85
2016-04-30 07:40:00,757.9333333333329
2016-04-30 07:50:00,758.016666666667
2016-04-30 08:00:00,758.1
2016-04-30 08:10:00,758.1666666666669
2016-04-30 08:20:00,758.233333333333
2016-04-30 08:30:00,758.2999999999998
2016-04-30 08:40:00,758.366666666667
2016-04-30 08:50:00,758.4333333333329
2016-04-30 09:00:00,758.5
2016-04-30 09:10:00,758.5499999999998
2016-04-30 09:20:00,758.6
2016-04-30 09:30:00,758.65
2016-04-30 09:40:00,758.7
2016-04-30 09:50:00,758.75
2016-04-30 10:00:00,758.7999999999998
2016-04-30 10:10:00,758.85
2016-04-30 10:20:00,758.9
2016-04-30 10:30:00,758.95
2016-04-30 10:40:00,759.0
2016-04-30 10:50:00,759.0499999999998
2016-04-30 11:00:00,759.1
2016-04-30 11:10:00,759.116666666667
2016-04-30 11:20:00,759.1333333333331
2016-04-30 11:30:00,759.15
2016-04-30 11:40:00,759.1666666666669
2016-04-30 11:50:00,759.1833333333329
2016-04-30 12:00:00,759.2
2016-04-30 12:10:00,759.233333333333
2016-04-30 12:20:00,759.266666666667
2016-04-30 12:30:00,759.2999999999998
2016-04-30 12:40:00,759.3333333333329
2016-04-30 12:50:00,759.366666666667
2016-04-30 13:00:00,759.4
2016-04-30 13:10:00,759.4
2016-04-30 13:20:00,759.4
2016-04-30 13:30:00,759.4
2016-04-30 13:40:00,759.4
2016-04-30 13:50:00,759.4
2016-04-30 14:00:00,759.4
2016-04-30 14:10:00,759.4333333333329
2016-04-30 14:20:00,759.466666666667
2016-04-30 14:30:00,759.5
2016-04-30 14:40:00,759.533333333333
2016-04-30 14:50:00,759.5666666666668
2016-04-30 15:00:00,759.6
2016-04-30 15:10:00,759.65
2016-04-30 15:20:00,759.7
2016-04-30 15:30:00,759.75
2016-04-30 15:40:00,759.7999999999998
2016-04-30 15:50:00,759.85
2016-04-30 16:00:00,759.9
2016-04-30 16:10:00,759.9166666666669
2016-04-30 16:20:00,759.9333333333329
2016-04-30 16:30:00,759.95
2016-04-30 16:40:00,759.966666666667
2016-04-30 16:50:00,759.983333333333
2016-04-30 17:00:00,760.0
2016-04-30 17:10:00,760.1
2016-04-30 17:20:00,760.2
2016-04-30 17:30:00,760.2999999999998
2016-04-30 17:40:00,760.4
2016-04-30 17:50:00,760.5
2016-04-30 18:00:00,760.6
2016-04-30 18:10:00,760.6666666666669
2016-04-30 18:20:00,760.733333333333
2016-04-30 18:30:00,760.7999999999998
2016-04-30 18:40:00,760.866666666667
2016-04-30 18:50:00,760.9333333333329
2016-04-30 19:00:00,761.0
2016-04-30 19:10:00,761.0833333333329
2016-04-30 19:20:00,761.1666666666669
2016-04-30 19:30:00,761.25
2016-04-30 19:40:00,761.3333333333329
2016-04-30 19:50:00,761.4166666666669
2016-04-30 20:00:00,761.5
2016-04-30 20:10:00,761.6
2016-04-30 20:20:00,761.7
2016-04-30 20:30:00,761.7999999999998
2016-04-30 20:40:00,761.9
2016-04-30 20:50:00,762.0
2016-04-30 21:00:00,762.1
2016-04-30 21:10:00,762.1833333333329
2016-04-30 21:20:00,762.266666666667
2016-04-30 21:30:00,762.35
2016-04-30 21:40:00,762.4333333333329
2016-04-30 21:50:00,762.516666666667
2016-04-30 22:00:00,762.6
2016-04-30 22:10:00,762.716666666667
2016-04-30 22:20:00,762.8333333333329
2016-04-30 22:30:00,762.95
2016-04-30 22:40:00,763.0666666666668
2016-04-30 22:50:00,763.1833333333329
2016-04-30 23:00:00,763.2999999999998
2016-04-30 23:10:00,763.366666666667
2016-04-30 23:20:00,763.4333333333329
2016-04-30 23:30:00,763.5
2016-04-30 23:40:00,763.5666666666668
2016-04-30 23:50:00,763.6333333333331
2016-05-01 00:00:00,763.7
2016-05-01 00:10:00,763.716666666667
2016-05-01 00:20:00,763.733333333333
2016-05-01 00:30:00,763.75
2016-05-01 00:40:00,763.766666666667
2016-05-01 00:50:00,763.783333333333
2016-05-01 01:00:00,763.7999999999998
2016-05-01 01:10:00,763.85
2016-05-01 01:20:00,763.9
2016-05-01 01:30:00,763.95
2016-05-01 01:40:00,764.0
2016-05-01 01:50:00,764.0499999999998
2016-05-01 02:00:00,764.1
2016-05-01 02:10:00,764.0833333333329
2016-05-01 02:20:00,764.0666666666668
2016-05-01 02:30:00,764.0499999999998
2016-05-01 02:40:00,764.033333333333
2016-05-01 02:50:00,764.016666666667
2016-05-01 03:00:00,764.0
2016-05-01 03:10:00,764.0499999999998
2016-05-01 03:20:00,764.1
2016-05-01 03:30:00,764.15
2016-05-01 03:40:00,764.2
2016-05-01 03:50:00,764.25
2016-05-01 04:00:00,764.2999999999998
2016-05-01 04:10:00,764.3333333333329
2016-05-01 04:20:00,764.366666666667
2016-05-01 04:30:00,764.4
2016-05-01 04:40:00,764.4333333333329
2016-05-01 04:50:00,764.466666666667
2016-05-01 05:00:00,764.5
2016-05-01 05:10:00,764.5499999999998
2016-05-01 05:20:00,764.6
2016-05-01 05:30:00,764.65
2016-05-01 05:40:00,764.7
2016-05-01 05:50:00,764.75
2016-05-01 06:00:00,764.7999999999998
2016-05-01 06:10:00,764.8833333333331
2016-05-01 06:20:00,764.966666666667
2016-05-01 06:30:00,765.0499999999998
2016-05-01 06:40:00,765.1333333333331
2016-05-01 06:50:00,765.216666666667
2016-05-01 07:00:00,765.2999999999998
2016-05-01 07:10:00,765.35
2016-05-01 07:20:00,765.4
2016-05-01 07:30:00,765.45
2016-05-01 07:40:00,765.5
2016-05-01 07:50:00,765.5499999999998
2016-05-01 08:00:00,765.6
2016-05-01 08:10:00,765.65
2016-05-01 08:20:00,765.7
2016-05-01 08:30:00,765.75
2016-05-01 08:40:00,765.7999999999998
2016-05-01 08:50:00,765.85
2016-05-01 09:00:00,765.9
2016-05-01 09:10:00,765.9166666666669
2016-05-01 09:20:00,765.9333333333329
2016-05-01 09:30:00,765.95
2016-05-01 09:40:00,765.966666666667
2016-05-01 09:50:00,765.983333333333
2016-05-01 10:00:00,766.0
2016-05-01 10:10:00,766.0
2016-05-01 10:20:00,766.0
2016-05-01 10:30:00,766.0
2016-05-01 10:40:00,766.0
2016-05-01 10:50:00,766.0
2016-05-01 11:00:00,766.0
2016-05-01 11:10:00,766.0
2016-05-01 11:20:00,766.0
2016-05-01 11:30:00,766.0
2016-05-01 11:40:00,766.0
2016-05-01 11:50:00,766.0
2016-05-01 12:00:00,766.0
2016-05-01 12:10:00,765.966666666667
2016-05-01 12:20:00,765.9333333333329
2016-05-01 12:30:00,765.9
2016-05-01 12:40:00,765.866666666667
2016-05-01 12:50:00,765.8333333333329
2016-05-01 13:00:00,765.7999999999998
2016-05-01 13:10:00,765.75
2016-05-01 13:20:00,765.7
2016-05-01 13:30:00,765.65
2016-05-01 13:40:00,765.6
2016-05-01 13:50:00,765.5499999999998
2016-05-01 14:00:00,765.5
2016-05-01 14:10:00,765.466666666667
2016-05-01 14:20:00,765.4333333333329
2016-05-01 14:30:00,765.4
2016-05-01 14:40:00,765.366666666667
2016-05-01 14:50:00,765.3333333333329
2016-05-01 15:00:00,765.2999999999998
2016-05-01 15:10:00,765.2999999999998
2016-05-01 15:20:00,765.2999999999998
2016-05-01 15:30:00,765.2999999999998
2016-05-01 15:40:00,765.2999999999998
2016-05-01 15:50:00,765.2999999999998
2016-05-01 16:00:00,765.2999999999998
2016-05-01 16:10:00,765.3166666666668
2016-05-01 16:20:00,765.3333333333329
2016-05-01 16:30:00,765.35
2016-05-01 16:40:00,765.366666666667
2016-05-01 16:50:00,765.3833333333331
2016-05-01 17:00:00,765.4
2016-05-01 17:10:00,765.4166666666669
2016-05-01 17:20:00,765.4333333333329
2016-05-01 17:30:00,765.45
2016-05-01 17:40:00,765.466666666667
2016-05-01 17:50:00,765.483333333333
2016-05-01 18:00:00,765.5
2016-05-01 18:10:00,765.5
2016-05-01 18:20:00,765.5
2016-05-01 18:30:00,765.5
2016-05-01 18:40:00,765.5
2016-05-01 18:50:00,765.5
2016-05-01 19:00:00,765.5
2016-05-01 19:10:00,765.516666666667
2016-05-01 19:20:00,765.533333333333
2016-05-01 19:30:00,765.5499999999998
2016-05-01 19:40:00,765.5666666666668
2016-05-01 19:50:00,765.5833333333329
2016-05-01 20:00:00,765.6
2016-05-01 20:10:00,765.65
2016-05-01 20:20:00,765.7
2016-05-01 20:30:00,765.75
2016-05-01 20:40:00,765.7999999999998
2016-05-01 20:50:00,765.85
2016-05-01 21:00:00,765.9
2016-05-01 21:10:00,765.9166666666669
2016-05-01 21:20:00,765.9333333333329
2016-05-01 21:30:00,765.95
2016-05-01 21:40:00,765.966666666667
2016-05-01 21:50:00,765.983333333333
2016-05-01 22:00:00,766.0
2016-05-01 22:10:00,766.0
2016-05-01 22:20:00,766.0
2016-05-01 22:30:00,766.0
2016-05-01 22:40:00,766.0
2016-05-01 22:50:00,766.0
2016-05-01 23:00:00,766.0
2016-05-01 23:10:00,766.0
2016-05-01 23:20:00,766.0
2016-05-01 23:30:00,766.0
2016-05-01 23:40:00,766.0
2016-05-01 23:50:00,766.0
2016-05-02 00:00:00,766.0
2016-05-02 00:10:00,766.0
2016-05-02 00:20:00,766.0
2016-05-02 00:30:00,766.0
2016-05-02 00:40:00,766.0
2016-05-02 00:50:00,766.0
2016-05-02 01:00:00,766.0
2016-05-02 01:10:00,765.9333333333329
2016-05-02 01:20:00,765.866666666667
2016-05-02 01:30:00,765.7999999999998
2016-05-02 01:40:00,765.733333333333
2016-05-02 01:50:00,765.6666666666669
2016-05-02 02:00:00,765.6
2016-05-02 02:10:00,765.5833333333329
2016-05-02 02:20:00,765.5666666666668
2016-05-02 02:30:00,765.5499999999998
2016-05-02 02:40:00,765.533333333333
2016-05-02 02:50:00,765.516666666667
2016-05-02 03:00:00,765.5
2016-05-02 03:10:00,765.483333333333
2016-05-02 03:20:00,765.466666666667
2016-05-02 03:30:00,765.45
2016-05-02 03:40:00,765.4333333333329
2016-05-02 03:50:00,765.4166666666669
2016-05-02 04:00:00,765.4
2016-05-02 04:10:00,765.35
2016-05-02 04:20:00,765.2999999999998
2016-05-02 04:30:00,765.25
2016-05-02 04:40:00,765.2
2016-05-02 04:50:00,765.15
2016-05-02 05:00:00,765.1
2016-05-02 05:10:00,765.0666666666668
2016-05-02 05:20:00,765.033333333333
2016-05-02 05:30:00,765.0
2016-05-02 05:40:00,764.966666666667
2016-05-02 05:50:00,764.9333333333329
2016-05-02 06:00:00,764.9
2016-05-02 06:10:00,764.8333333333329
2016-05-02 06:20:00,764.766666666667
2016-05-02 06:30:00,764.7
2016-05-02 06:40:00,764.6333333333331
2016-05-02 06:50:00,764.5666666666668
2016-05-02 07:00:00,764.5
2016-05-02 07:10:00,764.5
2016-05-02 07:20:00,764.5
2016-05-02 07:30:00,764.5
2016-05-02 07:40:00,764.5
2016-05-02 07:50:00,764.5
2016-05-02 08:00:00,764.5
2016-05-02 08:10:00,764.483333333333
2016-05-02 08:20:00,764.466666666667
2016-05-02 08:30:00,764.45
2016-05-02 08:40:00,764.4333333333329
2016-05-02 08:50:00,764.4166666666669
2016-05-02 09:00:00,764.4
2016-05-02 09:10:00,764.35
2016-05-02 09:20:00,764.2999999999998
2016-05-02 09:30:00,764.25
2016-05-02 09:40:00,764.2
2016-05-02 09:50:00,764.15
2016-05-02 10:00:00,764.1
2016-05-02 10:10:00,764.0583333333329
2016-05-02 10:20:00,764.016666666667
2016-05-02 10:30:00,763.975
2016-05-02 10:40:00,763.9333333333329
2016-05-02 10:50:00,763.891666666667
2016-05-02 11:00:00,763.85
2016-05-02 11:10:00,763.8083333333329
2016-05-02 11:20:00,763.766666666667
2016-05-02 11:30:00,763.725
2016-05-02 11:40:00,763.6833333333329
2016-05-02 11:50:00,763.641666666667
2016-05-02 12:00:00,763.6
2016-05-02 12:10:00,763.516666666667
2016-05-02 12:20:00,763.4333333333329
2016-05-02 12:30:00,763.35
2016-05-02 12:40:00,763.266666666667
2016-05-02 12:50:00,763.1833333333329
2016-05-02 13:00:00,763.1
2016-05-02 13:10:00,763.016666666667
2016-05-02 13:20:00,762.9333333333329
2016-05-02 13:30:00,762.85
2016-05-02 13:40:00,762.766666666667
2016-05-02 13:50:00,762.6833333333329
2016-05-02 14:00:00,762.6
2016-05-02 14:10:00,762.516666666667
2016-05-02 14:20:00,762.4333333333329
2016-05-02 14:30:00,762.35
2016-05-02 14:40:00,762.266666666667
2016-05-02 14:50:00,762.1833333333329
2016-05-02 15:00:00,762.1
2016-05-02 15:10:00,762.0499999999998
2016-05-02 15:20:00,762.0
2016-05-02 15:30:00,761.95
2016-05-02 15:40:00,761.9
2016-05-02 15:50:00,761.85
2016-05-02 16:00:00,761.7999999999998
2016-05-02 16:10:00,761.7
2016-05-02 16:20:00,761.6
2016-05-02 16:30:00,761.5
2016-05-02 16:40:00,761.4
2016-05-02 16:50:00,761.2999999999998
2016-05-02 17:00:00,761.2
2016-05-02 17:10:00,761.15
2016-05-02 17:20:00,761.1
2016-05-02 17:30:00,761.0499999999998
2016-05-02 17:40:00,761.0
2016-05-02 17:50:00,760.95
2016-05-02 18:00:00,760.9
2016-05-02 18:10:00,760.85
2016-05-02 18:20:00,760.7999999999998
2016-05-02 18:30:00,760.75
2016-05-02 18:40:00,760.7
2016-05-02 18:50:00,760.65
2016-05-02 19:00:00,760.6
2016-05-02 19:10:00,760.5666666666668
2016-05-02 19:20:00,760.533333333333
2016-05-02 19:30:00,760.5
2016-05-02 19:40:00,760.466666666667
2016-05-02 19:50:00,760.4333333333329
2016-05-02 20:00:00,760.4
2016-05-02 20:10:00,760.4333333333329
2016-05-02 20:20:00,760.466666666667
2016-05-02 20:30:00,760.5
2016-05-02 20:40:00,760.533333333333
2016-05-02 20:50:00,760.5666666666668
2016-05-02 21:00:00,760.6
2016-05-02 21:10:00,760.6
2016-05-02 21:20:00,760.6
2016-05-02 21:30:00,760.6
2016-05-02 21:40:00,760.6
2016-05-02 21:50:00,760.6
2016-05-02 22:00:00,760.6
2016-05-02 22:10:00,760.5499999999998
2016-05-02 22:20:00,760.5
2016-05-02 22:30:00,760.45
2016-05-02 22:40:00,760.4
2016-05-02 22:50:00,760.35
2016-05-02 23:00:00,760.2999999999998
2016-05-02 23:10:00,760.25
2016-05-02 23:20:00,760.2
2016-05-02 23:30:00,760.15
2016-05-02 23:40:00,760.1
2016-05-02 23:50:00,760.0499999999998
2016-05-03 00:00:00,760.0
2016-05-03 00:10:00,760.0
2016-05-03 00:20:00,760.0
2016-05-03 00:30:00,760.0
2016-05-03 00:40:00,760.0
2016-05-03 00:50:00,760.0
2016-05-03 01:00:00,760.0
2016-05-03 01:10:00,760.0
2016-05-03 01:20:00,760.0
2016-05-03 01:30:00,760.0
2016-05-03 01:40:00,760.0
2016-05-03 01:50:00,760.0
2016-05-03 02:00:00,760.0
2016-05-03 02:10:00,760.0
2016-05-03 02:20:00,760.0
2016-05-03 02:30:00,760.0
2016-05-03 02:40:00,760.0
2016-05-03 02:50:00,760.0
2016-05-03 03:00:00,760.0
2016-05-03 03:10:00,760.0666666666668
2016-05-03 03:20:00,760.1333333333331
2016-05-03 03:30:00,760.2
2016-05-03 03:40:00,760.266666666667
2016-05-03 03:50:00,760.3333333333329
2016-05-03 04:00:00,760.4
2016-05-03 04:10:00,760.45
2016-05-03 04:20:00,760.5
2016-05-03 04:30:00,760.5499999999998
2016-05-03 04:40:00,760.6
2016-05-03 04:50:00,760.65
2016-05-03 05:00:00,760.7
2016-05-03 05:10:00,760.75
2016-05-03 05:20:00,760.7999999999998
2016-05-03 05:30:00,760.85
2016-05-03 05:40:00,760.9
2016-05-03 05:50:00,760.95
2016-05-03 06:00:00,761.0
2016-05-03 06:10:00,761.0833333333329
2016-05-03 06:20:00,761.1666666666669
2016-05-03 06:30:00,761.25
2016-05-03 06:40:00,761.3333333333329
2016-05-03 06:50:00,761.4166666666669
2016-05-03 07:00:00,761.5
2016-05-03 07:10:00,761.6
2016-05-03 07:20:00,761.7
2016-05-03 07:30:00,761.7999999999998
2016-05-03 07:40:00,761.9
2016-05-03 07:50:00,762.0
2016-05-03 08:00:00,762.1
2016-05-03 08:10:00,762.1833333333329
2016-05-03 08:20:00,762.266666666667
2016-05-03 08:30:00,762.35
2016-05-03 08:40:00,762.4333333333329
2016-05-03 08:50:00,762.516666666667
2016-05-03 09:00:00,762.6
2016-05-03 09:10:00,762.7
2016-05-03 09:20:00,762.7999999999998
2016-05-03 09:30:00,762.9
2016-05-03 09:40:00,763.0
2016-05-03 09:50:00,763.1
2016-05-03 10:00:00,763.2
2016-05-03 10:10:00,763.266666666667
2016-05-03 10:20:00,763.3333333333329
2016-05-03 10:30:00,763.4
2016-05-03 10:40:00,763.466666666667
2016-05-03 10:50:00,763.533333333333
2016-05-03 11:00:00,763.6
2016-05-03 11:10:00,763.65
2016-05-03 11:20:00,763.7
2016-05-03 11:30:00,763.75
2016-05-03 11:40:00,763.7999999999998
2016-05-03 11:50:00,763.85
2016-05-03 12:00:00,763.9
2016-05-03 12:10:00,763.9333333333329
2016-05-03 12:20:00,763.966666666667
2016-05-03 12:30:00,764.0
2016-05-03 12:40:00,764.033333333333
2016-05-03 12:50:00,764.0666666666668
2016-05-03 13:00:00,764.1
2016-05-03 13:10:00,764.1333333333331
2016-05-03 13:20:00,764.1666666666669
2016-05-03 13:30:00,764.2
2016-05-03 13:40:00,764.233333333333
2016-05-03 13:50:00,764.266666666667
2016-05-03 14:00:00,764.2999999999998
2016-05-03 14:10:00,764.3166666666668
2016-05-03 14:20:00,764.3333333333329
2016-05-03 14:30:00,764.35
2016-05-03 14:40:00,764.366666666667
2016-05-03 14:50:00,764.3833333333331
2016-05-03 15:00:00,764.4
2016-05-03 15:10:00,764.4
2016-05-03 15:20:00,764.4
2016-05-03 15:30:00,764.4
2016-05-03 15:40:00,764.4
2016-05-03 15:50:00,764.4
2016-05-03 16:00:00,764.4
2016-05-03 16:10:00,764.4166666666669
2016-05-03 16:20:00,764.4333333333329
2016-05-03 16:30:00,764.45
2016-05-03 16:40:00,764.466666666667
2016-05-03 16:50:00,764.483333333333
2016-05-03 17:00:00,764.5
2016-05-03 17:10:00,764.5
2016-05-03 17:20:00,764.5
2016-05-03 17:30:00,764.5
2016-05-03 17:40:00,764.5
2016-05-03 17:50:00,764.5
2016-05-03 18:00:00,764.5
2016-05-03 18:10:00,764.5666666666668
2016-05-03 18:20:00,764.6333333333331
2016-05-03 18:30:00,764.7
2016-05-03 18:40:00,764.766666666667
2016-05-03 18:50:00,764.8333333333329
2016-05-03 19:00:00,764.9
2016-05-03 19:10:00,764.95
2016-05-03 19:20:00,765.0
2016-05-03 19:30:00,765.0499999999998
2016-05-03 19:40:00,765.1
2016-05-03 19:50:00,765.15
2016-05-03 20:00:00,765.2
2016-05-03 20:10:00,765.233333333333
2016-05-03 20:20:00,765.266666666667
2016-05-03 20:30:00,765.2999999999998
2016-05-03 20:40:00,765.3333333333329
2016-05-03 20:50:00,765.366666666667
2016-05-03 21:00:00,765.4
2016-05-03 21:10:00,765.483333333333
2016-05-03 21:20:00,765.5666666666668
2016-05-03 21:30:00,765.65
2016-05-03 21:40:00,765.733333333333
2016-05-03 21:50:00,765.8166666666668
2016-05-03 22:00:00,765.9
2016-05-03 22:10:00,765.95
2016-05-03 22:20:00,766.0
2016-05-03 22:30:00,766.0499999999998
2016-05-03 22:40:00,766.1
2016-05-03 22:50:00,766.15
2016-05-03 23:00:00,766.2
2016-05-03 23:10:00,766.216666666667
2016-05-03 23:20:00,766.233333333333
2016-05-03 23:30:00,766.25
2016-05-03 23:40:00,766.266666666667
2016-05-03 23:50:00,766.283333333333
2016-05-04 00:00:00,766.2999999999998
2016-05-04 00:10:00,766.35
2016-05-04 00:20:00,766.4
2016-05-04 00:30:00,766.45
2016-05-04 00:40:00,766.5
2016-05-04 00:50:00,766.5499999999998
2016-05-04 01:00:00,766.6
2016-05-04 01:10:00,766.6
2016-05-04 01:20:00,766.6
2016-05-04 01:30:00,766.6
2016-05-04 01:40:00,766.6
2016-05-04 01:50:00,766.6
2016-05-04 02:00:00,766.6
2016-05-04 02:10:00,766.6
2016-05-04 02:20:00,766.6
2016-05-04 02:30:00,766.6
2016-05-04 02:40:00,766.6
2016-05-04 02:50:00,766.6
2016-05-04 03:00:00,766.6
2016-05-04 03:10:00,766.616666666667
2016-05-04 03:20:00,766.6333333333331
2016-05-04 03:30:00,766.65
2016-05-04 03:40:00,766.6666666666669
2016-05-04 03:50:00,766.6833333333329
2016-05-04 04:00:00,766.7
2016-05-04 04:10:00,766.6833333333329
2016-05-04 04:20:00,766.6666666666669
2016-05-04 04:30:00,766.65
2016-05-04 04:40:00,766.6333333333331
2016-05-04 04:50:00,766.616666666667
2016-05-04 05:00:00,766.6
2016-05-04 05:10:00,766.6
2016-05-04 05:20:00,766.6
2016-05-04 05:30:00,766.6
2016-05-04 05:40:00,766.6
2016-05-04 05:50:00,766.6
2016-05-04 06:00:00,766.6
2016-05-04 06:10:00,766.616666666667
2016-05-04 06:20:00,766.6333333333331
2016-05-04 06:30:00,766.65
2016-05-04 06:40:00,766.6666666666669
2016-05-04 06:50:00,766.6833333333329
2016-05-04 07:00:00,766.7
2016-05-04 07:10:00,766.7
2016-05-04 07:20:00,766.7
2016-05-04 07:30:00,766.7
2016-05-04 07:40:00,766.7
2016-05-04 07:50:00,766.7
2016-05-04 08:00:00,766.7
2016-05-04 08:10:00,766.733333333333
2016-05-04 08:20:00,766.766666666667
2016-05-04 08:30:00,766.7999999999998
2016-05-04 08:40:00,766.8333333333329
2016-05-04 08:50:00,766.866666666667
2016-05-04 09:00:00,766.9
2016-05-04 09:10:00,766.8833333333331
2016-05-04 09:20:00,766.866666666667
2016-05-04 09:30:00,766.85
2016-05-04 09:40:00,766.8333333333329
2016-05-04 09:50:00,766.8166666666668
2016-05-04 10:00:00,766.7999999999998
2016-05-04 10:10:00,766.8166666666668
2016-05-04 10:20:00,766.8333333333329
2016-05-04 10:30:00,766.85
2016-05-04 10:40:00,766.866666666667
2016-05-04 10:50:00,766.8833333333331
2016-05-04 11:00:00,766.9
2016-05-04 11:10:00,766.866666666667
2016-05-04 11:20:00,766.8333333333329
2016-05-04 11:30:00,766.7999999999998
2016-05-04 11:40:00,766.766666666667
2016-05-04 11:50:00,766.733333333333
2016-05-04 12:00:00,766.7
2016-05-04 12:10:00,766.6833333333329
2016-05-04 12:20:00,766.6666666666669
2016-05-04 12:30:00,766.65
2016-05-04 12:40:00,766.6333333333331
2016-05-04 12:50:00,766.616666666667
2016-05-04 13:00:00,766.6
2016-05-04 13:10:00,766.533333333333
2016-05-04 13:20:00,766.466666666667
2016-05-04 13:30:00,766.4
2016-05-04 13:40:00,766.3333333333329
2016-05-04 13:50:00,766.266666666667
2016-05-04 14:00:00,766.2
2016-05-04 14:10:00,766.15
2016-05-04 14:20:00,766.1
2016-05-04 14:30:00,766.0499999999998
2016-05-04 14:40:00,766.0
2016-05-04 14:50:00,765.95
2016-05-04 15:00:00,765.9
2016-05-04 15:10:00,765.85
2016-05-04 15:20:00,765.7999999999998
2016-05-04 15:30:00,765.75
2016-05-04 15:40:00,765.7
2016-05-04 15:50:00,765.65
2016-05-04 16:00:00,765.6
2016-05-04 16:10:00,765.533333333333
2016-05-04 16:20:00,765.466666666667
2016-05-04 16:30:00,765.4
2016-05-04 16:40:00,765.3333333333329
2016-05-04 16:50:00,765.266666666667
2016-05-04 17:00:00,765.2
2016-05-04 17:10:00,765.1333333333331
2016-05-04 17:20:00,765.0666666666668
2016-05-04 17:30:00,765.0
2016-05-04 17:40:00,764.9333333333329
2016-05-04 17:50:00,764.866666666667
2016-05-04 18:00:00,764.7999999999998
2016-05-04 18:10:00,764.75
2016-05-04 18:20:00,764.7
2016-05-04 18:30:00,764.65
2016-05-04 18:40:00,764.6
2016-05-04 18:50:00,764.5499999999998
2016-05-04 19:00:00,764.5
2016-05-04 19:10:00,764.466666666667
2016-05-04 19:20:00,764.4333333333329
2016-05-04 19:30:00,764.4
2016-05-04 19:40:00,764.366666666667
2016-05-04 19:50:00,764.3333333333329
2016-05-04 20:00:00,764.2999999999998
2016-05-04 20:10:00,764.283333333333
2016-05-04 20:20:00,764.266666666667
2016-05-04 20:30:00,764.25
2016-05-04 20:40:00,764.233333333333
2016-05-04 20:50:00,764.216666666667
2016-05-04 21:00:00,764.2
2016-05-04 21:10:00,764.216666666667
2016-05-04 21:20:00,764.233333333333
2016-05-04 21:30:00,764.25
2016-05-04 21:40:00,764.266666666667
2016-05-04 21:50:00,764.283333333333
2016-05-04 22:00:00,764.2999999999998
2016-05-04 22:10:00,764.3166666666668
2016-05-04 22:20:00,764.3333333333329
2016-05-04 22:30:00,764.35
2016-05-04 22:40:00,764.366666666667
2016-05-04 22:50:00,764.3833333333331
2016-05-04 23:00:00,764.4
2016-05-04 23:10:00,764.35
2016-05-04 23:20:00,764.2999999999998
2016-05-04 23:30:00,764.25
2016-05-04 23:40:00,764.2
2016-05-04 23:50:00,764.15
2016-05-05 00:00:00,764.1
2016-05-05 00:10:00,764.0833333333329
2016-05-05 00:20:00,764.0666666666668
2016-05-05 00:30:00,764.0499999999998
2016-05-05 00:40:00,764.033333333333
2016-05-05 00:50:00,764.016666666667
2016-05-05 01:00:00,764.0
2016-05-05 01:10:00,763.95
2016-05-05 01:20:00,763.9
2016-05-05 01:30:00,763.85
2016-05-05 01:40:00,763.7999999999998
2016-05-05 01:50:00,763.75
2016-05-05 02:00:00,763.7
2016-05-05 02:10:00,763.6833333333329
2016-05-05 02:20:00,763.6666666666669
2016-05-05 02:30:00,763.65
2016-05-05 02:40:00,763.6333333333331
2016-05-05 02:50:00,763.616666666667
2016-05-05 03:00:00,763.6
2016-05-05 03:10:00,763.5499999999998
2016-05-05 03:20:00,763.5
2016-05-05 03:30:00,763.45
2016-05-05 03:40:00,763.4
2016-05-05 03:50:00,763.35
2016-05-05 04:00:00,763.2999999999998
2016-05-05 04:10:00,763.2999999999998
2016-05-05 04:20:00,763.2999999999998
2016-05-05 04:30:00,763.2999999999998
2016-05-05 04:40:00,763.2999999999998
2016-05-05 04:50:00,763.2999999999998
2016-05-05 05:00:00,763.2999999999998
2016-05-05 05:10:00,763.2999999999998
2016-05-05 05:20:00,763.2999999999998
2016-05-05 05:30:00,763.2999999999998
2016-05-05 05:40:00,763.2999999999998
2016-05-05 05:50:00,763.2999999999998
2016-05-05 06:00:00,763.2999999999998
2016-05-05 06:10:00,763.283333333333
2016-05-05 06:20:00,763.266666666667
2016-05-05 06:30:00,763.25
2016-05-05 06:40:00,763.233333333333
2016-05-05 06:50:00,763.216666666667
2016-05-05 07:00:00,763.2
2016-05-05 07:10:00,763.1666666666669
2016-05-05 07:20:00,763.1333333333331
2016-05-05 07:30:00,763.1
2016-05-05 07:40:00,763.0666666666668
2016-05-05 07:50:00,763.033333333333
2016-05-05 08:00:00,763.0
2016-05-05 08:10:00,762.966666666667
2016-05-05 08:20:00,762.9333333333329
2016-05-05 08:30:00,762.9
2016-05-05 08:40:00,762.866666666667
2016-05-05 08:50:00,762.8333333333329
2016-05-05 09:00:00,762.7999999999998
2016-05-05 09:10:00,762.766666666667
2016-05-05 09:20:00,762.733333333333
2016-05-05 09:30:00,762.7
2016-05-05 09:40:00,762.6666666666669
2016-05-05 09:50:00,762.6333333333331
2016-05-05 10:00:00,762.6
2016-05-05 10:10:00,762.5499999999998
2016-05-05 10:20:00,762.5
2016-05-05 10:30:00,762.45
2016-05-05 10:40:00,762.4
2016-05-05 10:50:00,762.35
2016-05-05 11:00:00,762.2999999999998
2016-05-05 11:10:00,762.216666666667
2016-05-05 11:20:00,762.1333333333331
2016-05-05 11:30:00,762.0499999999998
2016-05-05 11:40:00,761.966666666667
2016-05-05 11:50:00,761.8833333333331
2016-05-05 12:00:00,761.7999999999998
2016-05-05 12:10:00,761.75
2016-05-05 12:20:00,761.7
2016-05-05 12:30:00,761.65
2016-05-05 12:40:00,761.6
2016-05-05 12:50:00,761.5499999999998
2016-05-05 13:00:00,761.5
2016-05-05 13:10:00,761.4333333333329
2016-05-05 13:20:00,761.366666666667
2016-05-05 13:30:00,761.2999999999998
2016-05-05 13:40:00,761.233333333333
2016-05-05 13:50:00,761.1666666666669
2016-05-05 14:00:00,761.1
2016-05-05 14:10:00,760.983333333333
2016-05-05 14:20:00,760.866666666667
2016-05-05 14:30:00,760.75
2016-05-05 14:40:00,760.6333333333331
2016-05-05 14:50:00,760.516666666667
2016-05-05 15:00:00,760.4
2016-05-05 15:10:00,760.3333333333329
2016-05-05 15:20:00,760.266666666667
2016-05-05 15:30:00,760.2
2016-05-05 15:40:00,760.1333333333331
2016-05-05 15:50:00,760.0666666666668
2016-05-05 16:00:00,760.0
2016-05-05 16:10:00,759.866666666667
2016-05-05 16:20:00,759.733333333333
2016-05-05 16:30:00,759.6
2016-05-05 16:40:00,759.466666666667
2016-05-05 16:50:00,759.3333333333329
2016-05-05 17:00:00,759.2
2016-05-05 17:10:00,759.1333333333331
2016-05-05 17:20:00,759.0666666666668
2016-05-05 17:30:00,759.0
2016-05-05 17:40:00,758.9333333333329
2016-05-05 17:50:00,758.866666666667
2016-05-05 18:00:00,758.7999999999998
2016-05-05 18:10:00,758.7
2016-05-05 18:20:00,758.6
2016-05-05 18:30:00,758.5
2016-05-05 18:40:00,758.4
2016-05-05 18:50:00,758.2999999999998
2016-05-05 19:00:00,758.2
2016-05-05 19:10:00,758.15
2016-05-05 19:20:00,758.1
2016-05-05 19:30:00,758.0499999999998
2016-05-05 19:40:00,758.0
2016-05-05 19:50:00,757.95
2016-05-05 20:00:00,757.9
2016-05-05 20:10:00,757.866666666667
2016-05-05 20:20:00,757.8333333333329
2016-05-05 20:30:00,757.7999999999998
2016-05-05 20:40:00,757.766666666667
2016-05-05 20:50:00,757.733333333333
2016-05-05 21:00:00,757.7
2016-05-05 21:10:00,757.7
2016-05-05 21:20:00,757.7
2016-05-05 21:30:00,757.7
2016-05-05 21:40:00,757.7
2016-05-05 21:50:00,757.7
2016-05-05 22:00:00,757.7
2016-05-05 22:10:00,757.65
2016-05-05 22:20:00,757.6
2016-05-05 22:30:00,757.5499999999998
2016-05-05 22:40:00,757.5
2016-05-05 22:50:00,757.45
2016-05-05 23:00:00,757.4
2016-05-05 23:10:00,757.3833333333331
2016-05-05 23:20:00,757.366666666667
2016-05-05 23:30:00,757.35
2016-05-05 23:40:00,757.3333333333329
2016-05-05 23:50:00,757.3166666666668
2016-05-06 00:00:00,757.2999999999998
2016-05-06 00:10:00,757.2999999999998
2016-05-06 00:20:00,757.2999999999998
2016-05-06 00:30:00,757.2999999999998
2016-05-06 00:40:00,757.2999999999998
2016-05-06 00:50:00,757.2999999999998
2016-05-06 01:00:00,757.2999999999998
2016-05-06 01:10:00,757.25
2016-05-06 01:20:00,757.2
2016-05-06 01:30:00,757.15
2016-05-06 01:40:00,757.1
2016-05-06 01:50:00,757.0499999999998
2016-05-06 02:00:00,757.0
2016-05-06 02:10:00,756.9333333333329
2016-05-06 02:20:00,756.866666666667
2016-05-06 02:30:00,756.7999999999998
2016-05-06 02:40:00,756.733333333333
2016-05-06 02:50:00,756.6666666666669
2016-05-06 03:00:00,756.6
2016-05-06 03:10:00,756.533333333333
2016-05-06 03:20:00,756.466666666667
2016-05-06 03:30:00,756.4
2016-05-06 03:40:00,756.3333333333329
2016-05-06 03:50:00,756.266666666667
2016-05-06 04:00:00,756.2
2016-05-06 04:10:00,756.1333333333331
2016-05-06 04:20:00,756.0666666666668
2016-05-06 04:30:00,756.0
2016-05-06 04:40:00,755.9333333333329
2016-05-06 04:50:00,755.866666666667
2016-05-06 05:00:00,755.7999999999998
2016-05-06 05:10:00,755.733333333333
2016-05-06 05:20:00,755.6666666666669
2016-05-06 05:30:00,755.6
2016-05-06 05:40:00,755.533333333333
2016-05-06 05:50:00,755.466666666667
2016-05-06 06:00:00,755.4
2016-05-06 06:10:00,755.366666666667
2016-05-06 06:20:00,755.3333333333329
2016-05-06 06:30:00,755.2999999999998
2016-05-06 06:40:00,755.266666666667
2016-05-06 06:50:00,755.233333333333
2016-05-06 07:00:00,755.2
2016-05-06 07:10:00,755.2
2016-05-06 07:20:00,755.2
2016-05-06 07:30:00,755.2
2016-05-06 07:40:00,755.2
2016-05-06 07:50:00,755.2
2016-05-06 08:00:00,755.2
2016-05-06 08:10:00,755.15
2016-05-06 08:20:00,755.1
2016-05-06 08:30:00,755.0499999999998
2016-05-06 08:40:00,755.0
2016-05-06 08:50:00,754.95
2016-05-06 09:00:00,754.9
2016-05-06 09:10:00,754.85
2016-05-06 09:20:00,754.7999999999998
2016-05-06 09:30:00,754.75
2016-05-06 09:40:00,754.7
2016-05-06 09:50:00,754.65
2016-05-06 10:00:00,754.6
2016-05-06 10:10:00,754.5499999999998
2016-05-06 10:20:00,754.5
2016-05-06 10:30:00,754.45
2016-05-06 10:40:00,754.4
2016-05-06 10:50:00,754.35
2016-05-06 11:00:00,754.2999999999998
2016-05-06 11:10:00,754.25
2016-05-06 11:20:00,754.2
2016-05-06 11:30:00,754.15
2016-05-06 11:40:00,754.1
2016-05-06 11:50:00,754.0499999999998
2016-05-06 12:00:00,754.0
2016-05-06 12:10:00,753.95
2016-05-06 12:20:00,753.9
2016-05-06 12:30:00,753.85
2016-05-06 12:40:00,753.7999999999998
2016-05-06 12:50:00,753.75
2016-05-06 13:00:00,753.7
2016-05-06 13:10:00,753.65
2016-05-06 13:20:00,753.6
2016-05-06 13:30:00,753.5499999999998
2016-05-06 13:40:00,753.5
2016-05-06 13:50:00,753.45
2016-05-06 14:00:00,753.4
2016-05-06 14:10:00,753.35
2016-05-06 14:20:00,753.2999999999998
2016-05-06 14:30:00,753.25
2016-05-06 14:40:00,753.2
2016-05-06 14:50:00,753.15
2016-05-06 15:00:00,753.1
2016-05-06 15:10:00,753.0666666666668
2016-05-06 15:20:00,753.033333333333
2016-05-06 15:30:00,753.0
2016-05-06 15:40:00,752.966666666667
2016-05-06 15:50:00,752.9333333333329
2016-05-06 16:00:00,752.9
2016-05-06 16:10:00,752.866666666667
2016-05-06 16:20:00,752.8333333333329
2016-05-06 16:30:00,752.7999999999998
2016-05-06 16:40:00,752.766666666667
2016-05-06 16:50:00,752.733333333333
2016-05-06 17:00:00,752.7
2016-05-06 17:10:00,752.6666666666669
2016-05-06 17:20:00,752.6333333333331
2016-05-06 17:30:00,752.6
2016-05-06 17:40:00,752.5666666666668
2016-05-06 17:50:00,752.533333333333
2016-05-06 18:00:00,752.5
2016-05-06 18:10:00,752.5
2016-05-06 18:20:00,752.5
2016-05-06 18:30:00,752.5
2016-05-06 18:40:00,752.5
2016-05-06 18:50:00,752.5
2016-05-06 19:00:00,752.5
2016-05-06 19:10:00,752.466666666667
2016-05-06 19:20:00,752.4333333333329
2016-05-06 19:30:00,752.4
2016-05-06 19:40:00,752.366666666667
2016-05-06 19:50:00,752.3333333333329
2016-05-06 20:00:00,752.2999999999998
2016-05-06 20:10:00,752.3166666666668
2016-05-06 20:20:00,752.3333333333329
2016-05-06 20:30:00,752.35
2016-05-06 20:40:00,752.366666666667
2016-05-06 20:50:00,752.3833333333331
2016-05-06 21:00:00,752.4
2016-05-06 21:10:00,752.4166666666669
2016-05-06 21:20:00,752.4333333333329
2016-05-06 21:30:00,752.45
2016-05-06 21:40:00,752.466666666667
2016-05-06 21:50:00,752.483333333333
2016-05-06 22:00:00,752.5
2016-05-06 22:10:00,752.5
2016-05-06 22:20:00,752.5
2016-05-06 22:30:00,752.5
2016-05-06 22:40:00,752.5
2016-05-06 22:50:00,752.5
2016-05-06 23:00:00,752.5
2016-05-06 23:10:00,752.5
2016-05-06 23:20:00,752.5
2016-05-06 23:30:00,752.5
2016-05-06 23:40:00,752.5
2016-05-06 23:50:00,752.5
2016-05-07 00:00:00,752.5
2016-05-07 00:10:00,752.5
2016-05-07 00:20:00,752.5
2016-05-07 00:30:00,752.5
2016-05-07 00:40:00,752.5
2016-05-07 00:50:00,752.5
2016-05-07 01:00:00,752.5
2016-05-07 01:10:00,752.5
2016-05-07 01:20:00,752.5
2016-05-07 01:30:00,752.5
2016-05-07 01:40:00,752.5
2016-05-07 01:50:00,752.5
2016-05-07 02:00:00,752.5
2016-05-07 02:10:00,752.483333333333
2016-05-07 02:20:00,752.466666666667
2016-05-07 02:30:00,752.45
2016-05-07 02:40:00,752.4333333333329
2016-05-07 02:50:00,752.4166666666669
2016-05-07 03:00:00,752.4
2016-05-07 03:10:00,752.35
2016-05-07 03:20:00,752.2999999999998
2016-05-07 03:30:00,752.25
2016-05-07 03:40:00,752.2
2016-05-07 03:50:00,752.15
2016-05-07 04:00:00,752.1
2016-05-07 04:10:00,752.0666666666668
2016-05-07 04:20:00,752.033333333333
2016-05-07 04:30:00,752.0
2016-05-07 04:40:00,751.966666666667
2016-05-07 04:50:00,751.9333333333329
2016-05-07 05:00:00,751.9
2016-05-07 05:10:00,751.9
2016-05-07 05:20:00,751.9
2016-05-07 05:30:00,751.9
2016-05-07 05:40:00,751.9
2016-05-07 05:50:00,751.9
2016-05-07 06:00:00,751.9
2016-05-07 06:10:00,751.9166666666669
2016-05-07 06:20:00,751.9333333333329
2016-05-07 06:30:00,751.95
2016-05-07 06:40:00,751.966666666667
2016-05-07 06:50:00,751.983333333333
2016-05-07 07:00:00,752.0
2016-05-07 07:10:00,752.033333333333
2016-05-07 07:20:00,752.0666666666668
2016-05-07 07:30:00,752.1
2016-05-07 07:40:00,752.1333333333331
2016-05-07 07:50:00,752.1666666666669
2016-05-07 08:00:00,752.2
2016-05-07 08:10:00,752.216666666667
2016-05-07 08:20:00,752.233333333333
2016-05-07 08:30:00,752.25
2016-05-07 08:40:00,752.266666666667
2016-05-07 08:50:00,752.283333333333
2016-05-07 09:00:00,752.2999999999998
2016-05-07 09:10:00,752.3333333333329
2016-05-07 09:20:00,752.366666666667
2016-05-07 09:30:00,752.4
2016-05-07 09:40:00,752.4333333333329
2016-05-07 09:50:00,752.466666666667
2016-05-07 10:00:00,752.5
2016-05-07 10:10:00,752.5
2016-05-07 10:20:00,752.5
2016-05-07 10:30:00,752.5
2016-05-07 10:40:00,752.5
2016-05-07 10:50:00,752.5
2016-05-07 11:00:00,752.5
2016-05-07 11:10:00,752.483333333333
2016-05-07 11:20:00,752.466666666667
2016-05-07 11:30:00,752.45
2016-05-07 11:40:00,752.4333333333329
2016-05-07 11:50:00,752.4166666666669
2016-05-07 12:00:00,752.4
2016-05-07 12:10:00,752.366666666667
2016-05-07 12:20:00,752.3333333333329
2016-05-07 12:30:00,752.2999999999998
2016-05-07 12:40:00,752.266666666667
2016-05-07 12:50:00,752.233333333333
2016-05-07 13:00:00,752.2
2016-05-07 13:10:00,752.1833333333329
2016-05-07 13:20:00,752.1666666666669
2016-05-07 13:30:00,752.15
2016-05-07 13:40:00,752.1333333333331
2016-05-07 13:50:00,752.116666666667
2016-05-07 14:00:00,752.1
2016-05-07 14:10:00,752.1
2016-05-07 14:20:00,752.1
2016-05-07 14:30:00,752.1
2016-05-07 14:40:00,752.1
2016-05-07 14:50:00,752.1
2016-05-07 15:00:00,752.1
2016-05-07 15:10:00,752.033333333333
2016-05-07 15:20:00,751.966666666667
2016-05-07 15:30:00,751.9
2016-05-07 15:40:00,751.8333333333329
2016-05-07 15:50:00,751.766666666667
2016-05-07 16:00:00,751.7
2016-05-07 16:10:00,751.6333333333331
2016-05-07 16:20:00,751.5666666666668
2016-05-07 16:30:00,751.5
2016-05-07 16:40:00,751.4333333333329
2016-05-07 16:50:00,751.366666666667
2016-05-07 17:00:00,751.2999999999998
2016-05-07 17:10:00,751.283333333333
2016-05-07 17:20:00,751.266666666667
2016-05-07 17:30:00,751.25
2016-05-07 17:40:00,751.233333333333
2016-05-07 17:50:00,751.216666666667
2016-05-07 18:00:00,751.2
2016-05-07 18:10:00,751.1666666666669
2016-05-07 18:20:00,751.1333333333331
2016-05-07 18:30:00,751.1
2016-05-07 18:40:00,751.0666666666668
2016-05-07 18:50:00,751.033333333333
2016-05-07 19:00:00,751.0
2016-05-07 19:10:00,751.0499999999998
2016-05-07 19:20:00,751.1
2016-05-07 19:30:00,751.15
2016-05-07 19:40:00,751.2
2016-05-07 19:50:00,751.25
2016-05-07 20:00:00,751.2999999999998
2016-05-07 20:10:00,751.2999999999998
2016-05-07 20:20:00,751.2999999999998
2016-05-07 20:30:00,751.2999999999998
2016-05-07 20:40:00,751.2999999999998
2016-05-07 20:50:00,751.2999999999998
2016-05-07 21:00:00,751.2999999999998
2016-05-07 21:10:00,751.35
2016-05-07 21:20:00,751.4
2016-05-07 21:30:00,751.45
2016-05-07 21:40:00,751.5
2016-05-07 21:50:00,751.5499999999998
2016-05-07 22:00:00,751.6
2016-05-07 22:10:00,751.616666666667
2016-05-07 22:20:00,751.6333333333331
2016-05-07 22:30:00,751.65
2016-05-07 22:40:00,751.6666666666669
2016-05-07 22:50:00,751.6833333333329
2016-05-07 23:00:00,751.7
2016-05-07 23:10:00,751.7
2016-05-07 23:20:00,751.7
2016-05-07 23:30:00,751.7
2016-05-07 23:40:00,751.7
2016-05-07 23:50:00,751.7
2016-05-08 00:00:00,751.7
2016-05-08 00:10:00,751.7
2016-05-08 00:20:00,751.7
2016-05-08 00:30:00,751.7
2016-05-08 00:40:00,751.7
2016-05-08 00:50:00,751.7
2016-05-08 01:00:00,751.7
2016-05-08 01:10:00,751.716666666667
2016-05-08 01:20:00,751.733333333333
2016-05-08 01:30:00,751.75
2016-05-08 01:40:00,751.766666666667
2016-05-08 01:50:00,751.783333333333
2016-05-08 02:00:00,751.7999999999998
2016-05-08 02:10:00,751.783333333333
2016-05-08 02:20:00,751.766666666667
2016-05-08 02:30:00,751.75
2016-05-08 02:40:00,751.733333333333
2016-05-08 02:50:00,751.716666666667
2016-05-08 03:00:00,751.7
2016-05-08 03:10:00,751.7
2016-05-08 03:20:00,751.7
2016-05-08 03:30:00,751.7
2016-05-08 03:40:00,751.7
2016-05-08 03:50:00,751.7
2016-05-08 04:00:00,751.7
2016-05-08 04:10:00,751.6333333333331
2016-05-08 04:20:00,751.5666666666668
2016-05-08 04:30:00,751.5
2016-05-08 04:40:00,751.4333333333329
2016-05-08 04:50:00,751.366666666667
2016-05-08 05:00:00,751.2999999999998
2016-05-08 05:10:00,751.3166666666668
2016-05-08 05:20:00,751.3333333333329
2016-05-08 05:30:00,751.35
2016-05-08 05:40:00,751.366666666667
2016-05-08 05:50:00,751.3833333333331
2016-05-08 06:00:00,751.4
2016-05-08 06:10:00,751.45
2016-05-08 06:20:00,751.5
2016-05-08 06:30:00,751.5499999999998
2016-05-08 06:40:00,751.6
2016-05-08 06:50:00,751.65
2016-05-08 07:00:00,751.7
2016-05-08 07:10:00,751.75
2016-05-08 07:20:00,751.7999999999998
2016-05-08 07:30:00,751.85
2016-05-08 07:40:00,751.9
2016-05-08 07:50:00,751.95
2016-05-08 08:00:00,752.0
2016-05-08 08:10:00,752.016666666667
2016-05-08 08:20:00,752.033333333333
2016-05-08 08:30:00,752.0499999999998
2016-05-08 08:40:00,752.0666666666668
2016-05-08 08:50:00,752.0833333333329
2016-05-08 09:00:00,752.1
2016-05-08 09:10:00,752.1
2016-05-08 09:20:00,752.1
2016-05-08 09:30:00,752.1
2016-05-08 09:40:00,752.1
2016-05-08 09:50:00,752.1
2016-05-08 10:00:00,752.1
2016-05-08 10:10:00,752.1
2016-05-08 10:20:00,752.1
2016-05-08 10:30:00,752.1
2016-05-08 10:40:00,752.1
2016-05-08 10:50:00,752.1
2016-05-08 11:00:00,752.1
2016-05-08 11:10:00,752.0833333333329
2016-05-08 11:20:00,752.0666666666668
2016-05-08 11:30:00,752.0499999999998
2016-05-08 11:40:00,752.033333333333
2016-05-08 11:50:00,752.016666666667
2016-05-08 12:00:00,752.0
2016-05-08 12:10:00,751.966666666667
2016-05-08 12:20:00,751.9333333333329
2016-05-08 12:30:00,751.9
2016-05-08 12:40:00,751.866666666667
2016-05-08 12:50:00,751.8333333333329
2016-05-08 13:00:00,751.7999999999998
2016-05-08 13:10:00,751.783333333333
2016-05-08 13:20:00,751.766666666667
2016-05-08 13:30:00,751.75
2016-05-08 13:40:00,751.733333333333
2016-05-08 13:50:00,751.716666666667
2016-05-08 14:00:00,751.7
2016-05-08 14:10:00,751.6333333333331
2016-05-08 14:20:00,751.5666666666668
2016-05-08 14:30:00,751.5
2016-05-08 14:40:00,751.4333333333329
2016-05-08 14:50:00,751.366666666667
2016-05-08 15:00:00,751.2999999999998
2016-05-08 15:10:00,751.25
2016-05-08 15:20:00,751.2
2016-05-08 15:30:00,751.15
2016-05-08 15:40:00,751.1
2016-05-08 15:50:00,751.0499999999998
2016-05-08 16:00:00,751.0
2016-05-08 16:10:00,750.983333333333
2016-05-08 16:20:00,750.966666666667
2016-05-08 16:30:00,750.95
2016-05-08 16:40:00,750.9333333333329
2016-05-08 16:50:00,750.9166666666669
2016-05-08 17:00:00,750.9
2016-05-08 17:10:00,750.85
2016-05-08 17:20:00,750.7999999999998
2016-05-08 17:30:00,750.75
2016-05-08 17:40:00,750.7
2016-05-08 17:50:00,750.65
2016-05-08 18:00:00,750.6
2016-05-08 18:10:00,750.6
2016-05-08 18:20:00,750.6
2016-05-08 18:30:00,750.6
2016-05-08 18:40:00,750.6
2016-05-08 18:50:00,750.6
2016-05-08 19:00:00,750.6
2016-05-08 19:10:00,750.6
2016-05-08 19:20:00,750.6
2016-05-08 19:30:00,750.6
2016-05-08 19:40:00,750.6
2016-05-08 19:50:00,750.6
2016-05-08 20:00:00,750.6
2016-05-08 20:10:00,750.65
2016-05-08 20:20:00,750.7
2016-05-08 20:30:00,750.75
2016-05-08 20:40:00,750.7999999999998
2016-05-08 20:50:00,750.85
2016-05-08 21:00:00,750.9
2016-05-08 21:10:00,750.966666666667
2016-05-08 21:20:00,751.033333333333
2016-05-08 21:30:00,751.1
2016-05-08 21:40:00,751.1666666666669
2016-05-08 21:50:00,751.233333333333
2016-05-08 22:00:00,751.2999999999998
2016-05-08 22:10:00,751.35
2016-05-08 22:20:00,751.4
2016-05-08 22:30:00,751.45
2016-05-08 22:40:00,751.5
2016-05-08 22:50:00,751.5499999999998
2016-05-08 23:00:00,751.6
2016-05-08 23:10:00,751.616666666667
2016-05-08 23:20:00,751.6333333333331
2016-05-08 23:30:00,751.65
2016-05-08 23:40:00,751.6666666666669
2016-05-08 23:50:00,751.6833333333329
2016-05-09 00:00:00,751.7
2016-05-09 00:10:00,751.733333333333
2016-05-09 00:20:00,751.766666666667
2016-05-09 00:30:00,751.7999999999998
2016-05-09 00:40:00,751.8333333333329
2016-05-09 00:50:00,751.866666666667
2016-05-09 01:00:00,751.9
2016-05-09 01:10:00,751.8833333333331
2016-05-09 01:20:00,751.866666666667
2016-05-09 01:30:00,751.85
2016-05-09 01:40:00,751.8333333333329
2016-05-09 01:50:00,751.8166666666668
2016-05-09 02:00:00,751.7999999999998
2016-05-09 02:10:00,751.783333333333
2016-05-09 02:20:00,751.766666666667
2016-05-09 02:30:00,751.75
2016-05-09 02:40:00,751.733333333333
2016-05-09 02:50:00,751.716666666667
2016-05-09 03:00:00,751.7
2016-05-09 03:10:00,751.733333333333
2016-05-09 03:20:00,751.766666666667
2016-05-09 03:30:00,751.7999999999998
2016-05-09 03:40:00,751.8333333333329
2016-05-09 03:50:00,751.866666666667
2016-05-09 04:00:00,751.9
2016-05-09 04:10:00,751.9
2016-05-09 04:20:00,751.9
2016-05-09 04:30:00,751.9
2016-05-09 04:40:00,751.9
2016-05-09 04:50:00,751.9
2016-05-09 05:00:00,751.9
2016-05-09 05:10:00,751.966666666667
2016-05-09 05:20:00,752.033333333333
2016-05-09 05:30:00,752.1
2016-05-09 05:40:00,752.1666666666669
2016-05-09 05:50:00,752.233333333333
2016-05-09 06:00:00,752.2999999999998
2016-05-09 06:10:00,752.3333333333329
2016-05-09 06:20:00,752.366666666667
2016-05-09 06:30:00,752.4
2016-05-09 06:40:00,752.4333333333329
2016-05-09 06:50:00,752.466666666667
2016-05-09 07:00:00,752.5
2016-05-09 07:10:00,752.5
2016-05-09 07:20:00,752.5
2016-05-09 07:30:00,752.5
2016-05-09 07:40:00,752.5
2016-05-09 07:50:00,752.5
2016-05-09 08:00:00,752.5
2016-05-09 08:10:00,752.5499999999998
2016-05-09 08:20:00,752.6
2016-05-09 08:30:00,752.65
2016-05-09 08:40:00,752.7
2016-05-09 08:50:00,752.75
2016-05-09 09:00:00,752.7999999999998
2016-05-09 09:10:00,752.7999999999998
2016-05-09 09:20:00,752.7999999999998
2016-05-09 09:30:00,752.7999999999998
2016-05-09 09:40:00,752.7999999999998
2016-05-09 09:50:00,752.7999999999998
2016-05-09 10:00:00,752.7999999999998
2016-05-09 10:10:00,752.7999999999998
2016-05-09 10:20:00,752.7999999999998
2016-05-09 10:30:00,752.7999999999998
2016-05-09 10:40:00,752.7999999999998
2016-05-09 10:50:00,752.7999999999998
2016-05-09 11:00:00,752.7999999999998
2016-05-09 11:10:00,752.7999999999998
2016-05-09 11:20:00,752.7999999999998
2016-05-09 11:30:00,752.7999999999998
2016-05-09 11:40:00,752.7999999999998
2016-05-09 11:50:00,752.7999999999998
2016-05-09 12:00:00,752.7999999999998
2016-05-09 12:10:00,752.8166666666668
2016-05-09 12:20:00,752.8333333333329
2016-05-09 12:30:00,752.85
2016-05-09 12:40:00,752.866666666667
2016-05-09 12:50:00,752.8833333333331
2016-05-09 13:00:00,752.9
2016-05-09 13:10:00,752.8833333333331
2016-05-09 13:20:00,752.866666666667
2016-05-09 13:30:00,752.85
2016-05-09 13:40:00,752.8333333333329
2016-05-09 13:50:00,752.8166666666668
2016-05-09 14:00:00,752.7999999999998
2016-05-09 14:10:00,752.7999999999998
2016-05-09 14:20:00,752.7999999999998
2016-05-09 14:30:00,752.7999999999998
2016-05-09 14:40:00,752.7999999999998
2016-05-09 14:50:00,752.7999999999998
2016-05-09 15:00:00,752.7999999999998
2016-05-09 15:10:00,752.75
2016-05-09 15:20:00,752.7
2016-05-09 15:30:00,752.65
2016-05-09 15:40:00,752.6
2016-05-09 15:50:00,752.5499999999998
2016-05-09 16:00:00,752.5
2016-05-09 16:10:00,752.483333333333
2016-05-09 16:20:00,752.466666666667
2016-05-09 16:30:00,752.45
2016-05-09 16:40:00,752.4333333333329
2016-05-09 16:50:00,752.4166666666669
2016-05-09 17:00:00,752.4
2016-05-09 17:10:00,752.366666666667
2016-05-09 17:20:00,752.3333333333329
2016-05-09 17:30:00,752.2999999999998
2016-05-09 17:40:00,752.266666666667
2016-05-09 17:50:00,752.233333333333
2016-05-09 18:00:00,752.2
2016-05-09 18:10:00,752.1833333333329
2016-05-09 18:20:00,752.1666666666669
2016-05-09 18:30:00,752.15
2016-05-09 18:40:00,752.1333333333331
2016-05-09 18:50:00,752.116666666667
2016-05-09 19:00:00,752.1
2016-05-09 19:10:00,752.1333333333331
2016-05-09 19:20:00,752.1666666666669
2016-05-09 19:30:00,752.2
2016-05-09 19:40:00,752.233333333333
2016-05-09 19:50:00,752.266666666667
2016-05-09 20:00:00,752.2999999999998
2016-05-09 20:10:00,752.3166666666668
2016-05-09 20:20:00,752.3333333333329
2016-05-09 20:30:00,752.35
2016-05-09 20:40:00,752.366666666667
2016-05-09 20:50:00,752.3833333333331
2016-05-09 21:00:00,752.4
2016-05-09 21:10:00,752.466666666667
2016-05-09 21:20:00,752.533333333333
2016-05-09 21:30:00,752.6
2016-05-09 21:40:00,752.6666666666669
2016-05-09 21:50:00,752.733333333333
2016-05-09 22:00:00,752.7999999999998
2016-05-09 22:10:00,752.85
2016-05-09 22:20:00,752.9
2016-05-09 22:30:00,752.95
2016-05-09 22:40:00,753.0
2016-05-09 22:50:00,753.0499999999998
2016-05-09 23:00:00,753.1
2016-05-09 23:10:00,753.1
2016-05-09 23:20:00,753.1
2016-05-09 23:30:00,753.1
2016-05-09 23:40:00,753.1
2016-05-09 23:50:00,753.1
2016-05-10 00:00:00,753.1
2016-05-10 00:10:00,753.0666666666668
2016-05-10 00:20:00,753.033333333333
2016-05-10 00:30:00,753.0
2016-05-10 00:40:00,752.966666666667
2016-05-10 00:50:00,752.9333333333329
2016-05-10 01:00:00,752.9
2016-05-10 01:10:00,752.8833333333331
2016-05-10 01:20:00,752.866666666667
2016-05-10 01:30:00,752.85
2016-05-10 01:40:00,752.8333333333329
2016-05-10 01:50:00,752.8166666666668
2016-05-10 02:00:00,752.7999999999998
2016-05-10 02:10:00,752.75
2016-05-10 02:20:00,752.7
2016-05-10 02:30:00,752.65
2016-05-10 02:40:00,752.6
2016-05-10 02:50:00,752.5499999999998
2016-05-10 03:00:00,752.5
2016-05-10 03:10:00,752.4333333333329
2016-05-10 03:20:00,752.366666666667
2016-05-10 03:30:00,752.2999999999998
2016-05-10 03:40:00,752.233333333333
2016-05-10 03:50:00,752.1666666666669
2016-05-10 04:00:00,752.1
2016-05-10 04:10:00,752.016666666667
2016-05-10 04:20:00,751.9333333333329
2016-05-10 04:30:00,751.85
2016-05-10 04:40:00,751.766666666667
2016-05-10 04:50:00,751.6833333333329
2016-05-10 05:00:00,751.6
2016-05-10 05:10:00,751.5499999999998
2016-05-10 05:20:00,751.5
2016-05-10 05:30:00,751.45
2016-05-10 05:40:00,751.4
2016-05-10 05:50:00,751.35
2016-05-10 06:00:00,751.2999999999998
2016-05-10 06:10:00,751.25
2016-05-10 06:20:00,751.2
2016-05-10 06:30:00,751.15
2016-05-10 06:40:00,751.1
2016-05-10 06:50:00,751.0499999999998
2016-05-10 07:00:00,751.0
2016-05-10 07:10:00,751.0
2016-05-10 07:20:00,751.0
2016-05-10 07:30:00,751.0
2016-05-10 07:40:00,751.0
2016-05-10 07:50:00,751.0
2016-05-10 08:00:00,751.0
2016-05-10 08:10:00,751.0
2016-05-10 08:20:00,751.0
2016-05-10 08:30:00,751.0
2016-05-10 08:40:00,751.0
2016-05-10 08:50:00,751.0
2016-05-10 09:00:00,751.0
2016-05-10 09:10:00,750.983333333333
2016-05-10 09:20:00,750.966666666667
2016-05-10 09:30:00,750.95
2016-05-10 09:40:00,750.9333333333329
2016-05-10 09:50:00,750.9166666666669
2016-05-10 10:00:00,750.9
2016-05-10 10:10:00,750.9166666666669
2016-05-10 10:20:00,750.9333333333329
2016-05-10 10:30:00,750.95
2016-05-10 10:40:00,750.966666666667
2016-05-10 10:50:00,750.983333333333
2016-05-10 11:00:00,751.0
2016-05-10 11:10:00,751.0
2016-05-10 11:20:00,751.0
2016-05-10 11:30:00,751.0
2016-05-10 11:40:00,751.0
2016-05-10 11:50:00,751.0
2016-05-10 12:00:00,751.0
2016-05-10 12:10:00,750.966666666667
2016-05-10 12:20:00,750.9333333333329
2016-05-10 12:30:00,750.9
2016-05-10 12:40:00,750.866666666667
2016-05-10 12:50:00,750.8333333333329
2016-05-10 13:00:00,750.7999999999998
2016-05-10 13:10:00,750.733333333333
2016-05-10 13:20:00,750.6666666666669
2016-05-10 13:30:00,750.6
2016-05-10 13:40:00,750.533333333333
2016-05-10 13:50:00,750.466666666667
2016-05-10 14:00:00,750.4
2016-05-10 14:10:00,750.35
2016-05-10 14:20:00,750.2999999999998
2016-05-10 14:30:00,750.25
2016-05-10 14:40:00,750.2
2016-05-10 14:50:00,750.15
2016-05-10 15:00:00,750.1
2016-05-10 15:10:00,750.0499999999998
2016-05-10 15:20:00,750.0
2016-05-10 15:30:00,749.95
2016-05-10 15:40:00,749.9
2016-05-10 15:50:00,749.85
2016-05-10 16:00:00,749.7999999999998
2016-05-10 16:10:00,749.75
2016-05-10 16:20:00,749.7
2016-05-10 16:30:00,749.65
2016-05-10 16:40:00,749.6
2016-05-10 16:50:00,749.5499999999998
2016-05-10 17:00:00,749.5
2016-05-10 17:10:00,749.466666666667
2016-05-10 17:20:00,749.4333333333329
2016-05-10 17:30:00,749.4
2016-05-10 17:40:00,749.366666666667
2016-05-10 17:50:00,749.3333333333329
2016-05-10 18:00:00,749.2999999999998
2016-05-10 18:10:00,749.266666666667
2016-05-10 18:20:00,749.233333333333
2016-05-10 18:30:00,749.2
2016-05-10 18:40:00,749.1666666666669
2016-05-10 18:50:00,749.1333333333331
2016-05-10 19:00:00,749.1
2016-05-10 19:10:00,749.0666666666668
2016-05-10 19:20:00,749.033333333333
2016-05-10 19:30:00,749.0
2016-05-10 19:40:00,748.966666666667
2016-05-10 19:50:00,748.9333333333329
2016-05-10 20:00:00,748.9
2016-05-10 20:10:00,748.95
2016-05-10 20:20:00,749.0
2016-05-10 20:30:00,749.0499999999998
2016-05-10 20:40:00,749.1
2016-05-10 20:50:00,749.15
2016-05-10 21:00:00,749.2
2016-05-10 21:10:00,749.25
2016-05-10 21:20:00,749.2999999999998
2016-05-10 21:30:00,749.35
2016-05-10 21:40:00,749.4
2016-05-10 21:50:00,749.45
2016-05-10 22:00:00,749.5
2016-05-10 22:10:00,749.483333333333
2016-05-10 22:20:00,749.466666666667
2016-05-10 22:30:00,749.45
2016-05-10 22:40:00,749.4333333333329
2016-05-10 22:50:00,749.4166666666669
2016-05-10 23:00:00,749.4
2016-05-10 23:10:00,749.35
2016-05-10 23:20:00,749.2999999999998
2016-05-10 23:30:00,749.25
2016-05-10 23:40:00,749.2
2016-05-10 23:50:00,749.15
2016-05-11 00:00:00,749.1
2016-05-11 00:10:00,749.0499999999998
2016-05-11 00:20:00,749.0
2016-05-11 00:30:00,748.95
2016-05-11 00:40:00,748.9
2016-05-11 00:50:00,748.85
2016-05-11 01:00:00,748.7999999999998
2016-05-11 01:10:00,748.8166666666668
2016-05-11 01:20:00,748.8333333333329
2016-05-11 01:30:00,748.85
2016-05-11 01:40:00,748.866666666667
2016-05-11 01:50:00,748.8833333333331
2016-05-11 02:00:00,748.9
2016-05-11 02:10:00,748.9
2016-05-11 02:20:00,748.9
2016-05-11 02:30:00,748.9
2016-05-11 02:40:00,748.9
2016-05-11 02:50:00,748.9
2016-05-11 03:00:00,748.9
2016-05-11 03:10:00,748.85
2016-05-11 03:20:00,748.7999999999998
2016-05-11 03:30:00,748.75
2016-05-11 03:40:00,748.7
2016-05-11 03:50:00,748.65
2016-05-11 04:00:00,748.6
2016-05-11 04:10:00,748.5833333333329
2016-05-11 04:20:00,748.5666666666668
2016-05-11 04:30:00,748.5499999999998
2016-05-11 04:40:00,748.533333333333
2016-05-11 04:50:00,748.516666666667
2016-05-11 05:00:00,748.5
2016-05-11 05:10:00,748.483333333333
2016-05-11 05:20:00,748.466666666667
2016-05-11 05:30:00,748.45
2016-05-11 05:40:00,748.4333333333329
2016-05-11 05:50:00,748.4166666666669
2016-05-11 06:00:00,748.4
2016-05-11 06:10:00,748.4166666666669
2016-05-11 06:20:00,748.4333333333329
2016-05-11 06:30:00,748.45
2016-05-11 06:40:00,748.466666666667
2016-05-11 06:50:00,748.483333333333
2016-05-11 07:00:00,748.5
2016-05-11 07:10:00,748.533333333333
2016-05-11 07:20:00,748.5666666666668
2016-05-11 07:30:00,748.6
2016-05-11 07:40:00,748.6333333333331
2016-05-11 07:50:00,748.6666666666669
2016-05-11 08:00:00,748.7
2016-05-11 08:10:00,748.733333333333
2016-05-11 08:20:00,748.766666666667
2016-05-11 08:30:00,748.7999999999998
2016-05-11 08:40:00,748.8333333333329
2016-05-11 08:50:00,748.866666666667
2016-05-11 09:00:00,748.9
2016-05-11 09:10:00,748.866666666667
2016-05-11 09:20:00,748.8333333333329
2016-05-11 09:30:00,748.7999999999998
2016-05-11 09:40:00,748.766666666667
2016-05-11 09:50:00,748.733333333333
2016-05-11 10:00:00,748.7
2016-05-11 10:10:00,748.6833333333329
2016-05-11 10:20:00,748.6666666666669
2016-05-11 10:30:00,748.65
2016-05-11 10:40:00,748.6333333333331
2016-05-11 10:50:00,748.616666666667
2016-05-11 11:00:00,748.6
2016-05-11 11:10:00,748.5499999999998
2016-05-11 11:20:00,748.5
2016-05-11 11:30:00,748.45
2016-05-11 11:40:00,748.4
2016-05-11 11:50:00,748.35
2016-05-11 12:00:00,748.2999999999998
2016-05-11 12:10:00,748.25
2016-05-11 12:20:00,748.2
2016-05-11 12:30:00,748.15
2016-05-11 12:40:00,748.1
2016-05-11 12:50:00,748.0499999999998
2016-05-11 13:00:00,748.0
2016-05-11 13:10:00,747.95
2016-05-11 13:20:00,747.9
2016-05-11 13:30:00,747.85
2016-05-11 13:40:00,747.7999999999998
2016-05-11 13:50:00,747.75
2016-05-11 14:00:00,747.7
2016-05-11 14:10:00,747.65
2016-05-11 14:20:00,747.6
2016-05-11 14:30:00,747.5499999999998
2016-05-11 14:40:00,747.5
2016-05-11 14:50:00,747.45
2016-05-11 15:00:00,747.4
2016-05-11 15:10:00,747.3166666666668
2016-05-11 15:20:00,747.233333333333
2016-05-11 15:30:00,747.15
2016-05-11 15:40:00,747.0666666666668
2016-05-11 15:50:00,746.983333333333
2016-05-11 16:00:00,746.9
2016-05-11 16:10:00,746.85
2016-05-11 16:20:00,746.7999999999998
2016-05-11 16:30:00,746.75
2016-05-11 16:40:00,746.7
2016-05-11 16:50:00,746.65
2016-05-11 17:00:00,746.6
2016-05-11 17:10:00,746.533333333333
2016-05-11 17:20:00,746.466666666667
2016-05-11 17:30:00,746.4
2016-05-11 17:40:00,746.3333333333329
2016-05-11 17:50:00,746.266666666667
2016-05-11 18:00:00,746.2
2016-05-11 18:10:00,746.1333333333331
2016-05-11 18:20:00,746.0666666666668
2016-05-11 18:30:00,746.0
2016-05-11 18:40:00,745.9333333333329
2016-05-11 18:50:00,745.866666666667
2016-05-11 19:00:00,745.7999999999998
2016-05-11 19:10:00,745.75
2016-05-11 19:20:00,745.7
2016-05-11 19:30:00,745.65
2016-05-11 19:40:00,745.6
2016-05-11 19:50:00,745.5499999999998
2016-05-11 20:00:00,745.5
2016-05-11 20:10:00,745.483333333333
2016-05-11 20:20:00,745.466666666667
2016-05-11 20:30:00,745.45
2016-05-11 20:40:00,745.4333333333329
2016-05-11 20:50:00,745.4166666666669
2016-05-11 21:00:00,745.4
2016-05-11 21:10:00,745.45
2016-05-11 21:20:00,745.5
2016-05-11 21:30:00,745.5499999999998
2016-05-11 21:40:00,745.6
2016-05-11 21:50:00,745.65
2016-05-11 22:00:00,745.7
2016-05-11 22:10:00,745.733333333333
2016-05-11 22:20:00,745.766666666667
2016-05-11 22:30:00,745.7999999999998
2016-05-11 22:40:00,745.8333333333329
2016-05-11 22:50:00,745.866666666667
2016-05-11 23:00:00,745.9
2016-05-11 23:10:00,745.9
2016-05-11 23:20:00,745.9
2016-05-11 23:30:00,745.9
2016-05-11 23:40:00,745.9
2016-05-11 23:50:00,745.9
2016-05-12 00:00:00,745.9
2016-05-12 00:10:00,745.866666666667
2016-05-12 00:20:00,745.8333333333329
2016-05-12 00:30:00,745.7999999999998
2016-05-12 00:40:00,745.766666666667
2016-05-12 00:50:00,745.733333333333
2016-05-12 01:00:00,745.7
2016-05-12 01:10:00,745.6666666666669
2016-05-12 01:20:00,745.6333333333331
2016-05-12 01:30:00,745.6
2016-05-12 01:40:00,745.5666666666668
2016-05-12 01:50:00,745.533333333333
2016-05-12 02:00:00,745.5
2016-05-12 02:10:00,745.4333333333329
2016-05-12 02:20:00,745.366666666667
2016-05-12 02:30:00,745.2999999999998
2016-05-12 02:40:00,745.233333333333
2016-05-12 02:50:00,745.1666666666669
2016-05-12 03:00:00,745.1
2016-05-12 03:10:00,745.0833333333329
2016-05-12 03:20:00,745.0666666666668
2016-05-12 03:30:00,745.0499999999998
2016-05-12 03:40:00,745.033333333333
2016-05-12 03:50:00,745.016666666667
2016-05-12 04:00:00,745.0
2016-05-12 04:10:00,744.95
2016-05-12 04:20:00,744.9
2016-05-12 04:30:00,744.85
2016-05-12 04:40:00,744.7999999999998
2016-05-12 04:50:00,744.75
2016-05-12 05:00:00,744.7
2016-05-12 05:10:00,744.65
2016-05-12 05:20:00,744.6
2016-05-12 05:30:00,744.5499999999998
2016-05-12 05:40:00,744.5
2016-05-12 05:50:00,744.45
2016-05-12 06:00:00,744.4
2016-05-12 06:10:00,744.3833333333331
2016-05-12 06:20:00,744.366666666667
2016-05-12 06:30:00,744.35
2016-05-12 06:40:00,744.3333333333329
2016-05-12 06:50:00,744.3166666666668
2016-05-12 07:00:00,744.2999999999998
2016-05-12 07:10:00,744.2999999999998
2016-05-12 07:20:00,744.2999999999998
2016-05-12 07:30:00,744.2999999999998
2016-05-12 07:40:00,744.2999999999998
2016-05-12 07:50:00,744.2999999999998
2016-05-12 08:00:00,744.2999999999998
2016-05-12 08:10:00,744.3166666666668
2016-05-12 08:20:00,744.3333333333329
2016-05-12 08:30:00,744.35
2016-05-12 08:40:00,744.366666666667
2016-05-12 08:50:00,744.3833333333331
2016-05-12 09:00:00,744.4
2016-05-12 09:10:00,744.3833333333331
2016-05-12 09:20:00,744.366666666667
2016-05-12 09:30:00,744.35
2016-05-12 09:40:00,744.3333333333329
2016-05-12 09:50:00,744.3166666666668
2016-05-12 10:00:00,744.2999999999998
2016-05-12 10:10:00,744.3166666666668
2016-05-12 10:20:00,744.3333333333329
2016-05-12 10:30:00,744.35
2016-05-12 10:40:00,744.366666666667
2016-05-12 10:50:00,744.3833333333331
2016-05-12 11:00:00,744.4
2016-05-12 11:10:00,744.4
2016-05-12 11:20:00,744.4
2016-05-12 11:30:00,744.4
2016-05-12 11:40:00,744.4
2016-05-12 11:50:00,744.4
2016-05-12 12:00:00,744.4
2016-05-12 12:10:00,744.366666666667
2016-05-12 12:20:00,744.3333333333329
2016-05-12 12:30:00,744.2999999999998
2016-05-12 12:40:00,744.266666666667
2016-05-12 12:50:00,744.233333333333
2016-05-12 13:00:00,744.2
2016-05-12 13:10:00,744.1833333333329
2016-05-12 13:20:00,744.1666666666669
2016-05-12 13:30:00,744.15
2016-05-12 13:40:00,744.1333333333331
2016-05-12 13:50:00,744.116666666667
2016-05-12 14:00:00,744.1
2016-05-12 14:10:00,744.1
2016-05-12 14:20:00,744.1
2016-05-12 14:30:00,744.1
2016-05-12 14:40:00,744.1
2016-05-12 14:50:00,744.1
2016-05-12 15:00:00,744.1
2016-05-12 15:10:00,744.1
2016-05-12 15:20:00,744.1
2016-05-12 15:30:00,744.1
2016-05-12 15:40:00,744.1
2016-05-12 15:50:00,744.1
2016-05-12 16:00:00,744.1
2016-05-12 16:10:00,744.1
2016-05-12 16:20:00,744.1
2016-05-12 16:30:00,744.1
2016-05-12 16:40:00,744.1
2016-05-12 16:50:00,744.1
2016-05-12 17:00:00,744.1
2016-05-12 17:10:00,744.1
2016-05-12 17:20:00,744.1
2016-05-12 17:30:00,744.1
2016-05-12 17:40:00,744.1
2016-05-12 17:50:00,744.1
2016-05-12 18:00:00,744.1
2016-05-12 18:10:00,744.1
2016-05-12 18:20:00,744.1
2016-05-12 18:30:00,744.1
2016-05-12 18:40:00,744.1
2016-05-12 18:50:00,744.1
2016-05-12 19:00:00,744.1
2016-05-12 19:10:00,744.116666666667
2016-05-12 19:20:00,744.1333333333331
2016-05-12 19:30:00,744.15
2016-05-12 19:40:00,744.1666666666669
2016-05-12 19:50:00,744.1833333333329
2016-05-12 20:00:00,744.2
2016-05-12 20:10:00,744.266666666667
2016-05-12 20:20:00,744.3333333333329
2016-05-12 20:30:00,744.4
2016-05-12 20:40:00,744.466666666667
2016-05-12 20:50:00,744.533333333333
2016-05-12 21:00:00,744.6
2016-05-12 21:10:00,744.6666666666669
2016-05-12 21:20:00,744.733333333333
2016-05-12 21:30:00,744.7999999999998
2016-05-12 21:40:00,744.866666666667
2016-05-12 21:50:00,744.9333333333329
2016-05-12 22:00:00,745.0
2016-05-12 22:10:00,745.0833333333329
2016-05-12 22:20:00,745.1666666666669
2016-05-12 22:30:00,745.25
2016-05-12 22:40:00,745.3333333333329
2016-05-12 22:50:00,745.4166666666669
2016-05-12 23:00:00,745.5
2016-05-12 23:10:00,745.5
2016-05-12 23:20:00,745.5
2016-05-12 23:30:00,745.5
2016-05-12 23:40:00,745.5
2016-05-12 23:50:00,745.5
2016-05-13 00:00:00,745.5
2016-05-13 00:10:00,745.5666666666668
2016-05-13 00:20:00,745.6333333333331
2016-05-13 00:30:00,745.7
2016-05-13 00:40:00,745.766666666667
2016-05-13 00:50:00,745.8333333333329
2016-05-13 01:00:00,745.9
2016-05-13 01:10:00,745.9166666666669
2016-05-13 01:20:00,745.9333333333329
2016-05-13 01:30:00,745.95
2016-05-13 01:40:00,745.966666666667
2016-05-13 01:50:00,745.983333333333
2016-05-13 02:00:00,746.0
2016-05-13 02:10:00,745.966666666667
2016-05-13 02:20:00,745.9333333333329
2016-05-13 02:30:00,745.9
2016-05-13 02:40:00,745.866666666667
2016-05-13 02:50:00,745.8333333333329
2016-05-13 03:00:00,745.7999999999998
2016-05-13 03:10:00,745.783333333333
2016-05-13 03:20:00,745.766666666667
2016-05-13 03:30:00,745.75
2016-05-13 03:40:00,745.733333333333
2016-05-13 03:50:00,745.716666666667
2016-05-13 04:00:00,745.7
2016-05-13 04:10:00,745.733333333333
2016-05-13 04:20:00,745.766666666667
2016-05-13 04:30:00,745.7999999999998
2016-05-13 04:40:00,745.8333333333329
2016-05-13 04:50:00,745.866666666667
2016-05-13 05:00:00,745.9
2016-05-13 05:10:00,745.95
2016-05-13 05:20:00,746.0
2016-05-13 05:30:00,746.0499999999998
2016-05-13 05:40:00,746.1
2016-05-13 05:50:00,746.15
2016-05-13 06:00:00,746.2
2016-05-13 06:10:00,746.25
2016-05-13 06:20:00,746.2999999999998
2016-05-13 06:30:00,746.35
2016-05-13 06:40:00,746.4
2016-05-13 06:50:00,746.45
2016-05-13 07:00:00,746.5
2016-05-13 07:10:00,746.5499999999998
2016-05-13 07:20:00,746.6
2016-05-13 07:30:00,746.65
2016-05-13 07:40:00,746.7
2016-05-13 07:50:00,746.75
2016-05-13 08:00:00,746.7999999999998
2016-05-13 08:10:00,746.85
2016-05-13 08:20:00,746.9
2016-05-13 08:30:00,746.95
2016-05-13 08:40:00,747.0
2016-05-13 08:50:00,747.0499999999998
2016-05-13 09:00:00,747.1
2016-05-13 09:10:00,747.15
2016-05-13 09:20:00,747.2
2016-05-13 09:30:00,747.25
2016-05-13 09:40:00,747.2999999999998
2016-05-13 09:50:00,747.35
2016-05-13 10:00:00,747.4
2016-05-13 10:10:00,747.4333333333329
2016-05-13 10:20:00,747.466666666667
2016-05-13 10:30:00,747.5
2016-05-13 10:40:00,747.533333333333
2016-05-13 10:50:00,747.5666666666668
2016-05-13 11:00:00,747.6
2016-05-13 11:10:00,747.6333333333331
2016-05-13 11:20:00,747.6666666666669
2016-05-13 11:30:00,747.7
2016-05-13 11:40:00,747.733333333333
2016-05-13 11:50:00,747.766666666667
2016-05-13 12:00:00,747.7999999999998
2016-05-13 12:10:00,747.8333333333329
2016-05-13 12:20:00,747.866666666667
2016-05-13 12:30:00,747.9
2016-05-13 12:40:00,747.9333333333329
2016-05-13 12:50:00,747.966666666667
2016-05-13 13:00:00,748.0
2016-05-13 13:10:00,747.983333333333
2016-05-13 13:20:00,747.966666666667
2016-05-13 13:30:00,747.95
2016-05-13 13:40:00,747.9333333333329
2016-05-13 13:50:00,747.9166666666669
2016-05-13 14:00:00,747.9
2016-05-13 14:10:00,747.8833333333331
2016-05-13 14:20:00,747.866666666667
2016-05-13 14:30:00,747.85
2016-05-13 14:40:00,747.8333333333329
2016-05-13 14:50:00,747.8166666666668
2016-05-13 15:00:00,747.7999999999998
2016-05-13 15:10:00,747.8333333333329
2016-05-13 15:20:00,747.866666666667
2016-05-13 15:30:00,747.9
2016-05-13 15:40:00,747.9333333333329
2016-05-13 15:50:00,747.966666666667
2016-05-13 16:00:00,748.0
2016-05-13 16:10:00,748.016666666667
2016-05-13 16:20:00,748.033333333333
2016-05-13 16:30:00,748.0499999999998
2016-05-13 16:40:00,748.0666666666668
2016-05-13 16:50:00,748.0833333333329
2016-05-13 17:00:00,748.1
2016-05-13 17:10:00,748.15
2016-05-13 17:20:00,748.2
2016-05-13 17:30:00,748.25
2016-05-13 17:40:00,748.2999999999998
2016-05-13 17:50:00,748.35
2016-05-13 18:00:00,748.4
2016-05-13 18:10:00,748.483333333333
2016-05-13 18:20:00,748.5666666666668
2016-05-13 18:30:00,748.65
2016-05-13 18:40:00,748.733333333333
2016-05-13 18:50:00,748.8166666666668
2016-05-13 19:00:00,748.9
2016-05-13 19:10:00,749.016666666667
2016-05-13 19:20:00,749.1333333333331
2016-05-13 19:30:00,749.25
2016-05-13 19:40:00,749.366666666667
2016-05-13 19:50:00,749.483333333333
2016-05-13 20:00:00,749.6
2016-05-13 20:10:00,749.766666666667
2016-05-13 20:20:00,749.9333333333329
2016-05-13 20:30:00,750.1
2016-05-13 20:40:00,750.266666666667
2016-05-13 20:50:00,750.4333333333329
2016-05-13 21:00:00,750.6
2016-05-13 21:10:00,750.766666666667
2016-05-13 21:20:00,750.9333333333329
2016-05-13 21:30:00,751.1
2016-05-13 21:40:00,751.266666666667
2016-05-13 21:50:00,751.4333333333329
2016-05-13 22:00:00,751.6
2016-05-13 22:10:00,751.716666666667
2016-05-13 22:20:00,751.8333333333329
2016-05-13 22:30:00,751.95
2016-05-13 22:40:00,752.0666666666668
2016-05-13 22:50:00,752.1833333333329
2016-05-13 23:00:00,752.2999999999998
2016-05-13 23:10:00,752.3833333333331
2016-05-13 23:20:00,752.466666666667
2016-05-13 23:30:00,752.5499999999998
2016-05-13 23:40:00,752.6333333333331
2016-05-13 23:50:00,752.716666666667
2016-05-14 00:00:00,752.7999999999998
2016-05-14 00:10:00,752.8833333333331
2016-05-14 00:20:00,752.966666666667
2016-05-14 00:30:00,753.0499999999998
2016-05-14 00:40:00,753.1333333333331
2016-05-14 00:50:00,753.216666666667
2016-05-14 01:00:00,753.2999999999998
2016-05-14 01:10:00,753.3833333333331
2016-05-14 01:20:00,753.466666666667
2016-05-14 01:30:00,753.5499999999998
2016-05-14 01:40:00,753.6333333333331
2016-05-14 01:50:00,753.716666666667
2016-05-14 02:00:00,753.7999999999998
2016-05-14 02:10:00,753.8333333333329
2016-05-14 02:20:00,753.866666666667
2016-05-14 02:30:00,753.9
2016-05-14 02:40:00,753.9333333333329
2016-05-14 02:50:00,753.966666666667
2016-05-14 03:00:00,754.0
2016-05-14 03:10:00,754.0499999999998
2016-05-14 03:20:00,754.1
2016-05-14 03:30:00,754.15
2016-05-14 03:40:00,754.2
2016-05-14 03:50:00,754.25
2016-05-14 04:00:00,754.2999999999998
2016-05-14 04:10:00,754.3166666666668
2016-05-14 04:20:00,754.3333333333329
2016-05-14 04:30:00,754.35
2016-05-14 04:40:00,754.366666666667
2016-05-14 04:50:00,754.3833333333331
2016-05-14 05:00:00,754.4
2016-05-14 05:10:00,754.45
2016-05-14 05:20:00,754.5
2016-05-14 05:30:00,754.5499999999998
2016-05-14 05:40:00,754.6
2016-05-14 05:50:00,754.65
2016-05-14 06:00:00,754.7
2016-05-14 06:10:00,754.766666666667
2016-05-14 06:20:00,754.8333333333329
2016-05-14 06:30:00,754.9
2016-05-14 06:40:00,754.966666666667
2016-05-14 06:50:00,755.033333333333
2016-05-14 07:00:00,755.1
2016-05-14 07:10:00,755.1666666666669
2016-05-14 07:20:00,755.233333333333
2016-05-14 07:30:00,755.2999999999998
2016-05-14 07:40:00,755.366666666667
2016-05-14 07:50:00,755.4333333333329
2016-05-14 08:00:00,755.5
2016-05-14 08:10:00,755.5499999999998
2016-05-14 08:20:00,755.6
2016-05-14 08:30:00,755.65
2016-05-14 08:40:00,755.7
2016-05-14 08:50:00,755.75
2016-05-14 09:00:00,755.7999999999998
2016-05-14 09:10:00,755.866666666667
2016-05-14 09:20:00,755.9333333333329
2016-05-14 09:30:00,756.0
2016-05-14 09:40:00,756.0666666666668
2016-05-14 09:50:00,756.1333333333331
2016-05-14 10:00:00,756.2
2016-05-14 10:10:00,756.25
2016-05-14 10:20:00,756.2999999999998
2016-05-14 10:30:00,756.35
2016-05-14 10:40:00,756.4
2016-05-14 10:50:00,756.45
2016-05-14 11:00:00,756.5
2016-05-14 11:10:00,756.5833333333329
2016-05-14 11:20:00,756.6666666666669
2016-05-14 11:30:00,756.75
2016-05-14 11:40:00,756.8333333333329
2016-05-14 11:50:00,756.9166666666669
2016-05-14 12:00:00,757.0
2016-05-14 12:10:00,757.0666666666668
2016-05-14 12:20:00,757.1333333333331
2016-05-14 12:30:00,757.2
2016-05-14 12:40:00,757.266666666667
2016-05-14 12:50:00,757.3333333333329
2016-05-14 13:00:00,757.4
2016-05-14 13:10:00,757.4
2016-05-14 13:20:00,757.4
2016-05-14 13:30:00,757.4
2016-05-14 13:40:00,757.4
2016-05-14 13:50:00,757.4
2016-05-14 14:00:00,757.4
2016-05-14 14:10:00,757.45
2016-05-14 14:20:00,757.5
2016-05-14 14:30:00,757.5499999999998
2016-05-14 14:40:00,757.6
2016-05-14 14:50:00,757.65
2016-05-14 15:00:00,757.7
2016-05-14 15:10:00,757.733333333333
2016-05-14 15:20:00,757.766666666667
2016-05-14 15:30:00,757.7999999999998
2016-05-14 15:40:00,757.8333333333329
2016-05-14 15:50:00,757.866666666667
2016-05-14 16:00:00,757.9
2016-05-14 16:10:00,757.9333333333329
2016-05-14 16:20:00,757.966666666667
2016-05-14 16:30:00,758.0
2016-05-14 16:40:00,758.033333333333
2016-05-14 16:50:00,758.0666666666668
2016-05-14 17:00:00,758.1
2016-05-14 17:10:00,758.1666666666669
2016-05-14 17:20:00,758.233333333333
2016-05-14 17:30:00,758.2999999999998
2016-05-14 17:40:00,758.366666666667
2016-05-14 17:50:00,758.4333333333329
2016-05-14 18:00:00,758.5
2016-05-14 18:10:00,758.5499999999998
2016-05-14 18:20:00,758.6
2016-05-14 18:30:00,758.65
2016-05-14 18:40:00,758.7
2016-05-14 18:50:00,758.75
2016-05-14 19:00:00,758.7999999999998
2016-05-14 19:10:00,758.85
2016-05-14 19:20:00,758.9
2016-05-14 19:30:00,758.95
2016-05-14 19:40:00,759.0
2016-05-14 19:50:00,759.0499999999998
2016-05-14 20:00:00,759.1
2016-05-14 20:10:00,759.1833333333329
2016-05-14 20:20:00,759.266666666667
2016-05-14 20:30:00,759.35
2016-05-14 20:40:00,759.4333333333329
2016-05-14 20:50:00,759.516666666667
2016-05-14 21:00:00,759.6
2016-05-14 21:10:00,759.6666666666669
2016-05-14 21:20:00,759.733333333333
2016-05-14 21:30:00,759.7999999999998
2016-05-14 21:40:00,759.866666666667
2016-05-14 21:50:00,759.9333333333329
2016-05-14 22:00:00,760.0
2016-05-14 22:10:00,760.0499999999998
2016-05-14 22:20:00,760.1
2016-05-14 22:30:00,760.15
2016-05-14 22:40:00,760.2
2016-05-14 22:50:00,760.25
2016-05-14 23:00:00,760.2999999999998
2016-05-14 23:10:00,760.3166666666668
2016-05-14 23:20:00,760.3333333333329
2016-05-14 23:30:00,760.35
2016-05-14 23:40:00,760.366666666667
2016-05-14 23:50:00,760.3833333333331
2016-05-15 00:00:00,760.4
2016-05-15 00:10:00,760.45
2016-05-15 00:20:00,760.5
2016-05-15 00:30:00,760.5499999999998
2016-05-15 00:40:00,760.6
2016-05-15 00:50:00,760.65
2016-05-15 01:00:00,760.7
2016-05-15 01:10:00,760.7
2016-05-15 01:20:00,760.7
2016-05-15 01:30:00,760.7
2016-05-15 01:40:00,760.7
2016-05-15 01:50:00,760.7
2016-05-15 02:00:00,760.7
2016-05-15 02:10:00,760.7
2016-05-15 02:20:00,760.7
2016-05-15 02:30:00,760.7
2016-05-15 02:40:00,760.7
2016-05-15 02:50:00,760.7
2016-05-15 03:00:00,760.7
2016-05-15 03:10:00,760.7
2016-05-15 03:20:00,760.7
2016-05-15 03:30:00,760.7
2016-05-15 03:40:00,760.7
2016-05-15 03:50:00,760.7
2016-05-15 04:00:00,760.7
2016-05-15 04:10:00,760.7
2016-05-15 04:20:00,760.7
2016-05-15 04:30:00,760.7
2016-05-15 04:40:00,760.7
2016-05-15 04:50:00,760.7
2016-05-15 05:00:00,760.7
2016-05-15 05:10:00,760.75
2016-05-15 05:20:00,760.7999999999998
2016-05-15 05:30:00,760.85
2016-05-15 05:40:00,760.9
2016-05-15 05:50:00,760.95
2016-05-15 06:00:00,761.0
2016-05-15 06:10:00,761.016666666667
2016-05-15 06:20:00,761.033333333333
2016-05-15 06:30:00,761.0499999999998
2016-05-15 06:40:00,761.0666666666668
2016-05-15 06:50:00,761.0833333333329
2016-05-15 07:00:00,761.1
2016-05-15 07:10:00,761.1333333333331
2016-05-15 07:20:00,761.1666666666669
2016-05-15 07:30:00,761.2
2016-05-15 07:40:00,761.233333333333
2016-05-15 07:50:00,761.266666666667
2016-05-15 08:00:00,761.2999999999998
2016-05-15 08:10:00,761.3833333333331
2016-05-15 08:20:00,761.466666666667
2016-05-15 08:30:00,761.5499999999998
2016-05-15 08:40:00,761.6333333333331
2016-05-15 08:50:00,761.716666666667
2016-05-15 09:00:00,761.7999999999998
2016-05-15 09:10:00,761.7999999999998
2016-05-15 09:20:00,761.7999999999998
2016-05-15 09:30:00,761.7999999999998
2016-05-15 09:40:00,761.7999999999998
2016-05-15 09:50:00,761.7999999999998
2016-05-15 10:00:00,761.7999999999998
2016-05-15 10:10:00,761.85
2016-05-15 10:20:00,761.9
2016-05-15 10:30:00,761.95
2016-05-15 10:40:00,762.0
2016-05-15 10:50:00,762.0499999999998
2016-05-15 11:00:00,762.1
2016-05-15 11:10:00,762.1
2016-05-15 11:20:00,762.1
2016-05-15 11:30:00,762.1
2016-05-15 11:40:00,762.1
2016-05-15 11:50:00,762.1
2016-05-15 12:00:00,762.1
2016-05-15 12:10:00,762.1
2016-05-15 12:20:00,762.1
2016-05-15 12:30:00,762.1
2016-05-15 12:40:00,762.1
2016-05-15 12:50:00,762.1
2016-05-15 13:00:00,762.1
2016-05-15 13:10:00,762.0499999999998
2016-05-15 13:20:00,762.0
2016-05-15 13:30:00,761.95
2016-05-15 13:40:00,761.9
2016-05-15 13:50:00,761.85
2016-05-15 14:00:00,761.7999999999998
2016-05-15 14:10:00,761.75
2016-05-15 14:20:00,761.7
2016-05-15 14:30:00,761.65
2016-05-15 14:40:00,761.6
2016-05-15 14:50:00,761.5499999999998
2016-05-15 15:00:00,761.5
2016-05-15 15:10:00,761.466666666667
2016-05-15 15:20:00,761.4333333333329
2016-05-15 15:30:00,761.4
2016-05-15 15:40:00,761.366666666667
2016-05-15 15:50:00,761.3333333333329
2016-05-15 16:00:00,761.2999999999998
2016-05-15 16:10:00,761.266666666667
2016-05-15 16:20:00,761.233333333333
2016-05-15 16:30:00,761.2
2016-05-15 16:40:00,761.1666666666669
2016-05-15 16:50:00,761.1333333333331
2016-05-15 17:00:00,761.1
2016-05-15 17:10:00,761.0833333333329
2016-05-15 17:20:00,761.0666666666668
2016-05-15 17:30:00,761.0499999999998
2016-05-15 17:40:00,761.033333333333
2016-05-15 17:50:00,761.016666666667
2016-05-15 18:00:00,761.0
2016-05-15 18:10:00,760.983333333333
2016-05-15 18:20:00,760.966666666667
2016-05-15 18:30:00,760.95
2016-05-15 18:40:00,760.9333333333329
2016-05-15 18:50:00,760.9166666666669
2016-05-15 19:00:00,760.9
2016-05-15 19:10:00,760.9
2016-05-15 19:20:00,760.9
2016-05-15 19:30:00,760.9
2016-05-15 19:40:00,760.9
2016-05-15 19:50:00,760.9
2016-05-15 20:00:00,760.9
2016-05-15 20:10:00,760.9333333333329
2016-05-15 20:20:00,760.966666666667
2016-05-15 20:30:00,761.0
2016-05-15 20:40:00,761.033333333333
2016-05-15 20:50:00,761.0666666666668
2016-05-15 21:00:00,761.1
2016-05-15 21:10:00,761.15
2016-05-15 21:20:00,761.2
2016-05-15 21:30:00,761.25
2016-05-15 21:40:00,761.2999999999998
2016-05-15 21:50:00,761.35
2016-05-15 22:00:00,761.4
2016-05-15 22:10:00,761.4166666666669
2016-05-15 22:20:00,761.4333333333329
2016-05-15 22:30:00,761.45
2016-05-15 22:40:00,761.466666666667
2016-05-15 22:50:00,761.483333333333
2016-05-15 23:00:00,761.5
2016-05-15 23:10:00,761.5
2016-05-15 23:20:00,761.5
2016-05-15 23:30:00,761.5
2016-05-15 23:40:00,761.5
2016-05-15 23:50:00,761.5
2016-05-16 00:00:00,761.5
2016-05-16 00:10:00,761.483333333333
2016-05-16 00:20:00,761.466666666667
2016-05-16 00:30:00,761.45
2016-05-16 00:40:00,761.4333333333329
2016-05-16 00:50:00,761.4166666666669
2016-05-16 01:00:00,761.4
2016-05-16 01:10:00,761.4
2016-05-16 01:20:00,761.4
2016-05-16 01:30:00,761.4
2016-05-16 01:40:00,761.4
2016-05-16 01:50:00,761.4
2016-05-16 02:00:00,761.4
2016-05-16 02:10:00,761.3333333333329
2016-05-16 02:20:00,761.266666666667
2016-05-16 02:30:00,761.2
2016-05-16 02:40:00,761.1333333333331
2016-05-16 02:50:00,761.0666666666668
2016-05-16 03:00:00,761.0
2016-05-16 03:10:00,760.95
2016-05-16 03:20:00,760.9
2016-05-16 03:30:00,760.85
2016-05-16 03:40:00,760.7999999999998
2016-05-16 03:50:00,760.75
2016-05-16 04:00:00,760.7
2016-05-16 04:10:00,760.7
2016-05-16 04:20:00,760.7
2016-05-16 04:30:00,760.7
2016-05-16 04:40:00,760.7
2016-05-16 04:50:00,760.7
2016-05-16 05:00:00,760.7
2016-05-16 05:10:00,760.6833333333329
2016-05-16 05:20:00,760.6666666666669
2016-05-16 05:30:00,760.65
2016-05-16 05:40:00,760.6333333333331
2016-05-16 05:50:00,760.616666666667
2016-05-16 06:00:00,760.6
2016-05-16 06:10:00,760.616666666667
2016-05-16 06:20:00,760.6333333333331
2016-05-16 06:30:00,760.65
2016-05-16 06:40:00,760.6666666666669
2016-05-16 06:50:00,760.6833333333329
2016-05-16 07:00:00,760.7
2016-05-16 07:10:00,760.733333333333
2016-05-16 07:20:00,760.766666666667
2016-05-16 07:30:00,760.7999999999998
2016-05-16 07:40:00,760.8333333333329
2016-05-16 07:50:00,760.866666666667
2016-05-16 08:00:00,760.9
2016-05-16 08:10:00,760.9333333333329
2016-05-16 08:20:00,760.966666666667
2016-05-16 08:30:00,761.0
2016-05-16 08:40:00,761.033333333333
2016-05-16 08:50:00,761.0666666666668
2016-05-16 09:00:00,761.1
2016-05-16 09:10:00,761.15
2016-05-16 09:20:00,761.2
2016-05-16 09:30:00,761.25
2016-05-16 09:40:00,761.2999999999998
2016-05-16 09:50:00,761.35
2016-05-16 10:00:00,761.4
2016-05-16 10:10:00,761.4
2016-05-16 10:20:00,761.4
2016-05-16 10:30:00,761.4
2016-05-16 10:40:00,761.4
2016-05-16 10:50:00,761.4
2016-05-16 11:00:00,761.4
2016-05-16 11:10:00,761.4
2016-05-16 11:20:00,761.4
2016-05-16 11:30:00,761.4
2016-05-16 11:40:00,761.4
2016-05-16 11:50:00,761.4
2016-05-16 12:00:00,761.4
2016-05-16 12:10:00,761.4166666666669
2016-05-16 12:20:00,761.4333333333329
2016-05-16 12:30:00,761.45
2016-05-16 12:40:00,761.466666666667
2016-05-16 12:50:00,761.483333333333
2016-05-16 13:00:00,761.5
2016-05-16 13:10:00,761.4333333333329
2016-05-16 13:20:00,761.366666666667
2016-05-16 13:30:00,761.2999999999998
2016-05-16 13:40:00,761.233333333333
2016-05-16 13:50:00,761.1666666666669
2016-05-16 14:00:00,761.1
2016-05-16 14:10:00,761.0666666666668
2016-05-16 14:20:00,761.033333333333
2016-05-16 14:30:00,761.0
2016-05-16 14:40:00,760.966666666667
2016-05-16 14:50:00,760.9333333333329
2016-05-16 15:00:00,760.9
2016-05-16 15:10:00,760.85
2016-05-16 15:20:00,760.7999999999998
2016-05-16 15:30:00,760.75
2016-05-16 15:40:00,760.7
2016-05-16 15:50:00,760.65
2016-05-16 16:00:00,760.6
2016-05-16 16:10:00,760.5499999999998
2016-05-16 16:20:00,760.5
2016-05-16 16:30:00,760.45
2016-05-16 16:40:00,760.4
2016-05-16 16:50:00,760.35
2016-05-16 17:00:00,760.2999999999998
2016-05-16 17:10:00,760.2999999999998
2016-05-16 17:20:00,760.2999999999998
2016-05-16 17:30:00,760.2999999999998
2016-05-16 17:40:00,760.2999999999998
2016-05-16 17:50:00,760.2999999999998
2016-05-16 18:00:00,760.2999999999998
2016-05-16 18:10:00,760.2999999999998
2016-05-16 18:20:00,760.2999999999998
2016-05-16 18:30:00,760.2999999999998
2016-05-16 18:40:00,760.2999999999998
2016-05-16 18:50:00,760.2999999999998
2016-05-16 19:00:00,760.2999999999998
2016-05-16 19:10:00,760.2999999999998
2016-05-16 19:20:00,760.2999999999998
2016-05-16 19:30:00,760.2999999999998
2016-05-16 19:40:00,760.2999999999998
2016-05-16 19:50:00,760.2999999999998
2016-05-16 20:00:00,760.2999999999998
2016-05-16 20:10:00,760.2999999999998
2016-05-16 20:20:00,760.2999999999998
2016-05-16 20:30:00,760.2999999999998
2016-05-16 20:40:00,760.2999999999998
2016-05-16 20:50:00,760.2999999999998
2016-05-16 21:00:00,760.2999999999998
2016-05-16 21:10:00,760.35
2016-05-16 21:20:00,760.4
2016-05-16 21:30:00,760.45
2016-05-16 21:40:00,760.5
2016-05-16 21:50:00,760.5499999999998
2016-05-16 22:00:00,760.6
2016-05-16 22:10:00,760.6
2016-05-16 22:20:00,760.6
2016-05-16 22:30:00,760.6
2016-05-16 22:40:00,760.6
2016-05-16 22:50:00,760.6
2016-05-16 23:00:00,760.6
2016-05-16 23:10:00,760.6
2016-05-16 23:20:00,760.6
2016-05-16 23:30:00,760.6
2016-05-16 23:40:00,760.6
2016-05-16 23:50:00,760.6
2016-05-17 00:00:00,760.6
2016-05-17 00:10:00,760.5499999999998
2016-05-17 00:20:00,760.5
2016-05-17 00:30:00,760.45
2016-05-17 00:40:00,760.4
2016-05-17 00:50:00,760.35
2016-05-17 01:00:00,760.2999999999998
2016-05-17 01:10:00,760.283333333333
2016-05-17 01:20:00,760.266666666667
2016-05-17 01:30:00,760.25
2016-05-17 01:40:00,760.233333333333
2016-05-17 01:50:00,760.216666666667
2016-05-17 02:00:00,760.2
2016-05-17 02:10:00,760.1666666666669
2016-05-17 02:20:00,760.1333333333331
2016-05-17 02:30:00,760.1
2016-05-17 02:40:00,760.0666666666668
2016-05-17 02:50:00,760.033333333333
2016-05-17 03:00:00,760.0
2016-05-17 03:10:00,759.9333333333329
2016-05-17 03:20:00,759.866666666667
2016-05-17 03:30:00,759.7999999999998
2016-05-17 03:40:00,759.733333333333
2016-05-17 03:50:00,759.6666666666669
2016-05-17 04:00:00,759.6
2016-05-17 04:10:00,759.533333333333
2016-05-17 04:20:00,759.466666666667
2016-05-17 04:30:00,759.4
2016-05-17 04:40:00,759.3333333333329
2016-05-17 04:50:00,759.266666666667
2016-05-17 05:00:00,759.2
2016-05-17 05:10:00,759.1333333333331
2016-05-17 05:20:00,759.0666666666668
2016-05-17 05:30:00,759.0
2016-05-17 05:40:00,758.9333333333329
2016-05-17 05:50:00,758.866666666667
2016-05-17 06:00:00,758.7999999999998
2016-05-17 06:10:00,758.783333333333
2016-05-17 06:20:00,758.766666666667
2016-05-17 06:30:00,758.75
2016-05-17 06:40:00,758.733333333333
2016-05-17 06:50:00,758.716666666667
2016-05-17 07:00:00,758.7
2016-05-17 07:10:00,758.716666666667
2016-05-17 07:20:00,758.733333333333
2016-05-17 07:30:00,758.75
2016-05-17 07:40:00,758.766666666667
2016-05-17 07:50:00,758.783333333333
2016-05-17 08:00:00,758.7999999999998
2016-05-17 08:10:00,758.8166666666668
2016-05-17 08:20:00,758.8333333333329
2016-05-17 08:30:00,758.85
2016-05-17 08:40:00,758.866666666667
2016-05-17 08:50:00,758.8833333333331
2016-05-17 09:00:00,758.9
2016-05-17 09:10:00,758.9
2016-05-17 09:20:00,758.9
2016-05-17 09:30:00,758.9
2016-05-17 09:40:00,758.9
2016-05-17 09:50:00,758.9
2016-05-17 10:00:00,758.9
2016-05-17 10:10:00,758.8833333333331
2016-05-17 10:20:00,758.866666666667
2016-05-17 10:30:00,758.85
2016-05-17 10:40:00,758.8333333333329
2016-05-17 10:50:00,758.8166666666668
2016-05-17 11:00:00,758.7999999999998
2016-05-17 11:10:00,758.783333333333
2016-05-17 11:20:00,758.766666666667
2016-05-17 11:30:00,758.75
2016-05-17 11:40:00,758.733333333333
2016-05-17 11:50:00,758.716666666667
2016-05-17 12:00:00,758.7
2016-05-17 12:10:00,758.6666666666669
2016-05-17 12:20:00,758.6333333333331
2016-05-17 12:30:00,758.6
2016-05-17 12:40:00,758.5666666666668
2016-05-17 12:50:00,758.533333333333
2016-05-17 13:00:00,758.5
2016-05-17 13:10:00,758.45
2016-05-17 13:20:00,758.4
2016-05-17 13:30:00,758.35
2016-05-17 13:40:00,758.2999999999998
2016-05-17 13:50:00,758.25
2016-05-17 14:00:00,758.2
2016-05-17 14:10:00,758.1666666666669
2016-05-17 14:20:00,758.1333333333331
2016-05-17 14:30:00,758.1
2016-05-17 14:40:00,758.0666666666668
2016-05-17 14:50:00,758.033333333333
2016-05-17 15:00:00,758.0
2016-05-17 15:10:00,757.9555555555559
2016-05-17 15:20:00,757.911111111111
2016-05-17 15:30:00,757.866666666667
2016-05-17 15:40:00,757.822222222222
2016-05-17 15:50:00,757.7777777777779
2016-05-17 16:00:00,757.733333333333
2016-05-17 16:10:00,757.688888888889
2016-05-17 16:20:00,757.644444444444
2016-05-17 16:30:00,757.6
2016-05-17 16:40:00,757.555555555556
2016-05-17 16:50:00,757.5111111111108
2016-05-17 17:00:00,757.466666666667
2016-05-17 17:10:00,757.4222222222221
2016-05-17 17:20:00,757.377777777778
2016-05-17 17:30:00,757.3333333333329
2016-05-17 17:40:00,757.288888888889
2016-05-17 17:50:00,757.2444444444438
2016-05-17 18:00:00,757.2
2016-05-17 18:10:00,757.155555555556
2016-05-17 18:20:00,757.1111111111109
2016-05-17 18:30:00,757.0666666666668
2016-05-17 18:40:00,757.0222222222221
2016-05-17 18:50:00,756.9777777777781
2016-05-17 19:00:00,756.9333333333329
2016-05-17 19:10:00,756.8888888888889
2016-05-17 19:20:00,756.8444444444439
2016-05-17 19:30:00,756.7999999999998
2016-05-17 19:40:00,756.755555555556
2016-05-17 19:50:00,756.711111111111
2016-05-17 20:00:00,756.6666666666669
2016-05-17 20:10:00,756.622222222222
2016-05-17 20:20:00,756.5777777777779
2016-05-17 20:30:00,756.533333333333
2016-05-17 20:40:00,756.4888888888889
2016-05-17 20:50:00,756.444444444444
2016-05-17 21:00:00,756.4
2016-05-17 21:10:00,756.4166666666669
2016-05-17 21:20:00,756.4333333333329
2016-05-17 21:30:00,756.45
2016-05-17 21:40:00,756.466666666667
2016-05-17 21:50:00,756.483333333333
2016-05-17 22:00:00,756.5
2016-05-17 22:10:00,756.466666666667
2016-05-17 22:20:00,756.4333333333329
2016-05-17 22:30:00,756.4
2016-05-17 22:40:00,756.366666666667
2016-05-17 22:50:00,756.3333333333329
2016-05-17 23:00:00,756.2999999999998
2016-05-17 23:10:00,756.283333333333
2016-05-17 23:20:00,756.266666666667
2016-05-17 23:30:00,756.25
2016-05-17 23:40:00,756.233333333333
2016-05-17 23:50:00,756.216666666667
2016-05-18 00:00:00,756.2
2016-05-18 00:10:00,756.15
2016-05-18 00:20:00,756.1
2016-05-18 00:30:00,756.0499999999998
2016-05-18 00:40:00,756.0
2016-05-18 00:50:00,755.95
2016-05-18 01:00:00,755.9
2016-05-18 01:10:00,755.8333333333329
2016-05-18 01:20:00,755.766666666667
2016-05-18 01:30:00,755.7
2016-05-18 01:40:00,755.6333333333331
2016-05-18 01:50:00,755.5666666666668
2016-05-18 02:00:00,755.5
2016-05-18 02:10:00,755.45
2016-05-18 02:20:00,755.4
2016-05-18 02:30:00,755.35
2016-05-18 02:40:00,755.2999999999998
2016-05-18 02:50:00,755.25
2016-05-18 03:00:00,755.2
2016-05-18 03:10:00,755.1
2016-05-18 03:20:00,755.0
2016-05-18 03:30:00,754.9
2016-05-18 03:40:00,754.7999999999998
2016-05-18 03:50:00,754.7
2016-05-18 04:00:00,754.6
2016-05-18 04:10:00,754.5
2016-05-18 04:20:00,754.4
2016-05-18 04:30:00,754.2999999999998
2016-05-18 04:40:00,754.2
2016-05-18 04:50:00,754.1
2016-05-18 05:00:00,754.0
2016-05-18 05:10:00,753.9333333333329
2016-05-18 05:20:00,753.866666666667
2016-05-18 05:30:00,753.7999999999998
2016-05-18 05:40:00,753.733333333333
2016-05-18 05:50:00,753.6666666666669
2016-05-18 06:00:00,753.6
2016-05-18 06:10:00,753.533333333333
2016-05-18 06:20:00,753.466666666667
2016-05-18 06:30:00,753.4
2016-05-18 06:40:00,753.3333333333329
2016-05-18 06:50:00,753.266666666667
2016-05-18 07:00:00,753.2
2016-05-18 07:10:00,753.1333333333331
2016-05-18 07:20:00,753.0666666666668
2016-05-18 07:30:00,753.0
2016-05-18 07:40:00,752.9333333333329
2016-05-18 07:50:00,752.866666666667
2016-05-18 08:00:00,752.7999999999998
2016-05-18 08:10:00,752.75
2016-05-18 08:20:00,752.7
2016-05-18 08:30:00,752.65
2016-05-18 08:40:00,752.6
2016-05-18 08:50:00,752.5499999999998
2016-05-18 09:00:00,752.5
2016-05-18 09:10:00,752.4333333333329
2016-05-18 09:20:00,752.366666666667
2016-05-18 09:30:00,752.2999999999998
2016-05-18 09:40:00,752.233333333333
2016-05-18 09:50:00,752.1666666666669
2016-05-18 10:00:00,752.1
2016-05-18 10:10:00,752.016666666667
2016-05-18 10:20:00,751.9333333333329
2016-05-18 10:30:00,751.85
2016-05-18 10:40:00,751.766666666667
2016-05-18 10:50:00,751.6833333333329
2016-05-18 11:00:00,751.6
2016-05-18 11:10:00,751.5499999999998
2016-05-18 11:20:00,751.5
2016-05-18 11:30:00,751.45
2016-05-18 11:40:00,751.4
2016-05-18 11:50:00,751.35
2016-05-18 12:00:00,751.2999999999998
2016-05-18 12:10:00,751.2
2016-05-18 12:20:00,751.1
2016-05-18 12:30:00,751.0
2016-05-18 12:40:00,750.9
2016-05-18 12:50:00,750.7999999999998
2016-05-18 13:00:00,750.7
2016-05-18 13:10:00,750.616666666667
2016-05-18 13:20:00,750.533333333333
2016-05-18 13:30:00,750.45
2016-05-18 13:40:00,750.366666666667
2016-05-18 13:50:00,750.283333333333
2016-05-18 14:00:00,750.2
2016-05-18 14:10:00,750.1333333333331
2016-05-18 14:20:00,750.0666666666668
2016-05-18 14:30:00,750.0
2016-05-18 14:40:00,749.9333333333329
2016-05-18 14:50:00,749.866666666667
2016-05-18 15:00:00,749.7999999999998
2016-05-18 15:10:00,749.766666666667
2016-05-18 15:20:00,749.733333333333
2016-05-18 15:30:00,749.7
2016-05-18 15:40:00,749.6666666666669
2016-05-18 15:50:00,749.6333333333331
2016-05-18 16:00:00,749.6
2016-05-18 16:10:00,749.533333333333
2016-05-18 16:20:00,749.466666666667
2016-05-18 16:30:00,749.4
2016-05-18 16:40:00,749.3333333333329
2016-05-18 16:50:00,749.266666666667
2016-05-18 17:00:00,749.2
2016-05-18 17:10:00,749.15
2016-05-18 17:20:00,749.1
2016-05-18 17:30:00,749.0499999999998
2016-05-18 17:40:00,749.0
2016-05-18 17:50:00,748.95
2016-05-18 18:00:00,748.9
2016-05-18 18:10:00,748.9
2016-05-18 18:20:00,748.9
2016-05-18 18:30:00,748.9
2016-05-18 18:40:00,748.9
2016-05-18 18:50:00,748.9
2016-05-18 19:00:00,748.9
2016-05-18 19:10:00,748.8333333333329
2016-05-18 19:20:00,748.766666666667
2016-05-18 19:30:00,748.7
2016-05-18 19:40:00,748.6333333333331
2016-05-18 19:50:00,748.5666666666668
2016-05-18 20:00:00,748.5
2016-05-18 20:10:00,748.466666666667
2016-05-18 20:20:00,748.4333333333329
2016-05-18 20:30:00,748.4
2016-05-18 20:40:00,748.366666666667
2016-05-18 20:50:00,748.3333333333329
2016-05-18 21:00:00,748.2999999999998
2016-05-18 21:10:00,748.3833333333331
2016-05-18 21:20:00,748.466666666667
2016-05-18 21:30:00,748.5499999999998
2016-05-18 21:40:00,748.6333333333331
2016-05-18 21:50:00,748.716666666667
2016-05-18 22:00:00,748.7999999999998
2016-05-18 22:10:00,748.8166666666668
2016-05-18 22:20:00,748.8333333333329
2016-05-18 22:30:00,748.85
2016-05-18 22:40:00,748.866666666667
2016-05-18 22:50:00,748.8833333333331
2016-05-18 23:00:00,748.9
2016-05-18 23:10:00,748.9333333333329
2016-05-18 23:20:00,748.966666666667
2016-05-18 23:30:00,749.0
2016-05-18 23:40:00,749.033333333333
2016-05-18 23:50:00,749.0666666666668
2016-05-19 00:00:00,749.1
2016-05-19 00:10:00,749.116666666667
2016-05-19 00:20:00,749.1333333333331
2016-05-19 00:30:00,749.15
2016-05-19 00:40:00,749.1666666666669
2016-05-19 00:50:00,749.1833333333329
2016-05-19 01:00:00,749.2
2016-05-19 01:10:00,749.1833333333329
2016-05-19 01:20:00,749.1666666666669
2016-05-19 01:30:00,749.15
2016-05-19 01:40:00,749.1333333333331
2016-05-19 01:50:00,749.116666666667
2016-05-19 02:00:00,749.1
2016-05-19 02:10:00,749.116666666667
2016-05-19 02:20:00,749.1333333333331
2016-05-19 02:30:00,749.15
2016-05-19 02:40:00,749.1666666666669
2016-05-19 02:50:00,749.1833333333329
2016-05-19 03:00:00,749.2
2016-05-19 03:10:00,749.233333333333
2016-05-19 03:20:00,749.266666666667
2016-05-19 03:30:00,749.2999999999998
2016-05-19 03:40:00,749.3333333333329
2016-05-19 03:50:00,749.366666666667
2016-05-19 04:00:00,749.4
2016-05-19 04:10:00,749.4333333333329
2016-05-19 04:20:00,749.466666666667
2016-05-19 04:30:00,749.5
2016-05-19 04:40:00,749.533333333333
2016-05-19 04:50:00,749.5666666666668
2016-05-19 05:00:00,749.6
2016-05-19 05:10:00,749.6666666666669
2016-05-19 05:20:00,749.733333333333
2016-05-19 05:30:00,749.7999999999998
2016-05-19 05:40:00,749.866666666667
2016-05-19 05:50:00,749.9333333333329
2016-05-19 06:00:00,750.0
2016-05-19 06:10:00,750.1
2016-05-19 06:20:00,750.2
2016-05-19 06:30:00,750.2999999999998
2016-05-19 06:40:00,750.4
2016-05-19 06:50:00,750.5
2016-05-19 07:00:00,750.6
2016-05-19 07:10:00,750.716666666667
2016-05-19 07:20:00,750.8333333333329
2016-05-19 07:30:00,750.95
2016-05-19 07:40:00,751.0666666666668
2016-05-19 07:50:00,751.1833333333329
2016-05-19 08:00:00,751.2999999999998
2016-05-19 08:10:00,751.4249999999998
2016-05-19 08:20:00,751.5499999999998
2016-05-19 08:30:00,751.6749999999998
2016-05-19 08:40:00,751.7999999999998
2016-05-19 08:50:00,751.9249999999998
2016-05-19 09:00:00,752.0499999999998
2016-05-19 09:10:00,752.1749999999998
2016-05-19 09:20:00,752.2999999999998
2016-05-19 09:30:00,752.4249999999998
2016-05-19 09:40:00,752.5499999999998
2016-05-19 09:50:00,752.6749999999998
2016-05-19 10:00:00,752.7999999999998
2016-05-19 10:10:00,752.9
2016-05-19 10:20:00,753.0
2016-05-19 10:30:00,753.1
2016-05-19 10:40:00,753.2
2016-05-19 10:50:00,753.2999999999998
2016-05-19 11:00:00,753.4
2016-05-19 11:10:00,753.5
2016-05-19 11:20:00,753.6
2016-05-19 11:30:00,753.7
2016-05-19 11:40:00,753.7999999999998
2016-05-19 11:50:00,753.9
2016-05-19 12:00:00,754.0
2016-05-19 12:10:00,754.1
2016-05-19 12:20:00,754.2
2016-05-19 12:30:00,754.2999999999998
2016-05-19 12:40:00,754.4
2016-05-19 12:50:00,754.5
2016-05-19 13:00:00,754.6
2016-05-19 13:10:00,754.6
2016-05-19 13:20:00,754.6
2016-05-19 13:30:00,754.6
2016-05-19 13:40:00,754.6
2016-05-19 13:50:00,754.6
2016-05-19 14:00:00,754.6
2016-05-19 14:10:00,754.6666666666669
2016-05-19 14:20:00,754.733333333333
2016-05-19 14:30:00,754.7999999999998
2016-05-19 14:40:00,754.866666666667
2016-05-19 14:50:00,754.9333333333329
2016-05-19 15:00:00,755.0
2016-05-19 15:10:00,755.0499999999998
2016-05-19 15:20:00,755.1
2016-05-19 15:30:00,755.15
2016-05-19 15:40:00,755.2
2016-05-19 15:50:00,755.25
2016-05-19 16:00:00,755.2999999999998
2016-05-19 16:10:00,755.3333333333329
2016-05-19 16:20:00,755.366666666667
2016-05-19 16:30:00,755.4
2016-05-19 16:40:00,755.4333333333329
2016-05-19 16:50:00,755.466666666667
2016-05-19 17:00:00,755.5
2016-05-19 17:10:00,755.533333333333
2016-05-19 17:20:00,755.5666666666668
2016-05-19 17:30:00,755.6
2016-05-19 17:40:00,755.6333333333331
2016-05-19 17:50:00,755.6666666666669
2016-05-19 18:00:00,755.7
2016-05-19 18:10:00,755.733333333333
2016-05-19 18:20:00,755.766666666667
2016-05-19 18:30:00,755.7999999999998
2016-05-19 18:40:00,755.8333333333329
2016-05-19 18:50:00,755.866666666667
2016-05-19 19:00:00,755.9
2016-05-19 19:10:00,756.016666666667
2016-05-19 19:20:00,756.1333333333331
2016-05-19 19:30:00,756.25
2016-05-19 19:40:00,756.366666666667
2016-05-19 19:50:00,756.483333333333
2016-05-19 20:00:00,756.6
2016-05-19 20:10:00,756.6666666666669
2016-05-19 20:20:00,756.733333333333
2016-05-19 20:30:00,756.7999999999998
2016-05-19 20:40:00,756.866666666667
2016-05-19 20:50:00,756.9333333333329
2016-05-19 21:00:00,757.0
2016-05-19 21:10:00,757.1
2016-05-19 21:20:00,757.2
2016-05-19 21:30:00,757.2999999999998
2016-05-19 21:40:00,757.4
2016-05-19 21:50:00,757.5
2016-05-19 22:00:00,757.6
2016-05-19 22:10:00,757.6333333333331
2016-05-19 22:20:00,757.6666666666669
2016-05-19 22:30:00,757.7
2016-05-19 22:40:00,757.733333333333
2016-05-19 22:50:00,757.766666666667
2016-05-19 23:00:00,757.7999999999998
2016-05-19 23:10:00,757.783333333333
2016-05-19 23:20:00,757.766666666667
2016-05-19 23:30:00,757.75
2016-05-19 23:40:00,757.733333333333
2016-05-19 23:50:00,757.716666666667
2016-05-20 00:00:00,757.7
2016-05-20 00:10:00,757.733333333333
2016-05-20 00:20:00,757.766666666667
2016-05-20 00:30:00,757.7999999999998
2016-05-20 00:40:00,757.8333333333329
2016-05-20 00:50:00,757.866666666667
2016-05-20 01:00:00,757.9
2016-05-20 01:10:00,757.8833333333331
2016-05-20 01:20:00,757.866666666667
2016-05-20 01:30:00,757.85
2016-05-20 01:40:00,757.8333333333329
2016-05-20 01:50:00,757.8166666666668
2016-05-20 02:00:00,757.7999999999998
2016-05-20 02:10:00,757.783333333333
2016-05-20 02:20:00,757.766666666667
2016-05-20 02:30:00,757.75
2016-05-20 02:40:00,757.733333333333
2016-05-20 02:50:00,757.716666666667
2016-05-20 03:00:00,757.7
2016-05-20 03:10:00,757.7
2016-05-20 03:20:00,757.7
2016-05-20 03:30:00,757.7
2016-05-20 03:40:00,757.7
2016-05-20 03:50:00,757.7
2016-05-20 04:00:00,757.7
2016-05-20 04:10:00,757.65
2016-05-20 04:20:00,757.6
2016-05-20 04:30:00,757.5499999999998
2016-05-20 04:40:00,757.5
2016-05-20 04:50:00,757.45
2016-05-20 05:00:00,757.4
2016-05-20 05:10:00,757.3833333333331
2016-05-20 05:20:00,757.366666666667
2016-05-20 05:30:00,757.35
2016-05-20 05:40:00,757.3333333333329
2016-05-20 05:50:00,757.3166666666668
2016-05-20 06:00:00,757.2999999999998
2016-05-20 06:10:00,757.35
2016-05-20 06:20:00,757.4
2016-05-20 06:30:00,757.45
2016-05-20 06:40:00,757.5
2016-05-20 06:50:00,757.5499999999998
2016-05-20 07:00:00,757.6
2016-05-20 07:10:00,757.616666666667
2016-05-20 07:20:00,757.6333333333331
2016-05-20 07:30:00,757.65
2016-05-20 07:40:00,757.6666666666669
2016-05-20 07:50:00,757.6833333333329
2016-05-20 08:00:00,757.7
2016-05-20 08:10:00,757.716666666667
2016-05-20 08:20:00,757.733333333333
2016-05-20 08:30:00,757.75
2016-05-20 08:40:00,757.766666666667
2016-05-20 08:50:00,757.783333333333
2016-05-20 09:00:00,757.7999999999998
2016-05-20 09:10:00,757.8333333333329
2016-05-20 09:20:00,757.866666666667
2016-05-20 09:30:00,757.9
2016-05-20 09:40:00,757.9333333333329
2016-05-20 09:50:00,757.966666666667
2016-05-20 10:00:00,758.0
2016-05-20 10:10:00,758.016666666667
2016-05-20 10:20:00,758.033333333333
2016-05-20 10:30:00,758.0499999999998
2016-05-20 10:40:00,758.0666666666668
2016-05-20 10:50:00,758.0833333333329
2016-05-20 11:00:00,758.1
2016-05-20 11:10:00,758.15
2016-05-20 11:20:00,758.2
2016-05-20 11:30:00,758.25
2016-05-20 11:40:00,758.2999999999998
2016-05-20 11:50:00,758.35
2016-05-20 12:00:00,758.4
2016-05-20 12:10:00,758.4166666666669
2016-05-20 12:20:00,758.4333333333329
2016-05-20 12:30:00,758.45
2016-05-20 12:40:00,758.466666666667
2016-05-20 12:50:00,758.483333333333
2016-05-20 13:00:00,758.5
2016-05-20 13:10:00,758.483333333333
2016-05-20 13:20:00,758.466666666667
2016-05-20 13:30:00,758.45
2016-05-20 13:40:00,758.4333333333329
2016-05-20 13:50:00,758.4166666666669
2016-05-20 14:00:00,758.4
2016-05-20 14:10:00,758.3833333333331
2016-05-20 14:20:00,758.366666666667
2016-05-20 14:30:00,758.35
2016-05-20 14:40:00,758.3333333333329
2016-05-20 14:50:00,758.3166666666668
2016-05-20 15:00:00,758.2999999999998
2016-05-20 15:10:00,758.2999999999998
2016-05-20 15:20:00,758.2999999999998
2016-05-20 15:30:00,758.2999999999998
2016-05-20 15:40:00,758.2999999999998
2016-05-20 15:50:00,758.2999999999998
2016-05-20 16:00:00,758.2999999999998
2016-05-20 16:10:00,758.25
2016-05-20 16:20:00,758.2
2016-05-20 16:30:00,758.15
2016-05-20 16:40:00,758.1
2016-05-20 16:50:00,758.0499999999998
2016-05-20 17:00:00,758.0
2016-05-20 17:10:00,758.016666666667
2016-05-20 17:20:00,758.033333333333
2016-05-20 17:30:00,758.0499999999998
2016-05-20 17:40:00,758.0666666666668
2016-05-20 17:50:00,758.0833333333329
2016-05-20 18:00:00,758.1
2016-05-20 18:10:00,758.0833333333329
2016-05-20 18:20:00,758.0666666666668
2016-05-20 18:30:00,758.0499999999998
2016-05-20 18:40:00,758.033333333333
2016-05-20 18:50:00,758.016666666667
2016-05-20 19:00:00,758.0
2016-05-20 19:10:00,758.016666666667
2016-05-20 19:20:00,758.033333333333
2016-05-20 19:30:00,758.0499999999998
2016-05-20 19:40:00,758.0666666666668
2016-05-20 19:50:00,758.0833333333329
2016-05-20 20:00:00,758.1
2016-05-20 20:10:00,758.1
2016-05-20 20:20:00,758.1
2016-05-20 20:30:00,758.1
2016-05-20 20:40:00,758.1
2016-05-20 20:50:00,758.1
2016-05-20 21:00:00,758.1
2016-05-20 21:10:00,758.1333333333331
2016-05-20 21:20:00,758.1666666666669
2016-05-20 21:30:00,758.2
2016-05-20 21:40:00,758.233333333333
2016-05-20 21:50:00,758.266666666667
2016-05-20 22:00:00,758.2999999999998
2016-05-20 22:10:00,758.2999999999998
2016-05-20 22:20:00,758.2999999999998
2016-05-20 22:30:00,758.2999999999998
2016-05-20 22:40:00,758.2999999999998
2016-05-20 22:50:00,758.2999999999998
2016-05-20 23:00:00,758.2999999999998
2016-05-20 23:10:00,758.25
2016-05-20 23:20:00,758.2
2016-05-20 23:30:00,758.15
2016-05-20 23:40:00,758.1
2016-05-20 23:50:00,758.0499999999998
2016-05-21 00:00:00,758.0
2016-05-21 00:10:00,757.95
2016-05-21 00:20:00,757.9
2016-05-21 00:30:00,757.85
2016-05-21 00:40:00,757.7999999999998
2016-05-21 00:50:00,757.75
2016-05-21 01:00:00,757.7
2016-05-21 01:10:00,757.616666666667
2016-05-21 01:20:00,757.533333333333
2016-05-21 01:30:00,757.45
2016-05-21 01:40:00,757.366666666667
2016-05-21 01:50:00,757.283333333333
2016-05-21 02:00:00,757.2
2016-05-21 02:10:00,757.15
2016-05-21 02:20:00,757.1
2016-05-21 02:30:00,757.0499999999998
2016-05-21 02:40:00,757.0
2016-05-21 02:50:00,756.95
2016-05-21 03:00:00,756.9
2016-05-21 03:10:00,756.85
2016-05-21 03:20:00,756.7999999999998
2016-05-21 03:30:00,756.75
2016-05-21 03:40:00,756.7
2016-05-21 03:50:00,756.65
2016-05-21 04:00:00,756.6
2016-05-21 04:10:00,756.5666666666668
2016-05-21 04:20:00,756.533333333333
2016-05-21 04:30:00,756.5
2016-05-21 04:40:00,756.466666666667
2016-05-21 04:50:00,756.4333333333329
2016-05-21 05:00:00,756.4
2016-05-21 05:10:00,756.4
2016-05-21 05:20:00,756.4
2016-05-21 05:30:00,756.4
2016-05-21 05:40:00,756.4
2016-05-21 05:50:00,756.4
2016-05-21 06:00:00,756.4
2016-05-21 06:10:00,756.4166666666669
2016-05-21 06:20:00,756.4333333333329
2016-05-21 06:30:00,756.45
2016-05-21 06:40:00,756.466666666667
2016-05-21 06:50:00,756.483333333333
2016-05-21 07:00:00,756.5
2016-05-21 07:10:00,756.466666666667
2016-05-21 07:20:00,756.4333333333329
2016-05-21 07:30:00,756.4
2016-05-21 07:40:00,756.366666666667
2016-05-21 07:50:00,756.3333333333329
2016-05-21 08:00:00,756.2999999999998
2016-05-21 08:10:00,756.3166666666668
2016-05-21 08:20:00,756.3333333333329
2016-05-21 08:30:00,756.35
2016-05-21 08:40:00,756.366666666667
2016-05-21 08:50:00,756.3833333333331
2016-05-21 09:00:00,756.4
2016-05-21 09:10:00,756.3833333333331
2016-05-21 09:20:00,756.366666666667
2016-05-21 09:30:00,756.35
2016-05-21 09:40:00,756.3333333333329
2016-05-21 09:50:00,756.3166666666668
2016-05-21 10:00:00,756.2999999999998
2016-05-21 10:10:00,756.266666666667
2016-05-21 10:20:00,756.233333333333
2016-05-21 10:30:00,756.2
2016-05-21 10:40:00,756.1666666666669
2016-05-21 10:50:00,756.1333333333331
2016-05-21 11:00:00,756.1
2016-05-21 11:10:00,756.033333333333
2016-05-21 11:20:00,755.966666666667
2016-05-21 11:30:00,755.9
2016-05-21 11:40:00,755.8333333333329
2016-05-21 11:50:00,755.766666666667
2016-05-21 12:00:00,755.7
2016-05-21 12:10:00,755.616666666667
2016-05-21 12:20:00,755.533333333333
2016-05-21 12:30:00,755.45
2016-05-21 12:40:00,755.366666666667
2016-05-21 12:50:00,755.283333333333
2016-05-21 13:00:00,755.2
2016-05-21 13:10:00,755.1666666666669
2016-05-21 13:20:00,755.1333333333331
2016-05-21 13:30:00,755.1
2016-05-21 13:40:00,755.0666666666668
2016-05-21 13:50:00,755.033333333333
2016-05-21 14:00:00,755.0
2016-05-21 14:10:00,754.966666666667
2016-05-21 14:20:00,754.9333333333329
2016-05-21 14:30:00,754.9
2016-05-21 14:40:00,754.866666666667
2016-05-21 14:50:00,754.8333333333329
2016-05-21 15:00:00,754.7999999999998
2016-05-21 15:10:00,754.716666666667
2016-05-21 15:20:00,754.6333333333331
2016-05-21 15:30:00,754.5499999999998
2016-05-21 15:40:00,754.466666666667
2016-05-21 15:50:00,754.3833333333331
2016-05-21 16:00:00,754.2999999999998
2016-05-21 16:10:00,754.25
2016-05-21 16:20:00,754.2
2016-05-21 16:30:00,754.15
2016-05-21 16:40:00,754.1
2016-05-21 16:50:00,754.0499999999998
2016-05-21 17:00:00,754.0
2016-05-21 17:10:00,753.9333333333329
2016-05-21 17:20:00,753.866666666667
2016-05-21 17:30:00,753.7999999999998
2016-05-21 17:40:00,753.733333333333
2016-05-21 17:50:00,753.6666666666669
2016-05-21 18:00:00,753.6
2016-05-21 18:10:00,753.5499999999998
2016-05-21 18:20:00,753.5
2016-05-21 18:30:00,753.45
2016-05-21 18:40:00,753.4
2016-05-21 18:50:00,753.35
2016-05-21 19:00:00,753.2999999999998
2016-05-21 19:10:00,753.216666666667
2016-05-21 19:20:00,753.1333333333331
2016-05-21 19:30:00,753.0499999999998
2016-05-21 19:40:00,752.966666666667
2016-05-21 19:50:00,752.8833333333331
2016-05-21 20:00:00,752.7999999999998
2016-05-21 20:10:00,752.85
2016-05-21 20:20:00,752.9
2016-05-21 20:30:00,752.95
2016-05-21 20:40:00,753.0
2016-05-21 20:50:00,753.0499999999998
2016-05-21 21:00:00,753.1
2016-05-21 21:10:00,753.0499999999998
2016-05-21 21:20:00,753.0
2016-05-21 21:30:00,752.95
2016-05-21 21:40:00,752.9
2016-05-21 21:50:00,752.85
2016-05-21 22:00:00,752.7999999999998
2016-05-21 22:10:00,752.6833333333329
2016-05-21 22:20:00,752.5666666666668
2016-05-21 22:30:00,752.45
2016-05-21 22:40:00,752.3333333333329
2016-05-21 22:50:00,752.216666666667
2016-05-21 23:00:00,752.1
2016-05-21 23:10:00,752.0833333333329
2016-05-21 23:20:00,752.0666666666668
2016-05-21 23:30:00,752.0499999999998
2016-05-21 23:40:00,752.033333333333
2016-05-21 23:50:00,752.016666666667
2016-05-22 00:00:00,752.0
2016-05-22 00:10:00,751.8833333333331
2016-05-22 00:20:00,751.766666666667
2016-05-22 00:30:00,751.65
2016-05-22 00:40:00,751.533333333333
2016-05-22 00:50:00,751.4166666666669
2016-05-22 01:00:00,751.2999999999998
2016-05-22 01:10:00,751.1833333333329
2016-05-22 01:20:00,751.0666666666668
2016-05-22 01:30:00,750.95
2016-05-22 01:40:00,750.8333333333329
2016-05-22 01:50:00,750.716666666667
2016-05-22 02:00:00,750.6
2016-05-22 02:10:00,750.533333333333
2016-05-22 02:20:00,750.466666666667
2016-05-22 02:30:00,750.4
2016-05-22 02:40:00,750.3333333333329
2016-05-22 02:50:00,750.266666666667
2016-05-22 03:00:00,750.2
2016-05-22 03:10:00,750.016666666667
2016-05-22 03:20:00,749.8333333333329
2016-05-22 03:30:00,749.65
2016-05-22 03:40:00,749.466666666667
2016-05-22 03:50:00,749.283333333333
2016-05-22 04:00:00,749.1
2016-05-22 04:10:00,749.25
2016-05-22 04:20:00,749.4
2016-05-22 04:30:00,749.5499999999998
2016-05-22 04:40:00,749.7
2016-05-22 04:50:00,749.85
2016-05-22 05:00:00,750.0
2016-05-22 05:10:00,749.8333333333329
2016-05-22 05:20:00,749.6666666666669
2016-05-22 05:30:00,749.5
2016-05-22 05:40:00,749.3333333333329
2016-05-22 05:50:00,749.1666666666669
2016-05-22 06:00:00,749.0
2016-05-22 06:10:00,749.1666666666669
2016-05-22 06:20:00,749.3333333333329
2016-05-22 06:30:00,749.5
2016-05-22 06:40:00,749.6666666666669
2016-05-22 06:50:00,749.8333333333329
2016-05-22 07:00:00,750.0
2016-05-22 07:10:00,750.016666666667
2016-05-22 07:20:00,750.033333333333
2016-05-22 07:30:00,750.0499999999998
2016-05-22 07:40:00,750.0666666666668
2016-05-22 07:50:00,750.0833333333329
2016-05-22 08:00:00,750.1
2016-05-22 08:10:00,750.116666666667
2016-05-22 08:20:00,750.1333333333331
2016-05-22 08:30:00,750.15
2016-05-22 08:40:00,750.1666666666669
2016-05-22 08:50:00,750.1833333333329
2016-05-22 09:00:00,750.2
2016-05-22 09:10:00,750.266666666667
2016-05-22 09:20:00,750.3333333333329
2016-05-22 09:30:00,750.4
2016-05-22 09:40:00,750.466666666667
2016-05-22 09:50:00,750.533333333333
2016-05-22 10:00:00,750.6
2016-05-22 10:10:00,750.6333333333331
2016-05-22 10:20:00,750.6666666666669
2016-05-22 10:30:00,750.7
2016-05-22 10:40:00,750.733333333333
2016-05-22 10:50:00,750.766666666667
2016-05-22 11:00:00,750.7999999999998
2016-05-22 11:10:00,750.766666666667
2016-05-22 11:20:00,750.733333333333
2016-05-22 11:30:00,750.7
2016-05-22 11:40:00,750.6666666666669
2016-05-22 11:50:00,750.6333333333331
2016-05-22 12:00:00,750.6
2016-05-22 12:10:00,750.6
2016-05-22 12:20:00,750.6
2016-05-22 12:30:00,750.6
2016-05-22 12:40:00,750.6
2016-05-22 12:50:00,750.6
2016-05-22 13:00:00,750.6
2016-05-22 13:10:00,750.5499999999998
2016-05-22 13:20:00,750.5
2016-05-22 13:30:00,750.45
2016-05-22 13:40:00,750.4
2016-05-22 13:50:00,750.35
2016-05-22 14:00:00,750.2999999999998
2016-05-22 14:10:00,750.283333333333
2016-05-22 14:20:00,750.266666666667
2016-05-22 14:30:00,750.25
2016-05-22 14:40:00,750.233333333333
2016-05-22 14:50:00,750.216666666667
2016-05-22 15:00:00,750.2
2016-05-22 15:10:00,750.2
2016-05-22 15:20:00,750.2
2016-05-22 15:30:00,750.2
2016-05-22 15:40:00,750.2
2016-05-22 15:50:00,750.2
2016-05-22 16:00:00,750.2
2016-05-22 16:10:00,750.2
2016-05-22 16:20:00,750.2
2016-05-22 16:30:00,750.2
2016-05-22 16:40:00,750.2
2016-05-22 16:50:00,750.2
2016-05-22 17:00:00,750.2
2016-05-22 17:10:00,750.1666666666669
2016-05-22 17:20:00,750.1333333333331
2016-05-22 17:30:00,750.1
2016-05-22 17:40:00,750.0666666666668
2016-05-22 17:50:00,750.033333333333
2016-05-22 18:00:00,750.0
2016-05-22 18:10:00,749.983333333333
2016-05-22 18:20:00,749.966666666667
2016-05-22 18:30:00,749.95
2016-05-22 18:40:00,749.9333333333329
2016-05-22 18:50:00,749.9166666666669
2016-05-22 19:00:00,749.9
2016-05-22 19:10:00,749.9166666666669
2016-05-22 19:20:00,749.9333333333329
2016-05-22 19:30:00,749.95
2016-05-22 19:40:00,749.966666666667
2016-05-22 19:50:00,749.983333333333
2016-05-22 20:00:00,750.0
2016-05-22 20:10:00,750.0666666666668
2016-05-22 20:20:00,750.1333333333331
2016-05-22 20:30:00,750.2
2016-05-22 20:40:00,750.266666666667
2016-05-22 20:50:00,750.3333333333329
2016-05-22 21:00:00,750.4
2016-05-22 21:10:00,750.5499999999998
2016-05-22 21:20:00,750.7
2016-05-22 21:30:00,750.85
2016-05-22 21:40:00,751.0
2016-05-22 21:50:00,751.15
2016-05-22 22:00:00,751.2999999999998
2016-05-22 22:10:00,751.35
2016-05-22 22:20:00,751.4
2016-05-22 22:30:00,751.45
2016-05-22 22:40:00,751.5
2016-05-22 22:50:00,751.5499999999998
2016-05-22 23:00:00,751.6
2016-05-22 23:10:00,751.6333333333331
2016-05-22 23:20:00,751.6666666666669
2016-05-22 23:30:00,751.7
2016-05-22 23:40:00,751.733333333333
2016-05-22 23:50:00,751.766666666667
2016-05-23 00:00:00,751.7999999999998
2016-05-23 00:10:00,751.8833333333331
2016-05-23 00:20:00,751.966666666667
2016-05-23 00:30:00,752.0499999999998
2016-05-23 00:40:00,752.1333333333331
2016-05-23 00:50:00,752.216666666667
2016-05-23 01:00:00,752.2999999999998
2016-05-23 01:10:00,752.3333333333329
2016-05-23 01:20:00,752.366666666667
2016-05-23 01:30:00,752.4
2016-05-23 01:40:00,752.4333333333329
2016-05-23 01:50:00,752.466666666667
2016-05-23 02:00:00,752.5
2016-05-23 02:10:00,752.5666666666668
2016-05-23 02:20:00,752.6333333333331
2016-05-23 02:30:00,752.7
2016-05-23 02:40:00,752.766666666667
2016-05-23 02:50:00,752.8333333333329
2016-05-23 03:00:00,752.9
2016-05-23 03:10:00,752.8833333333331
2016-05-23 03:20:00,752.866666666667
2016-05-23 03:30:00,752.85
2016-05-23 03:40:00,752.8333333333329
2016-05-23 03:50:00,752.8166666666668
2016-05-23 04:00:00,752.7999999999998
2016-05-23 04:10:00,752.9
2016-05-23 04:20:00,753.0
2016-05-23 04:30:00,753.1
2016-05-23 04:40:00,753.2
2016-05-23 04:50:00,753.2999999999998
2016-05-23 05:00:00,753.4
2016-05-23 05:10:00,753.4333333333329
2016-05-23 05:20:00,753.466666666667
2016-05-23 05:30:00,753.5
2016-05-23 05:40:00,753.533333333333
2016-05-23 05:50:00,753.5666666666668
2016-05-23 06:00:00,753.6
2016-05-23 06:10:00,753.6666666666669
2016-05-23 06:20:00,753.733333333333
2016-05-23 06:30:00,753.7999999999998
2016-05-23 06:40:00,753.866666666667
2016-05-23 06:50:00,753.9333333333329
2016-05-23 07:00:00,754.0
2016-05-23 07:10:00,754.1
2016-05-23 07:20:00,754.2
2016-05-23 07:30:00,754.2999999999998
2016-05-23 07:40:00,754.4
2016-05-23 07:50:00,754.5
2016-05-23 08:00:00,754.6
2016-05-23 08:10:00,754.65
2016-05-23 08:20:00,754.7
2016-05-23 08:30:00,754.75
2016-05-23 08:40:00,754.7999999999998
2016-05-23 08:50:00,754.85
2016-05-23 09:00:00,754.9
2016-05-23 09:10:00,754.95
2016-05-23 09:20:00,755.0
2016-05-23 09:30:00,755.0499999999998
2016-05-23 09:40:00,755.1
2016-05-23 09:50:00,755.15
2016-05-23 10:00:00,755.2
2016-05-23 10:10:00,755.283333333333
2016-05-23 10:20:00,755.366666666667
2016-05-23 10:30:00,755.45
2016-05-23 10:40:00,755.533333333333
2016-05-23 10:50:00,755.616666666667
2016-05-23 11:00:00,755.7
2016-05-23 11:10:00,755.766666666667
2016-05-23 11:20:00,755.8333333333329
2016-05-23 11:30:00,755.9
2016-05-23 11:40:00,755.966666666667
2016-05-23 11:50:00,756.033333333333
2016-05-23 12:00:00,756.1
2016-05-23 12:10:00,756.116666666667
2016-05-23 12:20:00,756.1333333333331
2016-05-23 12:30:00,756.15
2016-05-23 12:40:00,756.1666666666669
2016-05-23 12:50:00,756.1833333333329
2016-05-23 13:00:00,756.2
2016-05-23 13:10:00,756.266666666667
2016-05-23 13:20:00,756.3333333333329
2016-05-23 13:30:00,756.4
2016-05-23 13:40:00,756.466666666667
2016-05-23 13:50:00,756.533333333333
2016-05-23 14:00:00,756.6
2016-05-23 14:10:00,756.65
2016-05-23 14:20:00,756.7
2016-05-23 14:30:00,756.75
2016-05-23 14:40:00,756.7999999999998
2016-05-23 14:50:00,756.85
2016-05-23 15:00:00,756.9
2016-05-23 15:10:00,756.966666666667
2016-05-23 15:20:00,757.033333333333
2016-05-23 15:30:00,757.1
2016-05-23 15:40:00,757.1666666666669
2016-05-23 15:50:00,757.233333333333
2016-05-23 16:00:00,757.2999999999998
2016-05-23 16:10:00,757.35
2016-05-23 16:20:00,757.4
2016-05-23 16:30:00,757.45
2016-05-23 16:40:00,757.5
2016-05-23 16:50:00,757.5499999999998
2016-05-23 17:00:00,757.6
2016-05-23 17:10:00,757.65
2016-05-23 17:20:00,757.7
2016-05-23 17:30:00,757.75
2016-05-23 17:40:00,757.7999999999998
2016-05-23 17:50:00,757.85
2016-05-23 18:00:00,757.9
2016-05-23 18:10:00,757.95
2016-05-23 18:20:00,758.0
2016-05-23 18:30:00,758.0499999999998
2016-05-23 18:40:00,758.1
2016-05-23 18:50:00,758.15
2016-05-23 19:00:00,758.2
2016-05-23 19:10:00,758.283333333333
2016-05-23 19:20:00,758.366666666667
2016-05-23 19:30:00,758.45
2016-05-23 19:40:00,758.533333333333
2016-05-23 19:50:00,758.616666666667
2016-05-23 20:00:00,758.7
2016-05-23 20:10:00,758.783333333333
2016-05-23 20:20:00,758.866666666667
2016-05-23 20:30:00,758.95
2016-05-23 20:40:00,759.033333333333
2016-05-23 20:50:00,759.116666666667
2016-05-23 21:00:00,759.2
2016-05-23 21:10:00,759.216666666667
2016-05-23 21:20:00,759.233333333333
2016-05-23 21:30:00,759.25
2016-05-23 21:40:00,759.266666666667
2016-05-23 21:50:00,759.283333333333
2016-05-23 22:00:00,759.2999999999998
2016-05-23 22:10:00,759.3166666666668
2016-05-23 22:20:00,759.3333333333329
2016-05-23 22:30:00,759.35
2016-05-23 22:40:00,759.366666666667
2016-05-23 22:50:00,759.3833333333331
2016-05-23 23:00:00,759.4
2016-05-23 23:10:00,759.45
2016-05-23 23:20:00,759.5
2016-05-23 23:30:00,759.5499999999998
2016-05-23 23:40:00,759.6
2016-05-23 23:50:00,759.65
2016-05-24 00:00:00,759.7
2016-05-24 00:10:00,759.716666666667
2016-05-24 00:20:00,759.733333333333
2016-05-24 00:30:00,759.75
2016-05-24 00:40:00,759.766666666667
2016-05-24 00:50:00,759.783333333333
2016-05-24 01:00:00,759.7999999999998
2016-05-24 01:10:00,759.783333333333
2016-05-24 01:20:00,759.766666666667
2016-05-24 01:30:00,759.75
2016-05-24 01:40:00,759.733333333333
2016-05-24 01:50:00,759.716666666667
2016-05-24 02:00:00,759.7
2016-05-24 02:10:00,759.6833333333329
2016-05-24 02:20:00,759.6666666666669
2016-05-24 02:30:00,759.65
2016-05-24 02:40:00,759.6333333333331
2016-05-24 02:50:00,759.616666666667
2016-05-24 03:00:00,759.6
2016-05-24 03:10:00,759.616666666667
2016-05-24 03:20:00,759.6333333333331
2016-05-24 03:30:00,759.65
2016-05-24 03:40:00,759.6666666666669
2016-05-24 03:50:00,759.6833333333329
2016-05-24 04:00:00,759.7
2016-05-24 04:10:00,759.6833333333329
2016-05-24 04:20:00,759.6666666666669
2016-05-24 04:30:00,759.65
2016-05-24 04:40:00,759.6333333333331
2016-05-24 04:50:00,759.616666666667
2016-05-24 05:00:00,759.6
2016-05-24 05:10:00,759.6
2016-05-24 05:20:00,759.6
2016-05-24 05:30:00,759.6
2016-05-24 05:40:00,759.6
2016-05-24 05:50:00,759.6
2016-05-24 06:00:00,759.6
2016-05-24 06:10:00,759.6
2016-05-24 06:20:00,759.6
2016-05-24 06:30:00,759.6
2016-05-24 06:40:00,759.6
2016-05-24 06:50:00,759.6
2016-05-24 07:00:00,759.6
2016-05-24 07:10:00,759.6
2016-05-24 07:20:00,759.6
2016-05-24 07:30:00,759.6
2016-05-24 07:40:00,759.6
2016-05-24 07:50:00,759.6
2016-05-24 08:00:00,759.6
2016-05-24 08:10:00,759.5666666666668
2016-05-24 08:20:00,759.533333333333
2016-05-24 08:30:00,759.5
2016-05-24 08:40:00,759.466666666667
2016-05-24 08:50:00,759.4333333333329
2016-05-24 09:00:00,759.4
2016-05-24 09:10:00,759.4
2016-05-24 09:20:00,759.4
2016-05-24 09:30:00,759.4
2016-05-24 09:40:00,759.4
2016-05-24 09:50:00,759.4
2016-05-24 10:00:00,759.4
2016-05-24 10:10:00,759.4166666666669
2016-05-24 10:20:00,759.4333333333329
2016-05-24 10:30:00,759.45
2016-05-24 10:40:00,759.466666666667
2016-05-24 10:50:00,759.483333333333
2016-05-24 11:00:00,759.5
2016-05-24 11:10:00,759.516666666667
2016-05-24 11:20:00,759.533333333333
2016-05-24 11:30:00,759.5499999999998
2016-05-24 11:40:00,759.5666666666668
2016-05-24 11:50:00,759.5833333333329
2016-05-24 12:00:00,759.6
2016-05-24 12:10:00,759.533333333333
2016-05-24 12:20:00,759.466666666667
2016-05-24 12:30:00,759.4
2016-05-24 12:40:00,759.3333333333329
2016-05-24 12:50:00,759.266666666667
2016-05-24 13:00:00,759.2
2016-05-24 13:10:00,759.15
2016-05-24 13:20:00,759.1
2016-05-24 13:30:00,759.0499999999998
2016-05-24 13:40:00,759.0
2016-05-24 13:50:00,758.95
2016-05-24 14:00:00,758.9
2016-05-24 14:10:00,758.8833333333331
2016-05-24 14:20:00,758.866666666667
2016-05-24 14:30:00,758.85
2016-05-24 14:40:00,758.8333333333329
2016-05-24 14:50:00,758.8166666666668
2016-05-24 15:00:00,758.7999999999998
2016-05-24 15:10:00,758.75
2016-05-24 15:20:00,758.7
2016-05-24 15:30:00,758.65
2016-05-24 15:40:00,758.6
2016-05-24 15:50:00,758.5499999999998
2016-05-24 16:00:00,758.5
2016-05-24 16:10:00,758.483333333333
2016-05-24 16:20:00,758.466666666667
2016-05-24 16:30:00,758.45
2016-05-24 16:40:00,758.4333333333329
2016-05-24 16:50:00,758.4166666666669
2016-05-24 17:00:00,758.4
2016-05-24 17:10:00,758.35
2016-05-24 17:20:00,758.2999999999998
2016-05-24 17:30:00,758.25
2016-05-24 17:40:00,758.2
2016-05-24 17:50:00,758.15
2016-05-24 18:00:00,758.1
2016-05-24 18:10:00,758.0833333333329
2016-05-24 18:20:00,758.0666666666668
2016-05-24 18:30:00,758.0499999999998
2016-05-24 18:40:00,758.033333333333
2016-05-24 18:50:00,758.016666666667
2016-05-24 19:00:00,758.0
2016-05-24 19:10:00,757.966666666667
2016-05-24 19:20:00,757.9333333333329
2016-05-24 19:30:00,757.9
2016-05-24 19:40:00,757.866666666667
2016-05-24 19:50:00,757.8333333333329
2016-05-24 20:00:00,757.7999999999998
2016-05-24 20:10:00,757.85
2016-05-24 20:20:00,757.9
2016-05-24 20:30:00,757.95
2016-05-24 20:40:00,758.0
2016-05-24 20:50:00,758.0499999999998
2016-05-24 21:00:00,758.1
2016-05-24 21:10:00,758.1
2016-05-24 21:20:00,758.1
2016-05-24 21:30:00,758.1
2016-05-24 21:40:00,758.1
2016-05-24 21:50:00,758.1
2016-05-24 22:00:00,758.1
2016-05-24 22:10:00,758.1
2016-05-24 22:20:00,758.1
2016-05-24 22:30:00,758.1
2016-05-24 22:40:00,758.1
2016-05-24 22:50:00,758.1
2016-05-24 23:00:00,758.1
2016-05-24 23:10:00,758.116666666667
2016-05-24 23:20:00,758.1333333333331
2016-05-24 23:30:00,758.15
2016-05-24 23:40:00,758.1666666666669
2016-05-24 23:50:00,758.1833333333329
2016-05-25 00:00:00,758.2
2016-05-25 00:10:00,758.1833333333329
2016-05-25 00:20:00,758.1666666666669
2016-05-25 00:30:00,758.15
2016-05-25 00:40:00,758.1333333333331
2016-05-25 00:50:00,758.116666666667
2016-05-25 01:00:00,758.1
2016-05-25 01:10:00,758.0499999999998
2016-05-25 01:20:00,758.0
2016-05-25 01:30:00,757.95
2016-05-25 01:40:00,757.9
2016-05-25 01:50:00,757.85
2016-05-25 02:00:00,757.7999999999998
2016-05-25 02:10:00,757.766666666667
2016-05-25 02:20:00,757.733333333333
2016-05-25 02:30:00,757.7
2016-05-25 02:40:00,757.6666666666669
2016-05-25 02:50:00,757.6333333333331
2016-05-25 03:00:00,757.6
2016-05-25 03:10:00,757.5499999999998
2016-05-25 03:20:00,757.5
2016-05-25 03:30:00,757.45
2016-05-25 03:40:00,757.4
2016-05-25 03:50:00,757.35
2016-05-25 04:00:00,757.2999999999998
2016-05-25 04:10:00,757.283333333333
2016-05-25 04:20:00,757.266666666667
2016-05-25 04:30:00,757.25
2016-05-25 04:40:00,757.233333333333
2016-05-25 04:50:00,757.216666666667
2016-05-25 05:00:00,757.2
2016-05-25 05:10:00,757.1666666666669
2016-05-25 05:20:00,757.1333333333331
2016-05-25 05:30:00,757.1
2016-05-25 05:40:00,757.0666666666668
2016-05-25 05:50:00,757.033333333333
2016-05-25 06:00:00,757.0
2016-05-25 06:10:00,757.033333333333
2016-05-25 06:20:00,757.0666666666668
2016-05-25 06:30:00,757.1
2016-05-25 06:40:00,757.1333333333331
2016-05-25 06:50:00,757.1666666666669
2016-05-25 07:00:00,757.2
2016-05-25 07:10:00,757.216666666667
2016-05-25 07:20:00,757.233333333333
2016-05-25 07:30:00,757.25
2016-05-25 07:40:00,757.266666666667
2016-05-25 07:50:00,757.283333333333
2016-05-25 08:00:00,757.2999999999998
2016-05-25 08:10:00,757.2999999999998
2016-05-25 08:20:00,757.2999999999998
2016-05-25 08:30:00,757.2999999999998
2016-05-25 08:40:00,757.2999999999998
2016-05-25 08:50:00,757.2999999999998
2016-05-25 09:00:00,757.2999999999998
2016-05-25 09:10:00,757.283333333333
2016-05-25 09:20:00,757.266666666667
2016-05-25 09:30:00,757.25
2016-05-25 09:40:00,757.233333333333
2016-05-25 09:50:00,757.216666666667
2016-05-25 10:00:00,757.2
2016-05-25 10:10:00,757.1666666666669
2016-05-25 10:20:00,757.1333333333331
2016-05-25 10:30:00,757.1
2016-05-25 10:40:00,757.0666666666668
2016-05-25 10:50:00,757.033333333333
2016-05-25 11:00:00,757.0
2016-05-25 11:10:00,756.966666666667
2016-05-25 11:20:00,756.9333333333329
2016-05-25 11:30:00,756.9
2016-05-25 11:40:00,756.866666666667
2016-05-25 11:50:00,756.8333333333329
2016-05-25 12:00:00,756.7999999999998
2016-05-25 12:10:00,756.783333333333
2016-05-25 12:20:00,756.766666666667
2016-05-25 12:30:00,756.75
2016-05-25 12:40:00,756.733333333333
2016-05-25 12:50:00,756.716666666667
2016-05-25 13:00:00,756.7
2016-05-25 13:10:00,756.6666666666669
2016-05-25 13:20:00,756.6333333333331
2016-05-25 13:30:00,756.6
2016-05-25 13:40:00,756.5666666666668
2016-05-25 13:50:00,756.533333333333
2016-05-25 14:00:00,756.5
2016-05-25 14:10:00,756.466666666667
2016-05-25 14:20:00,756.4333333333329
2016-05-25 14:30:00,756.4
2016-05-25 14:40:00,756.366666666667
2016-05-25 14:50:00,756.3333333333329
2016-05-25 15:00:00,756.2999999999998
2016-05-25 15:10:00,756.283333333333
2016-05-25 15:20:00,756.266666666667
2016-05-25 15:30:00,756.25
2016-05-25 15:40:00,756.233333333333
2016-05-25 15:50:00,756.216666666667
2016-05-25 16:00:00,756.2
2016-05-25 16:10:00,756.2
2016-05-25 16:20:00,756.2
2016-05-25 16:30:00,756.2
2016-05-25 16:40:00,756.2
2016-05-25 16:50:00,756.2
2016-05-25 17:00:00,756.2
2016-05-25 17:10:00,756.1833333333329
2016-05-25 17:20:00,756.1666666666669
2016-05-25 17:30:00,756.15
2016-05-25 17:40:00,756.1333333333331
2016-05-25 17:50:00,756.116666666667
2016-05-25 18:00:00,756.1
2016-05-25 18:10:00,756.1
2016-05-25 18:20:00,756.1
2016-05-25 18:30:00,756.1
2016-05-25 18:40:00,756.1
2016-05-25 18:50:00,756.1
2016-05-25 19:00:00,756.1
2016-05-25 19:10:00,756.1
2016-05-25 19:20:00,756.1
2016-05-25 19:30:00,756.1
2016-05-25 19:40:00,756.1
2016-05-25 19:50:00,756.1
2016-05-25 20:00:00,756.1
2016-05-25 20:10:00,756.1333333333331
2016-05-25 20:20:00,756.1666666666669
2016-05-25 20:30:00,756.2
2016-05-25 20:40:00,756.233333333333
2016-05-25 20:50:00,756.266666666667
2016-05-25 21:00:00,756.2999999999998
2016-05-25 21:10:00,756.35
2016-05-25 21:20:00,756.4
2016-05-25 21:30:00,756.45
2016-05-25 21:40:00,756.5
2016-05-25 21:50:00,756.5499999999998
2016-05-25 22:00:00,756.6
2016-05-25 22:10:00,756.616666666667
2016-05-25 22:20:00,756.6333333333331
2016-05-25 22:30:00,756.65
2016-05-25 22:40:00,756.6666666666669
2016-05-25 22:50:00,756.6833333333329
2016-05-25 23:00:00,756.7
2016-05-25 23:10:00,756.75
2016-05-25 23:20:00,756.7999999999998
2016-05-25 23:30:00,756.85
2016-05-25 23:40:00,756.9
2016-05-25 23:50:00,756.95
2016-05-26 00:00:00,757.0
2016-05-26 00:10:00,757.0
2016-05-26 00:20:00,757.0
2016-05-26 00:30:00,757.0
2016-05-26 00:40:00,757.0
2016-05-26 00:50:00,757.0
2016-05-26 01:00:00,757.0
2016-05-26 01:10:00,757.0
2016-05-26 01:20:00,757.0
2016-05-26 01:30:00,757.0
2016-05-26 01:40:00,757.0
2016-05-26 01:50:00,757.0
2016-05-26 02:00:00,757.0
2016-05-26 02:10:00,757.0
2016-05-26 02:20:00,757.0
2016-05-26 02:30:00,757.0
2016-05-26 02:40:00,757.0
2016-05-26 02:50:00,757.0
2016-05-26 03:00:00,757.0
2016-05-26 03:10:00,757.0
2016-05-26 03:20:00,757.0
2016-05-26 03:30:00,757.0
2016-05-26 03:40:00,757.0
2016-05-26 03:50:00,757.0
2016-05-26 04:00:00,757.0
2016-05-26 04:10:00,756.95
2016-05-26 04:20:00,756.9
2016-05-26 04:30:00,756.85
2016-05-26 04:40:00,756.7999999999998
2016-05-26 04:50:00,756.75
2016-05-26 05:00:00,756.7
2016-05-26 05:10:00,756.733333333333
2016-05-26 05:20:00,756.766666666667
2016-05-26 05:30:00,756.7999999999998
2016-05-26 05:40:00,756.8333333333329
2016-05-26 05:50:00,756.866666666667
2016-05-26 06:00:00,756.9
2016-05-26 06:10:00,756.9166666666669
2016-05-26 06:20:00,756.9333333333329
2016-05-26 06:30:00,756.95
2016-05-26 06:40:00,756.966666666667
2016-05-26 06:50:00,756.983333333333
2016-05-26 07:00:00,757.0
2016-05-26 07:10:00,757.025
2016-05-26 07:20:00,757.0499999999998
2016-05-26 07:30:00,757.075
2016-05-26 07:40:00,757.1
2016-05-26 07:50:00,757.125
2016-05-26 08:00:00,757.15
2016-05-26 08:10:00,757.1749999999998
2016-05-26 08:20:00,757.2
2016-05-26 08:30:00,757.225
2016-05-26 08:40:00,757.25
2016-05-26 08:50:00,757.275
2016-05-26 09:00:00,757.2999999999998
2016-05-26 09:10:00,757.2999999999998
2016-05-26 09:20:00,757.2999999999998
2016-05-26 09:30:00,757.2999999999998
2016-05-26 09:40:00,757.2999999999998
2016-05-26 09:50:00,757.2999999999998
2016-05-26 10:00:00,757.2999999999998
2016-05-26 10:10:00,757.2999999999998
2016-05-26 10:20:00,757.2999999999998
2016-05-26 10:30:00,757.2999999999998
2016-05-26 10:40:00,757.2999999999998
2016-05-26 10:50:00,757.2999999999998
2016-05-26 11:00:00,757.2999999999998
2016-05-26 11:10:00,757.25
2016-05-26 11:20:00,757.2
2016-05-26 11:30:00,757.15
2016-05-26 11:40:00,757.1
2016-05-26 11:50:00,757.0499999999998
2016-05-26 12:00:00,757.0
2016-05-26 12:10:00,756.983333333333
2016-05-26 12:20:00,756.966666666667
2016-05-26 12:30:00,756.95
2016-05-26 12:40:00,756.9333333333329
2016-05-26 12:50:00,756.9166666666669
2016-05-26 13:00:00,756.9
2016-05-26 13:10:00,756.8833333333331
2016-05-26 13:20:00,756.866666666667
2016-05-26 13:30:00,756.85
2016-05-26 13:40:00,756.8333333333329
2016-05-26 13:50:00,756.8166666666668
2016-05-26 14:00:00,756.7999999999998
2016-05-26 14:10:00,756.766666666667
2016-05-26 14:20:00,756.733333333333
2016-05-26 14:30:00,756.7
2016-05-26 14:40:00,756.6666666666669
2016-05-26 14:50:00,756.6333333333331
2016-05-26 15:00:00,756.6
2016-05-26 15:10:00,756.5666666666668
2016-05-26 15:20:00,756.533333333333
2016-05-26 15:30:00,756.5
2016-05-26 15:40:00,756.466666666667
2016-05-26 15:50:00,756.4333333333329
2016-05-26 16:00:00,756.4
2016-05-26 16:10:00,756.35
2016-05-26 16:20:00,756.2999999999998
2016-05-26 16:30:00,756.25
2016-05-26 16:40:00,756.2
2016-05-26 16:50:00,756.15
2016-05-26 17:00:00,756.1
2016-05-26 17:10:00,756.0499999999998
2016-05-26 17:20:00,756.0
2016-05-26 17:30:00,755.95
2016-05-26 17:40:00,755.9
2016-05-26 17:50:00,755.85
2016-05-26 18:00:00,755.7999999999998
2016-05-26 18:10:00,755.75
2016-05-26 18:20:00,755.7
2016-05-26 18:30:00,755.65
2016-05-26 18:40:00,755.6
2016-05-26 18:50:00,755.5499999999998
2016-05-26 19:00:00,755.5
2016-05-26 19:10:00,755.5
2016-05-26 19:20:00,755.5
2016-05-26 19:30:00,755.5
2016-05-26 19:40:00,755.5
2016-05-26 19:50:00,755.5
2016-05-26 20:00:00,755.5
2016-05-26 20:10:00,755.5499999999998
2016-05-26 20:20:00,755.6
2016-05-26 20:30:00,755.65
2016-05-26 20:40:00,755.7
2016-05-26 20:50:00,755.75
2016-05-26 21:00:00,755.7999999999998
2016-05-26 21:10:00,755.85
2016-05-26 21:20:00,755.9
2016-05-26 21:30:00,755.95
2016-05-26 21:40:00,756.0
2016-05-26 21:50:00,756.0499999999998
2016-05-26 22:00:00,756.1
2016-05-26 22:10:00,756.1
2016-05-26 22:20:00,756.1
2016-05-26 22:30:00,756.1
2016-05-26 22:40:00,756.1
2016-05-26 22:50:00,756.1
2016-05-26 23:00:00,756.1
2016-05-26 23:10:00,756.1
2016-05-26 23:20:00,756.1
2016-05-26 23:30:00,756.1
2016-05-26 23:40:00,756.1
2016-05-26 23:50:00,756.1
2016-05-27 00:00:00,756.1
2016-05-27 00:10:00,756.0666666666668
2016-05-27 00:20:00,756.033333333333
2016-05-27 00:30:00,756.0
2016-05-27 00:40:00,755.966666666667
2016-05-27 00:50:00,755.9333333333329
2016-05-27 01:00:00,755.9
2016-05-27 01:10:00,755.866666666667
2016-05-27 01:20:00,755.8333333333329
2016-05-27 01:30:00,755.7999999999998
2016-05-27 01:40:00,755.766666666667
2016-05-27 01:50:00,755.733333333333
2016-05-27 02:00:00,755.7
2016-05-27 02:10:00,755.716666666667
2016-05-27 02:20:00,755.733333333333
2016-05-27 02:30:00,755.75
2016-05-27 02:40:00,755.766666666667
2016-05-27 02:50:00,755.783333333333
2016-05-27 03:00:00,755.7999999999998
2016-05-27 03:10:00,755.75
2016-05-27 03:20:00,755.7
2016-05-27 03:30:00,755.65
2016-05-27 03:40:00,755.6
2016-05-27 03:50:00,755.5499999999998
2016-05-27 04:00:00,755.5
2016-05-27 04:10:00,755.5
2016-05-27 04:20:00,755.5
2016-05-27 04:30:00,755.5
2016-05-27 04:40:00,755.5
2016-05-27 04:50:00,755.5
2016-05-27 05:00:00,755.5
2016-05-27 05:10:00,755.5
2016-05-27 05:20:00,755.5
2016-05-27 05:30:00,755.5
2016-05-27 05:40:00,755.5
2016-05-27 05:50:00,755.5
2016-05-27 06:00:00,755.5
2016-05-27 06:10:00,755.5499999999998
2016-05-27 06:20:00,755.6
2016-05-27 06:30:00,755.65
2016-05-27 06:40:00,755.7
2016-05-27 06:50:00,755.75
2016-05-27 07:00:00,755.7999999999998
2016-05-27 07:10:00,755.7999999999998
2016-05-27 07:20:00,755.7999999999998
2016-05-27 07:30:00,755.7999999999998
2016-05-27 07:40:00,755.7999999999998
2016-05-27 07:50:00,755.7999999999998
2016-05-27 08:00:00,755.7999999999998
2016-05-27 08:10:00,755.85
2016-05-27 08:20:00,755.9
2016-05-27 08:30:00,755.95
2016-05-27 08:40:00,756.0
2016-05-27 08:50:00,756.0499999999998
2016-05-27 09:00:00,756.1
2016-05-27 09:10:00,756.116666666667
2016-05-27 09:20:00,756.1333333333331
2016-05-27 09:30:00,756.15
2016-05-27 09:40:00,756.1666666666669
2016-05-27 09:50:00,756.1833333333329
2016-05-27 10:00:00,756.2
2016-05-27 10:10:00,756.2
2016-05-27 10:20:00,756.2
2016-05-27 10:30:00,756.2
2016-05-27 10:40:00,756.2
2016-05-27 10:50:00,756.2
2016-05-27 11:00:00,756.2
2016-05-27 11:10:00,756.1833333333329
2016-05-27 11:20:00,756.1666666666669
2016-05-27 11:30:00,756.15
2016-05-27 11:40:00,756.1333333333331
2016-05-27 11:50:00,756.116666666667
2016-05-27 12:00:00,756.1
2016-05-27 12:10:00,756.1
2016-05-27 12:20:00,756.1
2016-05-27 12:30:00,756.1
2016-05-27 12:40:00,756.1
2016-05-27 12:50:00,756.1
2016-05-27 13:00:00,756.1
2016-05-27 13:10:00,756.0499999999998
2016-05-27 13:20:00,756.0
2016-05-27 13:30:00,755.95
2016-05-27 13:40:00,755.9
2016-05-27 13:50:00,755.85
2016-05-27 14:00:00,755.7999999999998
2016-05-27 14:10:00,755.7999999999998
2016-05-27 14:20:00,755.7999999999998
2016-05-27 14:30:00,755.7999999999998
2016-05-27 14:40:00,755.7999999999998
2016-05-27 14:50:00,755.7999999999998
2016-05-27 15:00:00,755.7999999999998
2016-05-27 15:10:00,755.75
2016-05-27 15:20:00,755.7
2016-05-27 15:30:00,755.65
2016-05-27 15:40:00,755.6
2016-05-27 15:50:00,755.5499999999998
2016-05-27 16:00:00,755.5
2016-05-27 16:10:00,755.45
2016-05-27 16:20:00,755.4
2016-05-27 16:30:00,755.35
2016-05-27 16:40:00,755.2999999999998
2016-05-27 16:50:00,755.25
2016-05-27 17:00:00,755.2
2016-05-27 17:10:00,755.2
2016-05-27 17:20:00,755.2
2016-05-27 17:30:00,755.2
2016-05-27 17:40:00,755.2
2016-05-27 17:50:00,755.2
2016-05-27 18:00:00,755.2
