date,wind_velocity
2014-01-01 00:00:00,2.6733333333333333
2014-01-01 01:00:00,3.046666666666667
2014-01-01 02:00:00,2.63
2014-01-01 03:00:00,1.825
2014-01-01 04:00:00,0.9083333333333332
2014-01-01 05:00:00,0.955
2014-01-01 06:00:00,1.05
2014-01-01 07:00:00,1.64
2014-01-01 08:00:00,1.5566666666666666
2014-01-01 09:00:00,3.411666666666666
2014-01-01 10:00:00,3.5583333333333336
2014-01-01 11:00:00,2.8683333333333336
2014-01-01 12:00:00,3.018333333333333
2014-01-01 13:00:00,2.7883333333333336
2014-01-01 14:00:00,3.108333333333333
2014-01-01 15:00:00,2.9466666666666668
2014-01-01 16:00:00,2.793333333333333
2014-01-01 17:00:00,2.273333333333333
2014-01-01 18:00:00,1.4766666666666666
2014-01-01 19:00:00,2.77
2014-01-01 20:00:00,2.795
2014-01-01 21:00:00,3.403333333333333
2014-01-01 22:00:00,3.5066666666666664
2014-01-01 23:00:00,3.033333333333333
2014-01-02 00:00:00,2.215
2014-01-02 01:00:00,1.785
2014-01-02 02:00:00,2.4033333333333333
2014-01-02 03:00:00,1.903333333333333
2014-01-02 04:00:00,1.836666666666667
2014-01-02 05:00:00,1.8783333333333327
2014-01-02 06:00:00,1.5716666666666663
2014-01-02 07:00:00,2.748333333333333
2014-01-02 08:00:00,2.5166666666666666
2014-01-02 09:00:00,3.713333333333333
2014-01-02 10:00:00,2.936666666666667
2014-01-02 11:00:00,2.536666666666666
2014-01-02 12:00:00,5.001666666666666
2014-01-02 13:00:00,4.213333333333334
2014-01-02 14:00:00,3.643333333333333
2014-01-02 15:00:00,4.371666666666667
2014-01-02 16:00:00,2.2533333333333334
2014-01-02 17:00:00,3.1316666666666664
2014-01-02 18:00:00,2.388333333333333
2014-01-02 19:00:00,4.1033333333333335
2014-01-02 20:00:00,1.4349999999999998
2014-01-02 21:00:00,1.403333333333333
2014-01-02 22:00:00,0.5666666666666667
2014-01-02 23:00:00,2.183333333333333
2014-01-03 00:00:00,1.5666666666666669
2014-01-03 01:00:00,0.91
2014-01-03 02:00:00,0.875
2014-01-03 03:00:00,2.4833333333333334
2014-01-03 04:00:00,2.225
2014-01-03 05:00:00,2.0883333333333334
2014-01-03 06:00:00,2.063333333333333
2014-01-03 07:00:00,2.053333333333333
2014-01-03 08:00:00,2.4216666666666664
2014-01-03 09:00:00,2.408333333333333
2014-01-03 10:00:00,2.7816666666666667
2014-01-03 11:00:00,2.5283333333333333
2014-01-03 12:00:00,2.811666666666667
2014-01-03 13:00:00,3.47
2014-01-03 14:00:00,4.065
2014-01-03 15:00:00,3.8083333333333336
2014-01-03 16:00:00,4.586666666666667
2014-01-03 17:00:00,5.028333333333333
2014-01-03 18:00:00,3.7816666666666663
2014-01-03 19:00:00,3.891666666666666
2014-01-03 20:00:00,2.7900000000000005
2014-01-03 21:00:00,2.615
2014-01-03 22:00:00,3.59
2014-01-03 23:00:00,4.631666666666667
2014-01-04 00:00:00,4.03
2014-01-04 01:00:00,1.93
2014-01-04 02:00:00,1.7233333333333334
2014-01-04 03:00:00,3.043333333333333
2014-01-04 04:00:00,3.655
2014-01-04 05:00:00,3.9166666666666665
2014-01-04 06:00:00,4.341666666666667
2014-01-04 07:00:00,1.32
2014-01-04 08:00:00,1.65
2014-01-04 09:00:00,1.9583333333333333
2014-01-04 10:00:00,2.095
2014-01-04 11:00:00,2.5
2014-01-04 12:00:00,1.961666666666667
2014-01-04 13:00:00,1.2183333333333335
2014-01-04 14:00:00,0.8150000000000001
2014-01-04 15:00:00,0.9883333333333332
2014-01-04 16:00:00,0.5866666666666667
2014-01-04 17:00:00,0.4133333333333333
2014-01-04 18:00:00,0.4633333333333334
2014-01-04 19:00:00,0.4666666666666666
2014-01-04 20:00:00,1.0333333333333334
2014-01-04 21:00:00,3.205
2014-01-04 22:00:00,1.6116666666666666
2014-01-04 23:00:00,1.1266666666666667
2014-01-05 00:00:00,1.2833333333333334
2014-01-05 01:00:00,1.27
2014-01-05 02:00:00,1.2166666666666666
2014-01-05 03:00:00,0.5116666666666666
2014-01-05 04:00:00,0.66
2014-01-05 05:00:00,0.8216666666666667
2014-01-05 06:00:00,0.9466666666666668
2014-01-05 07:00:00,1.085
2014-01-05 08:00:00,2.6
2014-01-05 09:00:00,2.8816666666666664
2014-01-05 10:00:00,2.625
2014-01-05 11:00:00,2.418333333333333
2014-01-05 12:00:00,2.1566666666666667
2014-01-05 13:00:00,2.44
2014-01-05 14:00:00,1.845
2014-01-05 15:00:00,1.018333333333333
2014-01-05 16:00:00,0.8966666666666666
2014-01-05 17:00:00,1.17
2014-01-05 18:00:00,1.2633333333333334
2014-01-05 19:00:00,1.4349999999999998
2014-01-05 20:00:00,1.3949999999999998
2014-01-05 21:00:00,2.1866666666666665
2014-01-05 22:00:00,1.4933333333333332
2014-01-05 23:00:00,0.3366666666666666
2014-01-06 00:00:00,0.65
2014-01-06 01:00:00,1.3766666666666667
2014-01-06 02:00:00,2.3316666666666666
2014-01-06 03:00:00,2.1733333333333333
2014-01-06 04:00:00,2.0166666666666666
2014-01-06 05:00:00,2.53
2014-01-06 06:00:00,3.7566666666666655
2014-01-06 07:00:00,5.858333333333333
2014-01-06 08:00:00,3.721666666666667
2014-01-06 09:00:00,5.753333333333333
2014-01-06 10:00:00,5.94
2014-01-06 11:00:00,5.086666666666667
2014-01-06 12:00:00,4.36
2014-01-06 13:00:00,4.39
2014-01-06 14:00:00,3.591666666666667
2014-01-06 15:00:00,3.436666666666667
2014-01-06 16:00:00,2.1316666666666664
2014-01-06 17:00:00,2.265
2014-01-06 18:00:00,3.863333333333333
2014-01-06 19:00:00,3.606666666666667
2014-01-06 20:00:00,3.738333333333333
2014-01-06 21:00:00,3.595
2014-01-06 22:00:00,2.888333333333333
2014-01-06 23:00:00,2.1166666666666667
2014-01-07 00:00:00,2.45
2014-01-07 01:00:00,2.8966666666666665
2014-01-07 02:00:00,3.056666666666666
2014-01-07 03:00:00,2.928333333333333
2014-01-07 04:00:00,3.35
2014-01-07 05:00:00,3.93
2014-01-07 06:00:00,3.596666666666667
2014-01-07 07:00:00,3.5083333333333333
2014-01-07 08:00:00,2.026666666666667
2014-01-07 09:00:00,4.896666666666667
2014-01-07 10:00:00,5.8133333333333335
2014-01-07 11:00:00,5.778333333333333
2014-01-07 12:00:00,5.595
2014-01-07 13:00:00,6.508333333333333
2014-01-07 14:00:00,4.828333333333333
2014-01-07 15:00:00,2.51
2014-01-07 16:00:00,4.826666666666667
2014-01-07 17:00:00,2.465
2014-01-07 18:00:00,2.3716666666666666
2014-01-07 19:00:00,3.103333333333333
2014-01-07 20:00:00,3.1983333333333337
2014-01-07 21:00:00,3.19
2014-01-07 22:00:00,3.6216666666666666
2014-01-07 23:00:00,2.061666666666667
2014-01-08 00:00:00,2.85
2014-01-08 01:00:00,2.661666666666666
2014-01-08 02:00:00,2.5733333333333333
2014-01-08 03:00:00,1.596666666666667
2014-01-08 04:00:00,2.74
2014-01-08 05:00:00,2.5866666666666664
2014-01-08 06:00:00,1.7816666666666665
2014-01-08 07:00:00,2.668333333333333
2014-01-08 08:00:00,5.794999999999999
2014-01-08 09:00:00,4.423333333333333
2014-01-08 10:00:00,3.3233333333333337
2014-01-08 11:00:00,4.433333333333334
2014-01-08 12:00:00,4.3933333333333335
2014-01-08 13:00:00,2.31
2014-01-08 14:00:00,3.4916666666666667
2014-01-08 15:00:00,3.235
2014-01-08 16:00:00,1.6716666666666669
2014-01-08 17:00:00,2.6366666666666667
2014-01-08 18:00:00,2.3233333333333333
2014-01-08 19:00:00,1.4983333333333333
2014-01-08 20:00:00,0.6116666666666667
2014-01-08 21:00:00,0.905
2014-01-08 22:00:00,0.7666666666666667
2014-01-08 23:00:00,0.7766666666666667
2014-01-09 00:00:00,1.2766666666666666
2014-01-09 01:00:00,0.6516666666666667
2014-01-09 02:00:00,0.7283333333333334
2014-01-09 03:00:00,0.8666666666666667
2014-01-09 04:00:00,1.3816666666666666
2014-01-09 05:00:00,1.4400000000000002
2014-01-09 06:00:00,2.125
2014-01-09 07:00:00,2.106666666666667
2014-01-09 08:00:00,2.8766666666666665
2014-01-09 09:00:00,2.965
2014-01-09 10:00:00,2.525
2014-01-09 11:00:00,5.423333333333333
2014-01-09 12:00:00,8.953333333333333
2014-01-09 13:00:00,8.356666666666667
2014-01-09 14:00:00,4.585
2014-01-09 15:00:00,4.2316666666666665
2014-01-09 16:00:00,5.303333333333334
2014-01-09 17:00:00,2.856666666666667
2014-01-09 18:00:00,5.87
2014-01-09 19:00:00,3.7716666666666665
2014-01-09 20:00:00,2.5816666666666666
2014-01-09 21:00:00,4.408333333333333
2014-01-09 22:00:00,2.855
2014-01-09 23:00:00,3.32
2014-01-10 00:00:00,3.47
2014-01-10 01:00:00,3.23
2014-01-10 02:00:00,2.4233333333333333
2014-01-10 03:00:00,2.355
2014-01-10 04:00:00,1.5683333333333334
2014-01-10 05:00:00,2.033333333333333
2014-01-10 06:00:00,1.495
2014-01-10 07:00:00,1.4866666666666666
2014-01-10 08:00:00,2.355
2014-01-10 09:00:00,3.5583333333333336
2014-01-10 10:00:00,3.435
2014-01-10 11:00:00,3.81
2014-01-10 12:00:00,3.938333333333333
2014-01-10 13:00:00,4.883333333333334
2014-01-10 14:00:00,3.24
2014-01-10 15:00:00,2.2883333333333336
2014-01-10 16:00:00,1.4533333333333334
2014-01-10 17:00:00,1.9883333333333333
2014-01-10 18:00:00,3.805
2014-01-10 19:00:00,2.5616666666666665
2014-01-10 20:00:00,0.595
2014-01-10 21:00:00,0.7616666666666667
2014-01-10 22:00:00,1.5366666666666668
2014-01-10 23:00:00,1.0566666666666666
2014-01-11 00:00:00,1.9116666666666664
2014-01-11 01:00:00,1.538333333333333
2014-01-11 02:00:00,1.3716666666666668
2014-01-11 03:00:00,1.45
2014-01-11 04:00:00,1.0916666666666666
2014-01-11 05:00:00,1.6166666666666665
2014-01-11 06:00:00,1.58
2014-01-11 07:00:00,1.5266666666666666
2014-01-11 08:00:00,1.62
2014-01-11 09:00:00,1.4833333333333334
2014-01-11 10:00:00,1.84
2014-01-11 11:00:00,1.0566666666666666
2014-01-11 12:00:00,1.1983333333333337
2014-01-11 13:00:00,2.5733333333333337
2014-01-11 14:00:00,4.498333333333334
2014-01-11 15:00:00,3.936666666666666
2014-01-11 16:00:00,4.126666666666667
2014-01-11 17:00:00,5.9383333333333335
2014-01-11 18:00:00,5.498333333333334
2014-01-11 19:00:00,2.4066666666666667
2014-01-11 20:00:00,3.223333333333333
2014-01-11 21:00:00,2.536666666666666
2014-01-11 22:00:00,2.6933333333333334
2014-01-11 23:00:00,1.945
2014-01-12 00:00:00,2.3966666666666665
2014-01-12 01:00:00,2.7416666666666667
2014-01-12 02:00:00,2.7433333333333336
2014-01-12 03:00:00,2.0966666666666667
2014-01-12 04:00:00,1.885
2014-01-12 05:00:00,1.7016666666666669
2014-01-12 06:00:00,2.51
2014-01-12 07:00:00,1.9
2014-01-12 08:00:00,1.9533333333333331
2014-01-12 09:00:00,0.9133333333333332
2014-01-12 10:00:00,1.1883333333333332
2014-01-12 11:00:00,2.385
2014-01-12 12:00:00,2.545
2014-01-12 13:00:00,2.566666666666667
2014-01-12 14:00:00,2.015
2014-01-12 15:00:00,0.9566666666666668
2014-01-12 16:00:00,0.8933333333333334
2014-01-12 17:00:00,1.153333333333333
2014-01-12 18:00:00,1.923333333333333
2014-01-12 19:00:00,1.6450000000000002
2014-01-12 20:00:00,0.98
2014-01-12 21:00:00,1.005
2014-01-12 22:00:00,1.1816666666666666
2014-01-12 23:00:00,1.971666666666667
2014-01-13 00:00:00,1.6166666666666665
2014-01-13 01:00:00,1.6683333333333332
2014-01-13 02:00:00,1.5033333333333332
2014-01-13 03:00:00,0.91
2014-01-13 04:00:00,1.4083333333333332
2014-01-13 05:00:00,0.6216666666666667
2014-01-13 06:00:00,0.85
2014-01-13 07:00:00,0.8266666666666667
2014-01-13 08:00:00,0.9466666666666668
2014-01-13 09:00:00,0.9366666666666666
2014-01-13 10:00:00,1.1783333333333337
2014-01-13 11:00:00,1.6166666666666665
2014-01-13 12:00:00,0.8133333333333334
2014-01-13 13:00:00,0.86
2014-01-13 14:00:00,1.64
2014-01-13 15:00:00,1.4766666666666666
2014-01-13 16:00:00,1.1516666666666666
2014-01-13 17:00:00,1.545
2014-01-13 18:00:00,0.7366666666666667
2014-01-13 19:00:00,0.645
2014-01-13 20:00:00,1.0716666666666663
2014-01-13 21:00:00,0.9733333333333332
2014-01-13 22:00:00,1.08
2014-01-13 23:00:00,0.7133333333333334
2014-01-14 00:00:00,0.7883333333333334
2014-01-14 01:00:00,0.8016666666666666
2014-01-14 02:00:00,0.375
2014-01-14 03:00:00,0.84
2014-01-14 04:00:00,0.8433333333333333
2014-01-14 05:00:00,0.5266666666666667
2014-01-14 06:00:00,0.2833333333333333
2014-01-14 07:00:00,0.6583333333333333
2014-01-14 08:00:00,0.665
2014-01-14 09:00:00,0.8666666666666667
2014-01-14 10:00:00,0.435
2014-01-14 11:00:00,0.8366666666666666
2014-01-14 12:00:00,0.875
2014-01-14 13:00:00,1.3283333333333334
2014-01-14 14:00:00,1.1733333333333331
2014-01-14 15:00:00,0.775
2014-01-14 16:00:00,0.855
2014-01-14 17:00:00,0.8583333333333334
2014-01-14 18:00:00,0.8266666666666667
2014-01-14 19:00:00,1.0916666666666666
2014-01-14 20:00:00,1.2466666666666666
2014-01-14 21:00:00,0.8316666666666667
2014-01-14 22:00:00,0.4383333333333333
2014-01-14 23:00:00,0.4583333333333333
2014-01-15 00:00:00,0.4483333333333333
2014-01-15 01:00:00,0.765
2014-01-15 02:00:00,0.9633333333333334
2014-01-15 03:00:00,1.6933333333333334
2014-01-15 04:00:00,1.07
2014-01-15 05:00:00,1.0416666666666667
2014-01-15 06:00:00,1.005
2014-01-15 07:00:00,0.6333333333333333
2014-01-15 08:00:00,0.6683333333333333
2014-01-15 09:00:00,0.5333333333333333
2014-01-15 10:00:00,0.485
2014-01-15 11:00:00,1.7066666666666668
2014-01-15 12:00:00,1.721666666666667
2014-01-15 13:00:00,1.9766666666666663
2014-01-15 14:00:00,2.9433333333333334
2014-01-15 15:00:00,3.458333333333333
2014-01-15 16:00:00,3.4599999999999995
2014-01-15 17:00:00,2.54
2014-01-15 18:00:00,2.215
2014-01-15 19:00:00,1.96
2014-01-15 20:00:00,2.0316666666666667
2014-01-15 21:00:00,2.036666666666666
2014-01-15 22:00:00,2.401666666666667
2014-01-15 23:00:00,2.3016666666666667
2014-01-16 00:00:00,2.29
2014-01-16 01:00:00,2.155
2014-01-16 02:00:00,1.7016666666666669
2014-01-16 03:00:00,1.8283333333333327
2014-01-16 04:00:00,2.0216666666666665
2014-01-16 05:00:00,2.058333333333333
2014-01-16 06:00:00,2.3233333333333333
2014-01-16 07:00:00,2.1283333333333334
2014-01-16 08:00:00,2.458333333333333
2014-01-16 09:00:00,2.7716666666666665
2014-01-16 10:00:00,2.0766666666666667
2014-01-16 11:00:00,2.6300000000000003
2014-01-16 12:00:00,2.3216666666666668
2014-01-16 13:00:00,3.105
2014-01-16 14:00:00,2.9600000000000004
2014-01-16 15:00:00,2.37
2014-01-16 16:00:00,2.681666666666666
2014-01-16 17:00:00,2.168333333333333
2014-01-16 18:00:00,2.1216666666666666
2014-01-16 19:00:00,2.2550000000000003
2014-01-16 20:00:00,1.6966666666666663
2014-01-16 21:00:00,1.8533333333333333
2014-01-16 22:00:00,2.036666666666666
2014-01-16 23:00:00,0.9683333333333332
2014-01-17 00:00:00,0.9616666666666666
2014-01-17 01:00:00,0.79
2014-01-17 02:00:00,1.7133333333333332
2014-01-17 03:00:00,0.8583333333333334
2014-01-17 04:00:00,2.06
2014-01-17 05:00:00,2.585
2014-01-17 06:00:00,1.455
2014-01-17 07:00:00,1.7166666666666668
2014-01-17 08:00:00,2.313333333333333
2014-01-17 09:00:00,2.3366666666666664
2014-01-17 10:00:00,2.2466666666666666
2014-01-17 11:00:00,2.195
2014-01-17 12:00:00,3.2583333333333333
2014-01-17 13:00:00,3.473333333333333
2014-01-17 14:00:00,2.995
2014-01-17 15:00:00,2.1750000000000003
2014-01-17 16:00:00,2.2516666666666665
2014-01-17 17:00:00,1.7383333333333333
2014-01-17 18:00:00,1.375
2014-01-17 19:00:00,1.8383333333333336
2014-01-17 20:00:00,1.9183333333333328
2014-01-17 21:00:00,1.6816666666666666
2014-01-17 22:00:00,1.788333333333333
2014-01-17 23:00:00,1.6416666666666666
2014-01-18 00:00:00,2.6916666666666664
2014-01-18 01:00:00,2.6283333333333334
2014-01-18 02:00:00,2.7066666666666666
2014-01-18 03:00:00,2.191666666666667
2014-01-18 04:00:00,2.4833333333333334
2014-01-18 05:00:00,2.8683333333333336
2014-01-18 06:00:00,2.7550000000000003
2014-01-18 07:00:00,2.2816666666666667
2014-01-18 08:00:00,2.39
2014-01-18 09:00:00,2.555
2014-01-18 10:00:00,2.1733333333333333
2014-01-18 11:00:00,1.7966666666666666
2014-01-18 12:00:00,1.665
2014-01-18 13:00:00,2.678333333333333
2014-01-18 14:00:00,2.4033333333333333
2014-01-18 15:00:00,2.583333333333333
2014-01-18 16:00:00,1.0083333333333333
2014-01-18 17:00:00,0.5966666666666667
2014-01-18 18:00:00,0.6699999999999999
2014-01-18 19:00:00,0.5516666666666666
2014-01-18 20:00:00,0.6366666666666667
2014-01-18 21:00:00,0.6533333333333333
2014-01-18 22:00:00,1.21
2014-01-18 23:00:00,0.645
2014-01-19 00:00:00,0.7400000000000001
2014-01-19 01:00:00,0.4466666666666666
2014-01-19 02:00:00,0.4466666666666667
2014-01-19 03:00:00,0.8016666666666666
2014-01-19 04:00:00,0.8016666666666666
2014-01-19 05:00:00,0.6533333333333333
2014-01-19 06:00:00,0.8533333333333334
2014-01-19 07:00:00,1.0716666666666663
2014-01-19 08:00:00,0.6483333333333333
2014-01-19 09:00:00,0.4116666666666666
2014-01-19 10:00:00,0.4216666666666667
2014-01-19 11:00:00,0.5716666666666667
2014-01-19 12:00:00,0.2533333333333333
2014-01-19 13:00:00,0.64
2014-01-19 14:00:00,2.9966666666666666
2014-01-19 15:00:00,2.705
2014-01-19 16:00:00,3.36
2014-01-19 17:00:00,3.763333333333333
2014-01-19 18:00:00,4.283333333333333
2014-01-19 19:00:00,3.4
2014-01-19 20:00:00,3.358333333333333
2014-01-19 21:00:00,2.37
2014-01-19 22:00:00,2.603333333333333
2014-01-19 23:00:00,3.678333333333333
2014-01-20 00:00:00,3.796666666666667
2014-01-20 01:00:00,3.855
2014-01-20 02:00:00,4.148333333333333
2014-01-20 03:00:00,3.248333333333333
2014-01-20 04:00:00,3.625
2014-01-20 05:00:00,3.858333333333333
2014-01-20 06:00:00,3.8516666666666666
2014-01-20 07:00:00,3.315
2014-01-20 08:00:00,3.42
2014-01-20 09:00:00,3.525
2014-01-20 10:00:00,2.9916666666666667
2014-01-20 11:00:00,3.841666666666667
2014-01-20 12:00:00,3.793333333333333
2014-01-20 13:00:00,3.293333333333333
2014-01-20 14:00:00,3.168333333333333
2014-01-20 15:00:00,2.921666666666667
2014-01-20 16:00:00,3.225
2014-01-20 17:00:00,2.9933333333333336
2014-01-20 18:00:00,2.685
2014-01-20 19:00:00,2.803333333333333
2014-01-20 20:00:00,2.3266666666666667
2014-01-20 21:00:00,2.3583333333333334
2014-01-20 22:00:00,1.64
2014-01-20 23:00:00,2.103333333333333
2014-01-21 00:00:00,1.8816666666666664
2014-01-21 01:00:00,2.058333333333333
2014-01-21 02:00:00,1.9333333333333331
2014-01-21 03:00:00,1.9783333333333333
2014-01-21 04:00:00,2.1466666666666665
2014-01-21 05:00:00,2.075
2014-01-21 06:00:00,1.38
2014-01-21 07:00:00,1.2633333333333334
2014-01-21 08:00:00,1.16
2014-01-21 09:00:00,1.225
2014-01-21 10:00:00,1.14
2014-01-21 11:00:00,0.995
2014-01-21 12:00:00,0.9
2014-01-21 13:00:00,0.7733333333333333
2014-01-21 14:00:00,1.0233333333333332
2014-01-21 15:00:00,1.04
2014-01-21 16:00:00,1.4466666666666663
2014-01-21 17:00:00,0.9716666666666668
2014-01-21 18:00:00,1.2416666666666667
2014-01-21 19:00:00,0.965
2014-01-21 20:00:00,0.6466666666666666
2014-01-21 21:00:00,0.835
2014-01-21 22:00:00,0.965
2014-01-21 23:00:00,1.018333333333333
2014-01-22 00:00:00,1.393333333333333
2014-01-22 01:00:00,1.0816666666666668
2014-01-22 02:00:00,1.5433333333333332
2014-01-22 03:00:00,1.893333333333333
2014-01-22 04:00:00,1.695
2014-01-22 05:00:00,1.7866666666666668
2014-01-22 06:00:00,1.8233333333333333
2014-01-22 07:00:00,2.3316666666666666
2014-01-22 08:00:00,2.435
2014-01-22 09:00:00,2.0483333333333333
2014-01-22 10:00:00,2.015
2014-01-22 11:00:00,2.148333333333333
2014-01-22 12:00:00,2.6366666666666667
2014-01-22 13:00:00,2.958333333333333
2014-01-22 14:00:00,2.9933333333333336
2014-01-22 15:00:00,2.931666666666666
2014-01-22 16:00:00,2.62
2014-01-22 17:00:00,3.2433333333333336
2014-01-22 18:00:00,3.1650000000000005
2014-01-22 19:00:00,3.0716666666666668
2014-01-22 20:00:00,3.036666666666666
2014-01-22 21:00:00,3.3800000000000003
2014-01-22 22:00:00,3.44
2014-01-22 23:00:00,3.273333333333333
2014-01-23 00:00:00,3.016666666666667
2014-01-23 01:00:00,3.01
2014-01-23 02:00:00,3.105
2014-01-23 03:00:00,2.9633333333333334
2014-01-23 04:00:00,3.0500000000000003
2014-01-23 05:00:00,2.841666666666667
2014-01-23 06:00:00,2.5583333333333336
2014-01-23 07:00:00,2.3783333333333334
2014-01-23 08:00:00,2.341666666666667
2014-01-23 09:00:00,2.3866666666666667
2014-01-23 10:00:00,2.2416666666666667
2014-01-23 11:00:00,1.5133333333333334
2014-01-23 12:00:00,1.4733333333333334
2014-01-23 13:00:00,1.6416666666666666
2014-01-23 14:00:00,1.2633333333333334
2014-01-23 15:00:00,1.3116666666666668
2014-01-23 16:00:00,1.34
2014-01-23 17:00:00,1.6816666666666666
2014-01-23 18:00:00,1.81
2014-01-23 19:00:00,1.1683333333333332
2014-01-23 20:00:00,0.8066666666666666
2014-01-23 21:00:00,0.6166666666666667
2014-01-23 22:00:00,0.5616666666666666
2014-01-23 23:00:00,0.3266666666666666
2014-01-24 00:00:00,1.2183333333333335
2014-01-24 01:00:00,0.7366666666666667
2014-01-24 02:00:00,0.7200000000000001
2014-01-24 03:00:00,0.32
2014-01-24 04:00:00,1.495
2014-01-24 05:00:00,1.46
2014-01-24 06:00:00,2.29
2014-01-24 07:00:00,2.623333333333333
2014-01-24 08:00:00,3.2916666666666665
2014-01-24 09:00:00,3.171666666666667
2014-01-24 10:00:00,3.3183333333333334
2014-01-24 11:00:00,3.263333333333333
2014-01-24 12:00:00,3.4450000000000003
2014-01-24 13:00:00,3.35
2014-01-24 14:00:00,2.5116666666666667
2014-01-24 15:00:00,2.638333333333333
2014-01-24 16:00:00,3.375
2014-01-24 17:00:00,2.686666666666667
2014-01-24 18:00:00,3.51
2014-01-24 19:00:00,3.015
2014-01-24 20:00:00,2.8616666666666664
2014-01-24 21:00:00,3.026666666666667
2014-01-24 22:00:00,2.98
2014-01-24 23:00:00,2.848333333333333
2014-01-25 00:00:00,2.9683333333333333
2014-01-25 01:00:00,3.2016666666666667
2014-01-25 02:00:00,2.84
2014-01-25 03:00:00,3.3266666666666667
2014-01-25 04:00:00,3.223333333333333
2014-01-25 05:00:00,3.1666666666666665
2014-01-25 06:00:00,3.151666666666667
2014-01-25 07:00:00,2.143333333333333
2014-01-25 08:00:00,2.731666666666667
2014-01-25 09:00:00,3.3166666666666664
2014-01-25 10:00:00,2.678333333333333
2014-01-25 11:00:00,3.063333333333333
2014-01-25 12:00:00,3.2183333333333333
2014-01-25 13:00:00,3.151666666666667
2014-01-25 14:00:00,2.671666666666667
2014-01-25 15:00:00,2.0283333333333333
2014-01-25 16:00:00,2.013333333333333
2014-01-25 17:00:00,1.72
2014-01-25 18:00:00,2.0066666666666664
2014-01-25 19:00:00,2.526666666666667
2014-01-25 20:00:00,1.81
2014-01-25 21:00:00,1.375
2014-01-25 22:00:00,2.0283333333333333
2014-01-25 23:00:00,1.7483333333333333
2014-01-26 00:00:00,1.875
2014-01-26 01:00:00,1.6900000000000002
2014-01-26 02:00:00,1.346666666666667
2014-01-26 03:00:00,2.0066666666666664
2014-01-26 04:00:00,2.063333333333333
2014-01-26 05:00:00,3.34
2014-01-26 06:00:00,3.838333333333333
2014-01-26 07:00:00,3.418333333333333
2014-01-26 08:00:00,3.893333333333333
2014-01-26 09:00:00,2.91
2014-01-26 10:00:00,3.045
2014-01-26 11:00:00,2.5283333333333333
2014-01-26 12:00:00,1.6833333333333331
2014-01-26 13:00:00,1.4466666666666663
2014-01-26 14:00:00,1.8183333333333331
2014-01-26 15:00:00,0.645
2014-01-26 16:00:00,0.955
2014-01-26 17:00:00,1.1
2014-01-26 18:00:00,1.5033333333333332
2014-01-26 19:00:00,1.4833333333333334
2014-01-26 20:00:00,1.305
2014-01-26 21:00:00,1.0883333333333332
2014-01-26 22:00:00,0.8999999999999999
2014-01-26 23:00:00,1.2766666666666666
2014-01-27 00:00:00,0.8966666666666666
2014-01-27 01:00:00,1.663333333333333
2014-01-27 02:00:00,2.341666666666667
2014-01-27 03:00:00,3.66
2014-01-27 04:00:00,3.23
2014-01-27 05:00:00,2.5883333333333334
2014-01-27 06:00:00,3.126666666666667
2014-01-27 07:00:00,1.6749999999999998
2014-01-27 08:00:00,1.2716666666666667
2014-01-27 09:00:00,0.7366666666666667
2014-01-27 10:00:00,1.045
2014-01-27 11:00:00,0.8066666666666666
2014-01-27 12:00:00,1.1900000000000002
2014-01-27 13:00:00,2.3966666666666665
2014-01-27 14:00:00,2.9633333333333334
2014-01-27 15:00:00,2.168333333333333
2014-01-27 16:00:00,1.545
2014-01-27 17:00:00,1.531666666666667
2014-01-27 18:00:00,1.3983333333333334
2014-01-27 19:00:00,2.8833333333333333
2014-01-27 20:00:00,1.5366666666666664
2014-01-27 21:00:00,1.163333333333333
2014-01-27 22:00:00,2.5516666666666667
2014-01-27 23:00:00,1.5583333333333331
2014-01-28 00:00:00,2.16
2014-01-28 01:00:00,2.286666666666666
2014-01-28 02:00:00,1.78
2014-01-28 03:00:00,2.186666666666667
2014-01-28 04:00:00,1.1966666666666663
2014-01-28 05:00:00,1.675
2014-01-28 06:00:00,0.9916666666666668
2014-01-28 07:00:00,0.7283333333333334
2014-01-28 08:00:00,1.0083333333333333
2014-01-28 09:00:00,2.26
2014-01-28 10:00:00,1.345
2014-01-28 11:00:00,1.88
2014-01-28 12:00:00,1.9566666666666668
2014-01-28 13:00:00,2.061666666666667
2014-01-28 14:00:00,1.285
2014-01-28 15:00:00,1.0733333333333337
2014-01-28 16:00:00,0.5683333333333334
2014-01-28 17:00:00,0.7933333333333333
2014-01-28 18:00:00,1.4766666666666666
2014-01-28 19:00:00,1.4633333333333332
2014-01-28 20:00:00,2.0816666666666666
2014-01-28 21:00:00,3.34
2014-01-28 22:00:00,2.263333333333333
2014-01-28 23:00:00,2.716666666666667
2014-01-29 00:00:00,1.7933333333333332
2014-01-29 01:00:00,2.223333333333333
2014-01-29 02:00:00,3.0416666666666665
2014-01-29 03:00:00,3.6233333333333335
2014-01-29 04:00:00,3.565
2014-01-29 05:00:00,4.15
2014-01-29 06:00:00,3.0716666666666668
2014-01-29 07:00:00,2.97
2014-01-29 08:00:00,3.591666666666667
2014-01-29 09:00:00,3.703333333333333
2014-01-29 10:00:00,3.765
2014-01-29 11:00:00,3.651666666666667
2014-01-29 12:00:00,3.2116666666666664
2014-01-29 13:00:00,3.2583333333333333
2014-01-29 14:00:00,3.5716666666666668
2014-01-29 15:00:00,3.773333333333333
2014-01-29 16:00:00,4.045
2014-01-29 17:00:00,3.64
2014-01-29 18:00:00,2.811666666666667
2014-01-29 19:00:00,2.793333333333333
2014-01-29 20:00:00,2.4766666666666666
2014-01-29 21:00:00,2.103333333333333
2014-01-29 22:00:00,2.795
2014-01-29 23:00:00,2.285
2014-01-30 00:00:00,1.4883333333333333
2014-01-30 01:00:00,1.7699999999999998
2014-01-30 02:00:00,1.9866666666666664
2014-01-30 03:00:00,0.835
2014-01-30 04:00:00,1.01
2014-01-30 05:00:00,0.7433333333333333
2014-01-30 06:00:00,1.9433333333333331
2014-01-30 07:00:00,2.99
2014-01-30 08:00:00,2.2133333333333334
2014-01-30 09:00:00,1.8216666666666663
2014-01-30 10:00:00,2.2416666666666667
2014-01-30 11:00:00,2.575
2014-01-30 12:00:00,2.495
2014-01-30 13:00:00,2.688333333333333
2014-01-30 14:00:00,2.671666666666667
2014-01-30 15:00:00,2.583333333333333
2014-01-30 16:00:00,2.29
2014-01-30 17:00:00,2.023333333333333
2014-01-30 18:00:00,1.595
2014-01-30 19:00:00,1.3616666666666666
2014-01-30 20:00:00,1.67
2014-01-30 21:00:00,0.7166666666666667
2014-01-30 22:00:00,1.5599999999999998
2014-01-30 23:00:00,0.7333333333333334
2014-01-31 00:00:00,1.5033333333333332
2014-01-31 01:00:00,1.1033333333333333
2014-01-31 02:00:00,0.975
2014-01-31 03:00:00,1.0583333333333331
2014-01-31 04:00:00,0.545
2014-01-31 05:00:00,0.5583333333333333
2014-01-31 06:00:00,0.3999999999999999
2014-01-31 07:00:00,0.6033333333333333
2014-01-31 08:00:00,0.305
2014-01-31 09:00:00,0.4933333333333333
2014-01-31 10:00:00,0.4583333333333333
2014-01-31 11:00:00,0.4583333333333333
2014-01-31 12:00:00,0.705
2014-01-31 13:00:00,0.6866666666666666
2014-01-31 14:00:00,2.408333333333333
2014-01-31 15:00:00,1.5366666666666668
2014-01-31 16:00:00,1.9916666666666665
2014-01-31 17:00:00,1.2366666666666666
2014-01-31 18:00:00,0.6066666666666666
2014-01-31 19:00:00,1.393333333333333
2014-01-31 20:00:00,1.9083333333333328
2014-01-31 21:00:00,1.9183333333333328
2014-01-31 22:00:00,2.225
2014-01-31 23:00:00,2.75
2014-02-01 00:00:00,2.668333333333333
2014-02-01 01:00:00,2.0083333333333333
2014-02-01 02:00:00,2.6633333333333336
2014-02-01 03:00:00,2.6316666666666664
2014-02-01 04:00:00,2.4266666666666667
2014-02-01 05:00:00,2.526666666666667
2014-02-01 06:00:00,2.921666666666667
2014-02-01 07:00:00,2.6966666666666668
2014-02-01 08:00:00,2.1733333333333333
2014-02-01 09:00:00,2.2783333333333333
2014-02-01 10:00:00,3.018333333333333
2014-02-01 11:00:00,3.385
2014-02-01 12:00:00,3.66
2014-02-01 13:00:00,2.915
2014-02-01 14:00:00,3.735
2014-02-01 15:00:00,2.6416666666666666
2014-02-01 16:00:00,0.6366666666666667
2014-02-01 17:00:00,2.065
2014-02-01 18:00:00,1.9733333333333332
2014-02-01 19:00:00,0.86
2014-02-01 20:00:00,0.935
2014-02-01 21:00:00,1.3883333333333334
2014-02-01 22:00:00,1.1833333333333331
2014-02-01 23:00:00,1.38
2014-02-02 00:00:00,1.8216666666666663
2014-02-02 01:00:00,1.2366666666666666
2014-02-02 02:00:00,0.7483333333333334
2014-02-02 03:00:00,0.6983333333333333
2014-02-02 04:00:00,0.935
2014-02-02 05:00:00,0.6483333333333333
2014-02-02 06:00:00,0.7133333333333334
2014-02-02 07:00:00,0.54
2014-02-02 08:00:00,0.555
2014-02-02 09:00:00,0.535
2014-02-02 10:00:00,0.4666666666666667
2014-02-02 11:00:00,0.8916666666666666
2014-02-02 12:00:00,0.6883333333333334
2014-02-02 13:00:00,0.9483333333333334
2014-02-02 14:00:00,1.0233333333333332
2014-02-02 15:00:00,1.125
2014-02-02 16:00:00,0.9966666666666668
2014-02-02 17:00:00,1.038333333333333
2014-02-02 18:00:00,1.4683333333333335
2014-02-02 19:00:00,1.0533333333333337
2014-02-02 20:00:00,0.8516666666666667
2014-02-02 21:00:00,0.6666666666666666
2014-02-02 22:00:00,0.6566666666666666
2014-02-02 23:00:00,0.4933333333333333
2014-02-03 00:00:00,0.66
2014-02-03 01:00:00,0.5116666666666667
2014-02-03 02:00:00,0.6933333333333334
2014-02-03 03:00:00,0.88
2014-02-03 04:00:00,0.8766666666666666
2014-02-03 05:00:00,1.3133333333333332
2014-02-03 06:00:00,0.5483333333333333
2014-02-03 07:00:00,0.6083333333333333
2014-02-03 08:00:00,0.5033333333333333
2014-02-03 09:00:00,0.455
2014-02-03 10:00:00,0.8083333333333332
2014-02-03 11:00:00,1.04
2014-02-03 12:00:00,1.35
2014-02-03 13:00:00,2.7183333333333337
2014-02-03 14:00:00,3.0483333333333333
2014-02-03 15:00:00,2.973333333333333
2014-02-03 16:00:00,3.283333333333333
2014-02-03 17:00:00,3.065
2014-02-03 18:00:00,2.2783333333333333
2014-02-03 19:00:00,2.84
2014-02-03 20:00:00,2.108333333333333
2014-02-03 21:00:00,1.7583333333333335
2014-02-03 22:00:00,1.6283333333333332
2014-02-03 23:00:00,1.375
2014-02-04 00:00:00,1.9333333333333331
2014-02-04 01:00:00,3.533333333333333
2014-02-04 02:00:00,2.7433333333333336
2014-02-04 03:00:00,2.286666666666666
2014-02-04 04:00:00,2.388333333333333
2014-02-04 05:00:00,2.03
2014-02-04 06:00:00,2.513333333333333
2014-02-04 07:00:00,2.475
2014-02-04 08:00:00,2.706666666666667
2014-02-04 09:00:00,3.055
2014-02-04 10:00:00,2.7883333333333336
2014-02-04 11:00:00,3.013333333333333
2014-02-04 12:00:00,2.773333333333333
2014-02-04 13:00:00,2.6133333333333333
2014-02-04 14:00:00,2.7099999999999995
2014-02-04 15:00:00,2.486666666666667
2014-02-04 16:00:00,2.2566666666666664
2014-02-04 17:00:00,1.725
2014-02-04 18:00:00,2.28
2014-02-04 19:00:00,2.2983333333333333
2014-02-04 20:00:00,2.013333333333333
2014-02-04 21:00:00,1.586666666666667
2014-02-04 22:00:00,1.875
2014-02-04 23:00:00,2.475
2014-02-05 00:00:00,2.4033333333333333
2014-02-05 01:00:00,2.065
2014-02-05 02:00:00,1.913333333333333
2014-02-05 03:00:00,1.855
2014-02-05 04:00:00,3.0216666666666665
2014-02-05 05:00:00,3.7283333333333335
2014-02-05 06:00:00,3.565
2014-02-05 07:00:00,3.295
2014-02-05 08:00:00,3.565
2014-02-05 09:00:00,3.533333333333333
2014-02-05 10:00:00,3.2100000000000004
2014-02-05 11:00:00,3.69
2014-02-05 12:00:00,4.069999999999999
2014-02-05 13:00:00,3.98
2014-02-05 14:00:00,2.8350000000000004
2014-02-05 15:00:00,2.223333333333333
2014-02-05 16:00:00,2.08
2014-02-05 17:00:00,2.493333333333333
2014-02-05 18:00:00,2.5283333333333333
2014-02-05 19:00:00,3.8766666666666665
2014-02-05 20:00:00,3.295
2014-02-05 21:00:00,2.25
2014-02-05 22:00:00,1.1666666666666667
2014-02-05 23:00:00,1.025
2014-02-06 00:00:00,0.64
2014-02-06 01:00:00,2.0116666666666667
2014-02-06 02:00:00,3.748333333333333
2014-02-06 03:00:00,3.71
2014-02-06 04:00:00,5.6866666666666665
2014-02-06 05:00:00,1.7383333333333333
2014-02-06 06:00:00,4.303333333333334
2014-02-06 07:00:00,3.58
2014-02-06 08:00:00,2.296666666666667
2014-02-06 09:00:00,4.035
2014-02-06 10:00:00,3.84
2014-02-06 11:00:00,4.328333333333333
2014-02-06 12:00:00,6.359999999999999
2014-02-06 13:00:00,8.228333333333333
2014-02-06 14:00:00,7.055
2014-02-06 15:00:00,4.685
2014-02-06 16:00:00,2.94
2014-02-06 17:00:00,3.6216666666666666
2014-02-06 18:00:00,2.855
2014-02-06 19:00:00,1.9633333333333327
2014-02-06 20:00:00,2.6333333333333333
2014-02-06 21:00:00,2.473333333333333
2014-02-06 22:00:00,1.893333333333333
2014-02-06 23:00:00,2.748333333333333
2014-02-07 00:00:00,2.978333333333333
2014-02-07 01:00:00,3.268333333333333
2014-02-07 02:00:00,3.0033333333333334
2014-02-07 03:00:00,3.103333333333333
2014-02-07 04:00:00,3.845
2014-02-07 05:00:00,5.056666666666667
2014-02-07 06:00:00,4.126666666666667
2014-02-07 07:00:00,4.59
2014-02-07 08:00:00,3.8366666666666656
2014-02-07 09:00:00,3.705
2014-02-07 10:00:00,4.545
2014-02-07 11:00:00,4.928333333333334
2014-02-07 12:00:00,8.071666666666667
2014-02-07 13:00:00,10.025
2014-02-07 14:00:00,10.166666666666666
2014-02-07 15:00:00,11.541666666666666
2014-02-07 16:00:00,9.361666666666666
2014-02-07 17:00:00,4.33
2014-02-07 18:00:00,4.041666666666667
2014-02-07 19:00:00,3.4033333333333338
2014-02-07 20:00:00,2.0483333333333333
2014-02-07 21:00:00,2.72
2014-02-07 22:00:00,1.67
2014-02-07 23:00:00,2.845
2014-02-08 00:00:00,1.9966666666666668
2014-02-08 01:00:00,2.5116666666666667
2014-02-08 02:00:00,3.835
2014-02-08 03:00:00,3.4516666666666667
2014-02-08 04:00:00,2.41
2014-02-08 05:00:00,1.6449999999999998
2014-02-08 06:00:00,2.3316666666666666
2014-02-08 07:00:00,2.5883333333333334
2014-02-08 08:00:00,3.5583333333333336
2014-02-08 09:00:00,5.341666666666666
2014-02-08 10:00:00,6.503333333333334
2014-02-08 11:00:00,4.898333333333333
2014-02-08 12:00:00,5.645
2014-02-08 13:00:00,5.2
2014-02-08 14:00:00,3.4433333333333334
2014-02-08 15:00:00,3.3633333333333333
2014-02-08 16:00:00,3.523333333333333
2014-02-08 17:00:00,4.11
2014-02-08 18:00:00,4.75
2014-02-08 19:00:00,6.211666666666666
2014-02-08 20:00:00,6.416666666666667
2014-02-08 21:00:00,4.963333333333334
2014-02-08 22:00:00,4.281666666666666
2014-02-08 23:00:00,3.15
2014-02-09 00:00:00,1.9583333333333333
2014-02-09 01:00:00,3.035
2014-02-09 02:00:00,4.153333333333333
2014-02-09 03:00:00,4.568333333333333
2014-02-09 04:00:00,7.356666666666666
2014-02-09 05:00:00,7.426666666666667
2014-02-09 06:00:00,6.761666666666667
2014-02-09 07:00:00,3.2133333333333334
2014-02-09 08:00:00,4.239999999999999
2014-02-09 09:00:00,4.265
2014-02-09 10:00:00,4.591666666666667
2014-02-09 11:00:00,6.086666666666667
2014-02-09 12:00:00,7.02
2014-02-09 13:00:00,5.853333333333333
2014-02-09 14:00:00,5.965
2014-02-09 15:00:00,5.918333333333333
2014-02-09 16:00:00,5.941666666666666
2014-02-09 17:00:00,3.63
2014-02-09 18:00:00,2.748333333333333
2014-02-09 19:00:00,4.116666666666666
2014-02-09 20:00:00,2.8716666666666666
2014-02-09 21:00:00,4.136666666666667
2014-02-09 22:00:00,4.04
2014-02-09 23:00:00,4.4816666666666665
2014-02-10 00:00:00,4.288333333333333
2014-02-10 01:00:00,2.806666666666666
2014-02-10 02:00:00,2.5683333333333334
2014-02-10 03:00:00,1.6733333333333331
2014-02-10 04:00:00,1.8816666666666664
2014-02-10 05:00:00,1.61
2014-02-10 06:00:00,2.1083333333333334
2014-02-10 07:00:00,2.178333333333333
2014-02-10 08:00:00,2.0516666666666667
2014-02-10 09:00:00,2.3283333333333336
2014-02-10 10:00:00,2.0033333333333334
2014-02-10 11:00:00,1.66
2014-02-10 12:00:00,3.1533333333333338
2014-02-10 13:00:00,4.18
2014-02-10 14:00:00,4.691666666666666
2014-02-10 15:00:00,2.29
2014-02-10 16:00:00,1.245
2014-02-10 17:00:00,1.9866666666666664
2014-02-10 18:00:00,3.713333333333333
2014-02-10 19:00:00,2.103333333333333
2014-02-10 20:00:00,1.1333333333333333
2014-02-10 21:00:00,1.1
2014-02-10 22:00:00,1.8333333333333333
2014-02-10 23:00:00,1.78
2014-02-11 00:00:00,1.1966666666666663
2014-02-11 01:00:00,0.5816666666666667
2014-02-11 02:00:00,2.9716666666666662
2014-02-11 03:00:00,2.16
2014-02-11 04:00:00,1.6883333333333332
2014-02-11 05:00:00,2.4
2014-02-11 06:00:00,2.4966666666666666
2014-02-11 07:00:00,2.2583333333333333
2014-02-11 08:00:00,5.3933333333333335
2014-02-11 09:00:00,5.2700000000000005
2014-02-11 10:00:00,3.736666666666667
2014-02-11 11:00:00,4.703333333333333
2014-02-11 12:00:00,5.486666666666667
2014-02-11 13:00:00,5.23
2014-02-11 14:00:00,6.541666666666667
2014-02-11 15:00:00,5.413333333333334
2014-02-11 16:00:00,4.051666666666667
2014-02-11 17:00:00,3.046666666666667
2014-02-11 18:00:00,2.848333333333333
2014-02-11 19:00:00,2.308333333333333
2014-02-11 20:00:00,1.768333333333333
2014-02-11 21:00:00,1.413333333333333
2014-02-11 22:00:00,1.96
2014-02-11 23:00:00,1.6266666666666667
2014-02-12 00:00:00,1.8766666666666667
2014-02-12 01:00:00,2.3266666666666667
2014-02-12 02:00:00,1.8966666666666665
2014-02-12 03:00:00,1.29
2014-02-12 04:00:00,1.2
2014-02-12 05:00:00,1.7233333333333334
2014-02-12 06:00:00,0.7116666666666668
2014-02-12 07:00:00,1.305
2014-02-12 08:00:00,0.6983333333333334
2014-02-12 09:00:00,1.0116666666666667
2014-02-12 10:00:00,1.39
2014-02-12 11:00:00,3.98
2014-02-12 12:00:00,3.5066666666666664
2014-02-12 13:00:00,4.571666666666666
2014-02-12 14:00:00,4.583333333333333
2014-02-12 15:00:00,4.456666666666667
2014-02-12 16:00:00,4.786666666666666
2014-02-12 17:00:00,3.501666666666667
2014-02-12 18:00:00,2.8816666666666664
2014-02-12 19:00:00,2.81
2014-02-12 20:00:00,3.383333333333333
2014-02-12 21:00:00,3.0066666666666664
2014-02-12 22:00:00,2.8866666666666667
2014-02-12 23:00:00,4.706666666666667
2014-02-13 00:00:00,3.421666666666667
2014-02-13 01:00:00,4.988333333333333
2014-02-13 02:00:00,5.405
2014-02-13 03:00:00,3.7266666666666666
2014-02-13 04:00:00,2.473333333333333
2014-02-13 05:00:00,3.4416666666666664
2014-02-13 06:00:00,5.663333333333333
2014-02-13 07:00:00,4.908333333333333
2014-02-13 08:00:00,4.191666666666666
2014-02-13 09:00:00,5.795000000000001
2014-02-13 10:00:00,6.97
2014-02-13 11:00:00,5.713333333333334
2014-02-13 12:00:00,3.235
2014-02-13 13:00:00,3.6966666666666663
2014-02-13 14:00:00,3.606666666666667
2014-02-13 15:00:00,3.485
2014-02-13 16:00:00,4.908333333333334
2014-02-13 17:00:00,4.5183333333333335
2014-02-13 18:00:00,3.14
2014-02-13 19:00:00,3.361666666666667
2014-02-13 20:00:00,5.155
2014-02-13 21:00:00,3.4166666666666665
2014-02-13 22:00:00,3.126666666666667
2014-02-13 23:00:00,2.078333333333333
2014-02-14 00:00:00,2.598333333333333
2014-02-14 01:00:00,2.89
2014-02-14 02:00:00,2.2333333333333334
2014-02-14 03:00:00,2.535
2014-02-14 04:00:00,2.058333333333333
2014-02-14 05:00:00,2.0166666666666666
2014-02-14 06:00:00,2.975
2014-02-14 07:00:00,2.9616666666666664
2014-02-14 08:00:00,2.911666666666666
2014-02-14 09:00:00,3.803333333333333
2014-02-14 10:00:00,4.765
2014-02-14 11:00:00,5.571666666666666
2014-02-14 12:00:00,5.398333333333333
2014-02-14 13:00:00,5.895
2014-02-14 14:00:00,5.5616666666666665
2014-02-14 15:00:00,5.12
2014-02-14 16:00:00,3.0666666666666664
2014-02-14 17:00:00,2.58
2014-02-14 18:00:00,2.3833333333333333
2014-02-14 19:00:00,2.4633333333333334
2014-02-14 20:00:00,3.3633333333333333
2014-02-14 21:00:00,4.171666666666667
2014-02-14 22:00:00,4.546666666666667
2014-02-14 23:00:00,4.416666666666667
2014-02-15 00:00:00,4.285
2014-02-15 01:00:00,5.448333333333333
2014-02-15 02:00:00,5.718333333333334
2014-02-15 03:00:00,4.8
2014-02-15 04:00:00,4.153333333333333
2014-02-15 05:00:00,4.271666666666667
2014-02-15 06:00:00,5.263333333333333
2014-02-15 07:00:00,4.201666666666667
2014-02-15 08:00:00,3.215
2014-02-15 09:00:00,3.85
2014-02-15 10:00:00,4.455
2014-02-15 11:00:00,5.14
2014-02-15 12:00:00,3.421666666666667
2014-02-15 13:00:00,4.5200000000000005
2014-02-15 14:00:00,4.461666666666667
2014-02-15 15:00:00,3.498333333333333
2014-02-15 16:00:00,2.708333333333333
2014-02-15 17:00:00,2.1016666666666666
2014-02-15 18:00:00,3.1950000000000003
2014-02-15 19:00:00,4.2
2014-02-15 20:00:00,4.211666666666667
2014-02-15 21:00:00,2.186666666666667
2014-02-15 22:00:00,2.84
2014-02-15 23:00:00,2.956666666666667
2014-02-16 00:00:00,2.785
2014-02-16 01:00:00,3.188333333333333
2014-02-16 02:00:00,4.485
2014-02-16 03:00:00,6.691666666666666
2014-02-16 04:00:00,8.096666666666666
2014-02-16 05:00:00,4.03
2014-02-16 06:00:00,4.36
2014-02-16 07:00:00,5.364999999999999
2014-02-16 08:00:00,4.958333333333333
2014-02-16 09:00:00,5.041666666666667
2014-02-16 10:00:00,6.378333333333333
2014-02-16 11:00:00,6.446666666666666
2014-02-16 12:00:00,7.276666666666667
2014-02-16 13:00:00,7.661666666666666
2014-02-16 14:00:00,6.335
2014-02-16 15:00:00,6.109999999999999
2014-02-16 16:00:00,3.2533333333333334
2014-02-16 17:00:00,2.315
2014-02-16 18:00:00,2.7516666666666665
2014-02-16 19:00:00,2.858333333333333
2014-02-16 20:00:00,2.606666666666667
2014-02-16 21:00:00,2.678333333333333
2014-02-16 22:00:00,2.958333333333333
2014-02-16 23:00:00,1.4466666666666663
2014-02-17 00:00:00,1.8033333333333332
2014-02-17 01:00:00,1.6783333333333337
2014-02-17 02:00:00,1.6450000000000002
2014-02-17 03:00:00,1.461666666666667
2014-02-17 04:00:00,1.3183333333333334
2014-02-17 05:00:00,1.2233333333333334
2014-02-17 06:00:00,1.8616666666666664
2014-02-17 07:00:00,1.7
2014-02-17 08:00:00,1.518333333333333
2014-02-17 09:00:00,1.55
2014-02-17 10:00:00,2.796666666666667
2014-02-17 11:00:00,4.39
2014-02-17 12:00:00,4.885
2014-02-17 13:00:00,5.756666666666667
2014-02-17 14:00:00,5.885000000000001
2014-02-17 15:00:00,5.728333333333333
2014-02-17 16:00:00,3.951666666666666
2014-02-17 17:00:00,2.8633333333333333
2014-02-17 18:00:00,2.361666666666667
2014-02-17 19:00:00,1.7483333333333333
2014-02-17 20:00:00,1.221666666666667
2014-02-17 21:00:00,0.6866666666666666
2014-02-17 22:00:00,0.9766666666666666
2014-02-17 23:00:00,0.93
2014-02-18 00:00:00,1.018333333333333
2014-02-18 01:00:00,1.0816666666666668
2014-02-18 02:00:00,0.8300000000000001
2014-02-18 03:00:00,1.0466666666666666
2014-02-18 04:00:00,1.08
2014-02-18 05:00:00,0.7866666666666666
2014-02-18 06:00:00,0.9216666666666667
2014-02-18 07:00:00,1.403333333333333
2014-02-18 08:00:00,0.8233333333333334
2014-02-18 09:00:00,1.275
2014-02-18 10:00:00,0.9216666666666667
2014-02-18 11:00:00,0.9416666666666668
2014-02-18 12:00:00,1.2916666666666667
2014-02-18 13:00:00,1.3383333333333332
2014-02-18 14:00:00,2.545
2014-02-18 15:00:00,2.958333333333333
2014-02-18 16:00:00,2.0966666666666667
2014-02-18 17:00:00,1.51
2014-02-18 18:00:00,2.0116666666666667
2014-02-18 19:00:00,1.53
2014-02-18 20:00:00,0.6566666666666666
2014-02-18 21:00:00,0.7616666666666667
2014-02-18 22:00:00,1.6183333333333332
2014-02-18 23:00:00,1.2616666666666667
2014-02-19 00:00:00,1.5266666666666666
2014-02-19 01:00:00,1.375
2014-02-19 02:00:00,1.3383333333333332
2014-02-19 03:00:00,1.23
2014-02-19 04:00:00,1.1283333333333334
2014-02-19 05:00:00,0.7400000000000001
2014-02-19 06:00:00,0.4333333333333333
2014-02-19 07:00:00,1.27
2014-02-19 08:00:00,4.98
2014-02-19 09:00:00,4.325
2014-02-19 10:00:00,5.0200000000000005
2014-02-19 11:00:00,3.615
2014-02-19 12:00:00,3.51
2014-02-19 13:00:00,2.99
2014-02-19 14:00:00,2.75
2014-02-19 15:00:00,2.865
2014-02-19 16:00:00,1.3116666666666668
2014-02-19 17:00:00,1.2816666666666665
2014-02-19 18:00:00,1.6166666666666665
2014-02-19 19:00:00,1.7933333333333332
2014-02-19 20:00:00,2.365
2014-02-19 21:00:00,1.1816666666666666
2014-02-19 22:00:00,1.2533333333333332
2014-02-19 23:00:00,1.18
2014-02-20 00:00:00,0.9683333333333334
2014-02-20 01:00:00,0.5766666666666667
2014-02-20 02:00:00,0.5816666666666667
2014-02-20 03:00:00,0.7000000000000001
2014-02-20 04:00:00,0.9283333333333332
2014-02-20 05:00:00,0.8733333333333334
2014-02-20 06:00:00,1.015
2014-02-20 07:00:00,0.7533333333333333
2014-02-20 08:00:00,0.93
2014-02-20 09:00:00,1.8383333333333336
2014-02-20 10:00:00,4.283333333333333
2014-02-20 11:00:00,4.42
2014-02-20 12:00:00,5.345
2014-02-20 13:00:00,4.523333333333333
2014-02-20 14:00:00,4.596666666666667
2014-02-20 15:00:00,4.505
2014-02-20 16:00:00,4.118333333333333
2014-02-20 17:00:00,3.41
2014-02-20 18:00:00,2.776666666666667
2014-02-20 19:00:00,2.183333333333333
2014-02-20 20:00:00,1.5983333333333334
2014-02-20 21:00:00,1.27
2014-02-20 22:00:00,1.89
2014-02-20 23:00:00,2.085
2014-02-21 00:00:00,2.556666666666666
2014-02-21 01:00:00,2.135
2014-02-21 02:00:00,1.8166666666666669
2014-02-21 03:00:00,2.485
2014-02-21 04:00:00,2.333333333333333
2014-02-21 05:00:00,3.3083333333333336
2014-02-21 06:00:00,1.4216666666666666
2014-02-21 07:00:00,1.7733333333333334
2014-02-21 08:00:00,1.5316666666666665
2014-02-21 09:00:00,3.205
2014-02-21 10:00:00,4.651666666666666
2014-02-21 11:00:00,6.46
2014-02-21 12:00:00,5.81
2014-02-21 13:00:00,5.9816666666666665
2014-02-21 14:00:00,5.678333333333334
2014-02-21 15:00:00,3.9133333333333336
2014-02-21 16:00:00,3.6983333333333337
2014-02-21 17:00:00,2.828333333333333
2014-02-21 18:00:00,1.8783333333333327
2014-02-21 19:00:00,2.2216666666666667
2014-02-21 20:00:00,1.085
2014-02-21 21:00:00,1.3016666666666663
2014-02-21 22:00:00,1.01
2014-02-21 23:00:00,1.9583333333333333
2014-02-22 00:00:00,2.1750000000000003
2014-02-22 01:00:00,1.3616666666666666
2014-02-22 02:00:00,1.4216666666666669
2014-02-22 03:00:00,1.55
2014-02-22 04:00:00,1.3616666666666666
2014-02-22 05:00:00,1.445
2014-02-22 06:00:00,1.455
2014-02-22 07:00:00,1.225
2014-02-22 08:00:00,1.1583333333333332
2014-02-22 09:00:00,1.9183333333333328
2014-02-22 10:00:00,3.795
2014-02-22 11:00:00,5.295
2014-02-22 12:00:00,6.22
2014-02-22 13:00:00,6.631666666666667
2014-02-22 14:00:00,6.666666666666667
2014-02-22 15:00:00,5.156666666666666
2014-02-22 16:00:00,4.265
2014-02-22 17:00:00,2.565
2014-02-22 18:00:00,2.733333333333333
2014-02-22 19:00:00,2.555
2014-02-22 20:00:00,2.0116666666666667
2014-02-22 21:00:00,1.095
2014-02-22 22:00:00,2.2183333333333333
2014-02-22 23:00:00,1.413333333333333
2014-02-23 00:00:00,0.7883333333333332
2014-02-23 01:00:00,0.98
2014-02-23 02:00:00,1.18
2014-02-23 03:00:00,1.2266666666666666
2014-02-23 04:00:00,0.9416666666666668
2014-02-23 05:00:00,0.87
2014-02-23 06:00:00,0.6683333333333333
2014-02-23 07:00:00,0.7999999999999999
2014-02-23 08:00:00,0.515
2014-02-23 09:00:00,0.7333333333333334
2014-02-23 10:00:00,1.4333333333333331
2014-02-23 11:00:00,5.348333333333334
2014-02-23 12:00:00,4.008333333333334
2014-02-23 13:00:00,4.335
2014-02-23 14:00:00,4.88
2014-02-23 15:00:00,4.56
2014-02-23 16:00:00,3.87
2014-02-23 17:00:00,2.3016666666666667
2014-02-23 18:00:00,1.8183333333333331
2014-02-23 19:00:00,0.7766666666666667
2014-02-23 20:00:00,0.7033333333333335
2014-02-23 21:00:00,1.475
2014-02-23 22:00:00,1.14
2014-02-23 23:00:00,1.135
2014-02-24 00:00:00,0.7999999999999999
2014-02-24 01:00:00,0.4933333333333333
2014-02-24 02:00:00,0.4366666666666667
2014-02-24 03:00:00,0.5566666666666666
2014-02-24 04:00:00,0.525
2014-02-24 05:00:00,1.2066666666666668
2014-02-24 06:00:00,1.42
2014-02-24 07:00:00,2.2333333333333334
2014-02-24 08:00:00,1.8816666666666664
2014-02-24 09:00:00,2.14
2014-02-24 10:00:00,3.733333333333333
2014-02-24 11:00:00,4.16
2014-02-24 12:00:00,3.89
2014-02-24 13:00:00,3.858333333333333
2014-02-24 14:00:00,2.9766666666666666
2014-02-24 15:00:00,2.63
2014-02-24 16:00:00,2.24
2014-02-24 17:00:00,1.5766666666666669
2014-02-24 18:00:00,1.5366666666666664
2014-02-24 19:00:00,1.9766666666666663
2014-02-24 20:00:00,1.7583333333333335
2014-02-24 21:00:00,1.5666666666666669
2014-02-24 22:00:00,2.01
2014-02-24 23:00:00,1.4183333333333332
2014-02-25 00:00:00,1.265
2014-02-25 01:00:00,0.8433333333333333
2014-02-25 02:00:00,1.5166666666666666
2014-02-25 03:00:00,1.3383333333333332
2014-02-25 04:00:00,1.3216666666666663
2014-02-25 05:00:00,1.59
2014-02-25 06:00:00,1.7300000000000002
2014-02-25 07:00:00,1.2366666666666666
2014-02-25 08:00:00,1.221666666666667
2014-02-25 09:00:00,1.4116666666666668
2014-02-25 10:00:00,1.7566666666666666
2014-02-25 11:00:00,2.686666666666667
2014-02-25 12:00:00,3.58
2014-02-25 13:00:00,4.696666666666666
2014-02-25 14:00:00,5.16
2014-02-25 15:00:00,5.57
2014-02-25 16:00:00,3.606666666666667
2014-02-25 17:00:00,3.0666666666666664
2014-02-25 18:00:00,2.495
2014-02-25 19:00:00,1.481666666666667
2014-02-25 20:00:00,1.0216666666666667
2014-02-25 21:00:00,1.1833333333333331
2014-02-25 22:00:00,1.125
2014-02-25 23:00:00,0.9216666666666667
2014-02-26 00:00:00,1.0316666666666665
2014-02-26 01:00:00,1.1016666666666668
2014-02-26 02:00:00,0.59
2014-02-26 03:00:00,0.8733333333333334
2014-02-26 04:00:00,1.0633333333333332
2014-02-26 05:00:00,1.3383333333333336
2014-02-26 06:00:00,0.9566666666666668
2014-02-26 07:00:00,1.018333333333333
2014-02-26 08:00:00,0.9466666666666668
2014-02-26 09:00:00,0.9866666666666668
2014-02-26 10:00:00,1.0733333333333333
2014-02-26 11:00:00,1.745
2014-02-26 12:00:00,1.8433333333333333
2014-02-26 13:00:00,1.61
2014-02-26 14:00:00,1.8733333333333333
2014-02-26 15:00:00,1.5566666666666666
2014-02-26 16:00:00,1.2266666666666668
2014-02-26 17:00:00,0.7216666666666667
2014-02-26 18:00:00,1.1316666666666666
2014-02-26 19:00:00,1.4216666666666669
2014-02-26 20:00:00,0.3899999999999999
2014-02-26 21:00:00,0.7816666666666667
2014-02-26 22:00:00,0.5816666666666667
2014-02-26 23:00:00,0.7766666666666667
2014-02-27 00:00:00,0.5916666666666667
2014-02-27 01:00:00,0.9183333333333332
2014-02-27 02:00:00,0.6066666666666667
2014-02-27 03:00:00,0.5866666666666667
2014-02-27 04:00:00,0.515
2014-02-27 05:00:00,0.4483333333333333
2014-02-27 06:00:00,0.505
2014-02-27 07:00:00,0.6933333333333334
2014-02-27 08:00:00,0.6316666666666667
2014-02-27 09:00:00,0.6416666666666667
2014-02-27 10:00:00,0.9983333333333334
2014-02-27 11:00:00,1.17
2014-02-27 12:00:00,2.1283333333333334
2014-02-27 13:00:00,3.925
2014-02-27 14:00:00,4.048333333333333
2014-02-27 15:00:00,3.69
2014-02-27 16:00:00,3.26
2014-02-27 17:00:00,3.6316666666666655
2014-02-27 18:00:00,2.965
2014-02-27 19:00:00,2.5966666666666667
2014-02-27 20:00:00,2.4133333333333336
2014-02-27 21:00:00,1.846666666666667
2014-02-27 22:00:00,0.955
2014-02-27 23:00:00,1.5733333333333337
2014-02-28 00:00:00,1.6150000000000002
2014-02-28 01:00:00,1.971666666666667
2014-02-28 02:00:00,1.8866666666666667
2014-02-28 03:00:00,2.018333333333333
2014-02-28 04:00:00,1.163333333333333
2014-02-28 05:00:00,1.6416666666666666
2014-02-28 06:00:00,1.538333333333333
2014-02-28 07:00:00,0.8266666666666667
2014-02-28 08:00:00,1.0266666666666666
2014-02-28 09:00:00,2.685
2014-02-28 10:00:00,3.753333333333333
2014-02-28 11:00:00,4.5633333333333335
2014-02-28 12:00:00,4.183333333333334
2014-02-28 13:00:00,3.775
2014-02-28 14:00:00,2.7016666666666667
2014-02-28 15:00:00,2.5716666666666668
2014-02-28 16:00:00,1.9833333333333332
2014-02-28 17:00:00,1.345
2014-02-28 18:00:00,1.025
2014-02-28 19:00:00,0.8883333333333333
2014-02-28 20:00:00,0.41
2014-02-28 21:00:00,0.7516666666666666
2014-02-28 22:00:00,0.445
2014-02-28 23:00:00,0.42
2014-03-01 00:00:00,1.075
2014-03-01 01:00:00,0.59
2014-03-01 02:00:00,0.4183333333333333
2014-03-01 03:00:00,0.4283333333333333
2014-03-01 04:00:00,0.445
2014-03-01 05:00:00,0.5733333333333334
2014-03-01 06:00:00,0.57
2014-03-01 07:00:00,0.6183333333333333
2014-03-01 08:00:00,0.7516666666666666
2014-03-01 09:00:00,0.9333333333333332
2014-03-01 10:00:00,1.05
2014-03-01 11:00:00,1.1483333333333332
2014-03-01 12:00:00,1.656666666666667
2014-03-01 13:00:00,2.2566666666666664
2014-03-01 14:00:00,3.32
2014-03-01 15:00:00,3.8666666666666663
2014-03-01 16:00:00,2.73
2014-03-01 17:00:00,1.8166666666666664
2014-03-01 18:00:00,0.695
2014-03-01 19:00:00,1.2466666666666668
2014-03-01 20:00:00,2.715
2014-03-01 21:00:00,2.1933333333333334
2014-03-01 22:00:00,2.23
2014-03-01 23:00:00,1.788333333333333
2014-03-02 00:00:00,1.5666666666666669
2014-03-02 01:00:00,1.3716666666666668
2014-03-02 02:00:00,1.3383333333333336
2014-03-02 03:00:00,0.9733333333333332
2014-03-02 04:00:00,0.7566666666666667
2014-03-02 05:00:00,0.46
2014-03-02 06:00:00,0.5083333333333333
2014-03-02 07:00:00,0.32
2014-03-02 08:00:00,0.54
2014-03-02 09:00:00,1.0683333333333334
2014-03-02 10:00:00,0.8883333333333333
2014-03-02 11:00:00,0.7516666666666666
2014-03-02 12:00:00,1.185
2014-03-02 13:00:00,2.148333333333333
2014-03-02 14:00:00,2.0933333333333333
2014-03-02 15:00:00,1.4400000000000002
2014-03-02 16:00:00,1.7166666666666668
2014-03-02 17:00:00,0.735
2014-03-02 18:00:00,0.6233333333333334
2014-03-02 19:00:00,0.9616666666666668
2014-03-02 20:00:00,0.5083333333333333
2014-03-02 21:00:00,0.3783333333333333
2014-03-02 22:00:00,1.1266666666666667
2014-03-02 23:00:00,0.4333333333333333
2014-03-03 00:00:00,0.505
2014-03-03 01:00:00,0.4116666666666666
2014-03-03 02:00:00,0.5016666666666666
2014-03-03 03:00:00,0.3066666666666666
2014-03-03 04:00:00,0.5166666666666667
2014-03-03 05:00:00,0.5566666666666666
2014-03-03 06:00:00,0.3916666666666666
2014-03-03 07:00:00,0.4716666666666667
2014-03-03 08:00:00,0.4566666666666667
2014-03-03 09:00:00,0.4683333333333333
2014-03-03 10:00:00,0.4949999999999999
2014-03-03 11:00:00,1.2
2014-03-03 12:00:00,4.18
2014-03-03 13:00:00,4.748333333333333
2014-03-03 14:00:00,5.048333333333333
2014-03-03 15:00:00,3.498333333333333
2014-03-03 16:00:00,3.083333333333333
2014-03-03 17:00:00,2.855
2014-03-03 18:00:00,2.123333333333333
2014-03-03 19:00:00,2.535
2014-03-03 20:00:00,1.78
2014-03-03 21:00:00,0.45
2014-03-03 22:00:00,0.425
2014-03-03 23:00:00,0.4683333333333333
2014-03-04 00:00:00,1.3550000000000002
2014-03-04 01:00:00,1.185
2014-03-04 02:00:00,0.7366666666666667
2014-03-04 03:00:00,0.3166666666666666
2014-03-04 04:00:00,0.6733333333333333
2014-03-04 05:00:00,0.5166666666666667
2014-03-04 06:00:00,0.7466666666666666
2014-03-04 07:00:00,0.3483333333333333
2014-03-04 08:00:00,0.4366666666666667
2014-03-04 09:00:00,0.745
2014-03-04 10:00:00,1.805
2014-03-04 11:00:00,1.9166666666666667
2014-03-04 12:00:00,1.1683333333333332
2014-03-04 13:00:00,0.8233333333333334
2014-03-04 14:00:00,0.7716666666666666
2014-03-04 15:00:00,0.9016666666666668
2014-03-04 16:00:00,0.65
2014-03-04 17:00:00,0.5616666666666666
2014-03-04 18:00:00,1.2366666666666666
2014-03-04 19:00:00,0.8566666666666666
2014-03-04 20:00:00,0.435
2014-03-04 21:00:00,0.67
2014-03-04 22:00:00,1.8816666666666664
2014-03-04 23:00:00,1.1283333333333332
2014-03-05 00:00:00,0.77
2014-03-05 01:00:00,0.8266666666666667
2014-03-05 02:00:00,1.0366666666666668
2014-03-05 03:00:00,0.7766666666666667
2014-03-05 04:00:00,0.4983333333333333
2014-03-05 05:00:00,0.6083333333333333
2014-03-05 06:00:00,0.6749999999999999
2014-03-05 07:00:00,0.5616666666666666
2014-03-05 08:00:00,0.6716666666666667
2014-03-05 09:00:00,0.4916666666666667
2014-03-05 10:00:00,0.7816666666666666
2014-03-05 11:00:00,1.41
2014-03-05 12:00:00,1.1016666666666668
2014-03-05 13:00:00,1.6933333333333334
2014-03-05 14:00:00,1.3266666666666669
2014-03-05 15:00:00,2.5816666666666666
2014-03-05 16:00:00,2.8633333333333333
2014-03-05 17:00:00,2.255
2014-03-05 18:00:00,1.6766666666666667
2014-03-05 19:00:00,1.5116666666666667
2014-03-05 20:00:00,1.33
2014-03-05 21:00:00,1.5066666666666666
2014-03-05 22:00:00,0.7999999999999999
2014-03-05 23:00:00,0.3766666666666666
2014-03-06 00:00:00,0.48
2014-03-06 01:00:00,0.3616666666666666
2014-03-06 02:00:00,0.5499999999999999
2014-03-06 03:00:00,0.3933333333333333
2014-03-06 04:00:00,0.7283333333333334
2014-03-06 05:00:00,0.77
2014-03-06 06:00:00,0.36
2014-03-06 07:00:00,0.645
2014-03-06 08:00:00,0.62
2014-03-06 09:00:00,0.5883333333333334
2014-03-06 10:00:00,0.89
2014-03-06 11:00:00,1.5883333333333332
2014-03-06 12:00:00,1.475
2014-03-06 13:00:00,1.4166666666666667
2014-03-06 14:00:00,1.78
2014-03-06 15:00:00,2.3866666666666667
2014-03-06 16:00:00,1.7983333333333331
2014-03-06 17:00:00,1.915
2014-03-06 18:00:00,1.7466666666666668
2014-03-06 19:00:00,0.7133333333333334
2014-03-06 20:00:00,0.82
2014-03-06 21:00:00,0.2966666666666667
2014-03-06 22:00:00,0.9083333333333332
2014-03-06 23:00:00,0.92
2014-03-07 00:00:00,1.26
2014-03-07 01:00:00,1.765
2014-03-07 02:00:00,1.3766666666666667
2014-03-07 03:00:00,1.2916666666666667
2014-03-07 04:00:00,1.94
2014-03-07 05:00:00,1.4583333333333333
2014-03-07 06:00:00,1.71
2014-03-07 07:00:00,1.785
2014-03-07 08:00:00,2.07
2014-03-07 09:00:00,1.4416666666666669
2014-03-07 10:00:00,1.1033333333333333
2014-03-07 11:00:00,0.8883333333333333
2014-03-07 12:00:00,1.0466666666666666
2014-03-07 13:00:00,1.7016666666666669
2014-03-07 14:00:00,2.42
2014-03-07 15:00:00,2.706666666666667
2014-03-07 16:00:00,2.058333333333333
2014-03-07 17:00:00,1.1366666666666667
2014-03-07 18:00:00,0.5566666666666666
2014-03-07 19:00:00,0.4016666666666666
2014-03-07 20:00:00,1.315
2014-03-07 21:00:00,0.5750000000000001
2014-03-07 22:00:00,1.04
2014-03-07 23:00:00,0.3466666666666667
2014-03-08 00:00:00,0.6433333333333333
2014-03-08 01:00:00,0.61
2014-03-08 02:00:00,0.6483333333333333
2014-03-08 03:00:00,0.4633333333333333
2014-03-08 04:00:00,0.4616666666666666
2014-03-08 05:00:00,0.33
2014-03-08 06:00:00,0.4033333333333333
2014-03-08 07:00:00,0.315
2014-03-08 08:00:00,0.5133333333333333
2014-03-08 09:00:00,0.84
2014-03-08 10:00:00,0.8033333333333333
2014-03-08 11:00:00,0.51
2014-03-08 12:00:00,1.23
2014-03-08 13:00:00,1.9066666666666665
2014-03-08 14:00:00,1.6166666666666665
2014-03-08 15:00:00,2.111666666666667
2014-03-08 16:00:00,3.313333333333333
2014-03-08 17:00:00,2.7433333333333336
2014-03-08 18:00:00,1.55
2014-03-08 19:00:00,1.0033333333333332
2014-03-08 20:00:00,1.0083333333333333
2014-03-08 21:00:00,1.1183333333333334
2014-03-08 22:00:00,0.9816666666666666
2014-03-08 23:00:00,0.9033333333333332
2014-03-09 00:00:00,0.6966666666666667
2014-03-09 01:00:00,0.8583333333333334
2014-03-09 02:00:00,0.6666666666666666
2014-03-09 03:00:00,0.7483333333333334
2014-03-09 04:00:00,1.1483333333333334
2014-03-09 05:00:00,1.5566666666666666
2014-03-09 06:00:00,1.143333333333333
2014-03-09 07:00:00,1.1516666666666666
2014-03-09 08:00:00,0.96
2014-03-09 09:00:00,0.8300000000000001
2014-03-09 10:00:00,0.86
2014-03-09 11:00:00,1.12
2014-03-09 12:00:00,1.89
2014-03-09 13:00:00,1.83
2014-03-09 14:00:00,1.096666666666667
2014-03-09 15:00:00,1.1983333333333337
2014-03-09 16:00:00,1.1266666666666667
2014-03-09 17:00:00,1.635
2014-03-09 18:00:00,1.065
2014-03-09 19:00:00,1.3483333333333334
2014-03-09 20:00:00,0.3433333333333333
2014-03-09 21:00:00,0.9816666666666668
2014-03-09 22:00:00,1.035
2014-03-09 23:00:00,0.725
2014-03-10 00:00:00,0.7233333333333333
2014-03-10 01:00:00,0.6783333333333333
2014-03-10 02:00:00,0.7466666666666667
2014-03-10 03:00:00,0.5733333333333334
2014-03-10 04:00:00,0.4683333333333333
2014-03-10 05:00:00,0.77
2014-03-10 06:00:00,0.605
2014-03-10 07:00:00,0.52
2014-03-10 08:00:00,0.6699999999999999
2014-03-10 09:00:00,1.01
2014-03-10 10:00:00,1.515
2014-03-10 11:00:00,1.7266666666666666
2014-03-10 12:00:00,2.185
2014-03-10 13:00:00,1.665
2014-03-10 14:00:00,2.04
2014-03-10 15:00:00,4.385000000000001
2014-03-10 16:00:00,3.951666666666666
2014-03-10 17:00:00,2.908333333333333
2014-03-10 18:00:00,1.3150000000000002
2014-03-10 19:00:00,0.9433333333333334
2014-03-10 20:00:00,0.5633333333333334
2014-03-10 21:00:00,0.4949999999999999
2014-03-10 22:00:00,0.5683333333333334
2014-03-10 23:00:00,0.5983333333333334
2014-03-11 00:00:00,0.3833333333333333
2014-03-11 01:00:00,0.4166666666666667
2014-03-11 02:00:00,0.8733333333333334
2014-03-11 03:00:00,0.4433333333333333
2014-03-11 04:00:00,0.4233333333333333
2014-03-11 05:00:00,0.635
2014-03-11 06:00:00,0.42
2014-03-11 07:00:00,0.6583333333333333
2014-03-11 08:00:00,0.6916666666666668
2014-03-11 09:00:00,0.9983333333333334
2014-03-11 10:00:00,3.3616666666666664
2014-03-11 11:00:00,2.67
2014-03-11 12:00:00,2.27
2014-03-11 13:00:00,3.51
2014-03-11 14:00:00,4.593333333333333
2014-03-11 15:00:00,5.056666666666667
2014-03-11 16:00:00,4.566666666666666
2014-03-11 17:00:00,4.263333333333333
2014-03-11 18:00:00,1.8483333333333332
2014-03-11 19:00:00,1.2516666666666667
2014-03-11 20:00:00,1.9733333333333332
2014-03-11 21:00:00,0.5733333333333334
2014-03-11 22:00:00,0.3383333333333334
2014-03-11 23:00:00,0.33
2014-03-12 00:00:00,0.5399999999999999
2014-03-12 01:00:00,0.41
2014-03-12 02:00:00,0.2766666666666666
2014-03-12 03:00:00,0.285
2014-03-12 04:00:00,0.645
2014-03-12 05:00:00,0.6733333333333333
2014-03-12 06:00:00,0.9266666666666667
2014-03-12 07:00:00,1.0366666666666668
2014-03-12 08:00:00,0.6916666666666668
2014-03-12 09:00:00,0.7683333333333334
2014-03-12 10:00:00,1.0566666666666666
2014-03-12 11:00:00,1.2833333333333334
2014-03-12 12:00:00,1.195
2014-03-12 13:00:00,1.7616666666666667
2014-03-12 14:00:00,3.2099999999999995
2014-03-12 15:00:00,2.5816666666666666
2014-03-12 16:00:00,2.29
2014-03-12 17:00:00,2.39
2014-03-12 18:00:00,2.245
2014-03-12 19:00:00,1.6733333333333331
2014-03-12 20:00:00,0.4916666666666667
2014-03-12 21:00:00,0.3516666666666667
2014-03-12 22:00:00,1.025
2014-03-12 23:00:00,0.805
2014-03-13 00:00:00,0.4566666666666666
2014-03-13 01:00:00,0.435
2014-03-13 02:00:00,0.6033333333333334
2014-03-13 03:00:00,0.5716666666666667
2014-03-13 04:00:00,0.5883333333333333
2014-03-13 05:00:00,0.4466666666666666
2014-03-13 06:00:00,0.8233333333333334
2014-03-13 07:00:00,0.8966666666666666
2014-03-13 08:00:00,0.905
2014-03-13 09:00:00,0.745
2014-03-13 10:00:00,0.7583333333333333
2014-03-13 11:00:00,0.7966666666666665
2014-03-13 12:00:00,1.2916666666666667
2014-03-13 13:00:00,1.5733333333333333
2014-03-13 14:00:00,1.695
2014-03-13 15:00:00,1.17
2014-03-13 16:00:00,1.1383333333333334
2014-03-13 17:00:00,0.7983333333333333
2014-03-13 18:00:00,0.8816666666666667
2014-03-13 19:00:00,0.8833333333333333
2014-03-13 20:00:00,1.5416666666666667
2014-03-13 21:00:00,0.9383333333333334
2014-03-13 22:00:00,0.5716666666666667
2014-03-13 23:00:00,0.6649999999999999
2014-03-14 00:00:00,0.5116666666666666
2014-03-14 01:00:00,0.3216666666666666
2014-03-14 02:00:00,0.43
2014-03-14 03:00:00,0.5833333333333334
2014-03-14 04:00:00,0.545
2014-03-14 05:00:00,0.415
2014-03-14 06:00:00,0.52
2014-03-14 07:00:00,0.6016666666666667
2014-03-14 08:00:00,0.7216666666666667
2014-03-14 09:00:00,0.6066666666666667
2014-03-14 10:00:00,1.0116666666666667
2014-03-14 11:00:00,1.215
2014-03-14 12:00:00,1.8633333333333333
2014-03-14 13:00:00,1.981666666666667
2014-03-14 14:00:00,1.8766666666666667
2014-03-14 15:00:00,1.35
2014-03-14 16:00:00,1.195
2014-03-14 17:00:00,0.88
2014-03-14 18:00:00,1.4466666666666663
2014-03-14 19:00:00,1.7416666666666665
2014-03-14 20:00:00,2.063333333333333
2014-03-14 21:00:00,1.7616666666666667
2014-03-14 22:00:00,1.0916666666666666
2014-03-14 23:00:00,0.95
2014-03-15 00:00:00,1.0633333333333332
2014-03-15 01:00:00,1.0616666666666668
2014-03-15 02:00:00,1.5099999999999998
2014-03-15 03:00:00,4.2
2014-03-15 04:00:00,3.693333333333333
2014-03-15 05:00:00,3.776666666666667
2014-03-15 06:00:00,2.575
2014-03-15 07:00:00,2.4
2014-03-15 08:00:00,2.5766666666666667
2014-03-15 09:00:00,2.123333333333333
2014-03-15 10:00:00,2.6966666666666668
2014-03-15 11:00:00,3.7716666666666665
2014-03-15 12:00:00,3.283333333333333
2014-03-15 13:00:00,3.41
2014-03-15 14:00:00,3.025
2014-03-15 15:00:00,3.325
2014-03-15 16:00:00,3.5316666666666663
2014-03-15 17:00:00,2.4566666666666666
2014-03-15 18:00:00,1.7633333333333334
2014-03-15 19:00:00,1.971666666666667
2014-03-15 20:00:00,1.3666666666666665
2014-03-15 21:00:00,2.328333333333333
2014-03-15 22:00:00,2.65
2014-03-15 23:00:00,2.9450000000000003
2014-03-16 00:00:00,2.955
2014-03-16 01:00:00,2.473333333333333
2014-03-16 02:00:00,3.063333333333333
2014-03-16 03:00:00,3.245
2014-03-16 04:00:00,4.79
2014-03-16 05:00:00,4.71
2014-03-16 06:00:00,4.05
2014-03-16 07:00:00,4.506666666666667
2014-03-16 08:00:00,4.423333333333333
2014-03-16 09:00:00,4.315
2014-03-16 10:00:00,4.118333333333333
2014-03-16 11:00:00,3.5733333333333337
2014-03-16 12:00:00,3.208333333333333
2014-03-16 13:00:00,3.2
2014-03-16 14:00:00,3.525
2014-03-16 15:00:00,3.44
2014-03-16 16:00:00,3.083333333333333
2014-03-16 17:00:00,2.7616666666666667
2014-03-16 18:00:00,3.688333333333333
2014-03-16 19:00:00,3.5083333333333333
2014-03-16 20:00:00,2.435
2014-03-16 21:00:00,2.523333333333333
2014-03-16 22:00:00,1.9216666666666664
2014-03-16 23:00:00,1.3
2014-03-17 00:00:00,1.4866666666666666
2014-03-17 01:00:00,1.635
2014-03-17 02:00:00,1.8183333333333331
2014-03-17 03:00:00,2.38
2014-03-17 04:00:00,2.98
2014-03-17 05:00:00,2.6583333333333337
2014-03-17 06:00:00,2.5716666666666668
2014-03-17 07:00:00,2.0216666666666665
2014-03-17 08:00:00,2.151666666666667
2014-03-17 09:00:00,2.7983333333333333
2014-03-17 10:00:00,3.15
2014-03-17 11:00:00,2.795
2014-03-17 12:00:00,2.283333333333333
2014-03-17 13:00:00,2.513333333333333
2014-03-17 14:00:00,2.348333333333333
2014-03-17 15:00:00,1.5483333333333331
2014-03-17 16:00:00,1.2616666666666667
2014-03-17 17:00:00,1.51
2014-03-17 18:00:00,1.3216666666666663
2014-03-17 19:00:00,0.945
2014-03-17 20:00:00,1.0216666666666667
2014-03-17 21:00:00,1.4283333333333337
2014-03-17 22:00:00,1.663333333333333
2014-03-17 23:00:00,1.2433333333333334
2014-03-18 00:00:00,1.4233333333333331
2014-03-18 01:00:00,1.3416666666666668
2014-03-18 02:00:00,1.5983333333333334
2014-03-18 03:00:00,1.5
2014-03-18 04:00:00,1.575
2014-03-18 05:00:00,1.005
2014-03-18 06:00:00,0.665
2014-03-18 07:00:00,0.9283333333333332
2014-03-18 08:00:00,2.0483333333333333
2014-03-18 09:00:00,3.2816666666666667
2014-03-18 10:00:00,3.56
2014-03-18 11:00:00,3.2716666666666665
2014-03-18 12:00:00,3.438333333333334
2014-03-18 13:00:00,3.673333333333333
2014-03-18 14:00:00,4.161666666666666
2014-03-18 15:00:00,5.508333333333333
2014-03-18 16:00:00,5.328333333333333
2014-03-18 17:00:00,3.635
2014-03-18 18:00:00,3.963333333333333
2014-03-18 19:00:00,1.825
2014-03-18 20:00:00,1.7616666666666667
2014-03-18 21:00:00,1.7366666666666666
2014-03-18 22:00:00,1.315
2014-03-18 23:00:00,1.785
2014-03-19 00:00:00,2.67
2014-03-19 01:00:00,2.8816666666666664
2014-03-19 02:00:00,2.92
2014-03-19 03:00:00,3.4866666666666664
2014-03-19 04:00:00,2.97
2014-03-19 05:00:00,3.3466666666666662
2014-03-19 06:00:00,3.0383333333333336
2014-03-19 07:00:00,2.625
2014-03-19 08:00:00,2.388333333333333
2014-03-19 09:00:00,2.6633333333333336
2014-03-19 10:00:00,3.08
2014-03-19 11:00:00,4.21
2014-03-19 12:00:00,3.373333333333333
2014-03-19 13:00:00,3.61
2014-03-19 14:00:00,3.678333333333333
2014-03-19 15:00:00,3.2016666666666667
2014-03-19 16:00:00,3.09
2014-03-19 17:00:00,2.643333333333333
2014-03-19 18:00:00,1.6733333333333331
2014-03-19 19:00:00,2.0500000000000003
2014-03-19 20:00:00,2.9883333333333333
2014-03-19 21:00:00,2.7533333333333334
2014-03-19 22:00:00,5.083333333333333
2014-03-19 23:00:00,5.031666666666667
2014-03-20 00:00:00,4.785
2014-03-20 01:00:00,4.748333333333334
2014-03-20 02:00:00,2.125
2014-03-20 03:00:00,1.1383333333333334
2014-03-20 04:00:00,1.585
2014-03-20 05:00:00,1.86
2014-03-20 06:00:00,1.885
2014-03-20 07:00:00,1.85
2014-03-20 08:00:00,1.9216666666666669
2014-03-20 09:00:00,2.2783333333333333
2014-03-20 10:00:00,2.89
2014-03-20 11:00:00,3.5
2014-03-20 12:00:00,2.981666666666667
2014-03-20 13:00:00,3.848333333333333
2014-03-20 14:00:00,3.7566666666666655
2014-03-20 15:00:00,4.541666666666667
2014-03-20 16:00:00,4.191666666666666
2014-03-20 17:00:00,4.885
2014-03-20 18:00:00,4.0633333333333335
2014-03-20 19:00:00,4.613333333333333
2014-03-20 20:00:00,5.148333333333333
2014-03-20 21:00:00,4.545
2014-03-20 22:00:00,3.9933333333333336
2014-03-20 23:00:00,3.8966666666666665
2014-03-21 00:00:00,2.1283333333333334
2014-03-21 01:00:00,2.186666666666667
2014-03-21 02:00:00,2.965
2014-03-21 03:00:00,1.2166666666666666
2014-03-21 04:00:00,1.9933333333333332
2014-03-21 05:00:00,2.6016666666666666
2014-03-21 06:00:00,1.88
2014-03-21 07:00:00,1.4516666666666669
2014-03-21 08:00:00,5.256666666666667
2014-03-21 09:00:00,7.170000000000001
2014-03-21 10:00:00,7.631666666666667
2014-03-21 11:00:00,9.576666666666666
2014-03-21 12:00:00,10.778333333333334
2014-03-21 13:00:00,9.826666666666666
2014-03-21 14:00:00,9.921666666666669
2014-03-21 15:00:00,8.603333333333333
2014-03-21 16:00:00,7.433333333333334
2014-03-21 17:00:00,5.327777777777778
2014-03-21 18:00:00,4.445
2014-03-21 19:00:00,2.0516666666666667
2014-03-21 20:00:00,1.755
2014-03-21 21:00:00,1.335
2014-03-21 22:00:00,1.16
2014-03-21 23:00:00,1.095
2014-03-22 00:00:00,1.215
2014-03-22 01:00:00,1.3416666666666668
2014-03-22 02:00:00,1.1733333333333331
2014-03-22 03:00:00,2.1366666666666667
2014-03-22 04:00:00,0.965
2014-03-22 05:00:00,1.5833333333333333
2014-03-22 06:00:00,1.7433333333333334
2014-03-22 07:00:00,1.7983333333333331
2014-03-22 08:00:00,0.97
2014-03-22 09:00:00,1.255
2014-03-22 10:00:00,1.221666666666667
2014-03-22 11:00:00,2.5733333333333333
2014-03-22 12:00:00,2.228333333333333
2014-03-22 13:00:00,4.091666666666667
2014-03-22 14:00:00,5.056666666666667
2014-03-22 15:00:00,5.446666666666666
2014-03-22 16:00:00,6.103333333333333
2014-03-22 17:00:00,3.6983333333333337
2014-03-22 18:00:00,2.1750000000000003
2014-03-22 19:00:00,1.6483333333333334
2014-03-22 20:00:00,3.2266666666666666
2014-03-22 21:00:00,3.046666666666667
2014-03-22 22:00:00,2.81
2014-03-22 23:00:00,1.9983333333333333
2014-03-23 00:00:00,1.6816666666666666
2014-03-23 01:00:00,1.815
2014-03-23 02:00:00,2.106666666666667
2014-03-23 03:00:00,1.4633333333333336
2014-03-23 04:00:00,0.815
2014-03-23 05:00:00,1.5066666666666666
2014-03-23 06:00:00,1.085
2014-03-23 07:00:00,0.8733333333333334
2014-03-23 08:00:00,1.085
2014-03-23 09:00:00,0.8616666666666667
2014-03-23 10:00:00,1.455
2014-03-23 11:00:00,2.0216666666666665
2014-03-23 12:00:00,1.6116666666666666
2014-03-23 13:00:00,1.7966666666666669
2014-03-23 14:00:00,1.278333333333333
2014-03-23 15:00:00,1.3150000000000002
2014-03-23 16:00:00,1.596666666666667
2014-03-23 17:00:00,0.4483333333333334
2014-03-23 18:00:00,0.5266666666666667
2014-03-23 19:00:00,0.95
2014-03-23 20:00:00,1.028333333333333
2014-03-23 21:00:00,1.1466666666666667
2014-03-23 22:00:00,1.1566666666666665
2014-03-23 23:00:00,0.595
2014-03-24 00:00:00,0.725
2014-03-24 01:00:00,1.1166666666666667
2014-03-24 02:00:00,1.1700000000000002
2014-03-24 03:00:00,0.4783333333333333
2014-03-24 04:00:00,0.5599999999999999
2014-03-24 05:00:00,1.0483333333333331
2014-03-24 06:00:00,2.6016666666666666
2014-03-24 07:00:00,2.3583333333333334
2014-03-24 08:00:00,1.82
2014-03-24 09:00:00,1.8416666666666668
2014-03-24 10:00:00,1.5316666666666665
2014-03-24 11:00:00,1.6133333333333333
2014-03-24 12:00:00,1.4866666666666666
2014-03-24 13:00:00,1.3516666666666666
2014-03-24 14:00:00,1.7933333333333332
2014-03-24 15:00:00,1.57
2014-03-24 16:00:00,1.9866666666666664
2014-03-24 17:00:00,2.0016666666666665
2014-03-24 18:00:00,2.658333333333333
2014-03-24 19:00:00,0.8266666666666667
2014-03-24 20:00:00,1.09
2014-03-24 21:00:00,1.0083333333333333
2014-03-24 22:00:00,1.0133333333333334
2014-03-24 23:00:00,0.6933333333333334
2014-03-25 00:00:00,0.9
2014-03-25 01:00:00,0.6699999999999999
2014-03-25 02:00:00,0.7600000000000001
2014-03-25 03:00:00,0.7516666666666666
2014-03-25 04:00:00,0.615
2014-03-25 05:00:00,0.7283333333333334
2014-03-25 06:00:00,0.6116666666666667
2014-03-25 07:00:00,0.6433333333333334
2014-03-25 08:00:00,0.8383333333333334
2014-03-25 09:00:00,0.8300000000000001
2014-03-25 10:00:00,0.9066666666666666
2014-03-25 11:00:00,1.7533333333333332
2014-03-25 12:00:00,1.8183333333333331
2014-03-25 13:00:00,2.948333333333333
2014-03-25 14:00:00,2.415
2014-03-25 15:00:00,1.76
2014-03-25 16:00:00,1.461666666666667
2014-03-25 17:00:00,1.3083333333333331
2014-03-25 18:00:00,2.64
2014-03-25 19:00:00,1.805
2014-03-25 20:00:00,1.7016666666666669
2014-03-25 21:00:00,1.46
2014-03-25 22:00:00,1.1816666666666666
2014-03-25 23:00:00,0.9816666666666668
2014-03-26 00:00:00,0.7999999999999999
2014-03-26 01:00:00,0.8300000000000001
2014-03-26 02:00:00,0.9966666666666666
2014-03-26 03:00:00,0.6683333333333333
2014-03-26 04:00:00,1.086666666666667
2014-03-26 05:00:00,0.8516666666666666
2014-03-26 06:00:00,1.2083333333333333
2014-03-26 07:00:00,1.445
2014-03-26 08:00:00,1.005
2014-03-26 09:00:00,0.8083333333333332
2014-03-26 10:00:00,0.8316666666666667
2014-03-26 11:00:00,1.175
2014-03-26 12:00:00,2.493333333333333
2014-03-26 13:00:00,2.921666666666667
2014-03-26 14:00:00,3.235
2014-03-26 15:00:00,4.666666666666667
2014-03-26 16:00:00,4.325
2014-03-26 17:00:00,3.8016666666666654
2014-03-26 18:00:00,4.8950000000000005
2014-03-26 19:00:00,4.735
2014-03-26 20:00:00,4.493333333333333
2014-03-26 21:00:00,4.466666666666667
2014-03-26 22:00:00,3.033333333333333
2014-03-26 23:00:00,2.4133333333333336
2014-03-27 00:00:00,1.86
2014-03-27 01:00:00,2.776666666666667
2014-03-27 02:00:00,3.44
2014-03-27 03:00:00,3.4166666666666665
2014-03-27 04:00:00,3.3666666666666667
2014-03-27 05:00:00,3.805
2014-03-27 06:00:00,3.2916666666666665
2014-03-27 07:00:00,3.751666666666667
2014-03-27 08:00:00,2.795
2014-03-27 09:00:00,2.9066666666666667
2014-03-27 10:00:00,3.103333333333333
2014-03-27 11:00:00,4.636666666666667
2014-03-27 12:00:00,4.736666666666667
2014-03-27 13:00:00,4.721666666666667
2014-03-27 14:00:00,5.685
2014-03-27 15:00:00,5.281666666666666
2014-03-27 16:00:00,5.816666666666666
2014-03-27 17:00:00,5.8183333333333325
2014-03-27 18:00:00,6.185
2014-03-27 19:00:00,6.113333333333333
2014-03-27 20:00:00,5.558333333333334
2014-03-27 21:00:00,3.41
2014-03-27 22:00:00,3.26
2014-03-27 23:00:00,2.5
2014-03-28 00:00:00,3.251666666666667
2014-03-28 01:00:00,3.233333333333333
2014-03-28 02:00:00,2.7716666666666665
2014-03-28 03:00:00,2.14
2014-03-28 04:00:00,1.265
2014-03-28 05:00:00,1.6233333333333333
2014-03-28 06:00:00,1.2366666666666666
2014-03-28 07:00:00,0.9016666666666668
2014-03-28 08:00:00,2.1733333333333333
2014-03-28 09:00:00,2.9633333333333334
2014-03-28 10:00:00,3.4683333333333333
2014-03-28 11:00:00,3.556666666666666
2014-03-28 12:00:00,3.67
2014-03-28 13:00:00,4.033333333333333
2014-03-28 14:00:00,3.883333333333333
2014-03-28 15:00:00,3.3350000000000004
2014-03-28 16:00:00,3.4266666666666663
2014-03-28 17:00:00,3.918333333333333
2014-03-28 18:00:00,3.346666666666667
2014-03-28 19:00:00,1.7466666666666668
2014-03-28 20:00:00,1.3216666666666663
2014-03-28 21:00:00,1.1
2014-03-28 22:00:00,0.5866666666666667
2014-03-28 23:00:00,1.2416666666666667
2014-03-29 00:00:00,1.0783333333333334
2014-03-29 01:00:00,1.1416666666666666
2014-03-29 02:00:00,1.5083333333333335
2014-03-29 03:00:00,1.231666666666667
2014-03-29 04:00:00,0.8583333333333334
2014-03-29 05:00:00,0.68
2014-03-29 06:00:00,0.7050000000000001
2014-03-29 07:00:00,0.8616666666666667
2014-03-29 08:00:00,0.7933333333333333
2014-03-29 09:00:00,1.2183333333333333
2014-03-29 10:00:00,1.5066666666666666
2014-03-29 11:00:00,1.836666666666667
2014-03-29 12:00:00,2.8516666666666666
2014-03-29 13:00:00,4.516666666666667
2014-03-29 14:00:00,4.923333333333333
2014-03-29 15:00:00,4.761666666666667
2014-03-29 16:00:00,3.9483333333333337
2014-03-29 17:00:00,2.715
2014-03-29 18:00:00,1.9066666666666665
2014-03-29 19:00:00,0.7933333333333333
2014-03-29 20:00:00,2.283333333333333
2014-03-29 21:00:00,0.9416666666666664
2014-03-29 22:00:00,0.4533333333333333
2014-03-29 23:00:00,0.59
2014-03-30 00:00:00,1.2533333333333334
2014-03-30 01:00:00,0.695
2014-03-30 02:00:00,0.4783333333333333
2014-03-30 03:00:00,0.445
2014-03-30 04:00:00,0.575
2014-03-30 05:00:00,0.73
2014-03-30 06:00:00,0.975
2014-03-30 07:00:00,1.3016666666666663
2014-03-30 08:00:00,1.7300000000000002
2014-03-30 09:00:00,1.2966666666666666
2014-03-30 10:00:00,0.8516666666666667
2014-03-30 11:00:00,0.7050000000000001
2014-03-30 12:00:00,1.3066666666666666
2014-03-30 13:00:00,1.3433333333333335
2014-03-30 14:00:00,1.5200000000000002
2014-03-30 15:00:00,2.81
2014-03-30 16:00:00,4.4383333333333335
2014-03-30 17:00:00,3.786666666666666
2014-03-30 18:00:00,1.643333333333333
2014-03-30 19:00:00,1.0883333333333334
2014-03-30 20:00:00,0.4866666666666666
2014-03-30 21:00:00,0.4733333333333333
2014-03-30 22:00:00,1.3266666666666669
2014-03-30 23:00:00,0.535
2014-03-31 00:00:00,0.6483333333333333
2014-03-31 01:00:00,0.4633333333333334
2014-03-31 02:00:00,0.5766666666666667
2014-03-31 03:00:00,0.8383333333333334
2014-03-31 04:00:00,0.3083333333333333
2014-03-31 05:00:00,0.6749999999999999
2014-03-31 06:00:00,0.4433333333333333
2014-03-31 07:00:00,0.5566666666666666
2014-03-31 08:00:00,0.52
2014-03-31 09:00:00,0.49
2014-03-31 10:00:00,0.6716666666666667
2014-03-31 11:00:00,0.63
2014-03-31 12:00:00,1.245
2014-03-31 13:00:00,1.28
2014-03-31 14:00:00,1.22
2014-03-31 15:00:00,1.7966666666666666
2014-03-31 16:00:00,1.2483333333333333
2014-03-31 17:00:00,0.6766666666666667
2014-03-31 18:00:00,0.9666666666666668
2014-03-31 19:00:00,0.4733333333333333
2014-03-31 20:00:00,0.3899999999999999
2014-03-31 21:00:00,0.5033333333333333
2014-03-31 22:00:00,0.5133333333333333
2014-03-31 23:00:00,0.4516666666666666
2014-04-01 00:00:00,0.3566666666666667
2014-04-01 01:00:00,0.4666666666666666
2014-04-01 02:00:00,0.5633333333333334
2014-04-01 03:00:00,0.7666666666666666
2014-04-01 04:00:00,0.785
2014-04-01 05:00:00,0.8316666666666667
2014-04-01 06:00:00,0.635
2014-04-01 07:00:00,0.4616666666666666
2014-04-01 08:00:00,1.1183333333333334
2014-04-01 09:00:00,0.9483333333333334
2014-04-01 10:00:00,0.6316666666666667
2014-04-01 11:00:00,1.2033333333333334
2014-04-01 12:00:00,2.858333333333333
2014-04-01 13:00:00,2.938333333333333
2014-04-01 14:00:00,1.846666666666667
2014-04-01 15:00:00,1.71
2014-04-01 16:00:00,2.7066666666666666
2014-04-01 17:00:00,3.721666666666666
2014-04-01 18:00:00,1.8766666666666667
2014-04-01 19:00:00,1.3683333333333332
2014-04-01 20:00:00,1.6016666666666666
2014-04-01 21:00:00,1.6583333333333332
2014-04-01 22:00:00,1.2866666666666668
2014-04-01 23:00:00,0.5666666666666667
2014-04-02 00:00:00,0.9133333333333334
2014-04-02 01:00:00,0.5483333333333333
2014-04-02 02:00:00,2.5500000000000003
2014-04-02 03:00:00,2.645
2014-04-02 04:00:00,0.5950000000000001
2014-04-02 05:00:00,1.1366666666666667
2014-04-02 06:00:00,0.875
2014-04-02 07:00:00,0.6916666666666668
2014-04-02 08:00:00,0.9133333333333332
2014-04-02 09:00:00,1.7716666666666665
2014-04-02 10:00:00,2.5283333333333333
2014-04-02 11:00:00,2.5516666666666667
2014-04-02 12:00:00,3.1216666666666666
2014-04-02 13:00:00,3.228333333333333
2014-04-02 14:00:00,2.7416666666666667
2014-04-02 15:00:00,1.86
2014-04-02 16:00:00,1.6366666666666667
2014-04-02 17:00:00,1.655
2014-04-02 18:00:00,0.8916666666666666
2014-04-02 19:00:00,0.4433333333333333
2014-04-02 20:00:00,0.9583333333333334
2014-04-02 21:00:00,1.1883333333333332
2014-04-02 22:00:00,0.96
2014-04-02 23:00:00,0.965
2014-04-03 00:00:00,1.1016666666666666
2014-04-03 01:00:00,1.12
2014-04-03 02:00:00,0.895
2014-04-03 03:00:00,1.1933333333333334
2014-04-03 04:00:00,0.835
2014-04-03 05:00:00,0.8700000000000001
2014-04-03 06:00:00,0.8799999999999999
2014-04-03 07:00:00,0.6533333333333333
2014-04-03 08:00:00,0.6416666666666666
2014-04-03 09:00:00,1.1133333333333333
2014-04-03 10:00:00,0.8383333333333334
2014-04-03 11:00:00,1.2416666666666667
2014-04-03 12:00:00,2.3916666666666666
2014-04-03 13:00:00,2.3116666666666665
2014-04-03 14:00:00,1.795
2014-04-03 15:00:00,1.7366666666666666
2014-04-03 16:00:00,1.3083333333333331
2014-04-03 17:00:00,2.2016666666666667
2014-04-03 18:00:00,2.005
2014-04-03 19:00:00,1.6183333333333334
2014-04-03 20:00:00,0.82
2014-04-03 21:00:00,0.6366666666666666
2014-04-03 22:00:00,0.4883333333333333
2014-04-03 23:00:00,0.3999999999999999
2014-04-04 00:00:00,0.505
2014-04-04 01:00:00,1.0133333333333334
2014-04-04 02:00:00,0.8616666666666667
2014-04-04 03:00:00,0.4383333333333333
2014-04-04 04:00:00,0.285
2014-04-04 05:00:00,0.625
2014-04-04 06:00:00,0.2633333333333333
2014-04-04 07:00:00,0.425
2014-04-04 08:00:00,1.46
2014-04-04 09:00:00,2.3366666666666664
2014-04-04 10:00:00,2.5816666666666666
2014-04-04 11:00:00,3.5083333333333333
2014-04-04 12:00:00,3.803333333333333
2014-04-04 13:00:00,4.1
2014-04-04 14:00:00,3.971666666666666
2014-04-04 15:00:00,4.185
2014-04-04 16:00:00,4.361666666666667
2014-04-04 17:00:00,4.638333333333333
2014-04-04 18:00:00,3.1266666666666665
2014-04-04 19:00:00,1.5416666666666667
2014-04-04 20:00:00,1.515
2014-04-04 21:00:00,2.195
2014-04-04 22:00:00,0.9316666666666666
2014-04-04 23:00:00,1.0416666666666667
2014-04-05 00:00:00,1.3516666666666666
2014-04-05 01:00:00,0.97
2014-04-05 02:00:00,1.065
2014-04-05 03:00:00,0.6583333333333333
2014-04-05 04:00:00,0.71
2014-04-05 05:00:00,0.5283333333333333
2014-04-05 06:00:00,0.2983333333333333
2014-04-05 07:00:00,0.7333333333333334
2014-04-05 08:00:00,1.6866666666666663
2014-04-05 09:00:00,1.038333333333333
2014-04-05 10:00:00,1.2633333333333334
2014-04-05 11:00:00,1.643333333333333
2014-04-05 12:00:00,1.18
2014-04-05 13:00:00,1.3666666666666665
2014-04-05 14:00:00,2.5033333333333334
2014-04-05 15:00:00,3.806666666666666
2014-04-05 16:00:00,2.6333333333333333
2014-04-05 17:00:00,3.2883333333333336
2014-04-05 18:00:00,1.8783333333333327
2014-04-05 19:00:00,1.0033333333333332
2014-04-05 20:00:00,1.125
2014-04-05 21:00:00,0.8033333333333333
2014-04-05 22:00:00,0.5750000000000001
2014-04-05 23:00:00,0.48
2014-04-06 00:00:00,0.365
2014-04-06 01:00:00,0.57
2014-04-06 02:00:00,0.515
2014-04-06 03:00:00,0.5433333333333333
2014-04-06 04:00:00,0.515
2014-04-06 05:00:00,0.6749999999999999
2014-04-06 06:00:00,0.9316666666666666
2014-04-06 07:00:00,0.8633333333333333
2014-04-06 08:00:00,1.0666666666666669
2014-04-06 09:00:00,1.653333333333333
2014-04-06 10:00:00,2.3266666666666667
2014-04-06 11:00:00,2.4
2014-04-06 12:00:00,2.0733333333333333
2014-04-06 13:00:00,2.13
2014-04-06 14:00:00,2.0
2014-04-06 15:00:00,1.7183333333333335
2014-04-06 16:00:00,1.5933333333333335
2014-04-06 17:00:00,1.305
2014-04-06 18:00:00,1.0516666666666667
2014-04-06 19:00:00,1.5066666666666666
2014-04-06 20:00:00,1.8516666666666663
2014-04-06 21:00:00,1.005
2014-04-06 22:00:00,0.7016666666666667
2014-04-06 23:00:00,0.7216666666666667
2014-04-07 00:00:00,0.59
2014-04-07 01:00:00,0.7333333333333334
2014-04-07 02:00:00,1.1233333333333333
2014-04-07 03:00:00,0.7050000000000001
2014-04-07 04:00:00,0.9066666666666666
2014-04-07 05:00:00,0.8083333333333332
2014-04-07 06:00:00,0.9233333333333332
2014-04-07 07:00:00,0.9666666666666668
2014-04-07 08:00:00,1.0483333333333331
2014-04-07 09:00:00,1.095
2014-04-07 10:00:00,1.855
2014-04-07 11:00:00,2.3466666666666667
2014-04-07 12:00:00,1.59
2014-04-07 13:00:00,1.5249999999999997
2014-04-07 14:00:00,2.5683333333333334
2014-04-07 15:00:00,3.6266666666666665
2014-04-07 16:00:00,2.8166666666666664
2014-04-07 17:00:00,2.3866666666666667
2014-04-07 18:00:00,2.365
2014-04-07 19:00:00,2.473333333333333
2014-04-07 20:00:00,1.465
2014-04-07 21:00:00,1.3316666666666668
2014-04-07 22:00:00,2.0066666666666664
2014-04-07 23:00:00,2.286666666666666
2014-04-08 00:00:00,2.1533333333333333
2014-04-08 01:00:00,1.768333333333333
2014-04-08 02:00:00,1.765
2014-04-08 03:00:00,2.705
2014-04-08 04:00:00,3.06
2014-04-08 05:00:00,2.035
2014-04-08 06:00:00,2.0416666666666665
2014-04-08 07:00:00,3.8766666666666665
2014-04-08 08:00:00,6.683333333333334
2014-04-08 09:00:00,5.036666666666666
2014-04-08 10:00:00,3.595
2014-04-08 11:00:00,4.328333333333333
2014-04-08 12:00:00,5.756666666666667
2014-04-08 13:00:00,4.745
2014-04-08 14:00:00,4.39
2014-04-08 15:00:00,4.421666666666667
2014-04-08 16:00:00,3.4966666666666666
2014-04-08 17:00:00,3.6966666666666663
2014-04-08 18:00:00,2.931666666666666
2014-04-08 19:00:00,1.9766666666666663
2014-04-08 20:00:00,2.375
2014-04-08 21:00:00,1.5599999999999998
2014-04-08 22:00:00,1.7533333333333332
2014-04-08 23:00:00,1.6049999999999998
2014-04-09 00:00:00,2.0716666666666668
2014-04-09 01:00:00,1.6133333333333333
2014-04-09 02:00:00,2.1766666666666667
2014-04-09 03:00:00,3.58
2014-04-09 04:00:00,3.1950000000000003
2014-04-09 05:00:00,2.895
2014-04-09 06:00:00,2.4266666666666667
2014-04-09 07:00:00,2.52
2014-04-09 08:00:00,3.2983333333333333
2014-04-09 09:00:00,3.8166666666666655
2014-04-09 10:00:00,3.353333333333333
2014-04-09 11:00:00,3.1300000000000003
2014-04-09 12:00:00,2.8816666666666664
2014-04-09 13:00:00,3.526666666666667
2014-04-09 14:00:00,3.648333333333333
2014-04-09 15:00:00,3.628333333333333
2014-04-09 16:00:00,2.898333333333333
2014-04-09 17:00:00,2.7533333333333334
2014-04-09 18:00:00,2.7466666666666666
2014-04-09 19:00:00,2.3916666666666666
2014-04-09 20:00:00,2.2
2014-04-09 21:00:00,2.436666666666667
2014-04-09 22:00:00,2.685
2014-04-09 23:00:00,2.7416666666666667
2014-04-10 00:00:00,2.72
2014-04-10 01:00:00,2.595
2014-04-10 02:00:00,2.766666666666667
2014-04-10 03:00:00,2.368333333333333
2014-04-10 04:00:00,2.168333333333333
2014-04-10 05:00:00,2.285
2014-04-10 06:00:00,1.775
2014-04-10 07:00:00,1.7183333333333335
2014-04-10 08:00:00,2.105
2014-04-10 09:00:00,1.6583333333333332
2014-04-10 10:00:00,1.6766666666666667
2014-04-10 11:00:00,2.0
2014-04-10 12:00:00,1.835
2014-04-10 13:00:00,2.16
2014-04-10 14:00:00,2.035
2014-04-10 15:00:00,1.325
2014-04-10 16:00:00,0.98
2014-04-10 17:00:00,1.6033333333333333
2014-04-10 18:00:00,1.1033333333333333
2014-04-10 19:00:00,0.6833333333333332
2014-04-10 20:00:00,0.5816666666666667
2014-04-10 21:00:00,0.5216666666666666
2014-04-10 22:00:00,1.04
2014-04-10 23:00:00,1.0533333333333337
2014-04-11 00:00:00,1.1516666666666666
2014-04-11 01:00:00,1.2616666666666667
2014-04-11 02:00:00,1.0466666666666666
2014-04-11 03:00:00,1.0216666666666667
2014-04-11 04:00:00,1.0583333333333331
2014-04-11 05:00:00,1.1816666666666666
2014-04-11 06:00:00,1.4066666666666665
2014-04-11 07:00:00,0.9133333333333334
2014-04-11 08:00:00,1.4183333333333332
2014-04-11 09:00:00,1.3783333333333332
2014-04-11 10:00:00,1.5333333333333332
2014-04-11 11:00:00,1.6016666666666666
2014-04-11 12:00:00,1.875
2014-04-11 13:00:00,1.9933333333333332
2014-04-11 14:00:00,1.62
2014-04-11 15:00:00,1.38
2014-04-11 16:00:00,1.0466666666666666
2014-04-11 17:00:00,0.6433333333333334
2014-04-11 18:00:00,1.1483333333333332
2014-04-11 19:00:00,2.316666666666667
2014-04-11 20:00:00,1.12
2014-04-11 21:00:00,1.2766666666666666
2014-04-11 22:00:00,1.1849999999999998
2014-04-11 23:00:00,0.9383333333333334
2014-04-12 00:00:00,1.085
2014-04-12 01:00:00,1.3533333333333335
2014-04-12 02:00:00,1.106666666666667
2014-04-12 03:00:00,0.815
2014-04-12 04:00:00,0.7166666666666667
2014-04-12 05:00:00,1.6050000000000002
2014-04-12 06:00:00,1.778333333333333
2014-04-12 07:00:00,2.228333333333333
2014-04-12 08:00:00,2.0883333333333334
2014-04-12 09:00:00,1.6450000000000002
2014-04-12 10:00:00,1.4283333333333337
2014-04-12 11:00:00,0.8916666666666666
2014-04-12 12:00:00,1.481666666666667
2014-04-12 13:00:00,1.7833333333333332
2014-04-12 14:00:00,1.6766666666666667
2014-04-12 15:00:00,1.288333333333333
2014-04-12 16:00:00,0.65
2014-04-12 17:00:00,0.6416666666666667
2014-04-12 18:00:00,0.5933333333333334
2014-04-12 19:00:00,1.11
2014-04-12 20:00:00,0.7033333333333333
2014-04-12 21:00:00,0.5599999999999999
2014-04-12 22:00:00,0.4533333333333333
2014-04-12 23:00:00,1.5033333333333332
2014-04-13 00:00:00,2.286666666666666
2014-04-13 01:00:00,2.32
2014-04-13 02:00:00,1.96
2014-04-13 03:00:00,1.675
2014-04-13 04:00:00,2.026666666666667
2014-04-13 05:00:00,2.0083333333333333
2014-04-13 06:00:00,1.4283333333333337
2014-04-13 07:00:00,1.475
2014-04-13 08:00:00,2.305
2014-04-13 09:00:00,3.355
2014-04-13 10:00:00,3.053333333333333
2014-04-13 11:00:00,2.76
2014-04-13 12:00:00,1.9
2014-04-13 13:00:00,1.935
2014-04-13 14:00:00,2.478333333333333
2014-04-13 15:00:00,2.158333333333333
2014-04-13 16:00:00,1.8966666666666667
2014-04-13 17:00:00,1.9083333333333332
2014-04-13 18:00:00,1.606666666666667
2014-04-13 19:00:00,1.4349999999999998
2014-04-13 20:00:00,1.55
2014-04-13 21:00:00,1.8
2014-04-13 22:00:00,1.03
2014-04-13 23:00:00,1.245
2014-04-14 00:00:00,1.0216666666666667
2014-04-14 01:00:00,1.16
2014-04-14 02:00:00,1.086666666666667
2014-04-14 03:00:00,1.778333333333333
2014-04-14 04:00:00,2.775
2014-04-14 05:00:00,2.2116666666666664
2014-04-14 06:00:00,3.04
2014-04-14 07:00:00,3.2550000000000003
2014-04-14 08:00:00,2.955
2014-04-14 09:00:00,2.415
2014-04-14 10:00:00,3.533333333333333
2014-04-14 11:00:00,3.23
2014-04-14 12:00:00,3.6166666666666663
2014-04-14 13:00:00,4.253333333333333
2014-04-14 14:00:00,3.205
2014-04-14 15:00:00,2.38
2014-04-14 16:00:00,2.4250000000000003
2014-04-14 17:00:00,2.315
2014-04-14 18:00:00,2.0016666666666665
2014-04-14 19:00:00,2.4033333333333333
2014-04-14 20:00:00,3.0883333333333334
2014-04-14 21:00:00,2.308333333333333
2014-04-14 22:00:00,2.365
2014-04-14 23:00:00,2.401666666666667
2014-04-15 00:00:00,2.5766666666666667
2014-04-15 01:00:00,2.368333333333333
2014-04-15 02:00:00,2.3466666666666667
2014-04-15 03:00:00,3.5033333333333334
2014-04-15 04:00:00,3.1633333333333336
2014-04-15 05:00:00,2.595
2014-04-15 06:00:00,2.6
2014-04-15 07:00:00,2.68
2014-04-15 08:00:00,2.4516666666666667
2014-04-15 09:00:00,2.4616666666666664
2014-04-15 10:00:00,2.888333333333333
2014-04-15 11:00:00,3.358333333333333
2014-04-15 12:00:00,2.928333333333333
2014-04-15 13:00:00,2.436666666666667
2014-04-15 14:00:00,2.4233333333333333
2014-04-15 15:00:00,2.608333333333333
2014-04-15 16:00:00,3.075
2014-04-15 17:00:00,2.245
2014-04-15 18:00:00,1.893333333333333
2014-04-15 19:00:00,2.2133333333333334
2014-04-15 20:00:00,2.1983333333333333
2014-04-15 21:00:00,2.036666666666666
2014-04-15 22:00:00,3.435
2014-04-15 23:00:00,3.65
2014-04-16 00:00:00,1.4783333333333335
2014-04-16 01:00:00,1.22
2014-04-16 02:00:00,1.0616666666666668
2014-04-16 03:00:00,0.8533333333333334
2014-04-16 04:00:00,0.7833333333333333
2014-04-16 05:00:00,0.7999999999999999
2014-04-16 06:00:00,1.2033333333333334
2014-04-16 07:00:00,2.1416666666666666
2014-04-16 08:00:00,1.9466666666666663
2014-04-16 09:00:00,3.4766666666666666
2014-04-16 10:00:00,3.615
2014-04-16 11:00:00,2.635
2014-04-16 12:00:00,2.708333333333333
2014-04-16 13:00:00,3.671666666666667
2014-04-16 14:00:00,3.546666666666667
2014-04-16 15:00:00,3.883333333333333
2014-04-16 16:00:00,4.391666666666667
2014-04-16 17:00:00,3.715
2014-04-16 18:00:00,2.7416666666666667
2014-04-16 19:00:00,1.2933333333333332
2014-04-16 20:00:00,0.5583333333333333
2014-04-16 21:00:00,0.93
2014-04-16 22:00:00,0.9
2014-04-16 23:00:00,0.9133333333333334
2014-04-17 00:00:00,0.5833333333333334
2014-04-17 01:00:00,0.715
2014-04-17 02:00:00,0.875
2014-04-17 03:00:00,0.5583333333333332
2014-04-17 04:00:00,1.04
2014-04-17 05:00:00,1.205
2014-04-17 06:00:00,0.96
2014-04-17 07:00:00,1.096666666666667
2014-04-17 08:00:00,1.481666666666667
2014-04-17 09:00:00,2.168333333333333
2014-04-17 10:00:00,3.75
2014-04-17 11:00:00,3.888333333333333
2014-04-17 12:00:00,3.3233333333333337
2014-04-17 13:00:00,3.33
2014-04-17 14:00:00,4.128333333333333
2014-04-17 15:00:00,3.725
2014-04-17 16:00:00,4.57
2014-04-17 17:00:00,3.736666666666667
2014-04-17 18:00:00,3.6566666666666654
2014-04-17 19:00:00,2.08
2014-04-17 20:00:00,1.968333333333333
2014-04-17 21:00:00,2.25
2014-04-17 22:00:00,2.06
2014-04-17 23:00:00,1.9566666666666668
2014-04-18 00:00:00,1.4249999999999998
2014-04-18 01:00:00,1.275
2014-04-18 02:00:00,1.4166666666666667
2014-04-18 03:00:00,1.99
2014-04-18 04:00:00,1.1916666666666669
2014-04-18 05:00:00,1.6766666666666667
2014-04-18 06:00:00,1.665
2014-04-18 07:00:00,1.731666666666667
2014-04-18 08:00:00,0.7933333333333333
2014-04-18 09:00:00,0.5716666666666667
2014-04-18 10:00:00,1.4766666666666666
2014-04-18 11:00:00,1.57
2014-04-18 12:00:00,2.308333333333333
2014-04-18 13:00:00,2.015
2014-04-18 14:00:00,1.4633333333333336
2014-04-18 15:00:00,2.638333333333333
2014-04-18 16:00:00,1.6383333333333334
2014-04-18 17:00:00,1.1383333333333334
2014-04-18 18:00:00,1.7166666666666666
2014-04-18 19:00:00,0.5766666666666667
2014-04-18 20:00:00,1.2
2014-04-18 21:00:00,1.16
2014-04-18 22:00:00,0.89
2014-04-18 23:00:00,0.8666666666666667
2014-04-19 00:00:00,0.7383333333333333
2014-04-19 01:00:00,0.7483333333333334
2014-04-19 02:00:00,1.3033333333333337
2014-04-19 03:00:00,1.02
2014-04-19 04:00:00,0.995
2014-04-19 05:00:00,1.5583333333333331
2014-04-19 06:00:00,2.0616666666666665
2014-04-19 07:00:00,2.2816666666666667
2014-04-19 08:00:00,2.7266666666666666
2014-04-19 09:00:00,3.015
2014-04-19 10:00:00,2.99
2014-04-19 11:00:00,2.605
2014-04-19 12:00:00,2.7516666666666665
2014-04-19 13:00:00,2.9433333333333334
2014-04-19 14:00:00,3.4233333333333333
2014-04-19 15:00:00,2.421666666666667
2014-04-19 16:00:00,1.9083333333333328
2014-04-19 17:00:00,3.8683333333333336
2014-04-19 18:00:00,2.1666666666666665
2014-04-19 19:00:00,0.68
2014-04-19 20:00:00,0.4066666666666667
2014-04-19 21:00:00,0.6083333333333333
2014-04-19 22:00:00,0.5083333333333333
2014-04-19 23:00:00,0.5166666666666667
2014-04-20 00:00:00,1.79
2014-04-20 01:00:00,0.485
2014-04-20 02:00:00,4.678333333333334
2014-04-20 03:00:00,5.461666666666666
2014-04-20 04:00:00,5.081666666666667
2014-04-20 05:00:00,4.005
2014-04-20 06:00:00,3.701666666666666
2014-04-20 07:00:00,2.53
2014-04-20 08:00:00,3.4933333333333336
2014-04-20 09:00:00,4.035
2014-04-20 10:00:00,3.665
2014-04-20 11:00:00,3.4
2014-04-20 12:00:00,4.913333333333333
2014-04-20 13:00:00,5.420000000000001
2014-04-20 14:00:00,5.266666666666667
2014-04-20 15:00:00,5.8933333333333335
2014-04-20 16:00:00,5.793333333333333
2014-04-20 17:00:00,5.1433333333333335
2014-04-20 18:00:00,2.7266666666666666
2014-04-20 19:00:00,1.4966666666666668
2014-04-20 20:00:00,1.3816666666666666
2014-04-20 21:00:00,1.0066666666666666
2014-04-20 22:00:00,0.445
2014-04-20 23:00:00,0.46
2014-04-21 00:00:00,0.6283333333333333
2014-04-21 01:00:00,0.7883333333333334
2014-04-21 02:00:00,0.6183333333333333
2014-04-21 03:00:00,1.0633333333333332
2014-04-21 04:00:00,0.5833333333333334
2014-04-21 05:00:00,1.1783333333333337
2014-04-21 06:00:00,1.4366666666666663
2014-04-21 07:00:00,0.9716666666666668
2014-04-21 08:00:00,0.6699999999999999
2014-04-21 09:00:00,1.7366666666666666
2014-04-21 10:00:00,3.105
2014-04-21 11:00:00,4.2
2014-04-21 12:00:00,4.885
2014-04-21 13:00:00,5.218333333333333
2014-04-21 14:00:00,4.305000000000001
2014-04-21 15:00:00,4.156666666666666
2014-04-21 16:00:00,3.981666666666667
2014-04-21 17:00:00,2.995
2014-04-21 18:00:00,2.345
2014-04-21 19:00:00,1.195
2014-04-21 20:00:00,0.5
2014-04-21 21:00:00,0.4666666666666666
2014-04-21 22:00:00,0.315
2014-04-21 23:00:00,0.5466666666666666
2014-04-22 00:00:00,0.8450000000000001
2014-04-22 01:00:00,0.8666666666666667
2014-04-22 02:00:00,0.725
2014-04-22 03:00:00,0.5766666666666667
2014-04-22 04:00:00,0.8383333333333334
2014-04-22 05:00:00,0.6183333333333333
2014-04-22 06:00:00,0.9166666666666666
2014-04-22 07:00:00,0.645
2014-04-22 08:00:00,1.43
2014-04-22 09:00:00,2.7883333333333336
2014-04-22 10:00:00,4.055
2014-04-22 11:00:00,3.7616666666666663
2014-04-22 12:00:00,3.091666666666667
2014-04-22 13:00:00,2.688333333333334
2014-04-22 14:00:00,3.3683333333333336
2014-04-22 15:00:00,3.0316666666666667
2014-04-22 16:00:00,1.615
2014-04-22 17:00:00,1.268333333333333
2014-04-22 18:00:00,0.7366666666666667
2014-04-22 19:00:00,0.4049999999999999
2014-04-22 20:00:00,1.3066666666666666
2014-04-22 21:00:00,2.075
2014-04-22 22:00:00,1.8516666666666663
2014-04-22 23:00:00,1.23
2014-04-23 00:00:00,1.305
2014-04-23 01:00:00,0.4516666666666666
2014-04-23 02:00:00,0.5833333333333334
2014-04-23 03:00:00,0.7716666666666668
2014-04-23 04:00:00,0.9466666666666668
2014-04-23 05:00:00,0.755
2014-04-23 06:00:00,0.875
2014-04-23 07:00:00,0.8666666666666667
2014-04-23 08:00:00,1.09
2014-04-23 09:00:00,1.1516666666666666
2014-04-23 10:00:00,1.385
2014-04-23 11:00:00,1.721666666666667
2014-04-23 12:00:00,3.176666666666667
2014-04-23 13:00:00,3.2566666666666664
2014-04-23 14:00:00,1.7733333333333334
2014-04-23 15:00:00,2.445
2014-04-23 16:00:00,2.335
2014-04-23 17:00:00,2.495
2014-04-23 18:00:00,2.39
2014-04-23 19:00:00,1.6016666666666666
2014-04-23 20:00:00,1.6966666666666663
2014-04-23 21:00:00,0.615
2014-04-23 22:00:00,0.3683333333333333
2014-04-23 23:00:00,0.5950000000000001
2014-04-24 00:00:00,0.7666666666666666
2014-04-24 01:00:00,0.9733333333333332
2014-04-24 02:00:00,0.6883333333333334
2014-04-24 03:00:00,0.665
2014-04-24 04:00:00,0.6783333333333333
2014-04-24 05:00:00,0.5933333333333334
2014-04-24 06:00:00,0.5383333333333334
2014-04-24 07:00:00,0.6966666666666667
2014-04-24 08:00:00,1.2366666666666666
2014-04-24 09:00:00,2.8349999999999995
2014-04-24 10:00:00,3.7616666666666663
2014-04-24 11:00:00,5.363333333333333
2014-04-24 12:00:00,4.87
2014-04-24 13:00:00,4.736666666666667
2014-04-24 14:00:00,4.891666666666667
2014-04-24 15:00:00,4.675
2014-04-24 16:00:00,4.361666666666667
2014-04-24 17:00:00,4.441666666666667
2014-04-24 18:00:00,3.8216666666666663
2014-04-24 19:00:00,3.3833333333333333
2014-04-24 20:00:00,1.8816666666666664
2014-04-24 21:00:00,2.1166666666666667
2014-04-24 22:00:00,2.236666666666667
2014-04-24 23:00:00,0.9033333333333332
2014-04-25 00:00:00,1.9383333333333328
2014-04-25 01:00:00,1.28
2014-04-25 02:00:00,1.7033333333333331
2014-04-25 03:00:00,1.8166666666666669
2014-04-25 04:00:00,2.1333333333333333
2014-04-25 05:00:00,1.596666666666667
2014-04-25 06:00:00,1.3866666666666667
2014-04-25 07:00:00,2.3216666666666668
2014-04-25 08:00:00,2.2183333333333333
2014-04-25 09:00:00,2.465
2014-04-25 10:00:00,3.1183333333333336
2014-04-25 11:00:00,3.9466666666666663
2014-04-25 12:00:00,4.421666666666667
2014-04-25 13:00:00,3.48
2014-04-25 14:00:00,2.78
2014-04-25 15:00:00,3.5866666666666664
2014-04-25 16:00:00,4.435
2014-04-25 17:00:00,4.318333333333333
2014-04-25 18:00:00,4.031666666666667
2014-04-25 19:00:00,2.6633333333333336
2014-04-25 20:00:00,2.54
2014-04-25 21:00:00,2.265
2014-04-25 22:00:00,1.8533333333333333
2014-04-25 23:00:00,2.465
2014-04-26 00:00:00,0.425
2014-04-26 01:00:00,0.5666666666666667
2014-04-26 02:00:00,0.555
2014-04-26 03:00:00,0.7166666666666667
2014-04-26 04:00:00,0.4116666666666667
2014-04-26 05:00:00,0.4866666666666666
2014-04-26 06:00:00,0.6833333333333332
2014-04-26 07:00:00,0.8683333333333333
2014-04-26 08:00:00,1.0116666666666667
2014-04-26 09:00:00,1.49
2014-04-26 10:00:00,2.013333333333333
2014-04-26 11:00:00,2.5716666666666668
2014-04-26 12:00:00,2.735
2014-04-26 13:00:00,3.0733333333333337
2014-04-26 14:00:00,2.998333333333333
2014-04-26 15:00:00,3.8683333333333336
2014-04-26 16:00:00,2.9633333333333334
2014-04-26 17:00:00,2.3233333333333337
2014-04-26 18:00:00,1.9766666666666663
2014-04-26 19:00:00,1.3233333333333333
2014-04-26 20:00:00,1.2766666666666666
2014-04-26 21:00:00,0.9916666666666668
2014-04-26 22:00:00,0.9816666666666668
2014-04-26 23:00:00,0.5316666666666666
2014-04-27 00:00:00,0.5683333333333334
2014-04-27 01:00:00,0.8983333333333333
2014-04-27 02:00:00,0.5316666666666666
2014-04-27 03:00:00,0.3699999999999999
2014-04-27 04:00:00,0.4616666666666666
2014-04-27 05:00:00,0.8183333333333334
2014-04-27 06:00:00,0.7416666666666667
2014-04-27 07:00:00,0.6366666666666667
2014-04-27 08:00:00,0.625
2014-04-27 09:00:00,0.9833333333333334
2014-04-27 10:00:00,1.2766666666666666
2014-04-27 11:00:00,1.4400000000000002
2014-04-27 12:00:00,3.8766666666666665
2014-04-27 13:00:00,2.365
2014-04-27 14:00:00,4.283333333333333
2014-04-27 15:00:00,2.723333333333333
2014-04-27 16:00:00,2.02
2014-04-27 17:00:00,1.54
2014-04-27 18:00:00,1.925
2014-04-27 19:00:00,2.0383333333333336
2014-04-27 20:00:00,1.4483333333333333
2014-04-27 21:00:00,0.9733333333333332
2014-04-27 22:00:00,1.4433333333333334
2014-04-27 23:00:00,0.86
2014-04-28 00:00:00,1.35
2014-04-28 01:00:00,0.59
2014-04-28 02:00:00,0.9183333333333332
2014-04-28 03:00:00,0.85
2014-04-28 04:00:00,1.03
2014-04-28 05:00:00,0.7533333333333333
2014-04-28 06:00:00,1.245
2014-04-28 07:00:00,2.28
2014-04-28 08:00:00,3.158333333333333
2014-04-28 09:00:00,3.486666666666667
2014-04-28 10:00:00,4.093333333333334
2014-04-28 11:00:00,3.6
2014-04-28 12:00:00,3.18
2014-04-28 13:00:00,2.1083333333333334
2014-04-28 14:00:00,1.7616666666666667
2014-04-28 15:00:00,1.7833333333333332
2014-04-28 16:00:00,1.4366666666666668
2014-04-28 17:00:00,0.765
2014-04-28 18:00:00,0.7916666666666666
2014-04-28 19:00:00,0.9116666666666666
2014-04-28 20:00:00,1.2183333333333335
2014-04-28 21:00:00,1.08
2014-04-28 22:00:00,0.9483333333333334
2014-04-28 23:00:00,0.86
2014-04-29 00:00:00,0.6900000000000001
2014-04-29 01:00:00,1.2533333333333332
2014-04-29 02:00:00,0.3616666666666666
2014-04-29 03:00:00,0.405
2014-04-29 04:00:00,1.4800000000000002
2014-04-29 05:00:00,0.4183333333333333
2014-04-29 06:00:00,0.6333333333333334
2014-04-29 07:00:00,0.5933333333333334
2014-04-29 08:00:00,0.9666666666666668
2014-04-29 09:00:00,1.39
2014-04-29 10:00:00,1.7716666666666665
2014-04-29 11:00:00,2.1266666666666665
2014-04-29 12:00:00,2.025
2014-04-29 13:00:00,2.555
2014-04-29 14:00:00,1.305
2014-04-29 15:00:00,1.26
2014-04-29 16:00:00,2.033333333333333
2014-04-29 17:00:00,1.856666666666667
2014-04-29 18:00:00,1.9966666666666668
2014-04-29 19:00:00,1.5133333333333334
2014-04-29 20:00:00,0.3716666666666666
2014-04-29 21:00:00,0.4049999999999999
2014-04-29 22:00:00,0.94
2014-04-29 23:00:00,0.895
2014-04-30 00:00:00,0.91
2014-04-30 01:00:00,0.635
2014-04-30 02:00:00,0.8183333333333334
2014-04-30 03:00:00,0.6883333333333334
2014-04-30 04:00:00,0.8116666666666666
2014-04-30 05:00:00,0.5983333333333333
2014-04-30 06:00:00,0.6166666666666667
2014-04-30 07:00:00,0.6866666666666666
2014-04-30 08:00:00,0.8933333333333334
2014-04-30 09:00:00,1.4233333333333336
2014-04-30 10:00:00,2.5283333333333333
2014-04-30 11:00:00,2.688333333333333
2014-04-30 12:00:00,2.8000000000000003
2014-04-30 13:00:00,3.03
2014-04-30 14:00:00,3.2533333333333334
2014-04-30 15:00:00,3.4166666666666665
2014-04-30 16:00:00,3.12
2014-04-30 17:00:00,3.456666666666667
2014-04-30 18:00:00,2.7
2014-04-30 19:00:00,1.68
2014-04-30 20:00:00,0.6066666666666667
2014-04-30 21:00:00,0.42
2014-04-30 22:00:00,1.0316666666666667
2014-04-30 23:00:00,0.7133333333333334
2014-05-01 00:00:00,0.5133333333333333
2014-05-01 01:00:00,0.5750000000000001
2014-05-01 02:00:00,0.5583333333333333
2014-05-01 03:00:00,0.87
2014-05-01 04:00:00,0.7116666666666666
2014-05-01 05:00:00,0.61
2014-05-01 06:00:00,0.6916666666666668
2014-05-01 07:00:00,0.6016666666666667
2014-05-01 08:00:00,0.59
2014-05-01 09:00:00,0.735
2014-05-01 10:00:00,1.93
2014-05-01 11:00:00,1.4
2014-05-01 12:00:00,1.846666666666667
2014-05-01 13:00:00,2.745
2014-05-01 14:00:00,1.7016666666666664
2014-05-01 15:00:00,0.7116666666666668
2014-05-01 16:00:00,1.4366666666666668
2014-05-01 17:00:00,1.0
2014-05-01 18:00:00,0.9366666666666666
2014-05-01 19:00:00,1.125
2014-05-01 20:00:00,1.3
2014-05-01 21:00:00,1.4833333333333334
2014-05-01 22:00:00,1.0116666666666667
2014-05-01 23:00:00,0.5366666666666667
2014-05-02 00:00:00,1.356666666666667
2014-05-02 01:00:00,0.7050000000000001
2014-05-02 02:00:00,0.5816666666666667
2014-05-02 03:00:00,0.67
2014-05-02 04:00:00,0.9566666666666668
2014-05-02 05:00:00,0.535
2014-05-02 06:00:00,2.7616666666666667
2014-05-02 07:00:00,4.321666666666666
2014-05-02 08:00:00,4.161666666666666
2014-05-02 09:00:00,4.435
2014-05-02 10:00:00,4.011666666666667
2014-05-02 11:00:00,5.068333333333333
2014-05-02 12:00:00,4.6866666666666665
2014-05-02 13:00:00,4.715
2014-05-02 14:00:00,4.361666666666667
2014-05-02 15:00:00,4.9750000000000005
2014-05-02 16:00:00,4.743333333333333
2014-05-02 17:00:00,4.671666666666667
2014-05-02 18:00:00,4.846666666666667
2014-05-02 19:00:00,5.465
2014-05-02 20:00:00,4.07
2014-05-02 21:00:00,4.253333333333333
2014-05-02 22:00:00,4.58
2014-05-02 23:00:00,3.8683333333333336
2014-05-03 00:00:00,3.518333333333333
2014-05-03 01:00:00,3.91
2014-05-03 02:00:00,4.466666666666666
2014-05-03 03:00:00,4.396666666666667
2014-05-03 04:00:00,2.8200000000000003
2014-05-03 05:00:00,1.7333333333333334
2014-05-03 06:00:00,1.788333333333333
2014-05-03 07:00:00,3.5316666666666663
2014-05-03 08:00:00,3.603333333333333
2014-05-03 09:00:00,4.72
2014-05-03 10:00:00,4.968333333333334
2014-05-03 11:00:00,5.665
2014-05-03 12:00:00,4.718333333333334
2014-05-03 13:00:00,4.568333333333333
2014-05-03 14:00:00,3.495
2014-05-03 15:00:00,3.0966666666666662
2014-05-03 16:00:00,2.94
2014-05-03 17:00:00,2.708333333333333
2014-05-03 18:00:00,1.8116666666666663
2014-05-03 19:00:00,1.1316666666666666
2014-05-03 20:00:00,0.355
2014-05-03 21:00:00,0.3633333333333333
2014-05-03 22:00:00,1.471666666666667
2014-05-03 23:00:00,1.6849999999999998
2014-05-04 00:00:00,0.5916666666666667
2014-05-04 01:00:00,0.745
2014-05-04 02:00:00,0.4933333333333333
2014-05-04 03:00:00,0.415
2014-05-04 04:00:00,0.445
2014-05-04 05:00:00,0.515
2014-05-04 06:00:00,0.7916666666666666
2014-05-04 07:00:00,1.005
2014-05-04 08:00:00,1.0633333333333332
2014-05-04 09:00:00,1.775
2014-05-04 10:00:00,1.7166666666666668
2014-05-04 11:00:00,2.1983333333333333
2014-05-04 12:00:00,2.42
2014-05-04 13:00:00,2.03
2014-05-04 14:00:00,1.8883333333333332
2014-05-04 15:00:00,2.035
2014-05-04 16:00:00,2.276666666666667
2014-05-04 17:00:00,5.01
2014-05-04 18:00:00,4.776666666666666
2014-05-04 19:00:00,3.513333333333333
2014-05-04 20:00:00,1.36
2014-05-04 21:00:00,0.7183333333333333
2014-05-04 22:00:00,0.5216666666666666
2014-05-04 23:00:00,0.7583333333333333
2014-05-05 00:00:00,0.41
2014-05-05 01:00:00,1.278333333333333
2014-05-05 02:00:00,0.7383333333333333
2014-05-05 03:00:00,0.3566666666666667
2014-05-05 04:00:00,0.4366666666666667
2014-05-05 05:00:00,0.5433333333333333
2014-05-05 06:00:00,0.5466666666666667
2014-05-05 07:00:00,0.765
2014-05-05 08:00:00,0.9766666666666666
2014-05-05 09:00:00,1.3966666666666665
2014-05-05 10:00:00,1.515
2014-05-05 11:00:00,1.96
2014-05-05 12:00:00,2.595
2014-05-05 13:00:00,2.5683333333333334
2014-05-05 14:00:00,2.2383333333333333
2014-05-05 15:00:00,2.966666666666667
2014-05-05 16:00:00,2.36
2014-05-05 17:00:00,3.391666666666667
2014-05-05 18:00:00,3.48
2014-05-05 19:00:00,2.41
2014-05-05 20:00:00,2.058333333333333
2014-05-05 21:00:00,0.7233333333333333
2014-05-05 22:00:00,0.5466666666666667
2014-05-05 23:00:00,0.695
2014-05-06 00:00:00,1.055
2014-05-06 01:00:00,1.0316666666666667
2014-05-06 02:00:00,1.028333333333333
2014-05-06 03:00:00,1.47
2014-05-06 04:00:00,0.9133333333333334
2014-05-06 05:00:00,1.0433333333333332
2014-05-06 06:00:00,1.0583333333333331
2014-05-06 07:00:00,2.2383333333333333
2014-05-06 08:00:00,2.42
2014-05-06 09:00:00,2.7783333333333338
2014-05-06 10:00:00,4.418333333333333
2014-05-06 11:00:00,3.846666666666666
2014-05-06 12:00:00,5.696666666666666
2014-05-06 13:00:00,5.6883333333333335
2014-05-06 14:00:00,4.816666666666667
2014-05-06 15:00:00,3.8083333333333336
2014-05-06 16:00:00,2.9633333333333334
2014-05-06 17:00:00,3.0666666666666664
2014-05-06 18:00:00,2.9516666666666667
2014-05-06 19:00:00,1.3216666666666663
2014-05-06 20:00:00,1.7299999999999998
2014-05-06 21:00:00,2.73
2014-05-06 22:00:00,3.078333333333333
2014-05-06 23:00:00,3.3433333333333337
2014-05-07 00:00:00,3.178333333333333
2014-05-07 01:00:00,2.983333333333333
2014-05-07 02:00:00,2.3916666666666666
2014-05-07 03:00:00,1.846666666666667
2014-05-07 04:00:00,3.1666666666666665
2014-05-07 05:00:00,3.1166666666666667
2014-05-07 06:00:00,3.9133333333333336
2014-05-07 07:00:00,3.27
2014-05-07 08:00:00,4.346666666666667
2014-05-07 09:00:00,3.848333333333333
2014-05-07 10:00:00,3.703333333333333
2014-05-07 11:00:00,3.7416666666666663
2014-05-07 12:00:00,3.091666666666667
2014-05-07 13:00:00,3.905
2014-05-07 14:00:00,3.315
2014-05-07 15:00:00,3.731666666666667
2014-05-07 16:00:00,2.905
2014-05-07 17:00:00,2.64
2014-05-07 18:00:00,1.15
2014-05-07 19:00:00,1.335
2014-05-07 20:00:00,1.7233333333333334
2014-05-07 21:00:00,2.453333333333333
2014-05-07 22:00:00,2.07
2014-05-07 23:00:00,2.708333333333333
2014-05-08 00:00:00,2.12
2014-05-08 01:00:00,2.966666666666667
2014-05-08 02:00:00,1.9083333333333328
2014-05-08 03:00:00,2.3383333333333334
2014-05-08 04:00:00,2.5816666666666666
2014-05-08 05:00:00,2.098333333333333
2014-05-08 06:00:00,2.7100000000000004
2014-05-08 07:00:00,3.908333333333333
2014-05-08 08:00:00,4.61
2014-05-08 09:00:00,5.178333333333334
2014-05-08 10:00:00,5.088333333333334
2014-05-08 11:00:00,5.2250000000000005
2014-05-08 12:00:00,4.993333333333333
2014-05-08 13:00:00,4.211666666666667
2014-05-08 14:00:00,4.363333333333333
2014-05-08 15:00:00,3.608333333333333
2014-05-08 16:00:00,3.436666666666667
2014-05-08 17:00:00,3.08
2014-05-08 18:00:00,2.3216666666666668
2014-05-08 19:00:00,0.8966666666666666
2014-05-08 20:00:00,1.2616666666666667
2014-05-08 21:00:00,0.9866666666666668
2014-05-08 22:00:00,1.88
2014-05-08 23:00:00,4.0183333333333335
2014-05-09 00:00:00,3.4033333333333338
2014-05-09 01:00:00,4.385
2014-05-09 02:00:00,3.1283333333333334
2014-05-09 03:00:00,4.181666666666667
2014-05-09 04:00:00,3.206666666666667
2014-05-09 05:00:00,2.956666666666667
2014-05-09 06:00:00,3.275
2014-05-09 07:00:00,3.338333333333333
2014-05-09 08:00:00,3.7516666666666665
2014-05-09 09:00:00,3.5066666666666664
2014-05-09 10:00:00,3.931666666666666
2014-05-09 11:00:00,4.74
2014-05-09 12:00:00,3.3200000000000003
2014-05-09 13:00:00,2.8683333333333336
2014-05-09 14:00:00,3.4450000000000003
2014-05-09 15:00:00,5.373333333333334
2014-05-09 16:00:00,6.645
2014-05-09 17:00:00,5.131666666666667
2014-05-09 18:00:00,4.166666666666667
2014-05-09 19:00:00,1.393333333333333
2014-05-09 20:00:00,2.2016666666666667
2014-05-09 21:00:00,2.728333333333333
2014-05-09 22:00:00,1.5483333333333336
2014-05-09 23:00:00,1.445
2014-05-10 00:00:00,0.8816666666666667
2014-05-10 01:00:00,1.805
2014-05-10 02:00:00,1.1033333333333333
2014-05-10 03:00:00,1.5733333333333333
2014-05-10 04:00:00,1.15
2014-05-10 05:00:00,1.3316666666666668
2014-05-10 06:00:00,2.0166666666666666
2014-05-10 07:00:00,2.526666666666667
2014-05-10 08:00:00,3.595
2014-05-10 09:00:00,4.323333333333333
2014-05-10 10:00:00,5.156666666666667
2014-05-10 11:00:00,5.261666666666667
2014-05-10 12:00:00,6.513333333333333
2014-05-10 13:00:00,5.62
2014-05-10 14:00:00,5.028333333333333
2014-05-10 15:00:00,3.27
2014-05-10 16:00:00,3.2433333333333336
2014-05-10 17:00:00,3.748333333333333
2014-05-10 18:00:00,2.6966666666666668
2014-05-10 19:00:00,4.468333333333334
2014-05-10 20:00:00,3.5016666666666665
2014-05-10 21:00:00,2.703333333333333
2014-05-10 22:00:00,3.2566666666666664
2014-05-10 23:00:00,3.6183333333333336
2014-05-11 00:00:00,1.925
2014-05-11 01:00:00,1.43
2014-05-11 02:00:00,2.4966666666666666
2014-05-11 03:00:00,2.828333333333333
2014-05-11 04:00:00,3.1950000000000003
2014-05-11 05:00:00,3.115
2014-05-11 06:00:00,1.5616666666666663
2014-05-11 07:00:00,2.1983333333333333
2014-05-11 08:00:00,4.426666666666667
2014-05-11 09:00:00,5.936666666666667
2014-05-11 10:00:00,7.256666666666667
2014-05-11 11:00:00,6.483333333333333
2014-05-11 12:00:00,6.196666666666666
2014-05-11 13:00:00,8.416666666666666
2014-05-11 14:00:00,6.2316666666666665
2014-05-11 15:00:00,5.478333333333333
2014-05-11 16:00:00,4.716666666666667
2014-05-11 17:00:00,6.051666666666667
2014-05-11 18:00:00,5.325
2014-05-11 19:00:00,3.965
2014-05-11 20:00:00,3.125
2014-05-11 21:00:00,1.9383333333333328
2014-05-11 22:00:00,2.1083333333333334
2014-05-11 23:00:00,1.41
2014-05-12 00:00:00,1.8666666666666665
2014-05-12 01:00:00,2.1216666666666666
2014-05-12 02:00:00,2.523333333333333
2014-05-12 03:00:00,2.9416666666666664
2014-05-12 04:00:00,2.52
2014-05-12 05:00:00,3.1316666666666664
2014-05-12 06:00:00,3.181666666666666
2014-05-12 07:00:00,4.791666666666667
2014-05-12 08:00:00,5.47
2014-05-12 09:00:00,4.773333333333333
2014-05-12 10:00:00,4.81
2014-05-12 11:00:00,4.99
2014-05-12 12:00:00,5.09
2014-05-12 13:00:00,3.59
2014-05-12 14:00:00,3.5700000000000003
2014-05-12 15:00:00,3.633333333333333
2014-05-12 16:00:00,4.321666666666666
2014-05-12 17:00:00,4.614999999999999
2014-05-12 18:00:00,3.943333333333333
2014-05-12 19:00:00,3.03
2014-05-12 20:00:00,1.2483333333333333
2014-05-12 21:00:00,1.475
2014-05-12 22:00:00,0.92
2014-05-12 23:00:00,1.7566666666666666
2014-05-13 00:00:00,1.1383333333333334
2014-05-13 01:00:00,1.4533333333333331
2014-05-13 02:00:00,0.7666666666666666
2014-05-13 03:00:00,0.605
2014-05-13 04:00:00,0.995
2014-05-13 05:00:00,1.8116666666666663
2014-05-13 06:00:00,1.711666666666667
2014-05-13 07:00:00,1.5516666666666667
2014-05-13 08:00:00,1.8766666666666667
2014-05-13 09:00:00,1.9416666666666669
2014-05-13 10:00:00,2.5766666666666667
2014-05-13 11:00:00,2.03
2014-05-13 12:00:00,2.965
2014-05-13 13:00:00,2.708333333333333
2014-05-13 14:00:00,1.8716666666666668
2014-05-13 15:00:00,2.723333333333333
2014-05-13 16:00:00,2.35
2014-05-13 17:00:00,1.471666666666667
2014-05-13 18:00:00,1.788333333333333
2014-05-13 19:00:00,2.6566666666666667
2014-05-13 20:00:00,2.355
2014-05-13 21:00:00,2.1083333333333334
2014-05-13 22:00:00,2.131666666666667
2014-05-13 23:00:00,2.953333333333333
2014-05-14 00:00:00,2.7216666666666662
2014-05-14 01:00:00,3.1766666666666663
2014-05-14 02:00:00,3.2716666666666665
2014-05-14 03:00:00,3.233333333333333
2014-05-14 04:00:00,3.328333333333333
2014-05-14 05:00:00,2.8783333333333334
2014-05-14 06:00:00,2.043333333333333
2014-05-14 07:00:00,2.3800000000000003
2014-05-14 08:00:00,2.32
2014-05-14 09:00:00,2.5883333333333334
2014-05-14 10:00:00,2.611666666666667
2014-05-14 11:00:00,3.3716666666666666
2014-05-14 12:00:00,2.5016666666666665
2014-05-14 13:00:00,3.533333333333333
2014-05-14 14:00:00,2.8800000000000003
2014-05-14 15:00:00,1.981666666666667
2014-05-14 16:00:00,1.9516666666666664
2014-05-14 17:00:00,1.7283333333333333
2014-05-14 18:00:00,2.345
2014-05-14 19:00:00,2.8800000000000003
2014-05-14 20:00:00,3.6316666666666655
2014-05-14 21:00:00,3.5216666666666665
2014-05-14 22:00:00,3.5116666666666667
2014-05-14 23:00:00,2.478333333333333
2014-05-15 00:00:00,2.2983333333333333
2014-05-15 01:00:00,1.0916666666666666
2014-05-15 02:00:00,1.195
2014-05-15 03:00:00,1.1183333333333334
2014-05-15 04:00:00,0.755
2014-05-15 05:00:00,0.86
2014-05-15 06:00:00,0.8866666666666667
2014-05-15 07:00:00,2.0616666666666665
2014-05-15 08:00:00,2.135
2014-05-15 09:00:00,2.26
2014-05-15 10:00:00,1.9316666666666664
2014-05-15 11:00:00,2.6950000000000003
2014-05-15 12:00:00,2.026666666666667
2014-05-15 13:00:00,1.336666666666667
2014-05-15 14:00:00,1.9083333333333328
2014-05-15 15:00:00,0.9816666666666666
2014-05-15 16:00:00,1.5733333333333333
2014-05-15 17:00:00,1.66
2014-05-15 18:00:00,0.98
2014-05-15 19:00:00,1.5883333333333332
2014-05-15 20:00:00,2.615
2014-05-15 21:00:00,2.48
2014-05-15 22:00:00,1.8433333333333333
2014-05-15 23:00:00,1.8233333333333333
2014-05-16 00:00:00,1.8383333333333327
2014-05-16 01:00:00,1.1516666666666666
2014-05-16 02:00:00,0.92
2014-05-16 03:00:00,0.8650000000000001
2014-05-16 04:00:00,0.9066666666666668
2014-05-16 05:00:00,0.8933333333333332
2014-05-16 06:00:00,2.458333333333333
2014-05-16 07:00:00,3.0400000000000005
2014-05-16 08:00:00,4.191666666666666
2014-05-16 09:00:00,4.598333333333334
2014-05-16 10:00:00,4.853333333333333
2014-05-16 11:00:00,4.875
2014-05-16 12:00:00,5.858333333333333
2014-05-16 13:00:00,4.995
2014-05-16 14:00:00,6.275
2014-05-16 15:00:00,5.243333333333333
2014-05-16 16:00:00,3.785
2014-05-16 17:00:00,3.875
2014-05-16 18:00:00,1.3833333333333335
2014-05-16 19:00:00,1.205
2014-05-16 20:00:00,1.4416666666666669
2014-05-16 21:00:00,1.5616666666666668
2014-05-16 22:00:00,1.5916666666666668
2014-05-16 23:00:00,3.0116666666666667
2014-05-17 00:00:00,1.2983333333333331
2014-05-17 01:00:00,0.9866666666666668
2014-05-17 02:00:00,0.7366666666666667
2014-05-17 03:00:00,1.08
2014-05-17 04:00:00,1.663333333333333
2014-05-17 05:00:00,1.2133333333333332
2014-05-17 06:00:00,1.1866666666666668
2014-05-17 07:00:00,1.005
2014-05-17 08:00:00,1.5533333333333337
2014-05-17 09:00:00,1.275
2014-05-17 10:00:00,1.4349999999999998
2014-05-17 11:00:00,2.523333333333333
2014-05-17 12:00:00,3.9933333333333336
2014-05-17 13:00:00,2.8383333333333334
2014-05-17 14:00:00,2.45
2014-05-17 15:00:00,3.7566666666666655
2014-05-17 16:00:00,3.2566666666666664
2014-05-17 17:00:00,1.531666666666667
2014-05-17 18:00:00,1.5133333333333334
2014-05-17 19:00:00,1.913333333333333
2014-05-17 20:00:00,1.865
2014-05-17 21:00:00,2.74
2014-05-17 22:00:00,2.955
2014-05-17 23:00:00,2.8166666666666664
2014-05-18 00:00:00,1.153333333333333
2014-05-18 01:00:00,1.086666666666667
2014-05-18 02:00:00,1.0483333333333331
2014-05-18 03:00:00,0.635
2014-05-18 04:00:00,1.17
2014-05-18 05:00:00,1.3333333333333333
2014-05-18 06:00:00,1.153333333333333
2014-05-18 07:00:00,0.7266666666666666
2014-05-18 08:00:00,2.1016666666666666
2014-05-18 09:00:00,2.188333333333333
2014-05-18 10:00:00,1.3233333333333337
2014-05-18 11:00:00,0.6916666666666668
2014-05-18 12:00:00,0.6033333333333334
2014-05-18 13:00:00,0.7933333333333333
2014-05-18 14:00:00,1.3099999999999998
2014-05-18 15:00:00,1.1783333333333337
2014-05-18 16:00:00,1.36
2014-05-18 17:00:00,1.0916666666666666
2014-05-18 18:00:00,1.3783333333333332
2014-05-18 19:00:00,1.3733333333333333
2014-05-18 20:00:00,1.0816666666666668
2014-05-18 21:00:00,0.7916666666666666
2014-05-18 22:00:00,0.7833333333333333
2014-05-18 23:00:00,0.7483333333333334
2014-05-19 00:00:00,1.0633333333333332
2014-05-19 01:00:00,0.49
2014-05-19 02:00:00,0.9266666666666667
2014-05-19 03:00:00,1.17
2014-05-19 04:00:00,1.115
2014-05-19 05:00:00,0.925
2014-05-19 06:00:00,0.7883333333333334
2014-05-19 07:00:00,1.2033333333333334
2014-05-19 08:00:00,1.585
2014-05-19 09:00:00,1.8716666666666668
2014-05-19 10:00:00,1.6833333333333331
2014-05-19 11:00:00,1.1833333333333331
2014-05-19 12:00:00,1.3083333333333331
2014-05-19 13:00:00,2.178333333333333
2014-05-19 14:00:00,1.5366666666666668
2014-05-19 15:00:00,1.981666666666667
2014-05-19 16:00:00,1.9
2014-05-19 17:00:00,2.305
2014-05-19 18:00:00,1.8133333333333328
2014-05-19 19:00:00,2.375
2014-05-19 20:00:00,2.228333333333333
2014-05-19 21:00:00,0.8683333333333333
2014-05-19 22:00:00,0.8816666666666667
2014-05-19 23:00:00,1.235
2014-05-20 00:00:00,0.6616666666666666
2014-05-20 01:00:00,0.785
2014-05-20 02:00:00,0.7999999999999999
2014-05-20 03:00:00,0.7600000000000001
2014-05-20 04:00:00,0.6633333333333333
2014-05-20 05:00:00,0.595
2014-05-20 06:00:00,0.7866666666666666
2014-05-20 07:00:00,1.025
2014-05-20 08:00:00,0.91
2014-05-20 09:00:00,1.1083333333333334
2014-05-20 10:00:00,1.3099999999999998
2014-05-20 11:00:00,1.38
2014-05-20 12:00:00,1.8233333333333333
2014-05-20 13:00:00,2.018333333333333
2014-05-20 14:00:00,2.575
2014-05-20 15:00:00,3.0583333333333336
2014-05-20 16:00:00,2.43
2014-05-20 17:00:00,1.5883333333333332
2014-05-20 18:00:00,0.7383333333333333
2014-05-20 19:00:00,1.2466666666666668
2014-05-20 20:00:00,0.4566666666666667
2014-05-20 21:00:00,0.41
2014-05-20 22:00:00,1.1
2014-05-20 23:00:00,0.9183333333333332
2014-05-21 00:00:00,0.6933333333333334
2014-05-21 01:00:00,0.7616666666666667
2014-05-21 02:00:00,0.5566666666666666
2014-05-21 03:00:00,0.7116666666666666
2014-05-21 04:00:00,0.4083333333333334
2014-05-21 05:00:00,0.6183333333333333
2014-05-21 06:00:00,0.5483333333333333
2014-05-21 07:00:00,1.0466666666666666
2014-05-21 08:00:00,1.495
2014-05-21 09:00:00,2.106666666666667
2014-05-21 10:00:00,2.43
2014-05-21 11:00:00,2.385
2014-05-21 12:00:00,3.0583333333333336
2014-05-21 13:00:00,3.52
2014-05-21 14:00:00,3.2550000000000003
2014-05-21 15:00:00,3.401666666666667
2014-05-21 16:00:00,3.736666666666667
2014-05-21 17:00:00,3.8233333333333337
2014-05-21 18:00:00,3.595
2014-05-21 19:00:00,1.596666666666667
2014-05-21 20:00:00,1.1033333333333333
2014-05-21 21:00:00,0.975
2014-05-21 22:00:00,1.5783333333333334
2014-05-21 23:00:00,1.8383333333333327
2014-05-22 00:00:00,0.785
2014-05-22 01:00:00,0.5666666666666667
2014-05-22 02:00:00,0.5
2014-05-22 03:00:00,0.3966666666666666
2014-05-22 04:00:00,1.1033333333333333
2014-05-22 05:00:00,1.25
2014-05-22 06:00:00,1.2866666666666666
2014-05-22 07:00:00,2.04
2014-05-22 08:00:00,2.74
2014-05-22 09:00:00,1.843333333333333
2014-05-22 10:00:00,1.4283333333333337
2014-05-22 11:00:00,1.7966666666666666
2014-05-22 12:00:00,2.76
2014-05-22 13:00:00,2.0283333333333333
2014-05-22 14:00:00,2.7983333333333333
2014-05-22 15:00:00,3.703333333333333
2014-05-22 16:00:00,4.175
2014-05-22 17:00:00,3.533333333333333
2014-05-22 18:00:00,2.1983333333333337
2014-05-22 19:00:00,1.711666666666667
2014-05-22 20:00:00,1.0133333333333334
2014-05-22 21:00:00,0.495
2014-05-22 22:00:00,0.3716666666666666
2014-05-22 23:00:00,0.97
2014-05-23 00:00:00,3.29
2014-05-23 01:00:00,2.025
2014-05-23 02:00:00,1.6733333333333331
2014-05-23 03:00:00,1.0716666666666663
2014-05-23 04:00:00,1.185
2014-05-23 05:00:00,0.9833333333333334
2014-05-23 06:00:00,0.985
2014-05-23 07:00:00,0.9283333333333332
2014-05-23 08:00:00,1.8283333333333331
2014-05-23 09:00:00,1.93
2014-05-23 10:00:00,2.0716666666666668
2014-05-23 11:00:00,2.608333333333333
2014-05-23 12:00:00,3.348333333333333
2014-05-23 13:00:00,1.935
2014-05-23 14:00:00,1.7066666666666668
2014-05-23 15:00:00,1.846666666666667
2014-05-23 16:00:00,1.8783333333333327
2014-05-23 17:00:00,0.8666666666666667
2014-05-23 18:00:00,1.095
2014-05-23 19:00:00,0.8766666666666666
2014-05-23 20:00:00,0.83
2014-05-23 21:00:00,0.6916666666666668
2014-05-23 22:00:00,0.375
2014-05-23 23:00:00,1.0083333333333333
2014-05-24 00:00:00,0.7716666666666666
2014-05-24 01:00:00,0.9016666666666668
2014-05-24 02:00:00,0.4716666666666667
2014-05-24 03:00:00,0.725
2014-05-24 04:00:00,0.7216666666666667
2014-05-24 05:00:00,0.5216666666666666
2014-05-24 06:00:00,0.7616666666666667
2014-05-24 07:00:00,0.5833333333333334
2014-05-24 08:00:00,1.3266666666666669
2014-05-24 09:00:00,2.728333333333333
2014-05-24 10:00:00,2.2183333333333333
2014-05-24 11:00:00,1.4349999999999998
2014-05-24 12:00:00,1.9466666666666663
2014-05-24 13:00:00,2.4766666666666666
2014-05-24 14:00:00,2.155
2014-05-24 15:00:00,2.665
2014-05-24 16:00:00,1.6483333333333334
2014-05-24 17:00:00,2.091666666666667
2014-05-24 18:00:00,1.345
2014-05-24 19:00:00,1.2966666666666666
2014-05-24 20:00:00,1.7166666666666668
2014-05-24 21:00:00,1.7916666666666667
2014-05-24 22:00:00,0.995
2014-05-24 23:00:00,0.9933333333333332
2014-05-25 00:00:00,0.685
2014-05-25 01:00:00,0.5883333333333333
2014-05-25 02:00:00,1.8833333333333333
2014-05-25 03:00:00,1.278333333333333
2014-05-25 04:00:00,1.0233333333333334
2014-05-25 05:00:00,1.2283333333333333
2014-05-25 06:00:00,1.1266666666666667
2014-05-25 07:00:00,0.8266666666666667
2014-05-25 08:00:00,1.11
2014-05-25 09:00:00,1.8316666666666668
2014-05-25 10:00:00,1.775
2014-05-25 11:00:00,2.5166666666666666
2014-05-25 12:00:00,3.0766666666666667
2014-05-25 13:00:00,2.796666666666667
2014-05-25 14:00:00,3.018333333333333
2014-05-25 15:00:00,2.5766666666666667
2014-05-25 16:00:00,3.185
2014-05-25 17:00:00,3.715
2014-05-25 18:00:00,3.56
2014-05-25 19:00:00,2.05
2014-05-25 20:00:00,1.585
2014-05-25 21:00:00,1.0733333333333337
2014-05-25 22:00:00,0.3666666666666667
2014-05-25 23:00:00,0.3816666666666666
2014-05-26 00:00:00,0.395
2014-05-26 01:00:00,0.2883333333333333
2014-05-26 02:00:00,0.41
2014-05-26 03:00:00,1.028333333333333
2014-05-26 04:00:00,0.3783333333333333
2014-05-26 05:00:00,1.1333333333333333
2014-05-26 06:00:00,3.013333333333333
2014-05-26 07:00:00,1.8916666666666664
2014-05-26 08:00:00,2.486666666666667
2014-05-26 09:00:00,3.935
2014-05-26 10:00:00,5.484999999999999
2014-05-26 11:00:00,5.614999999999999
2014-05-26 12:00:00,5.738333333333333
2014-05-26 13:00:00,6.406666666666666
2014-05-26 14:00:00,5.713333333333334
2014-05-26 15:00:00,6.176666666666667
2014-05-26 16:00:00,5.563333333333333
2014-05-26 17:00:00,5.806666666666668
2014-05-26 18:00:00,6.145
2014-05-26 19:00:00,4.958333333333333
2014-05-26 20:00:00,4.623333333333333
2014-05-26 21:00:00,4.6433333333333335
2014-05-26 22:00:00,4.58
2014-05-26 23:00:00,3.845
2014-05-27 00:00:00,3.143333333333333
2014-05-27 01:00:00,1.6366666666666667
2014-05-27 02:00:00,2.1183333333333336
2014-05-27 03:00:00,1.8266666666666669
2014-05-27 04:00:00,2.295
2014-05-27 05:00:00,2.8783333333333334
2014-05-27 06:00:00,1.7933333333333332
2014-05-27 07:00:00,2.1216666666666666
2014-05-27 08:00:00,2.313333333333333
2014-05-27 09:00:00,2.49
2014-05-27 10:00:00,1.51
2014-05-27 11:00:00,4.126666666666666
2014-05-27 12:00:00,3.3716666666666666
2014-05-27 13:00:00,3.5483333333333333
2014-05-27 14:00:00,2.853333333333333
2014-05-27 15:00:00,1.5416666666666667
2014-05-27 16:00:00,2.178333333333333
2014-05-27 17:00:00,1.6783333333333337
2014-05-27 18:00:00,0.7133333333333334
2014-05-27 19:00:00,0.7599999999999999
2014-05-27 20:00:00,0.9833333333333334
2014-05-27 21:00:00,1.106666666666667
2014-05-27 22:00:00,1.2533333333333332
2014-05-27 23:00:00,1.235
2014-05-28 00:00:00,3.0866666666666664
2014-05-28 01:00:00,2.5683333333333334
2014-05-28 02:00:00,1.5599999999999998
2014-05-28 03:00:00,1.135
2014-05-28 04:00:00,1.24
2014-05-28 05:00:00,2.111666666666667
2014-05-28 06:00:00,2.053333333333333
2014-05-28 07:00:00,1.385
2014-05-28 08:00:00,1.711666666666667
2014-05-28 09:00:00,2.518333333333333
2014-05-28 10:00:00,1.731666666666667
2014-05-28 11:00:00,1.3633333333333333
2014-05-28 12:00:00,1.221666666666667
2014-05-28 13:00:00,1.4383333333333337
2014-05-28 14:00:00,0.9683333333333334
2014-05-28 15:00:00,2.0516666666666667
2014-05-28 16:00:00,1.35
2014-05-28 17:00:00,0.6366666666666667
2014-05-28 18:00:00,0.7066666666666667
2014-05-28 19:00:00,0.92
2014-05-28 20:00:00,0.9333333333333332
2014-05-28 21:00:00,2.276666666666667
2014-05-28 22:00:00,2.2333333333333334
2014-05-28 23:00:00,2.32
2014-05-29 00:00:00,1.5366666666666668
2014-05-29 01:00:00,1.0083333333333333
2014-05-29 02:00:00,1.6166666666666665
2014-05-29 03:00:00,1.9683333333333333
2014-05-29 04:00:00,1.9583333333333333
2014-05-29 05:00:00,3.0383333333333336
2014-05-29 06:00:00,2.8016666666666663
2014-05-29 07:00:00,3.466666666666667
2014-05-29 08:00:00,4.375
2014-05-29 09:00:00,4.425
2014-05-29 10:00:00,4.2316666666666665
2014-05-29 11:00:00,3.835
2014-05-29 12:00:00,3.951666666666666
2014-05-29 13:00:00,3.7883333333333336
2014-05-29 14:00:00,3.1750000000000003
2014-05-29 15:00:00,2.098333333333333
2014-05-29 16:00:00,2.4033333333333333
2014-05-29 17:00:00,1.6049999999999998
2014-05-29 18:00:00,2.3433333333333333
2014-05-29 19:00:00,2.465
2014-05-29 20:00:00,1.185
2014-05-29 21:00:00,1.018333333333333
2014-05-29 22:00:00,1.9683333333333333
2014-05-29 23:00:00,1.3866666666666667
2014-05-30 00:00:00,1.415
2014-05-30 01:00:00,2.1333333333333333
2014-05-30 02:00:00,1.455
2014-05-30 03:00:00,0.96
2014-05-30 04:00:00,1.0333333333333334
2014-05-30 05:00:00,2.27
2014-05-30 06:00:00,2.428333333333333
2014-05-30 07:00:00,2.0166666666666666
2014-05-30 08:00:00,2.776666666666667
2014-05-30 09:00:00,3.1733333333333333
2014-05-30 10:00:00,3.053333333333333
2014-05-30 11:00:00,3.925
2014-05-30 12:00:00,2.8783333333333334
2014-05-30 13:00:00,3.4066666666666667
2014-05-30 14:00:00,2.841666666666667
2014-05-30 15:00:00,2.17
2014-05-30 16:00:00,2.1566666666666667
2014-05-30 17:00:00,0.9516666666666668
2014-05-30 18:00:00,0.7566666666666667
2014-05-30 19:00:00,1.3033333333333337
2014-05-30 20:00:00,0.38
2014-05-30 21:00:00,1.0316666666666667
2014-05-30 22:00:00,1.5066666666666666
2014-05-30 23:00:00,1.528333333333333
2014-05-31 00:00:00,0.6900000000000001
2014-05-31 01:00:00,0.9566666666666668
2014-05-31 02:00:00,0.42
2014-05-31 03:00:00,0.6699999999999999
2014-05-31 04:00:00,0.36
2014-05-31 05:00:00,0.7233333333333333
2014-05-31 06:00:00,1.0233333333333334
2014-05-31 07:00:00,1.0316666666666665
2014-05-31 08:00:00,1.29
2014-05-31 09:00:00,1.78
2014-05-31 10:00:00,2.3833333333333333
2014-05-31 11:00:00,2.12
2014-05-31 12:00:00,2.0483333333333333
2014-05-31 13:00:00,1.915
2014-05-31 14:00:00,1.5916666666666666
2014-05-31 15:00:00,1.2516666666666667
2014-05-31 16:00:00,1.6683333333333332
2014-05-31 17:00:00,1.6283333333333332
2014-05-31 18:00:00,1.1033333333333333
2014-05-31 19:00:00,0.9466666666666668
2014-05-31 20:00:00,2.058333333333333
2014-05-31 21:00:00,1.9166666666666667
2014-05-31 22:00:00,0.2816666666666667
2014-05-31 23:00:00,0.5716666666666667
2014-06-01 00:00:00,0.9166666666666666
2014-06-01 01:00:00,0.5233333333333333
2014-06-01 02:00:00,0.59
2014-06-01 03:00:00,0.455
2014-06-01 04:00:00,0.4366666666666667
2014-06-01 05:00:00,0.5416666666666666
2014-06-01 06:00:00,0.7783333333333333
2014-06-01 07:00:00,0.8033333333333333
2014-06-01 08:00:00,1.4633333333333332
2014-06-01 09:00:00,1.275
2014-06-01 10:00:00,1.9016666666666664
2014-06-01 11:00:00,1.6766666666666667
2014-06-01 12:00:00,3.2099999999999995
2014-06-01 13:00:00,2.0733333333333333
2014-06-01 14:00:00,2.2816666666666667
2014-06-01 15:00:00,2.85
2014-06-01 16:00:00,3.628333333333333
2014-06-01 17:00:00,4.226666666666667
2014-06-01 18:00:00,3.651666666666667
2014-06-01 19:00:00,2.9683333333333333
2014-06-01 20:00:00,2.5466666666666664
2014-06-01 21:00:00,1.4983333333333333
2014-06-01 22:00:00,1.1866666666666668
2014-06-01 23:00:00,0.6216666666666667
2014-06-02 00:00:00,0.385
2014-06-02 01:00:00,0.4916666666666667
2014-06-02 02:00:00,0.4433333333333333
2014-06-02 03:00:00,0.3783333333333333
2014-06-02 04:00:00,0.5483333333333333
2014-06-02 05:00:00,0.3866666666666667
2014-06-02 06:00:00,0.735
2014-06-02 07:00:00,0.7783333333333333
2014-06-02 08:00:00,0.8133333333333334
2014-06-02 09:00:00,2.3000000000000003
2014-06-02 10:00:00,2.768333333333333
2014-06-02 11:00:00,4.153333333333333
2014-06-02 12:00:00,2.938333333333333
2014-06-02 13:00:00,3.5933333333333333
2014-06-02 14:00:00,2.921666666666667
2014-06-02 15:00:00,3.276666666666667
2014-06-02 16:00:00,2.9933333333333336
2014-06-02 17:00:00,2.8466666666666662
2014-06-02 18:00:00,3.123333333333333
2014-06-02 19:00:00,1.54
2014-06-02 20:00:00,1.68
2014-06-02 21:00:00,0.6933333333333334
2014-06-02 22:00:00,0.315
2014-06-02 23:00:00,0.6166666666666667
2014-06-03 00:00:00,0.6266666666666666
2014-06-03 01:00:00,0.7116666666666666
2014-06-03 02:00:00,0.9733333333333332
2014-06-03 03:00:00,0.8066666666666666
2014-06-03 04:00:00,0.455
2014-06-03 05:00:00,1.0916666666666666
2014-06-03 06:00:00,0.8849999999999999
2014-06-03 07:00:00,0.9333333333333336
2014-06-03 08:00:00,1.1083333333333334
2014-06-03 09:00:00,3.065
2014-06-03 10:00:00,2.5783333333333336
2014-06-03 11:00:00,2.07
2014-06-03 12:00:00,2.16
2014-06-03 13:00:00,1.7016666666666669
2014-06-03 14:00:00,2.421666666666667
2014-06-03 15:00:00,2.6300000000000003
2014-06-03 16:00:00,2.5683333333333334
2014-06-03 17:00:00,2.856666666666667
2014-06-03 18:00:00,3.815
2014-06-03 19:00:00,2.458333333333333
2014-06-03 20:00:00,1.095
2014-06-03 21:00:00,0.5883333333333333
2014-06-03 22:00:00,0.7133333333333334
2014-06-03 23:00:00,0.6849999999999999
2014-06-04 00:00:00,0.8883333333333333
2014-06-04 01:00:00,0.6266666666666667
2014-06-04 02:00:00,0.6699999999999999
2014-06-04 03:00:00,0.5983333333333333
2014-06-04 04:00:00,0.93
2014-06-04 05:00:00,0.8300000000000001
2014-06-04 06:00:00,1.015
2014-06-04 07:00:00,1.07
2014-06-04 08:00:00,2.095
2014-06-04 09:00:00,1.835
2014-06-04 10:00:00,1.1483333333333332
2014-06-04 11:00:00,1.785
2014-06-04 12:00:00,1.28
2014-06-04 13:00:00,2.043333333333333
2014-06-04 14:00:00,3.36
2014-06-04 15:00:00,4.015
2014-06-04 16:00:00,1.9183333333333328
2014-06-04 17:00:00,1.995
2014-06-04 18:00:00,1.385
2014-06-04 19:00:00,1.1783333333333337
2014-06-04 20:00:00,0.7466666666666667
2014-06-04 21:00:00,3.551666666666667
2014-06-04 22:00:00,1.3483333333333334
2014-06-04 23:00:00,2.055
2014-06-05 00:00:00,2.091666666666667
2014-06-05 01:00:00,2.08
2014-06-05 02:00:00,1.4166666666666667
2014-06-05 03:00:00,2.015
2014-06-05 04:00:00,3.578333333333333
2014-06-05 05:00:00,2.8966666666666665
2014-06-05 06:00:00,2.6833333333333336
2014-06-05 07:00:00,3.0316666666666667
2014-06-05 08:00:00,3.181666666666666
2014-06-05 09:00:00,4.995
2014-06-05 10:00:00,6.538333333333334
2014-06-05 11:00:00,4.671666666666667
2014-06-05 12:00:00,5.253333333333333
2014-06-05 13:00:00,5.108333333333333
2014-06-05 14:00:00,4.111666666666667
2014-06-05 15:00:00,3.885
2014-06-05 16:00:00,3.9416666666666655
2014-06-05 17:00:00,3.486666666666667
2014-06-05 18:00:00,3.1300000000000003
2014-06-05 19:00:00,1.2866666666666666
2014-06-05 20:00:00,1.9316666666666664
2014-06-05 21:00:00,1.535
2014-06-05 22:00:00,0.5516666666666666
2014-06-05 23:00:00,0.7933333333333333
2014-06-06 00:00:00,1.3
2014-06-06 01:00:00,1.086666666666667
2014-06-06 02:00:00,0.8650000000000001
2014-06-06 03:00:00,0.8333333333333334
2014-06-06 04:00:00,1.3099999999999998
2014-06-06 05:00:00,0.995
2014-06-06 06:00:00,0.8450000000000001
2014-06-06 07:00:00,1.57
2014-06-06 08:00:00,1.2733333333333332
2014-06-06 09:00:00,1.89
2014-06-06 10:00:00,1.9666666666666668
2014-06-06 11:00:00,3.27
2014-06-06 12:00:00,2.526666666666667
2014-06-06 13:00:00,2.3516666666666666
2014-06-06 14:00:00,2.3866666666666667
2014-06-06 15:00:00,2.5733333333333333
2014-06-06 16:00:00,2.31
2014-06-06 17:00:00,2.0066666666666664
2014-06-06 18:00:00,1.9583333333333333
2014-06-06 19:00:00,2.333333333333333
2014-06-06 20:00:00,2.11
2014-06-06 21:00:00,0.9533333333333336
2014-06-06 22:00:00,0.7266666666666666
2014-06-06 23:00:00,0.8616666666666667
2014-06-07 00:00:00,1.0566666666666666
2014-06-07 01:00:00,1.0566666666666666
2014-06-07 02:00:00,1.4516666666666669
2014-06-07 03:00:00,1.2466666666666668
2014-06-07 04:00:00,0.9033333333333332
2014-06-07 05:00:00,0.9283333333333332
2014-06-07 06:00:00,0.9516666666666668
2014-06-07 07:00:00,1.393333333333333
2014-06-07 08:00:00,1.295
2014-06-07 09:00:00,1.616666666666667
2014-06-07 10:00:00,2.04
2014-06-07 11:00:00,2.2216666666666667
2014-06-07 12:00:00,2.6966666666666668
2014-06-07 13:00:00,2.8383333333333334
2014-06-07 14:00:00,2.8349999999999995
2014-06-07 15:00:00,2.125
2014-06-07 16:00:00,3.2433333333333336
2014-06-07 17:00:00,3.8233333333333337
2014-06-07 18:00:00,2.313333333333333
2014-06-07 19:00:00,2.1566666666666667
2014-06-07 20:00:00,1.0516666666666663
2014-06-07 21:00:00,0.805
2014-06-07 22:00:00,0.735
2014-06-07 23:00:00,1.225
2014-06-08 00:00:00,1.278333333333333
2014-06-08 01:00:00,0.8283333333333333
2014-06-08 02:00:00,1.0333333333333332
2014-06-08 03:00:00,0.925
2014-06-08 04:00:00,1.485
2014-06-08 05:00:00,1.275
2014-06-08 06:00:00,1.19
2014-06-08 07:00:00,1.3950000000000002
2014-06-08 08:00:00,1.643333333333333
2014-06-08 09:00:00,2.105
2014-06-08 10:00:00,3.745
2014-06-08 11:00:00,3.778333333333333
2014-06-08 12:00:00,4.17
2014-06-08 13:00:00,3.883333333333333
2014-06-08 14:00:00,3.7433333333333336
2014-06-08 15:00:00,3.755
2014-06-08 16:00:00,3.75
2014-06-08 17:00:00,3.51
2014-06-08 18:00:00,2.438333333333333
2014-06-08 19:00:00,2.745
2014-06-08 20:00:00,2.63
2014-06-08 21:00:00,1.0566666666666666
2014-06-08 22:00:00,0.5666666666666668
2014-06-08 23:00:00,1.7583333333333335
2014-06-09 00:00:00,2.9916666666666667
2014-06-09 01:00:00,2.236666666666667
2014-06-09 02:00:00,0.52
2014-06-09 03:00:00,0.47
2014-06-09 04:00:00,0.2749999999999999
2014-06-09 05:00:00,0.6833333333333332
2014-06-09 06:00:00,0.6266666666666666
2014-06-09 07:00:00,1.305
2014-06-09 08:00:00,3.12
2014-06-09 09:00:00,6.011666666666667
2014-06-09 10:00:00,5.631666666666667
2014-06-09 11:00:00,3.7116666666666656
2014-06-09 12:00:00,2.895
2014-06-09 13:00:00,3.518333333333333
2014-06-09 14:00:00,2.9683333333333333
2014-06-09 15:00:00,3.495
2014-06-09 16:00:00,4.125
2014-06-09 17:00:00,4.315
2014-06-09 18:00:00,3.875
2014-06-09 19:00:00,3.94
2014-06-09 20:00:00,1.875
2014-06-09 21:00:00,1.4666666666666668
2014-06-09 22:00:00,0.8866666666666667
2014-06-09 23:00:00,1.163333333333333
2014-06-10 00:00:00,1.2283333333333333
2014-06-10 01:00:00,1.3633333333333333
2014-06-10 02:00:00,1.32
2014-06-10 03:00:00,1.58
2014-06-10 04:00:00,0.5933333333333334
2014-06-10 05:00:00,1.2083333333333333
2014-06-10 06:00:00,1.4166666666666667
2014-06-10 07:00:00,2.486666666666667
2014-06-10 08:00:00,3.605
2014-06-10 09:00:00,3.1016666666666666
2014-06-10 10:00:00,2.498333333333333
2014-06-10 11:00:00,2.938333333333333
2014-06-10 12:00:00,3.635
2014-06-10 13:00:00,4.766666666666667
2014-06-10 14:00:00,4.72
2014-06-10 15:00:00,4.205
2014-06-10 16:00:00,3.401666666666667
2014-06-10 17:00:00,1.9383333333333328
2014-06-10 18:00:00,1.65
2014-06-10 19:00:00,1.3833333333333335
2014-06-10 20:00:00,1.6266666666666667
2014-06-10 21:00:00,1.2716666666666667
2014-06-10 22:00:00,1.665
2014-06-10 23:00:00,1.4266666666666667
2014-06-11 00:00:00,1.9983333333333333
2014-06-11 01:00:00,1.6933333333333334
2014-06-11 02:00:00,0.645
2014-06-11 03:00:00,1.3083333333333331
2014-06-11 04:00:00,0.9233333333333332
2014-06-11 05:00:00,1.2366666666666666
2014-06-11 06:00:00,1.315
2014-06-11 07:00:00,1.4183333333333332
2014-06-11 08:00:00,1.6483333333333334
2014-06-11 09:00:00,1.755
2014-06-11 10:00:00,2.4266666666666663
2014-06-11 11:00:00,2.3000000000000003
2014-06-11 12:00:00,2.8416666666666663
2014-06-11 13:00:00,2.4633333333333334
2014-06-11 14:00:00,1.4400000000000002
2014-06-11 15:00:00,3.2183333333333333
2014-06-11 16:00:00,2.853333333333333
2014-06-11 17:00:00,2.486666666666667
2014-06-11 18:00:00,2.03
2014-06-11 19:00:00,0.9616666666666666
2014-06-11 20:00:00,1.12
2014-06-11 21:00:00,0.6433333333333333
2014-06-11 22:00:00,0.525
2014-06-11 23:00:00,0.75
2014-06-12 00:00:00,0.6
2014-06-12 01:00:00,1.75
2014-06-12 02:00:00,1.1683333333333332
2014-06-12 03:00:00,0.9266666666666667
2014-06-12 04:00:00,2.125
2014-06-12 05:00:00,2.688333333333333
2014-06-12 06:00:00,2.15
2014-06-12 07:00:00,2.135
2014-06-12 08:00:00,1.971666666666667
2014-06-12 09:00:00,1.9883333333333333
2014-06-12 10:00:00,2.65
2014-06-12 11:00:00,2.4716666666666667
2014-06-12 12:00:00,2.171666666666667
2014-06-12 13:00:00,1.6266666666666667
2014-06-12 14:00:00,3.1566666666666667
2014-06-12 15:00:00,1.653333333333333
2014-06-12 16:00:00,1.7333333333333334
2014-06-12 17:00:00,3.5050000000000003
2014-06-12 18:00:00,5.015
2014-06-12 19:00:00,4.863333333333333
2014-06-12 20:00:00,1.8616666666666664
2014-06-12 21:00:00,0.7216666666666667
2014-06-12 22:00:00,1.105
2014-06-12 23:00:00,0.6916666666666668
2014-06-13 00:00:00,0.6233333333333334
2014-06-13 01:00:00,0.7183333333333334
2014-06-13 02:00:00,0.6683333333333333
2014-06-13 03:00:00,0.7066666666666667
2014-06-13 04:00:00,0.8083333333333332
2014-06-13 05:00:00,0.7066666666666667
2014-06-13 06:00:00,0.8316666666666667
2014-06-13 07:00:00,1.415
2014-06-13 08:00:00,1.6033333333333333
2014-06-13 09:00:00,1.8116666666666663
2014-06-13 10:00:00,2.17
2014-06-13 11:00:00,2.095
2014-06-13 12:00:00,2.1766666666666667
2014-06-13 13:00:00,2.493333333333333
2014-06-13 14:00:00,1.8766666666666667
2014-06-13 15:00:00,1.5766666666666669
2014-06-13 16:00:00,1.6333333333333335
2014-06-13 17:00:00,1.7716666666666665
2014-06-13 18:00:00,1.3133333333333332
2014-06-13 19:00:00,0.9733333333333332
2014-06-13 20:00:00,2.0766666666666667
2014-06-13 21:00:00,2.1983333333333337
2014-06-13 22:00:00,2.335
2014-06-13 23:00:00,2.598333333333333
2014-06-14 00:00:00,1.288333333333333
2014-06-14 01:00:00,0.7283333333333334
2014-06-14 02:00:00,1.6483333333333334
2014-06-14 03:00:00,2.355
2014-06-14 04:00:00,3.171666666666667
2014-06-14 05:00:00,2.815
2014-06-14 06:00:00,1.84
2014-06-14 07:00:00,1.586666666666667
2014-06-14 08:00:00,1.5716666666666663
2014-06-14 09:00:00,2.025
2014-06-14 10:00:00,1.8383333333333327
2014-06-14 11:00:00,1.356666666666667
2014-06-14 12:00:00,1.6933333333333334
2014-06-14 13:00:00,2.273333333333333
2014-06-14 14:00:00,2.1666666666666665
2014-06-14 15:00:00,2.15
2014-06-14 16:00:00,1.6683333333333332
2014-06-14 17:00:00,1.2966666666666666
2014-06-14 18:00:00,1.46
2014-06-14 19:00:00,0.945
2014-06-14 20:00:00,0.8266666666666667
2014-06-14 21:00:00,1.81
2014-06-14 22:00:00,1.315
2014-06-14 23:00:00,1.02
2014-06-15 00:00:00,0.345
2014-06-15 01:00:00,0.4533333333333333
2014-06-15 02:00:00,0.3866666666666667
2014-06-15 03:00:00,0.3733333333333333
2014-06-15 04:00:00,0.355
2014-06-15 05:00:00,0.415
2014-06-15 06:00:00,0.4233333333333333
2014-06-15 07:00:00,1.846666666666667
2014-06-15 08:00:00,2.308333333333333
2014-06-15 09:00:00,2.51
2014-06-15 10:00:00,2.9450000000000003
2014-06-15 11:00:00,2.178333333333333
2014-06-15 12:00:00,2.053333333333333
2014-06-15 13:00:00,2.825
2014-06-15 14:00:00,2.93
2014-06-15 15:00:00,3.325
2014-06-15 16:00:00,2.4516666666666667
2014-06-15 17:00:00,3.595
2014-06-15 18:00:00,4.211666666666667
2014-06-15 19:00:00,3.323333333333333
2014-06-15 20:00:00,1.925
2014-06-15 21:00:00,0.7949999999999999
2014-06-15 22:00:00,0.45
2014-06-15 23:00:00,1.6033333333333333
2014-06-16 00:00:00,1.445
2014-06-16 01:00:00,1.2533333333333332
2014-06-16 02:00:00,0.8616666666666667
2014-06-16 03:00:00,0.815
2014-06-16 04:00:00,1.04
2014-06-16 05:00:00,0.9083333333333332
2014-06-16 06:00:00,0.725
2014-06-16 07:00:00,0.81
2014-06-16 08:00:00,1.0366666666666666
2014-06-16 09:00:00,1.1616666666666666
2014-06-16 10:00:00,2.595
2014-06-16 11:00:00,1.3483333333333334
2014-06-16 12:00:00,1.3549999999999998
2014-06-16 13:00:00,1.7816666666666665
2014-06-16 14:00:00,1.8983333333333332
2014-06-16 15:00:00,2.06
2014-06-16 16:00:00,2.2416666666666667
2014-06-16 17:00:00,1.5233333333333334
2014-06-16 18:00:00,1.36
2014-06-16 19:00:00,0.98
2014-06-16 20:00:00,1.3966666666666665
2014-06-16 21:00:00,1.6
2014-06-16 22:00:00,0.8650000000000001
2014-06-16 23:00:00,0.6466666666666666
2014-06-17 00:00:00,0.7166666666666667
2014-06-17 01:00:00,0.8233333333333334
2014-06-17 02:00:00,0.4216666666666667
2014-06-17 03:00:00,0.9033333333333332
2014-06-17 04:00:00,0.6316666666666667
2014-06-17 05:00:00,0.6133333333333334
2014-06-17 06:00:00,0.475
2014-06-17 07:00:00,1.4
2014-06-17 08:00:00,2.0033333333333334
2014-06-17 09:00:00,2.4266666666666667
2014-06-17 10:00:00,2.3266666666666667
2014-06-17 11:00:00,2.1366666666666667
2014-06-17 12:00:00,2.275
2014-06-17 13:00:00,2.7216666666666662
2014-06-17 14:00:00,1.445
2014-06-17 15:00:00,1.57
2014-06-17 16:00:00,1.8416666666666668
2014-06-17 17:00:00,1.9866666666666664
2014-06-17 18:00:00,3.0483333333333333
2014-06-17 19:00:00,2.428333333333333
2014-06-17 20:00:00,1.086666666666667
2014-06-17 21:00:00,0.9266666666666667
2014-06-17 22:00:00,0.3033333333333333
2014-06-17 23:00:00,1.1733333333333331
2014-06-18 00:00:00,0.9916666666666668
2014-06-18 01:00:00,0.9666666666666668
2014-06-18 02:00:00,0.5433333333333333
2014-06-18 03:00:00,0.7133333333333334
2014-06-18 04:00:00,0.6216666666666667
2014-06-18 05:00:00,0.6716666666666667
2014-06-18 06:00:00,0.8883333333333333
2014-06-18 07:00:00,0.95
2014-06-18 08:00:00,1.9083333333333328
2014-06-18 09:00:00,2.763333333333333
2014-06-18 10:00:00,2.18
2014-06-18 11:00:00,2.4233333333333333
2014-06-18 12:00:00,2.0866666666666664
2014-06-18 13:00:00,1.4083333333333332
2014-06-18 14:00:00,2.7883333333333336
2014-06-18 15:00:00,2.7016666666666667
2014-06-18 16:00:00,1.4799999999999998
2014-06-18 17:00:00,2.053333333333333
2014-06-18 18:00:00,1.145
2014-06-18 19:00:00,2.053333333333333
2014-06-18 20:00:00,1.0033333333333334
2014-06-18 21:00:00,1.096666666666667
2014-06-18 22:00:00,0.4233333333333333
2014-06-18 23:00:00,0.56
2014-06-19 00:00:00,0.5316666666666666
2014-06-19 01:00:00,0.345
2014-06-19 02:00:00,0.4516666666666666
2014-06-19 03:00:00,0.6633333333333333
2014-06-19 04:00:00,0.4949999999999999
2014-06-19 05:00:00,0.3783333333333333
2014-06-19 06:00:00,1.75
2014-06-19 07:00:00,1.5516666666666667
2014-06-19 08:00:00,2.2783333333333333
2014-06-19 09:00:00,2.2533333333333334
2014-06-19 10:00:00,2.32
2014-06-19 11:00:00,2.63
2014-06-19 12:00:00,2.5383333333333336
2014-06-19 13:00:00,2.31
2014-06-19 14:00:00,2.796666666666667
2014-06-19 15:00:00,2.8800000000000003
2014-06-19 16:00:00,2.015
2014-06-19 17:00:00,1.143333333333333
2014-06-19 18:00:00,0.9416666666666664
2014-06-19 19:00:00,0.9016666666666668
2014-06-19 20:00:00,1.8433333333333333
2014-06-19 21:00:00,1.8333333333333333
2014-06-19 22:00:00,1.3483333333333334
2014-06-19 23:00:00,1.7816666666666665
2014-06-20 00:00:00,1.6450000000000002
2014-06-20 01:00:00,1.6666666666666667
2014-06-20 02:00:00,1.778333333333333
2014-06-20 03:00:00,1.7333333333333334
2014-06-20 04:00:00,1.528333333333333
2014-06-20 05:00:00,2.026666666666667
2014-06-20 06:00:00,2.353333333333333
2014-06-20 07:00:00,2.4483333333333337
2014-06-20 08:00:00,2.6733333333333333
2014-06-20 09:00:00,2.57
2014-06-20 10:00:00,2.805
2014-06-20 11:00:00,2.9683333333333333
2014-06-20 12:00:00,2.8833333333333333
2014-06-20 13:00:00,1.5333333333333332
2014-06-20 14:00:00,1.42
2014-06-20 15:00:00,2.013333333333333
2014-06-20 16:00:00,3.225
2014-06-20 17:00:00,2.361666666666667
2014-06-20 18:00:00,1.8516666666666663
2014-06-20 19:00:00,1.7383333333333333
2014-06-20 20:00:00,1.3116666666666668
2014-06-20 21:00:00,2.466666666666667
2014-06-20 22:00:00,2.848333333333333
2014-06-20 23:00:00,3.016666666666667
2014-06-21 00:00:00,2.44
2014-06-21 01:00:00,2.205
2014-06-21 02:00:00,2.7266666666666666
2014-06-21 03:00:00,2.52
2014-06-21 04:00:00,2.268333333333333
2014-06-21 05:00:00,2.208333333333333
2014-06-21 06:00:00,1.87
2014-06-21 07:00:00,2.0416666666666665
2014-06-21 08:00:00,2.08
2014-06-21 09:00:00,2.6766666666666663
2014-06-21 10:00:00,3.055
2014-06-21 11:00:00,2.556666666666666
2014-06-21 12:00:00,2.7266666666666666
2014-06-21 13:00:00,3.1016666666666666
2014-06-21 14:00:00,2.14
2014-06-21 15:00:00,2.91
2014-06-21 16:00:00,2.495
2014-06-21 17:00:00,1.7283333333333333
2014-06-21 18:00:00,2.03
2014-06-21 19:00:00,1.155
2014-06-21 20:00:00,1.4483333333333333
2014-06-21 21:00:00,2.565
2014-06-21 22:00:00,2.33
2014-06-21 23:00:00,2.48
2014-06-22 00:00:00,1.903333333333333
2014-06-22 01:00:00,1.02
2014-06-22 02:00:00,0.57
2014-06-22 03:00:00,0.6516666666666667
2014-06-22 04:00:00,0.9883333333333334
2014-06-22 05:00:00,0.4533333333333333
2014-06-22 06:00:00,0.5666666666666667
2014-06-22 07:00:00,1.3216666666666663
2014-06-22 08:00:00,1.6150000000000002
2014-06-22 09:00:00,2.21
2014-06-22 10:00:00,1.995
2014-06-22 11:00:00,2.485
2014-06-22 12:00:00,2.575
2014-06-22 13:00:00,2.5683333333333334
2014-06-22 14:00:00,2.7416666666666667
2014-06-22 15:00:00,1.9633333333333327
2014-06-22 16:00:00,2.0116666666666667
2014-06-22 17:00:00,1.6733333333333331
2014-06-22 18:00:00,1.3216666666666663
2014-06-22 19:00:00,1.385
2014-06-22 20:00:00,1.425
2014-06-22 21:00:00,1.7700000000000002
2014-06-22 22:00:00,2.75
2014-06-22 23:00:00,3.0700000000000003
2014-06-23 00:00:00,2.645
2014-06-23 01:00:00,1.37
2014-06-23 02:00:00,0.5533333333333333
2014-06-23 03:00:00,0.35
2014-06-23 04:00:00,0.6033333333333334
2014-06-23 05:00:00,1.05
2014-06-23 06:00:00,1.115
2014-06-23 07:00:00,1.5650000000000002
2014-06-23 08:00:00,1.6816666666666666
2014-06-23 09:00:00,1.595
2014-06-23 10:00:00,1.92
2014-06-23 11:00:00,1.81
2014-06-23 12:00:00,2.0966666666666667
2014-06-23 13:00:00,2.3583333333333334
2014-06-23 14:00:00,2.188333333333333
2014-06-23 15:00:00,2.183333333333333
2014-06-23 16:00:00,2.4250000000000003
2014-06-23 17:00:00,1.7
2014-06-23 18:00:00,1.17
2014-06-23 19:00:00,1.17
2014-06-23 20:00:00,1.7283333333333335
2014-06-23 21:00:00,1.725
2014-06-23 22:00:00,1.28
2014-06-23 23:00:00,0.5266666666666667
2014-06-24 00:00:00,0.4333333333333333
2014-06-24 01:00:00,0.465
2014-06-24 02:00:00,0.2916666666666667
2014-06-24 03:00:00,0.5183333333333333
2014-06-24 04:00:00,0.9366666666666666
2014-06-24 05:00:00,0.7366666666666667
2014-06-24 06:00:00,0.8766666666666666
2014-06-24 07:00:00,1.5200000000000002
2014-06-24 08:00:00,1.2633333333333334
2014-06-24 09:00:00,1.5766666666666664
2014-06-24 10:00:00,1.586666666666667
2014-06-24 11:00:00,1.6983333333333333
2014-06-24 12:00:00,1.9583333333333333
2014-06-24 13:00:00,1.6050000000000002
2014-06-24 14:00:00,2.2533333333333334
2014-06-24 15:00:00,2.36
2014-06-24 16:00:00,2.365
2014-06-24 17:00:00,1.9983333333333333
2014-06-24 18:00:00,1.2433333333333334
2014-06-24 19:00:00,1.175
2014-06-24 20:00:00,3.5116666666666667
2014-06-24 21:00:00,1.8183333333333331
2014-06-24 22:00:00,1.5066666666666666
2014-06-24 23:00:00,1.3983333333333334
2014-06-25 00:00:00,1.3283333333333334
2014-06-25 01:00:00,1.2333333333333334
2014-06-25 02:00:00,0.7283333333333334
2014-06-25 03:00:00,0.7966666666666667
2014-06-25 04:00:00,1.04
2014-06-25 05:00:00,0.9316666666666666
2014-06-25 06:00:00,1.7833333333333332
2014-06-25 07:00:00,1.663333333333333
2014-06-25 08:00:00,1.4566666666666668
2014-06-25 09:00:00,1.5783333333333331
2014-06-25 10:00:00,1.4083333333333332
2014-06-25 11:00:00,1.715
2014-06-25 12:00:00,1.5766666666666669
2014-06-25 13:00:00,1.9316666666666664
2014-06-25 14:00:00,3.31
2014-06-25 15:00:00,1.0599999999999998
2014-06-25 16:00:00,1.525
2014-06-25 17:00:00,1.278333333333333
2014-06-25 18:00:00,1.0516666666666667
2014-06-25 19:00:00,1.3950000000000002
2014-06-25 20:00:00,1.3550000000000002
2014-06-25 21:00:00,0.9166666666666666
2014-06-25 22:00:00,1.1366666666666667
2014-06-25 23:00:00,0.8333333333333334
2014-06-26 00:00:00,0.875
2014-06-26 01:00:00,0.9816666666666668
2014-06-26 02:00:00,0.5850000000000001
2014-06-26 03:00:00,1.0983333333333334
2014-06-26 04:00:00,0.8250000000000001
2014-06-26 05:00:00,0.51
2014-06-26 06:00:00,0.4966666666666666
2014-06-26 07:00:00,0.6816666666666666
2014-06-26 08:00:00,1.05
2014-06-26 09:00:00,1.3683333333333334
2014-06-26 10:00:00,2.668333333333333
2014-06-26 11:00:00,1.9983333333333333
2014-06-26 12:00:00,2.0483333333333333
2014-06-26 13:00:00,1.68
2014-06-26 14:00:00,3.016666666666667
2014-06-26 15:00:00,3.4866666666666664
2014-06-26 16:00:00,3.2
2014-06-26 17:00:00,4.47
2014-06-26 18:00:00,5.233333333333333
2014-06-26 19:00:00,3.5116666666666667
2014-06-26 20:00:00,2.2516666666666665
2014-06-26 21:00:00,0.4283333333333334
2014-06-26 22:00:00,0.505
2014-06-26 23:00:00,0.3816666666666666
2014-06-27 00:00:00,0.5466666666666667
2014-06-27 01:00:00,0.665
2014-06-27 02:00:00,0.6016666666666667
2014-06-27 03:00:00,0.8266666666666667
2014-06-27 04:00:00,0.7333333333333334
2014-06-27 05:00:00,0.5216666666666666
2014-06-27 06:00:00,1.086666666666667
2014-06-27 07:00:00,0.99
2014-06-27 08:00:00,1.393333333333333
2014-06-27 09:00:00,1.51
2014-06-27 10:00:00,1.59
2014-06-27 11:00:00,1.6233333333333333
2014-06-27 12:00:00,1.7966666666666666
2014-06-27 13:00:00,2.08
2014-06-27 14:00:00,2.07
2014-06-27 15:00:00,1.0566666666666666
2014-06-27 16:00:00,1.778333333333333
2014-06-27 17:00:00,1.8383333333333336
2014-06-27 18:00:00,1.2966666666666666
2014-06-27 19:00:00,0.7716666666666666
2014-06-27 20:00:00,0.5133333333333333
2014-06-27 21:00:00,0.4383333333333333
2014-06-27 22:00:00,1.4416666666666664
2014-06-27 23:00:00,2.49
2014-06-28 00:00:00,2.441666666666667
2014-06-28 01:00:00,2.6166666666666667
2014-06-28 02:00:00,2.025
2014-06-28 03:00:00,1.74
2014-06-28 04:00:00,1.415
2014-06-28 05:00:00,0.7949999999999999
2014-06-28 06:00:00,1.0483333333333331
2014-06-28 07:00:00,1.4883333333333333
2014-06-28 08:00:00,4.236666666666667
2014-06-28 09:00:00,3.613333333333333
2014-06-28 10:00:00,3.106666666666667
2014-06-28 11:00:00,3.678333333333333
2014-06-28 12:00:00,4.873333333333334
2014-06-28 13:00:00,4.903333333333333
2014-06-28 14:00:00,7.206666666666666
2014-06-28 15:00:00,4.073333333333333
2014-06-28 16:00:00,2.158333333333333
2014-06-28 17:00:00,1.5083333333333335
2014-06-28 18:00:00,1.415
2014-06-28 19:00:00,0.77
2014-06-28 20:00:00,1.1566666666666667
2014-06-28 21:00:00,1.27
2014-06-28 22:00:00,1.02
2014-06-28 23:00:00,1.606666666666667
2014-06-29 00:00:00,1.6883333333333332
2014-06-29 01:00:00,1.9483333333333333
2014-06-29 02:00:00,3.2016666666666667
2014-06-29 03:00:00,3.438333333333333
2014-06-29 04:00:00,4.733333333333333
2014-06-29 05:00:00,3.638333333333333
2014-06-29 06:00:00,3.3366666666666664
2014-06-29 07:00:00,5.890000000000001
2014-06-29 08:00:00,5.395
2014-06-29 09:00:00,4.361666666666667
2014-06-29 10:00:00,3.1533333333333338
2014-06-29 11:00:00,1.3816666666666668
2014-06-29 12:00:00,1.0616666666666668
2014-06-29 13:00:00,1.825
2014-06-29 14:00:00,1.3333333333333333
2014-06-29 15:00:00,1.485
2014-06-29 16:00:00,1.471666666666667
2014-06-29 17:00:00,1.0416666666666667
2014-06-29 18:00:00,1.163333333333333
2014-06-29 19:00:00,1.3316666666666668
2014-06-29 20:00:00,0.775
2014-06-29 21:00:00,1.3583333333333334
2014-06-29 22:00:00,2.4933333333333336
2014-06-29 23:00:00,1.8966666666666667
2014-06-30 00:00:00,1.0599999999999998
2014-06-30 01:00:00,0.7433333333333333
2014-06-30 02:00:00,0.4966666666666666
2014-06-30 03:00:00,0.4583333333333333
2014-06-30 04:00:00,0.43
2014-06-30 05:00:00,0.6066666666666666
2014-06-30 06:00:00,1.0683333333333334
2014-06-30 07:00:00,1.95
2014-06-30 08:00:00,1.86
2014-06-30 09:00:00,1.7433333333333334
2014-06-30 10:00:00,1.97
2014-06-30 11:00:00,2.095
2014-06-30 12:00:00,1.6900000000000002
2014-06-30 13:00:00,1.445
2014-06-30 14:00:00,2.0066666666666664
2014-06-30 15:00:00,2.5816666666666666
2014-06-30 16:00:00,2.72
2014-06-30 17:00:00,2.1366666666666667
2014-06-30 18:00:00,1.5766666666666669
2014-06-30 19:00:00,3.8866666666666663
2014-06-30 20:00:00,3.526666666666667
2014-06-30 21:00:00,2.651666666666667
2014-06-30 22:00:00,2.171666666666667
2014-06-30 23:00:00,2.026666666666667
2014-07-01 00:00:00,1.8866666666666667
2014-07-01 01:00:00,1.4883333333333333
2014-07-01 02:00:00,1.288333333333333
2014-07-01 03:00:00,0.625
2014-07-01 04:00:00,0.635
2014-07-01 05:00:00,0.7050000000000001
2014-07-01 06:00:00,0.77
2014-07-01 07:00:00,0.6783333333333333
2014-07-01 08:00:00,1.0433333333333332
2014-07-01 09:00:00,1.3083333333333331
2014-07-01 10:00:00,1.3083333333333331
2014-07-01 11:00:00,2.555
2014-07-01 12:00:00,2.2916666666666665
2014-07-01 13:00:00,2.396666666666667
2014-07-01 14:00:00,2.435
2014-07-01 15:00:00,2.58
2014-07-01 16:00:00,1.6883333333333332
2014-07-01 17:00:00,1.1583333333333334
2014-07-01 18:00:00,0.7050000000000001
2014-07-01 19:00:00,1.1183333333333334
2014-07-01 20:00:00,0.665
2014-07-01 21:00:00,0.525
2014-07-01 22:00:00,1.2583333333333333
2014-07-01 23:00:00,0.7333333333333334
2014-07-02 00:00:00,0.7999999999999999
2014-07-02 01:00:00,0.71
2014-07-02 02:00:00,1.1883333333333332
2014-07-02 03:00:00,0.7933333333333333
2014-07-02 04:00:00,0.8633333333333333
2014-07-02 05:00:00,0.765
2014-07-02 06:00:00,1.02
2014-07-02 07:00:00,0.965
2014-07-02 08:00:00,1.8833333333333333
2014-07-02 09:00:00,2.3783333333333334
2014-07-02 10:00:00,2.06
2014-07-02 11:00:00,1.5483333333333331
2014-07-02 12:00:00,2.181666666666666
2014-07-02 13:00:00,2.013333333333333
2014-07-02 14:00:00,2.2433333333333336
2014-07-02 15:00:00,2.5050000000000003
2014-07-02 16:00:00,2.04
2014-07-02 17:00:00,1.5566666666666666
2014-07-02 18:00:00,1.155
2014-07-02 19:00:00,0.6083333333333333
2014-07-02 20:00:00,1.3983333333333334
2014-07-02 21:00:00,1.2233333333333334
2014-07-02 22:00:00,0.745
2014-07-02 23:00:00,0.6349999999999999
2014-07-03 00:00:00,0.86
2014-07-03 01:00:00,0.5516666666666666
2014-07-03 02:00:00,0.6666666666666666
2014-07-03 03:00:00,0.465
2014-07-03 04:00:00,0.655
2014-07-03 05:00:00,1.2133333333333334
2014-07-03 06:00:00,1.155
2014-07-03 07:00:00,1.2016666666666669
2014-07-03 08:00:00,1.403333333333333
2014-07-03 09:00:00,1.596666666666667
2014-07-03 10:00:00,1.94
2014-07-03 11:00:00,3.055
2014-07-03 12:00:00,4.321666666666666
2014-07-03 13:00:00,4.105
2014-07-03 14:00:00,3.4616666666666664
2014-07-03 15:00:00,3.081666666666667
2014-07-03 16:00:00,3.408333333333333
2014-07-03 17:00:00,3.3433333333333333
2014-07-03 18:00:00,2.1333333333333333
2014-07-03 19:00:00,1.4383333333333337
2014-07-03 20:00:00,1.086666666666667
2014-07-03 21:00:00,0.47
2014-07-03 22:00:00,0.945
2014-07-03 23:00:00,1.5200000000000002
2014-07-04 00:00:00,0.7983333333333333
2014-07-04 01:00:00,1.0016666666666667
2014-07-04 02:00:00,1.41
2014-07-04 03:00:00,1.2983333333333331
2014-07-04 04:00:00,1.481666666666667
2014-07-04 05:00:00,1.2083333333333333
2014-07-04 06:00:00,1.61
2014-07-04 07:00:00,1.8116666666666668
2014-07-04 08:00:00,1.9116666666666668
2014-07-04 09:00:00,3.24
2014-07-04 10:00:00,3.4233333333333333
2014-07-04 11:00:00,3.5766666666666667
2014-07-04 12:00:00,3.956666666666667
2014-07-04 13:00:00,3.405
2014-07-04 14:00:00,3.96
2014-07-04 15:00:00,3.94
2014-07-04 16:00:00,3.546666666666667
2014-07-04 17:00:00,3.2016666666666667
2014-07-04 18:00:00,1.9283333333333332
2014-07-04 19:00:00,1.4333333333333331
2014-07-04 20:00:00,1.2766666666666666
2014-07-04 21:00:00,0.3833333333333333
2014-07-04 22:00:00,0.6
2014-07-04 23:00:00,0.6383333333333333
2014-07-05 00:00:00,1.5266666666666666
2014-07-05 01:00:00,1.45
2014-07-05 02:00:00,1.2183333333333335
2014-07-05 03:00:00,1.6083333333333334
2014-07-05 04:00:00,1.18
2014-07-05 05:00:00,1.0066666666666666
2014-07-05 06:00:00,0.7433333333333333
2014-07-05 07:00:00,1.1966666666666663
2014-07-05 08:00:00,1.28
2014-07-05 09:00:00,2.195
2014-07-05 10:00:00,2.858333333333333
2014-07-05 11:00:00,2.33
2014-07-05 12:00:00,3.7
2014-07-05 13:00:00,5.766666666666667
2014-07-05 14:00:00,5.891666666666667
2014-07-05 15:00:00,5.628333333333334
2014-07-05 16:00:00,4.75
2014-07-05 17:00:00,4.006666666666667
2014-07-05 18:00:00,2.6283333333333334
2014-07-05 19:00:00,2.725
2014-07-05 20:00:00,2.731666666666667
2014-07-05 21:00:00,1.7083333333333333
2014-07-05 22:00:00,1.8216666666666663
2014-07-05 23:00:00,2.341666666666667
2014-07-06 00:00:00,2.155
2014-07-06 01:00:00,2.1016666666666666
2014-07-06 02:00:00,1.3783333333333332
2014-07-06 03:00:00,1.1333333333333333
2014-07-06 04:00:00,0.8450000000000001
2014-07-06 05:00:00,1.0116666666666667
2014-07-06 06:00:00,1.7083333333333333
2014-07-06 07:00:00,2.5483333333333333
2014-07-06 08:00:00,2.82
2014-07-06 09:00:00,3.388333333333333
2014-07-06 10:00:00,2.856666666666667
2014-07-06 11:00:00,2.9966666666666666
2014-07-06 12:00:00,3.65
2014-07-06 13:00:00,2.45
2014-07-06 14:00:00,2.606666666666667
2014-07-06 15:00:00,3.388333333333333
2014-07-06 16:00:00,2.4033333333333333
2014-07-06 17:00:00,2.458333333333333
2014-07-06 18:00:00,3.325
2014-07-06 19:00:00,1.8283333333333327
2014-07-06 20:00:00,0.4866666666666666
2014-07-06 21:00:00,0.4883333333333333
2014-07-06 22:00:00,0.5116666666666667
2014-07-06 23:00:00,0.5283333333333333
2014-07-07 00:00:00,1.1133333333333333
2014-07-07 01:00:00,3.3466666666666662
2014-07-07 02:00:00,2.445
2014-07-07 03:00:00,0.66
2014-07-07 04:00:00,1.3166666666666669
2014-07-07 05:00:00,0.7200000000000001
2014-07-07 06:00:00,1.1783333333333337
2014-07-07 07:00:00,0.8633333333333333
2014-07-07 08:00:00,1.153333333333333
2014-07-07 09:00:00,1.0716666666666663
2014-07-07 10:00:00,1.7133333333333332
2014-07-07 11:00:00,1.8616666666666664
2014-07-07 12:00:00,1.7083333333333333
2014-07-07 13:00:00,1.9433333333333331
2014-07-07 14:00:00,1.68
2014-07-07 15:00:00,1.7633333333333334
2014-07-07 16:00:00,1.9683333333333333
2014-07-07 17:00:00,4.05
2014-07-07 18:00:00,4.846666666666667
2014-07-07 19:00:00,4.473333333333334
2014-07-07 20:00:00,3.365
2014-07-07 21:00:00,3.793333333333333
2014-07-07 22:00:00,3.0700000000000003
2014-07-07 23:00:00,2.966666666666667
2014-07-08 00:00:00,1.8033333333333332
2014-07-08 01:00:00,3.361666666666667
2014-07-08 02:00:00,4.695
2014-07-08 03:00:00,6.278333333333333
2014-07-08 04:00:00,5.486666666666667
2014-07-08 05:00:00,4.878333333333333
2014-07-08 06:00:00,3.5883333333333334
2014-07-08 07:00:00,2.233333333333333
2014-07-08 08:00:00,1.6566666666666665
2014-07-08 09:00:00,2.2016666666666667
2014-07-08 10:00:00,2.315
2014-07-08 11:00:00,2.19
2014-07-08 12:00:00,1.5
2014-07-08 13:00:00,2.175
2014-07-08 14:00:00,1.3783333333333332
2014-07-08 15:00:00,0.9233333333333332
2014-07-08 16:00:00,1.5883333333333332
2014-07-08 17:00:00,1.518333333333333
2014-07-08 18:00:00,0.6366666666666666
2014-07-08 19:00:00,0.7633333333333333
2014-07-08 20:00:00,1.1466666666666667
2014-07-08 21:00:00,1.5166666666666666
2014-07-08 22:00:00,1.675
2014-07-08 23:00:00,2.7099999999999995
2014-07-09 00:00:00,2.795
2014-07-09 01:00:00,2.348333333333333
2014-07-09 02:00:00,1.9566666666666668
2014-07-09 03:00:00,1.5650000000000002
2014-07-09 04:00:00,4.933333333333334
2014-07-09 05:00:00,5.876666666666666
2014-07-09 06:00:00,5.448333333333333
2014-07-09 07:00:00,1.9233333333333336
2014-07-09 08:00:00,1.1916666666666669
2014-07-09 09:00:00,1.2416666666666667
2014-07-09 10:00:00,2.6733333333333333
2014-07-09 11:00:00,3.68
2014-07-09 12:00:00,3.3200000000000003
2014-07-09 13:00:00,2.105
2014-07-09 14:00:00,2.09
2014-07-09 15:00:00,2.858333333333333
2014-07-09 16:00:00,3.0066666666666664
2014-07-09 17:00:00,1.8166666666666669
2014-07-09 18:00:00,3.2783333333333338
2014-07-09 19:00:00,2.858333333333333
2014-07-09 20:00:00,2.1366666666666667
2014-07-09 21:00:00,1.3283333333333334
2014-07-09 22:00:00,1.59
2014-07-09 23:00:00,1.1716666666666666
2014-07-10 00:00:00,1.5083333333333335
2014-07-10 01:00:00,1.2933333333333332
2014-07-10 02:00:00,0.9816666666666666
2014-07-10 03:00:00,1.465
2014-07-10 04:00:00,0.7766666666666667
2014-07-10 05:00:00,0.3899999999999999
2014-07-10 06:00:00,0.8866666666666667
2014-07-10 07:00:00,0.4733333333333333
2014-07-10 08:00:00,1.1383333333333334
2014-07-10 09:00:00,0.7816666666666666
2014-07-10 10:00:00,1.4916666666666665
2014-07-10 11:00:00,1.405
2014-07-10 12:00:00,1.4766666666666666
2014-07-10 13:00:00,1.29
2014-07-10 14:00:00,2.26
2014-07-10 15:00:00,2.773333333333333
2014-07-10 16:00:00,1.635
2014-07-10 17:00:00,1.3166666666666669
2014-07-10 18:00:00,0.85
2014-07-10 19:00:00,1.585
2014-07-10 20:00:00,1.2933333333333332
2014-07-10 21:00:00,1.015
2014-07-10 22:00:00,1.153333333333333
2014-07-10 23:00:00,1.5416666666666667
2014-07-11 00:00:00,0.2733333333333334
2014-07-11 01:00:00,0.4599999999999999
2014-07-11 02:00:00,0.49
2014-07-11 03:00:00,1.0566666666666666
2014-07-11 04:00:00,1.3583333333333334
2014-07-11 05:00:00,0.7533333333333333
2014-07-11 06:00:00,0.4116666666666666
2014-07-11 07:00:00,0.6866666666666666
2014-07-11 08:00:00,1.4283333333333337
2014-07-11 09:00:00,1.231666666666667
2014-07-11 10:00:00,1.585
2014-07-11 11:00:00,1.4466666666666663
2014-07-11 12:00:00,1.8
2014-07-11 13:00:00,1.7483333333333333
2014-07-11 14:00:00,2.1333333333333333
2014-07-11 15:00:00,1.9
2014-07-11 16:00:00,2.3383333333333334
2014-07-11 17:00:00,2.7900000000000005
2014-07-11 18:00:00,1.6150000000000002
2014-07-11 19:00:00,1.3233333333333337
2014-07-11 20:00:00,1.3099999999999998
2014-07-11 21:00:00,0.7000000000000001
2014-07-11 22:00:00,0.5183333333333333
2014-07-11 23:00:00,0.7983333333333333
2014-07-12 00:00:00,1.475
2014-07-12 01:00:00,1.2616666666666667
2014-07-12 02:00:00,1.2266666666666666
2014-07-12 03:00:00,1.525
2014-07-12 04:00:00,0.58
2014-07-12 05:00:00,0.65
2014-07-12 06:00:00,1.0433333333333332
2014-07-12 07:00:00,1.346666666666667
2014-07-12 08:00:00,1.2916666666666667
2014-07-12 09:00:00,1.45
2014-07-12 10:00:00,1.7299999999999998
2014-07-12 11:00:00,2.485
2014-07-12 12:00:00,2.5483333333333333
2014-07-12 13:00:00,1.6383333333333334
2014-07-12 14:00:00,2.21
2014-07-12 15:00:00,1.3949999999999998
2014-07-12 16:00:00,1.8633333333333333
2014-07-12 17:00:00,1.0733333333333337
2014-07-12 18:00:00,0.9316666666666666
2014-07-12 19:00:00,4.181666666666667
2014-07-12 20:00:00,2.558333333333333
2014-07-12 21:00:00,1.1733333333333331
2014-07-12 22:00:00,1.5783333333333331
2014-07-12 23:00:00,1.61
2014-07-13 00:00:00,1.4633333333333332
2014-07-13 01:00:00,1.025
2014-07-13 02:00:00,0.9266666666666667
2014-07-13 03:00:00,0.9883333333333332
2014-07-13 04:00:00,0.595
2014-07-13 05:00:00,0.9716666666666668
2014-07-13 06:00:00,1.0333333333333334
2014-07-13 07:00:00,0.98
2014-07-13 08:00:00,1.2416666666666667
2014-07-13 09:00:00,1.1016666666666668
2014-07-13 10:00:00,1.62
2014-07-13 11:00:00,2.4483333333333333
2014-07-13 12:00:00,4.8133333333333335
2014-07-13 13:00:00,6.191666666666666
2014-07-13 14:00:00,2.8766666666666665
2014-07-13 15:00:00,1.97
2014-07-13 16:00:00,1.8516666666666663
2014-07-13 17:00:00,1.1133333333333333
2014-07-13 18:00:00,1.42
2014-07-13 19:00:00,1.66
2014-07-13 20:00:00,2.5816666666666666
2014-07-13 21:00:00,2.5866666666666664
2014-07-13 22:00:00,2.895
2014-07-13 23:00:00,3.47
2014-07-14 00:00:00,1.6733333333333331
2014-07-14 01:00:00,2.373333333333333
2014-07-14 02:00:00,1.2533333333333332
2014-07-14 03:00:00,0.585
2014-07-14 04:00:00,1.0683333333333334
2014-07-14 05:00:00,1.595
2014-07-14 06:00:00,3.4766666666666666
2014-07-14 07:00:00,3.655
2014-07-14 08:00:00,2.658333333333333
2014-07-14 09:00:00,3.138333333333333
2014-07-14 10:00:00,3.533333333333333
2014-07-14 11:00:00,3.053333333333333
2014-07-14 12:00:00,2.7983333333333333
2014-07-14 13:00:00,2.5516666666666667
2014-07-14 14:00:00,2.2466666666666666
2014-07-14 15:00:00,2.09
2014-07-14 16:00:00,2.231666666666667
2014-07-14 17:00:00,2.0783333333333336
2014-07-14 18:00:00,1.7083333333333333
2014-07-14 19:00:00,1.0083333333333333
2014-07-14 20:00:00,1.325
2014-07-14 21:00:00,1.2483333333333333
2014-07-14 22:00:00,1.6116666666666666
2014-07-14 23:00:00,0.9
2014-07-15 00:00:00,1.9066666666666665
2014-07-15 01:00:00,1.0633333333333332
2014-07-15 02:00:00,0.6366666666666667
2014-07-15 03:00:00,0.7033333333333333
2014-07-15 04:00:00,0.6066666666666667
2014-07-15 05:00:00,0.725
2014-07-15 06:00:00,0.935
2014-07-15 07:00:00,1.07
2014-07-15 08:00:00,1.3833333333333335
2014-07-15 09:00:00,1.6666666666666667
2014-07-15 10:00:00,1.538333333333333
2014-07-15 11:00:00,1.893333333333333
2014-07-15 12:00:00,1.4633333333333332
2014-07-15 13:00:00,1.586666666666667
2014-07-15 14:00:00,1.2266666666666668
2014-07-15 15:00:00,1.2666666666666666
2014-07-15 16:00:00,1.78
2014-07-15 17:00:00,1.5683333333333334
2014-07-15 18:00:00,0.9683333333333334
2014-07-15 19:00:00,1.086666666666667
2014-07-15 20:00:00,0.94
2014-07-15 21:00:00,1.4349999999999998
2014-07-15 22:00:00,1.0633333333333332
2014-07-15 23:00:00,1.4783333333333333
2014-07-16 00:00:00,0.9516666666666668
2014-07-16 01:00:00,1.3216666666666663
2014-07-16 02:00:00,1.7933333333333332
2014-07-16 03:00:00,1.7133333333333332
2014-07-16 04:00:00,0.4466666666666667
2014-07-16 05:00:00,0.5633333333333334
2014-07-16 06:00:00,0.7050000000000001
2014-07-16 07:00:00,0.96
2014-07-16 08:00:00,1.0416666666666667
2014-07-16 09:00:00,1.3716666666666668
2014-07-16 10:00:00,1.65
2014-07-16 11:00:00,1.4116666666666664
2014-07-16 12:00:00,0.7933333333333333
2014-07-16 13:00:00,1.58
2014-07-16 14:00:00,1.4283333333333337
2014-07-16 15:00:00,1.6233333333333333
2014-07-16 16:00:00,2.313333333333333
2014-07-16 17:00:00,1.03
2014-07-16 18:00:00,1.335
2014-07-16 19:00:00,0.9533333333333336
2014-07-16 20:00:00,1.1766666666666663
2014-07-16 21:00:00,0.5
2014-07-16 22:00:00,0.2833333333333333
2014-07-16 23:00:00,0.4333333333333333
2014-07-17 00:00:00,0.43
2014-07-17 01:00:00,0.5366666666666667
2014-07-17 02:00:00,0.3766666666666666
2014-07-17 03:00:00,0.955
2014-07-17 04:00:00,0.5283333333333333
2014-07-17 05:00:00,0.3833333333333333
2014-07-17 06:00:00,0.3366666666666666
2014-07-17 07:00:00,0.6016666666666667
2014-07-17 08:00:00,1.57
2014-07-17 09:00:00,1.1166666666666667
2014-07-17 10:00:00,1.7566666666666668
2014-07-17 11:00:00,1.9966666666666668
2014-07-17 12:00:00,1.7816666666666665
2014-07-17 13:00:00,1.79
2014-07-17 14:00:00,2.223333333333333
2014-07-17 15:00:00,2.6983333333333337
2014-07-17 16:00:00,2.7900000000000005
2014-07-17 17:00:00,2.6166666666666667
2014-07-17 18:00:00,2.921666666666667
2014-07-17 19:00:00,1.85
2014-07-17 20:00:00,1.845
2014-07-17 21:00:00,0.525
2014-07-17 22:00:00,0.4133333333333333
2014-07-17 23:00:00,0.6699999999999999
2014-07-18 00:00:00,0.5783333333333334
2014-07-18 01:00:00,0.9216666666666667
2014-07-18 02:00:00,0.3349999999999999
2014-07-18 03:00:00,0.5816666666666667
2014-07-18 04:00:00,0.6150000000000001
2014-07-18 05:00:00,0.4883333333333333
2014-07-18 06:00:00,1.0533333333333337
2014-07-18 07:00:00,1.035
2014-07-18 08:00:00,0.9383333333333334
2014-07-18 09:00:00,1.1166666666666667
2014-07-18 10:00:00,1.4116666666666664
2014-07-18 11:00:00,1.655
2014-07-18 12:00:00,1.5716666666666663
2014-07-18 13:00:00,1.7816666666666665
2014-07-18 14:00:00,1.9966666666666668
2014-07-18 15:00:00,2.716666666666667
2014-07-18 16:00:00,2.3800000000000003
2014-07-18 17:00:00,2.518333333333333
2014-07-18 18:00:00,2.1633333333333336
2014-07-18 19:00:00,1.6416666666666666
2014-07-18 20:00:00,1.34
2014-07-18 21:00:00,0.59
2014-07-18 22:00:00,0.4433333333333333
2014-07-18 23:00:00,1.028333333333333
2014-07-19 00:00:00,1.19
2014-07-19 01:00:00,1.12
2014-07-19 02:00:00,0.7766666666666667
2014-07-19 03:00:00,0.5816666666666667
2014-07-19 04:00:00,0.73
2014-07-19 05:00:00,0.7633333333333333
2014-07-19 06:00:00,0.7033333333333335
2014-07-19 07:00:00,0.6916666666666668
2014-07-19 08:00:00,0.6633333333333333
2014-07-19 09:00:00,1.0766666666666669
2014-07-19 10:00:00,1.04
2014-07-19 11:00:00,1.4316666666666666
2014-07-19 12:00:00,1.8266666666666669
2014-07-19 13:00:00,2.438333333333333
2014-07-19 14:00:00,1.98
2014-07-19 15:00:00,2.103333333333333
2014-07-19 16:00:00,2.083333333333333
2014-07-19 17:00:00,2.286666666666666
2014-07-19 18:00:00,1.9966666666666668
2014-07-19 19:00:00,1.3883333333333334
2014-07-19 20:00:00,1.0933333333333335
2014-07-19 21:00:00,0.505
2014-07-19 22:00:00,0.4716666666666667
2014-07-19 23:00:00,0.3783333333333333
2014-07-20 00:00:00,1.221666666666667
2014-07-20 01:00:00,0.5383333333333333
2014-07-20 02:00:00,0.5683333333333334
2014-07-20 03:00:00,0.6166666666666667
2014-07-20 04:00:00,0.6233333333333333
2014-07-20 05:00:00,0.4716666666666667
2014-07-20 06:00:00,0.5499999999999999
2014-07-20 07:00:00,0.8016666666666667
2014-07-20 08:00:00,0.7616666666666667
2014-07-20 09:00:00,1.1983333333333333
2014-07-20 10:00:00,1.3383333333333332
2014-07-20 11:00:00,1.346666666666667
2014-07-20 12:00:00,1.606666666666667
2014-07-20 13:00:00,0.82
2014-07-20 14:00:00,1.0466666666666666
2014-07-20 15:00:00,1.4983333333333333
2014-07-20 16:00:00,2.02
2014-07-20 17:00:00,2.9633333333333334
2014-07-20 18:00:00,1.8233333333333333
2014-07-20 19:00:00,1.4266666666666667
2014-07-20 20:00:00,0.8983333333333334
2014-07-20 21:00:00,2.055
2014-07-20 22:00:00,1.4316666666666666
2014-07-20 23:00:00,1.3966666666666667
2014-07-21 00:00:00,3.106666666666667
2014-07-21 01:00:00,4.548333333333333
2014-07-21 02:00:00,2.631666666666667
2014-07-21 03:00:00,1.278333333333333
2014-07-21 04:00:00,2.138333333333333
2014-07-21 05:00:00,1.528333333333333
2014-07-21 06:00:00,1.6833333333333336
2014-07-21 07:00:00,0.9983333333333334
2014-07-21 08:00:00,0.8300000000000001
2014-07-21 09:00:00,0.7316666666666666
2014-07-21 10:00:00,1.5033333333333332
2014-07-21 11:00:00,1.6933333333333334
2014-07-21 12:00:00,1.8266666666666669
2014-07-21 13:00:00,1.7
2014-07-21 14:00:00,2.12
2014-07-21 15:00:00,1.5566666666666666
2014-07-21 16:00:00,0.7033333333333333
2014-07-21 17:00:00,0.95
2014-07-21 18:00:00,1.3
2014-07-21 19:00:00,1.0533333333333337
2014-07-21 20:00:00,1.018333333333333
2014-07-21 21:00:00,0.68
2014-07-21 22:00:00,0.9116666666666668
2014-07-21 23:00:00,1.2266666666666666
2014-07-22 00:00:00,1.3116666666666668
2014-07-22 01:00:00,1.2483333333333333
2014-07-22 02:00:00,1.1366666666666667
2014-07-22 03:00:00,1.6916666666666669
2014-07-22 04:00:00,1.2533333333333332
2014-07-22 05:00:00,1.665
2014-07-22 06:00:00,1.7233333333333334
2014-07-22 07:00:00,3.698333333333333
2014-07-22 08:00:00,4.546666666666667
2014-07-22 09:00:00,5.221666666666667
2014-07-22 10:00:00,5.3500000000000005
2014-07-22 11:00:00,5.801666666666667
2014-07-22 12:00:00,6.005
2014-07-22 13:00:00,5.97
2014-07-22 14:00:00,6.705000000000001
2014-07-22 15:00:00,5.958333333333333
2014-07-22 16:00:00,5.875
2014-07-22 17:00:00,5.875
2014-07-22 18:00:00,5.656666666666666
2014-07-22 19:00:00,3.6183333333333336
2014-07-22 20:00:00,1.8416666666666668
2014-07-22 21:00:00,1.9283333333333332
2014-07-22 22:00:00,2.7416666666666667
2014-07-22 23:00:00,2.958333333333333
2014-07-23 00:00:00,4.196666666666666
2014-07-23 01:00:00,3.015
2014-07-23 02:00:00,0.9833333333333334
2014-07-23 03:00:00,1.6166666666666665
2014-07-23 04:00:00,1.6849999999999998
2014-07-23 05:00:00,1.2983333333333331
2014-07-23 06:00:00,2.165
2014-07-23 07:00:00,2.023333333333333
2014-07-23 08:00:00,3.1466666666666665
2014-07-23 09:00:00,3.573333333333333
2014-07-23 10:00:00,4.096666666666667
2014-07-23 11:00:00,5.506666666666667
2014-07-23 12:00:00,5.355
2014-07-23 13:00:00,5.058333333333334
2014-07-23 14:00:00,4.485
2014-07-23 15:00:00,4.12
2014-07-23 16:00:00,1.3266666666666669
2014-07-23 17:00:00,4.638333333333333
2014-07-23 18:00:00,4.71
2014-07-23 19:00:00,3.19
2014-07-23 20:00:00,1.935
2014-07-23 21:00:00,1.9433333333333331
2014-07-23 22:00:00,2.806666666666666
2014-07-23 23:00:00,1.5633333333333337
2014-07-24 00:00:00,1.4366666666666663
2014-07-24 01:00:00,0.8933333333333334
2014-07-24 02:00:00,1.0650000000000002
2014-07-24 03:00:00,1.735
2014-07-24 04:00:00,1.4583333333333333
2014-07-24 05:00:00,0.815
2014-07-24 06:00:00,2.365
2014-07-24 07:00:00,2.935
2014-07-24 08:00:00,2.5016666666666665
2014-07-24 09:00:00,3.0866666666666664
2014-07-24 10:00:00,3.715
2014-07-24 11:00:00,4.891666666666667
2014-07-24 12:00:00,5.135000000000001
2014-07-24 13:00:00,6.191666666666666
2014-07-24 14:00:00,6.348333333333333
2014-07-24 15:00:00,5.165
2014-07-24 16:00:00,4.416666666666667
2014-07-24 17:00:00,4.296666666666667
2014-07-24 18:00:00,4.448333333333333
2014-07-24 19:00:00,3.745
2014-07-24 20:00:00,4.39
2014-07-24 21:00:00,3.658333333333333
2014-07-24 22:00:00,2.013333333333333
2014-07-24 23:00:00,2.796666666666667
2014-07-25 00:00:00,2.308333333333333
2014-07-25 01:00:00,0.9866666666666668
2014-07-25 02:00:00,2.1266666666666665
2014-07-25 03:00:00,2.065
2014-07-25 04:00:00,1.7383333333333333
2014-07-25 05:00:00,0.6916666666666668
2014-07-25 06:00:00,0.5116666666666667
2014-07-25 07:00:00,0.5383333333333333
2014-07-25 08:00:00,0.6216666666666667
2014-07-25 09:00:00,1.265
2014-07-25 10:00:00,0.7999999999999999
2014-07-25 11:00:00,0.8833333333333333
2014-07-25 12:00:00,1.2416666666666665
2014-07-25 13:00:00,2.9233333333333333
2014-07-25 14:00:00,2.268333333333333
2014-07-25 15:00:00,2.2183333333333333
2014-07-25 16:00:00,1.675
2014-07-25 17:00:00,1.1833333333333331
2014-07-25 18:00:00,0.9166666666666666
2014-07-25 19:00:00,0.8766666666666666
2014-07-25 20:00:00,1.0366666666666668
2014-07-25 21:00:00,1.0016666666666667
2014-07-25 22:00:00,0.4083333333333334
2014-07-25 23:00:00,0.4966666666666666
2014-07-26 00:00:00,0.8816666666666667
2014-07-26 01:00:00,0.6883333333333334
2014-07-26 02:00:00,0.32
2014-07-26 03:00:00,0.4433333333333333
2014-07-26 04:00:00,0.395
2014-07-26 05:00:00,0.4183333333333333
2014-07-26 06:00:00,0.4616666666666666
2014-07-26 07:00:00,0.555
2014-07-26 08:00:00,1.288333333333333
2014-07-26 09:00:00,1.845
2014-07-26 10:00:00,1.8216666666666663
2014-07-26 11:00:00,2.5466666666666664
2014-07-26 12:00:00,3.388333333333333
2014-07-26 13:00:00,3.436666666666667
2014-07-26 14:00:00,3.0283333333333338
2014-07-26 15:00:00,3.1983333333333337
2014-07-26 16:00:00,1.2733333333333332
2014-07-26 17:00:00,0.7516666666666666
2014-07-26 18:00:00,1.018333333333333
2014-07-26 19:00:00,1.1266666666666667
2014-07-26 20:00:00,1.0566666666666666
2014-07-26 21:00:00,0.4866666666666666
2014-07-26 22:00:00,0.5066666666666667
2014-07-26 23:00:00,0.485
2014-07-27 00:00:00,0.6683333333333333
2014-07-27 01:00:00,0.6716666666666667
2014-07-27 02:00:00,0.5283333333333333
2014-07-27 03:00:00,0.5733333333333334
2014-07-27 04:00:00,0.6549999999999999
2014-07-27 05:00:00,0.6166666666666667
2014-07-27 06:00:00,0.7283333333333334
2014-07-27 07:00:00,1.01
2014-07-27 08:00:00,0.7999999999999999
2014-07-27 09:00:00,0.9583333333333334
2014-07-27 10:00:00,0.91
2014-07-27 11:00:00,0.8266666666666667
2014-07-27 12:00:00,1.6133333333333333
2014-07-27 13:00:00,1.2566666666666666
2014-07-27 14:00:00,1.59
2014-07-27 15:00:00,1.1083333333333332
2014-07-27 16:00:00,2.103333333333333
2014-07-27 17:00:00,2.2183333333333333
2014-07-27 18:00:00,1.1166666666666665
2014-07-27 19:00:00,1.7333333333333334
2014-07-27 20:00:00,1.0433333333333332
2014-07-27 21:00:00,1.893333333333333
2014-07-27 22:00:00,0.745
2014-07-27 23:00:00,1.5133333333333334
2014-07-28 00:00:00,1.1083333333333334
2014-07-28 01:00:00,0.8666666666666667
2014-07-28 02:00:00,0.755
2014-07-28 03:00:00,1.0083333333333333
2014-07-28 04:00:00,1.12
2014-07-28 05:00:00,0.955
2014-07-28 06:00:00,1.105
2014-07-28 07:00:00,1.1866666666666663
2014-07-28 08:00:00,0.9416666666666668
2014-07-28 09:00:00,1.106666666666667
2014-07-28 10:00:00,1.27
2014-07-28 11:00:00,2.545
2014-07-28 12:00:00,2.183333333333333
2014-07-28 13:00:00,2.6916666666666664
2014-07-28 14:00:00,3.4
2014-07-28 15:00:00,3.5066666666666664
2014-07-28 16:00:00,3.645
2014-07-28 17:00:00,2.135
2014-07-28 18:00:00,2.2533333333333334
2014-07-28 19:00:00,2.268333333333333
2014-07-28 20:00:00,2.1333333333333333
2014-07-28 21:00:00,1.8966666666666665
2014-07-28 22:00:00,1.665
2014-07-28 23:00:00,2.08
2014-07-29 00:00:00,2.12
2014-07-29 01:00:00,0.88
2014-07-29 02:00:00,0.7183333333333334
2014-07-29 03:00:00,1.255
2014-07-29 04:00:00,1.1716666666666666
2014-07-29 05:00:00,1.3183333333333334
2014-07-29 06:00:00,1.2483333333333333
2014-07-29 07:00:00,1.9583333333333333
2014-07-29 08:00:00,1.8316666666666668
2014-07-29 09:00:00,1.5883333333333332
2014-07-29 10:00:00,0.7666666666666666
2014-07-29 11:00:00,1.115
2014-07-29 12:00:00,1.5166666666666666
2014-07-29 13:00:00,3.018333333333333
2014-07-29 14:00:00,2.273333333333333
2014-07-29 15:00:00,1.8283333333333331
2014-07-29 16:00:00,1.3183333333333334
2014-07-29 17:00:00,0.4966666666666666
2014-07-29 18:00:00,0.905
2014-07-29 19:00:00,1.0483333333333331
2014-07-29 20:00:00,1.2083333333333333
2014-07-29 21:00:00,0.8133333333333334
2014-07-29 22:00:00,0.86
2014-07-29 23:00:00,0.6983333333333333
2014-07-30 00:00:00,1.14
2014-07-30 01:00:00,0.935
2014-07-30 02:00:00,1.2183333333333335
2014-07-30 03:00:00,0.8766666666666666
2014-07-30 04:00:00,0.8633333333333333
2014-07-30 05:00:00,0.6716666666666667
2014-07-30 06:00:00,0.5466666666666667
2014-07-30 07:00:00,0.4633333333333334
2014-07-30 08:00:00,0.5940000000000001
2014-07-30 09:00:00,1.2016666666666669
2014-07-30 10:00:00,1.1183333333333334
2014-07-30 11:00:00,1.3616666666666666
2014-07-30 12:00:00,1.93
2014-07-30 13:00:00,1.7866666666666664
2014-07-30 14:00:00,0.975
2014-07-30 15:00:00,0.9916666666666668
2014-07-30 16:00:00,0.8450000000000001
2014-07-30 17:00:00,1.2666666666666666
2014-07-30 18:00:00,1.205
2014-07-30 19:00:00,1.3133333333333332
2014-07-30 20:00:00,1.663333333333333
2014-07-30 21:00:00,1.6916666666666669
2014-07-30 22:00:00,2.6316666666666664
2014-07-30 23:00:00,2.8816666666666664
2014-07-31 00:00:00,2.2383333333333333
2014-07-31 01:00:00,1.75
2014-07-31 02:00:00,1.855
2014-07-31 03:00:00,1.9
2014-07-31 04:00:00,1.33
2014-07-31 05:00:00,0.745
2014-07-31 06:00:00,0.4816666666666667
2014-07-31 07:00:00,1.5016666666666667
2014-07-31 08:00:00,2.1766666666666667
2014-07-31 09:00:00,2.035
2014-07-31 10:00:00,2.0116666666666667
2014-07-31 11:00:00,1.42
2014-07-31 12:00:00,1.5083333333333335
2014-07-31 13:00:00,1.5083333333333335
2014-07-31 14:00:00,1.2966666666666666
2014-07-31 15:00:00,0.8233333333333334
2014-07-31 16:00:00,0.7399999999999999
2014-07-31 17:00:00,0.9483333333333334
2014-07-31 18:00:00,1.8066666666666664
2014-07-31 19:00:00,1.4066666666666665
2014-07-31 20:00:00,1.65
2014-07-31 21:00:00,0.605
2014-07-31 22:00:00,0.5566666666666666
2014-07-31 23:00:00,0.6749999999999999
2014-08-01 00:00:00,0.48
2014-08-01 01:00:00,0.6116666666666667
2014-08-01 02:00:00,0.6150000000000001
2014-08-01 03:00:00,0.4433333333333333
2014-08-01 04:00:00,0.6133333333333333
2014-08-01 05:00:00,0.755
2014-08-01 06:00:00,0.7816666666666666
2014-08-01 07:00:00,0.9883333333333332
2014-08-01 08:00:00,0.9566666666666668
2014-08-01 09:00:00,1.288333333333333
2014-08-01 10:00:00,1.7983333333333331
2014-08-01 11:00:00,2.671666666666667
2014-08-01 12:00:00,2.563333333333333
2014-08-01 13:00:00,2.31
2014-08-01 14:00:00,2.3916666666666666
2014-08-01 15:00:00,2.3816666666666664
2014-08-01 16:00:00,1.9883333333333333
2014-08-01 17:00:00,1.8716666666666668
2014-08-01 18:00:00,2.566666666666667
2014-08-01 19:00:00,2.34
2014-08-01 20:00:00,1.775
2014-08-01 21:00:00,2.033333333333333
2014-08-01 22:00:00,0.7116666666666666
2014-08-01 23:00:00,0.495
2014-08-02 00:00:00,0.3183333333333333
2014-08-02 01:00:00,0.92
2014-08-02 02:00:00,0.4583333333333333
2014-08-02 03:00:00,0.7433333333333333
2014-08-02 04:00:00,0.5383333333333333
2014-08-02 05:00:00,0.2833333333333334
2014-08-02 06:00:00,0.6233333333333334
2014-08-02 07:00:00,0.915
2014-08-02 08:00:00,1.2333333333333334
2014-08-02 09:00:00,1.653333333333333
2014-08-02 10:00:00,1.75
2014-08-02 11:00:00,2.1733333333333333
2014-08-02 12:00:00,2.191666666666667
2014-08-02 13:00:00,2.2
2014-08-02 14:00:00,1.97
2014-08-02 15:00:00,2.03
2014-08-02 16:00:00,1.495
2014-08-02 17:00:00,1.93
2014-08-02 18:00:00,1.4016666666666666
2014-08-02 19:00:00,1.9766666666666663
2014-08-02 20:00:00,3.178333333333333
2014-08-02 21:00:00,2.603333333333333
2014-08-02 22:00:00,0.8833333333333333
2014-08-02 23:00:00,1.295
2014-08-03 00:00:00,0.9116666666666668
2014-08-03 01:00:00,0.8933333333333334
2014-08-03 02:00:00,1.42
2014-08-03 03:00:00,0.9116666666666668
2014-08-03 04:00:00,1.163333333333333
2014-08-03 05:00:00,1.3766666666666667
2014-08-03 06:00:00,1.3666666666666665
2014-08-03 07:00:00,1.2983333333333331
2014-08-03 08:00:00,1.6983333333333333
2014-08-03 09:00:00,1.7416666666666665
2014-08-03 10:00:00,1.76
2014-08-03 11:00:00,3.0883333333333334
2014-08-03 12:00:00,1.47
2014-08-03 13:00:00,1.5833333333333333
2014-08-03 14:00:00,0.82
2014-08-03 15:00:00,1.1416666666666668
2014-08-03 16:00:00,1.2283333333333333
2014-08-03 17:00:00,0.8033333333333333
2014-08-03 18:00:00,0.9566666666666668
2014-08-03 19:00:00,1.185
2014-08-03 20:00:00,1.8266666666666669
2014-08-03 21:00:00,0.9516666666666668
2014-08-03 22:00:00,0.9083333333333332
2014-08-03 23:00:00,0.7066666666666667
2014-08-04 00:00:00,0.9783333333333334
2014-08-04 01:00:00,0.7566666666666667
2014-08-04 02:00:00,0.8083333333333332
2014-08-04 03:00:00,0.545
2014-08-04 04:00:00,0.5933333333333333
2014-08-04 05:00:00,0.89
2014-08-04 06:00:00,1.6866666666666663
2014-08-04 07:00:00,0.7116666666666668
2014-08-04 08:00:00,0.7316666666666666
2014-08-04 09:00:00,0.8416666666666667
2014-08-04 10:00:00,1.255
2014-08-04 11:00:00,1.4883333333333333
2014-08-04 12:00:00,2.955
2014-08-04 13:00:00,1.2716666666666667
2014-08-04 14:00:00,1.425
2014-08-04 15:00:00,0.8316666666666667
2014-08-04 16:00:00,1.0
2014-08-04 17:00:00,3.921666666666667
2014-08-04 18:00:00,4.406666666666667
2014-08-04 19:00:00,1.7133333333333336
2014-08-04 20:00:00,1.115
2014-08-04 21:00:00,2.858333333333333
2014-08-04 22:00:00,1.6883333333333332
2014-08-04 23:00:00,1.4266666666666667
2014-08-05 00:00:00,1.018333333333333
2014-08-05 01:00:00,1.3583333333333334
2014-08-05 02:00:00,1.4383333333333337
2014-08-05 03:00:00,1.105
2014-08-05 04:00:00,1.135
2014-08-05 05:00:00,0.9666666666666668
2014-08-05 06:00:00,1.3483333333333334
2014-08-05 07:00:00,1.2333333333333334
2014-08-05 08:00:00,1.285
2014-08-05 09:00:00,0.86
2014-08-05 10:00:00,1.045
2014-08-05 11:00:00,1.2333333333333334
2014-08-05 12:00:00,2.151666666666667
2014-08-05 13:00:00,1.6
2014-08-05 14:00:00,2.373333333333333
2014-08-05 15:00:00,2.32
2014-08-05 16:00:00,3.5466666666666664
2014-08-05 17:00:00,1.6583333333333332
2014-08-05 18:00:00,1.2583333333333333
2014-08-05 19:00:00,0.975
2014-08-05 20:00:00,1.3383333333333332
2014-08-05 21:00:00,0.8366666666666668
2014-08-05 22:00:00,0.56
2014-08-05 23:00:00,1.1849999999999998
2014-08-06 00:00:00,1.275
2014-08-06 01:00:00,1.245
2014-08-06 02:00:00,1.2866666666666666
2014-08-06 03:00:00,0.6466666666666666
2014-08-06 04:00:00,1.086666666666667
2014-08-06 05:00:00,1.2283333333333333
2014-08-06 06:00:00,1.3833333333333335
2014-08-06 07:00:00,1.4866666666666666
2014-08-06 08:00:00,1.255
2014-08-06 09:00:00,0.97
2014-08-06 10:00:00,1.405
2014-08-06 11:00:00,1.295
2014-08-06 12:00:00,1.6133333333333333
2014-08-06 13:00:00,1.7583333333333335
2014-08-06 14:00:00,2.313333333333333
2014-08-06 15:00:00,1.6083333333333334
2014-08-06 16:00:00,1.26
2014-08-06 17:00:00,1.2366666666666666
2014-08-06 18:00:00,0.97
2014-08-06 19:00:00,0.8716666666666666
2014-08-06 20:00:00,0.6016666666666667
2014-08-06 21:00:00,0.3266666666666666
2014-08-06 22:00:00,0.62
2014-08-06 23:00:00,1.0816666666666668
2014-08-07 00:00:00,0.7316666666666666
2014-08-07 01:00:00,0.4016666666666666
2014-08-07 02:00:00,0.715
2014-08-07 03:00:00,0.9983333333333334
2014-08-07 04:00:00,0.48
2014-08-07 05:00:00,0.5733333333333334
2014-08-07 06:00:00,0.85
2014-08-07 07:00:00,1.0783333333333334
2014-08-07 08:00:00,1.4966666666666668
2014-08-07 09:00:00,1.3866666666666667
2014-08-07 10:00:00,1.3549999999999998
2014-08-07 11:00:00,1.7616666666666667
2014-08-07 12:00:00,2.5416666666666665
2014-08-07 13:00:00,1.485
2014-08-07 14:00:00,1.3216666666666663
2014-08-07 15:00:00,1.2083333333333333
2014-08-07 16:00:00,1.1733333333333331
2014-08-07 17:00:00,0.9483333333333333
2014-08-07 18:00:00,0.5483333333333333
2014-08-07 19:00:00,0.77
2014-08-07 20:00:00,1.268333333333333
2014-08-07 21:00:00,0.9266666666666666
2014-08-07 22:00:00,0.4383333333333333
2014-08-07 23:00:00,0.4866666666666666
2014-08-08 00:00:00,1.075
2014-08-08 01:00:00,0.8733333333333334
2014-08-08 02:00:00,0.6166666666666667
2014-08-08 03:00:00,0.7933333333333333
2014-08-08 04:00:00,0.8116666666666666
2014-08-08 05:00:00,0.8083333333333332
2014-08-08 06:00:00,0.965
2014-08-08 07:00:00,1.0133333333333334
2014-08-08 08:00:00,0.6416666666666667
2014-08-08 09:00:00,0.805
2014-08-08 10:00:00,1.515
2014-08-08 11:00:00,1.5916666666666668
2014-08-08 12:00:00,1.7233333333333334
2014-08-08 13:00:00,1.788333333333333
2014-08-08 14:00:00,1.7466666666666668
2014-08-08 15:00:00,1.74
2014-08-08 16:00:00,2.1283333333333334
2014-08-08 17:00:00,1.9783333333333333
2014-08-08 18:00:00,2.4266666666666667
2014-08-08 19:00:00,1.4666666666666668
2014-08-08 20:00:00,1.8816666666666664
2014-08-08 21:00:00,1.0533333333333337
2014-08-08 22:00:00,0.8533333333333334
2014-08-08 23:00:00,1.0216666666666667
2014-08-09 00:00:00,0.8066666666666666
2014-08-09 01:00:00,0.68
2014-08-09 02:00:00,0.4266666666666667
2014-08-09 03:00:00,0.7033333333333333
2014-08-09 04:00:00,0.7866666666666666
2014-08-09 05:00:00,1.1266666666666667
2014-08-09 06:00:00,1.2566666666666666
2014-08-09 07:00:00,2.0166666666666666
2014-08-09 08:00:00,4.515
2014-08-09 09:00:00,6.635000000000001
2014-08-09 10:00:00,6.835
2014-08-09 11:00:00,5.6000000000000005
2014-08-09 12:00:00,6.648333333333333
2014-08-09 13:00:00,4.111666666666667
2014-08-09 14:00:00,3.776666666666667
2014-08-09 15:00:00,2.6333333333333333
2014-08-09 16:00:00,1.9533333333333331
2014-08-09 17:00:00,1.7983333333333331
2014-08-09 18:00:00,1.4583333333333333
2014-08-09 19:00:00,0.6766666666666666
2014-08-09 20:00:00,0.8316666666666667
2014-08-09 21:00:00,0.7716666666666666
2014-08-09 22:00:00,0.5733333333333334
2014-08-09 23:00:00,0.5016666666666666
2014-08-10 00:00:00,0.5366666666666666
2014-08-10 01:00:00,0.5083333333333333
2014-08-10 02:00:00,0.5033333333333333
2014-08-10 03:00:00,0.375
2014-08-10 04:00:00,0.7516666666666666
2014-08-10 05:00:00,0.665
2014-08-10 06:00:00,1.096666666666667
2014-08-10 07:00:00,0.8183333333333334
2014-08-10 08:00:00,0.7933333333333333
2014-08-10 09:00:00,1.5533333333333337
2014-08-10 10:00:00,2.655
2014-08-10 11:00:00,3.9066666666666654
2014-08-10 12:00:00,6.075
2014-08-10 13:00:00,4.958333333333333
2014-08-10 14:00:00,5.3500000000000005
2014-08-10 15:00:00,5.483333333333333
2014-08-10 16:00:00,3.11
2014-08-10 17:00:00,3.103333333333333
2014-08-10 18:00:00,3.125
2014-08-10 19:00:00,2.5166666666666666
2014-08-10 20:00:00,2.4133333333333336
2014-08-10 21:00:00,2.4916666666666667
2014-08-10 22:00:00,1.895
2014-08-10 23:00:00,2.3016666666666663
2014-08-11 00:00:00,2.648333333333333
2014-08-11 01:00:00,3.4966666666666666
2014-08-11 02:00:00,2.12
2014-08-11 03:00:00,2.1300000000000003
2014-08-11 04:00:00,1.788333333333333
2014-08-11 05:00:00,2.2116666666666664
2014-08-11 06:00:00,1.1883333333333332
2014-08-11 07:00:00,2.438333333333333
2014-08-11 08:00:00,2.68
2014-08-11 09:00:00,2.84
2014-08-11 10:00:00,3.543333333333333
2014-08-11 11:00:00,4.016666666666667
2014-08-11 12:00:00,4.64
2014-08-11 13:00:00,4.138333333333333
2014-08-11 14:00:00,3.2550000000000003
2014-08-11 15:00:00,2.7616666666666667
2014-08-11 16:00:00,2.658333333333333
2014-08-11 17:00:00,1.768333333333333
2014-08-11 18:00:00,1.54
2014-08-11 19:00:00,1.288333333333333
2014-08-11 20:00:00,2.2266666666666666
2014-08-11 21:00:00,2.2216666666666667
2014-08-11 22:00:00,1.5166666666666666
2014-08-11 23:00:00,0.8766666666666666
2014-08-12 00:00:00,0.895
2014-08-12 01:00:00,0.7816666666666667
2014-08-12 02:00:00,0.9683333333333334
2014-08-12 03:00:00,0.7883333333333332
2014-08-12 04:00:00,1.6833333333333331
2014-08-12 05:00:00,1.0366666666666668
2014-08-12 06:00:00,1.231666666666667
2014-08-12 07:00:00,2.8383333333333334
2014-08-12 08:00:00,4.761666666666667
2014-08-12 09:00:00,5.928333333333334
2014-08-12 10:00:00,6.108333333333333
2014-08-12 11:00:00,4.971666666666667
2014-08-12 12:00:00,4.746666666666667
2014-08-12 13:00:00,3.361666666666667
2014-08-12 14:00:00,4.28
2014-08-12 15:00:00,4.538333333333333
2014-08-12 16:00:00,4.028333333333333
2014-08-12 17:00:00,3.3966666666666665
2014-08-12 18:00:00,2.4483333333333333
2014-08-12 19:00:00,1.5033333333333332
2014-08-12 20:00:00,2.618333333333333
2014-08-12 21:00:00,1.27
2014-08-12 22:00:00,1.1966666666666663
2014-08-12 23:00:00,1.2916666666666667
2014-08-13 00:00:00,1.0333333333333334
2014-08-13 01:00:00,1.025
2014-08-13 02:00:00,1.1483333333333332
2014-08-13 03:00:00,1.1266666666666667
2014-08-13 04:00:00,1.2
2014-08-13 05:00:00,1.1616666666666668
2014-08-13 06:00:00,1.3983333333333334
2014-08-13 07:00:00,1.2950000000000002
2014-08-13 08:00:00,1.8016666666666667
2014-08-13 09:00:00,1.6183333333333334
2014-08-13 10:00:00,1.2416666666666665
2014-08-13 11:00:00,1.7433333333333334
2014-08-13 12:00:00,2.895
2014-08-13 13:00:00,2.97
2014-08-13 14:00:00,2.638333333333333
2014-08-13 15:00:00,3.046666666666667
2014-08-13 16:00:00,2.7816666666666667
2014-08-13 17:00:00,1.89
2014-08-13 18:00:00,3.165
2014-08-13 19:00:00,1.3
2014-08-13 20:00:00,1.923333333333333
2014-08-13 21:00:00,1.3583333333333334
2014-08-13 22:00:00,2.398333333333333
2014-08-13 23:00:00,2.16
2014-08-14 00:00:00,2.6950000000000003
2014-08-14 01:00:00,2.47
2014-08-14 02:00:00,2.235
2014-08-14 03:00:00,1.95
2014-08-14 04:00:00,1.4400000000000002
2014-08-14 05:00:00,2.0883333333333334
2014-08-14 06:00:00,0.7050000000000001
2014-08-14 07:00:00,1.5516666666666667
2014-08-14 08:00:00,3.098333333333333
2014-08-14 09:00:00,3.4683333333333333
2014-08-14 10:00:00,4.238333333333333
2014-08-14 11:00:00,3.015
2014-08-14 12:00:00,4.273333333333333
2014-08-14 13:00:00,3.8516666666666666
2014-08-14 14:00:00,4.665
2014-08-14 15:00:00,4.863333333333333
2014-08-14 16:00:00,3.0766666666666667
2014-08-14 17:00:00,3.0016666666666665
2014-08-14 18:00:00,3.658333333333333
2014-08-14 19:00:00,2.6983333333333337
2014-08-14 20:00:00,2.408333333333333
2014-08-14 21:00:00,2.518333333333333
2014-08-14 22:00:00,1.6283333333333332
2014-08-14 23:00:00,2.5416666666666665
2014-08-15 00:00:00,1.1266666666666667
2014-08-15 01:00:00,0.7716666666666666
2014-08-15 02:00:00,0.9383333333333334
2014-08-15 03:00:00,1.1083333333333334
2014-08-15 04:00:00,1.235
2014-08-15 05:00:00,1.221666666666667
2014-08-15 06:00:00,0.85
2014-08-15 07:00:00,1.2766666666666666
2014-08-15 08:00:00,2.3916666666666666
2014-08-15 09:00:00,2.805
2014-08-15 10:00:00,2.0500000000000003
2014-08-15 11:00:00,2.4566666666666666
2014-08-15 12:00:00,2.803333333333333
2014-08-15 13:00:00,2.293333333333333
2014-08-15 14:00:00,1.145
2014-08-15 15:00:00,2.473333333333333
2014-08-15 16:00:00,2.766666666666667
2014-08-15 17:00:00,2.0766666666666667
2014-08-15 18:00:00,1.64
2014-08-15 19:00:00,1.015
2014-08-15 20:00:00,1.2166666666666666
2014-08-15 21:00:00,0.9433333333333334
2014-08-15 22:00:00,0.57
2014-08-15 23:00:00,0.7766666666666667
2014-08-16 00:00:00,0.555
2014-08-16 01:00:00,0.8616666666666667
2014-08-16 02:00:00,1.106666666666667
2014-08-16 03:00:00,2.21
2014-08-16 04:00:00,1.9366666666666663
2014-08-16 05:00:00,1.9666666666666668
2014-08-16 06:00:00,2.1750000000000003
2014-08-16 07:00:00,1.6933333333333334
2014-08-16 08:00:00,1.725
2014-08-16 09:00:00,2.205
2014-08-16 10:00:00,1.981666666666667
2014-08-16 11:00:00,2.2066666666666666
2014-08-16 12:00:00,3.3816666666666664
2014-08-16 13:00:00,2.861666666666667
2014-08-16 14:00:00,2.773333333333333
2014-08-16 15:00:00,2.915
2014-08-16 16:00:00,2.143333333333333
2014-08-16 17:00:00,1.7666666666666668
2014-08-16 18:00:00,2.2883333333333336
2014-08-16 19:00:00,2.4166666666666665
2014-08-16 20:00:00,2.398333333333333
2014-08-16 21:00:00,2.546666666666667
2014-08-16 22:00:00,1.35
2014-08-16 23:00:00,1.215
2014-08-17 00:00:00,1.8416666666666668
2014-08-17 01:00:00,1.0083333333333333
2014-08-17 02:00:00,0.7866666666666666
2014-08-17 03:00:00,0.8933333333333334
2014-08-17 04:00:00,0.95
2014-08-17 05:00:00,1.7416666666666665
2014-08-17 06:00:00,2.536666666666666
2014-08-17 07:00:00,3.84
2014-08-17 08:00:00,5.14
2014-08-17 09:00:00,5.773333333333333
2014-08-17 10:00:00,5.645
2014-08-17 11:00:00,6.248333333333334
2014-08-17 12:00:00,5.453333333333333
2014-08-17 13:00:00,4.9750000000000005
2014-08-17 14:00:00,6.345
2014-08-17 15:00:00,5.036666666666666
2014-08-17 16:00:00,2.9516666666666667
2014-08-17 17:00:00,3.1749999999999994
2014-08-17 18:00:00,1.5566666666666666
2014-08-17 19:00:00,0.895
2014-08-17 20:00:00,1.778333333333333
2014-08-17 21:00:00,2.895
2014-08-17 22:00:00,4.198333333333333
2014-08-17 23:00:00,3.4616666666666664
2014-08-18 00:00:00,3.1016666666666666
2014-08-18 01:00:00,3.216666666666667
2014-08-18 02:00:00,3.565
2014-08-18 03:00:00,3.3716666666666666
2014-08-18 04:00:00,4.7316666666666665
2014-08-18 05:00:00,5.3933333333333335
2014-08-18 06:00:00,5.331666666666667
2014-08-18 07:00:00,6.085
2014-08-18 08:00:00,5.613333333333333
2014-08-18 09:00:00,4.516666666666667
2014-08-18 10:00:00,6.691666666666666
2014-08-18 11:00:00,4.626666666666666
2014-08-18 12:00:00,4.1000000000000005
2014-08-18 13:00:00,3.388333333333333
2014-08-18 14:00:00,3.165
2014-08-18 15:00:00,4.301666666666667
2014-08-18 16:00:00,3.6466666666666665
2014-08-18 17:00:00,3.556666666666666
2014-08-18 18:00:00,4.9750000000000005
2014-08-18 19:00:00,3.776666666666667
2014-08-18 20:00:00,3.3233333333333337
2014-08-18 21:00:00,3.7066666666666666
2014-08-18 22:00:00,2.5316666666666667
2014-08-18 23:00:00,1.635
2014-08-19 00:00:00,2.303333333333333
2014-08-19 01:00:00,2.033333333333333
2014-08-19 02:00:00,1.9333333333333331
2014-08-19 03:00:00,1.22
2014-08-19 04:00:00,1.425
2014-08-19 05:00:00,1.68
2014-08-19 06:00:00,1.143333333333333
2014-08-19 07:00:00,2.0283333333333333
2014-08-19 08:00:00,4.208333333333333
2014-08-19 09:00:00,5.383333333333333
2014-08-19 10:00:00,5.579999999999999
2014-08-19 11:00:00,5.4816666666666665
2014-08-19 12:00:00,5.71
2014-08-19 13:00:00,6.1433333333333335
2014-08-19 14:00:00,5.923333333333333
2014-08-19 15:00:00,6.271666666666667
2014-08-19 16:00:00,5.278333333333333
2014-08-19 17:00:00,5.001666666666666
2014-08-19 18:00:00,2.845
2014-08-19 19:00:00,1.643333333333333
2014-08-19 20:00:00,0.8266666666666667
2014-08-19 21:00:00,0.6933333333333334
2014-08-19 22:00:00,1.06
2014-08-19 23:00:00,2.0383333333333336
2014-08-20 00:00:00,2.2583333333333333
2014-08-20 01:00:00,2.12
2014-08-20 02:00:00,1.2049999999999998
2014-08-20 03:00:00,1.0683333333333334
2014-08-20 04:00:00,0.895
2014-08-20 05:00:00,0.8816666666666667
2014-08-20 06:00:00,1.1033333333333333
2014-08-20 07:00:00,2.316666666666667
2014-08-20 08:00:00,2.49
2014-08-20 09:00:00,2.5966666666666667
2014-08-20 10:00:00,3.361666666666667
2014-08-20 11:00:00,3.8533333333333335
2014-08-20 12:00:00,2.231666666666667
2014-08-20 13:00:00,2.603333333333333
2014-08-20 14:00:00,2.178333333333333
2014-08-20 15:00:00,1.87
2014-08-20 16:00:00,1.7183333333333335
2014-08-20 17:00:00,1.9266666666666667
2014-08-20 18:00:00,1.721666666666667
2014-08-20 19:00:00,1.7833333333333332
2014-08-20 20:00:00,1.025
2014-08-20 21:00:00,0.8083333333333332
2014-08-20 22:00:00,0.9166666666666666
2014-08-20 23:00:00,0.97
2014-08-21 00:00:00,1.1466666666666667
2014-08-21 01:00:00,0.465
2014-08-21 02:00:00,0.8650000000000001
2014-08-21 03:00:00,1.1833333333333331
2014-08-21 04:00:00,1.245
2014-08-21 05:00:00,0.9533333333333333
2014-08-21 06:00:00,0.7833333333333333
2014-08-21 07:00:00,1.0233333333333332
2014-08-21 08:00:00,0.965
2014-08-21 09:00:00,1.8783333333333327
2014-08-21 10:00:00,1.6833333333333331
2014-08-21 11:00:00,1.8683333333333332
2014-08-21 12:00:00,1.7866666666666668
2014-08-21 13:00:00,1.9666666666666663
2014-08-21 14:00:00,2.015
2014-08-21 15:00:00,1.5599999999999998
2014-08-21 16:00:00,1.6566666666666665
2014-08-21 17:00:00,1.225
2014-08-21 18:00:00,1.4566666666666668
2014-08-21 19:00:00,1.545
2014-08-21 20:00:00,1.8516666666666663
2014-08-21 21:00:00,1.21
2014-08-21 22:00:00,1.07
2014-08-21 23:00:00,0.8933333333333334
2014-08-22 00:00:00,0.9883333333333332
2014-08-22 01:00:00,1.03
2014-08-22 02:00:00,0.81
2014-08-22 03:00:00,1.106666666666667
2014-08-22 04:00:00,1.163333333333333
2014-08-22 05:00:00,1.0166666666666666
2014-08-22 06:00:00,1.0033333333333332
2014-08-22 07:00:00,1.5066666666666666
2014-08-22 08:00:00,1.5116666666666667
2014-08-22 09:00:00,2.686666666666667
2014-08-22 10:00:00,4.181666666666667
2014-08-22 11:00:00,3.043333333333333
2014-08-22 12:00:00,3.525
2014-08-22 13:00:00,4.39
2014-08-22 14:00:00,2.92
2014-08-22 15:00:00,2.748333333333333
2014-08-22 16:00:00,2.6266666666666665
2014-08-22 17:00:00,3.28
2014-08-22 18:00:00,2.1633333333333336
2014-08-22 19:00:00,2.316666666666667
2014-08-22 20:00:00,3.31
2014-08-22 21:00:00,1.7133333333333332
2014-08-22 22:00:00,0.8766666666666666
2014-08-22 23:00:00,0.6216666666666667
2014-08-23 00:00:00,0.5933333333333334
2014-08-23 01:00:00,0.9216666666666664
2014-08-23 02:00:00,0.5866666666666667
2014-08-23 03:00:00,0.6833333333333332
2014-08-23 04:00:00,0.5333333333333333
2014-08-23 05:00:00,0.8316666666666667
2014-08-23 06:00:00,0.79
2014-08-23 07:00:00,0.5783333333333334
2014-08-23 08:00:00,0.7366666666666667
2014-08-23 09:00:00,1.0766666666666669
2014-08-23 10:00:00,2.075
2014-08-23 11:00:00,1.295
2014-08-23 12:00:00,1.4666666666666668
2014-08-23 13:00:00,1.6683333333333332
2014-08-23 14:00:00,1.58
2014-08-23 15:00:00,2.0866666666666664
2014-08-23 16:00:00,1.15
2014-08-23 17:00:00,0.6716666666666667
2014-08-23 18:00:00,1.0433333333333332
2014-08-23 19:00:00,1.403333333333333
2014-08-23 20:00:00,1.21
2014-08-23 21:00:00,0.7966666666666665
2014-08-23 22:00:00,1.143333333333333
2014-08-23 23:00:00,0.9816666666666666
2014-08-24 00:00:00,0.4466666666666667
2014-08-24 01:00:00,0.4416666666666666
2014-08-24 02:00:00,2.583333333333333
2014-08-24 03:00:00,3.606666666666667
2014-08-24 04:00:00,2.958333333333333
2014-08-24 05:00:00,2.2966666666666664
2014-08-24 06:00:00,1.8866666666666667
2014-08-24 07:00:00,1.455
2014-08-24 08:00:00,2.591666666666667
2014-08-24 09:00:00,2.175
2014-08-24 10:00:00,2.1583333333333337
2014-08-24 11:00:00,2.0500000000000003
2014-08-24 12:00:00,2.111666666666667
2014-08-24 13:00:00,2.2616666666666667
2014-08-24 14:00:00,2.7466666666666666
2014-08-24 15:00:00,2.4616666666666664
2014-08-24 16:00:00,2.036666666666666
2014-08-24 17:00:00,1.096666666666667
2014-08-24 18:00:00,1.1016666666666668
2014-08-24 19:00:00,1.7616666666666667
2014-08-24 20:00:00,1.981666666666667
2014-08-24 21:00:00,1.53
2014-08-24 22:00:00,1.7183333333333335
2014-08-24 23:00:00,0.665
2014-08-25 00:00:00,0.79
2014-08-25 01:00:00,0.935
2014-08-25 02:00:00,0.6183333333333333
2014-08-25 03:00:00,1.035
2014-08-25 04:00:00,1.04
2014-08-25 05:00:00,0.7466666666666667
2014-08-25 06:00:00,0.7383333333333333
2014-08-25 07:00:00,1.3983333333333334
2014-08-25 08:00:00,1.8083333333333331
2014-08-25 09:00:00,2.676666666666667
2014-08-25 10:00:00,3.0766666666666667
2014-08-25 11:00:00,3.1466666666666665
2014-08-25 12:00:00,3.5850000000000004
2014-08-25 13:00:00,4.491666666666667
2014-08-25 14:00:00,3.658333333333333
2014-08-25 15:00:00,4.43
2014-08-25 16:00:00,3.6016666666666666
2014-08-25 17:00:00,3.268333333333333
2014-08-25 18:00:00,1.9983333333333333
2014-08-25 19:00:00,1.7533333333333332
2014-08-25 20:00:00,1.655
2014-08-25 21:00:00,2.418333333333333
2014-08-25 22:00:00,1.106666666666667
2014-08-25 23:00:00,0.63
2014-08-26 00:00:00,1.1383333333333334
2014-08-26 01:00:00,0.84
2014-08-26 02:00:00,1.1616666666666666
2014-08-26 03:00:00,1.0316666666666665
2014-08-26 04:00:00,1.2483333333333333
2014-08-26 05:00:00,0.8516666666666666
2014-08-26 06:00:00,0.6716666666666667
2014-08-26 07:00:00,0.755
2014-08-26 08:00:00,0.7266666666666667
2014-08-26 09:00:00,1.8966666666666665
2014-08-26 10:00:00,1.7716666666666665
2014-08-26 11:00:00,1.755
2014-08-26 12:00:00,1.8783333333333327
2014-08-26 13:00:00,1.2283333333333333
2014-08-26 14:00:00,0.9516666666666668
2014-08-26 15:00:00,1.2366666666666666
2014-08-26 16:00:00,2.655
2014-08-26 17:00:00,1.5433333333333332
2014-08-26 18:00:00,0.5
2014-08-26 19:00:00,1.04
2014-08-26 20:00:00,0.8616666666666667
2014-08-26 21:00:00,0.7999999999999999
2014-08-26 22:00:00,0.8283333333333333
2014-08-26 23:00:00,1.1966666666666663
2014-08-27 00:00:00,1.288333333333333
2014-08-27 01:00:00,0.8683333333333333
2014-08-27 02:00:00,1.1966666666666663
2014-08-27 03:00:00,0.9083333333333332
2014-08-27 04:00:00,0.73
2014-08-27 05:00:00,0.8033333333333333
2014-08-27 06:00:00,0.5483333333333333
2014-08-27 07:00:00,0.9966666666666668
2014-08-27 08:00:00,1.83
2014-08-27 09:00:00,2.026666666666667
2014-08-27 10:00:00,2.2516666666666665
2014-08-27 11:00:00,1.586666666666667
2014-08-27 12:00:00,1.5599999999999998
2014-08-27 13:00:00,1.711666666666667
2014-08-27 14:00:00,1.4533333333333334
2014-08-27 15:00:00,1.245
2014-08-27 16:00:00,1.1516666666666666
2014-08-27 17:00:00,0.89
2014-08-27 18:00:00,0.9516666666666668
2014-08-27 19:00:00,0.6566666666666666
2014-08-27 20:00:00,0.8150000000000001
2014-08-27 21:00:00,1.195
2014-08-27 22:00:00,1.096666666666667
2014-08-27 23:00:00,0.9133333333333334
2014-08-28 00:00:00,0.6266666666666666
2014-08-28 01:00:00,0.7999999999999999
2014-08-28 02:00:00,0.8016666666666667
2014-08-28 03:00:00,0.6283333333333333
2014-08-28 04:00:00,0.7883333333333334
2014-08-28 05:00:00,0.8566666666666668
2014-08-28 06:00:00,0.67
2014-08-28 07:00:00,1.165
2014-08-28 08:00:00,1.445
2014-08-28 09:00:00,1.3333333333333333
2014-08-28 10:00:00,2.5216666666666665
2014-08-28 11:00:00,2.625
2014-08-28 12:00:00,2.5500000000000003
2014-08-28 13:00:00,2.135
2014-08-28 14:00:00,2.2183333333333333
2014-08-28 15:00:00,2.3383333333333334
2014-08-28 16:00:00,2.02
2014-08-28 17:00:00,1.58
2014-08-28 18:00:00,0.8916666666666666
2014-08-28 19:00:00,1.3033333333333337
2014-08-28 20:00:00,0.7283333333333334
2014-08-28 21:00:00,1.135
2014-08-28 22:00:00,0.9683333333333332
2014-08-28 23:00:00,0.535
2014-08-29 00:00:00,0.9716666666666668
2014-08-29 01:00:00,0.7833333333333333
2014-08-29 02:00:00,0.9683333333333332
2014-08-29 03:00:00,1.3183333333333334
2014-08-29 04:00:00,1.0066666666666666
2014-08-29 05:00:00,1.1933333333333334
2014-08-29 06:00:00,1.4283333333333337
2014-08-29 07:00:00,1.2766666666666666
2014-08-29 08:00:00,1.1833333333333331
2014-08-29 09:00:00,0.9133333333333334
2014-08-29 10:00:00,1.6450000000000002
2014-08-29 11:00:00,1.6849999999999998
2014-08-29 12:00:00,0.7583333333333333
2014-08-29 13:00:00,1.2266666666666668
2014-08-29 14:00:00,1.7183333333333335
2014-08-29 15:00:00,1.27
2014-08-29 16:00:00,0.8966666666666666
2014-08-29 17:00:00,0.5933333333333334
2014-08-29 18:00:00,0.9983333333333334
2014-08-29 19:00:00,1.515
2014-08-29 20:00:00,1.5433333333333332
2014-08-29 21:00:00,0.8633333333333333
2014-08-29 22:00:00,0.3383333333333334
2014-08-29 23:00:00,0.685
2014-08-30 00:00:00,0.4816666666666667
2014-08-30 01:00:00,0.5266666666666667
2014-08-30 02:00:00,1.115
2014-08-30 03:00:00,0.87
2014-08-30 04:00:00,0.66
2014-08-30 05:00:00,0.8083333333333332
2014-08-30 06:00:00,0.5650000000000001
2014-08-30 07:00:00,0.9283333333333332
2014-08-30 08:00:00,1.5116666666666667
2014-08-30 09:00:00,1.59
2014-08-30 10:00:00,2.8800000000000003
2014-08-30 11:00:00,2.92
2014-08-30 12:00:00,3.04
2014-08-30 13:00:00,3.1966666666666668
2014-08-30 14:00:00,2.276666666666667
2014-08-30 15:00:00,3.0716666666666668
2014-08-30 16:00:00,1.51
2014-08-30 17:00:00,1.9333333333333331
2014-08-30 18:00:00,1.0583333333333331
2014-08-30 19:00:00,1.7916666666666667
2014-08-30 20:00:00,2.57
2014-08-30 21:00:00,1.7233333333333334
2014-08-30 22:00:00,1.538333333333333
2014-08-30 23:00:00,1.0816666666666668
2014-08-31 00:00:00,0.745
2014-08-31 01:00:00,0.8566666666666668
2014-08-31 02:00:00,0.835
2014-08-31 03:00:00,1.4516666666666669
2014-08-31 04:00:00,0.8616666666666667
2014-08-31 05:00:00,1.2816666666666667
2014-08-31 06:00:00,1.3033333333333337
2014-08-31 07:00:00,0.8416666666666667
2014-08-31 08:00:00,0.8166666666666668
2014-08-31 09:00:00,1.0466666666666666
2014-08-31 10:00:00,0.8116666666666666
2014-08-31 11:00:00,1.0
2014-08-31 12:00:00,1.3949999999999998
2014-08-31 13:00:00,2.3366666666666664
2014-08-31 14:00:00,1.735
2014-08-31 15:00:00,1.4633333333333332
2014-08-31 16:00:00,0.7933333333333333
2014-08-31 17:00:00,0.9250000000000002
2014-08-31 18:00:00,2.245
2014-08-31 19:00:00,2.703333333333333
2014-08-31 20:00:00,2.768333333333333
2014-08-31 21:00:00,3.233333333333333
2014-08-31 22:00:00,2.918333333333333
2014-08-31 23:00:00,3.245
2014-09-01 00:00:00,3.016666666666667
2014-09-01 01:00:00,1.1116666666666666
2014-09-01 02:00:00,2.0083333333333333
2014-09-01 03:00:00,3.486666666666667
2014-09-01 04:00:00,3.1366666666666667
2014-09-01 05:00:00,0.91
2014-09-01 06:00:00,1.095
2014-09-01 07:00:00,1.6449999999999998
2014-09-01 08:00:00,1.7533333333333332
2014-09-01 09:00:00,1.7816666666666665
2014-09-01 10:00:00,1.356666666666667
2014-09-01 11:00:00,1.5033333333333332
2014-09-01 12:00:00,1.085
2014-09-01 13:00:00,1.731666666666667
2014-09-01 14:00:00,2.0283333333333333
2014-09-01 15:00:00,1.7666666666666666
2014-09-01 16:00:00,1.26
2014-09-01 17:00:00,1.905
2014-09-01 18:00:00,2.0116666666666667
2014-09-01 19:00:00,2.165
2014-09-01 20:00:00,2.2783333333333333
2014-09-01 21:00:00,2.76
2014-09-01 22:00:00,3.3083333333333336
2014-09-01 23:00:00,3.3083333333333336
2014-09-02 00:00:00,2.575
2014-09-02 01:00:00,1.2733333333333332
2014-09-02 02:00:00,1.721666666666667
2014-09-02 03:00:00,2.328333333333333
2014-09-02 04:00:00,2.311666666666667
2014-09-02 05:00:00,2.225
2014-09-02 06:00:00,1.9183333333333328
2014-09-02 07:00:00,1.545
2014-09-02 08:00:00,1.795
2014-09-02 09:00:00,1.1316666666666666
2014-09-02 10:00:00,0.9366666666666666
2014-09-02 11:00:00,1.3083333333333331
2014-09-02 12:00:00,1.596666666666667
2014-09-02 13:00:00,2.5416666666666665
2014-09-02 14:00:00,3.6233333333333335
2014-09-02 15:00:00,4.151666666666666
2014-09-02 16:00:00,4.44
2014-09-02 17:00:00,3.94
2014-09-02 18:00:00,4.126666666666666
2014-09-02 19:00:00,2.9599999999999995
2014-09-02 20:00:00,2.325
2014-09-02 21:00:00,1.8866666666666667
2014-09-02 22:00:00,1.345
2014-09-02 23:00:00,0.8383333333333333
2014-09-03 00:00:00,0.8566666666666668
2014-09-03 01:00:00,1.0016666666666667
2014-09-03 02:00:00,1.1483333333333332
2014-09-03 03:00:00,1.8533333333333333
2014-09-03 04:00:00,2.63
2014-09-03 05:00:00,2.7983333333333333
2014-09-03 06:00:00,3.4333333333333336
2014-09-03 07:00:00,3.31
2014-09-03 08:00:00,3.556666666666666
2014-09-03 09:00:00,3.575
2014-09-03 10:00:00,2.98
2014-09-03 11:00:00,3.0283333333333338
2014-09-03 12:00:00,3.745
2014-09-03 13:00:00,3.65
2014-09-03 14:00:00,3.8216666666666663
2014-09-03 15:00:00,3.4066666666666667
2014-09-03 16:00:00,3.49
2014-09-03 17:00:00,2.9616666666666664
2014-09-03 18:00:00,1.93
2014-09-03 19:00:00,2.2333333333333334
2014-09-03 20:00:00,2.56
2014-09-03 21:00:00,2.066666666666667
2014-09-03 22:00:00,1.8333333333333333
2014-09-03 23:00:00,2.123333333333333
2014-09-04 00:00:00,2.536666666666666
2014-09-04 01:00:00,2.3866666666666667
2014-09-04 02:00:00,2.47
2014-09-04 03:00:00,2.0033333333333334
2014-09-04 04:00:00,1.4316666666666666
2014-09-04 05:00:00,1.41
2014-09-04 06:00:00,2.0916666666666663
2014-09-04 07:00:00,2.0883333333333334
2014-09-04 08:00:00,1.961666666666667
2014-09-04 09:00:00,2.2816666666666667
2014-09-04 10:00:00,2.178333333333333
2014-09-04 11:00:00,3.225
2014-09-04 12:00:00,3.0
2014-09-04 13:00:00,2.353333333333333
2014-09-04 14:00:00,2.0816666666666666
2014-09-04 15:00:00,2.4766666666666666
2014-09-04 16:00:00,2.99
2014-09-04 17:00:00,1.2566666666666666
2014-09-04 18:00:00,1.23
2014-09-04 19:00:00,0.705
2014-09-04 20:00:00,0.3583333333333333
2014-09-04 21:00:00,0.33
2014-09-04 22:00:00,0.75
2014-09-04 23:00:00,0.345
2014-09-05 00:00:00,0.5666666666666667
2014-09-05 01:00:00,0.505
2014-09-05 02:00:00,0.4383333333333333
2014-09-05 03:00:00,0.6416666666666667
2014-09-05 04:00:00,0.7949999999999999
2014-09-05 05:00:00,1.0066666666666666
2014-09-05 06:00:00,1.085
2014-09-05 07:00:00,1.1866666666666668
2014-09-05 08:00:00,0.7366666666666667
2014-09-05 09:00:00,0.7533333333333333
2014-09-05 10:00:00,0.6866666666666666
2014-09-05 11:00:00,0.82
2014-09-05 12:00:00,1.655
2014-09-05 13:00:00,2.091666666666667
2014-09-05 14:00:00,2.0816666666666666
2014-09-05 15:00:00,3.276666666666667
2014-09-05 16:00:00,4.013333333333333
2014-09-05 17:00:00,3.0083333333333333
2014-09-05 18:00:00,2.188333333333333
2014-09-05 19:00:00,1.0483333333333331
2014-09-05 20:00:00,0.6116666666666667
2014-09-05 21:00:00,0.7783333333333333
2014-09-05 22:00:00,1.0599999999999998
2014-09-05 23:00:00,0.9466666666666668
2014-09-06 00:00:00,0.5316666666666666
2014-09-06 01:00:00,0.9866666666666668
2014-09-06 02:00:00,0.7233333333333333
2014-09-06 03:00:00,0.6016666666666667
2014-09-06 04:00:00,0.6716666666666667
2014-09-06 05:00:00,1.0533333333333337
2014-09-06 06:00:00,1.038333333333333
2014-09-06 07:00:00,1.1466666666666667
2014-09-06 08:00:00,0.775
2014-09-06 09:00:00,0.8799999999999999
2014-09-06 10:00:00,1.3066666666666666
2014-09-06 11:00:00,2.04
2014-09-06 12:00:00,2.48
2014-09-06 13:00:00,2.926666666666667
2014-09-06 14:00:00,3.453333333333333
2014-09-06 15:00:00,2.803333333333333
2014-09-06 16:00:00,2.9066666666666667
2014-09-06 17:00:00,1.6849999999999998
2014-09-06 18:00:00,1.39
2014-09-06 19:00:00,1.5650000000000002
2014-09-06 20:00:00,1.0833333333333333
2014-09-06 21:00:00,0.7083333333333334
2014-09-06 22:00:00,0.8983333333333334
2014-09-06 23:00:00,0.7966666666666667
2014-09-07 00:00:00,0.9166666666666666
2014-09-07 01:00:00,0.4483333333333333
2014-09-07 02:00:00,1.07
2014-09-07 03:00:00,1.095
2014-09-07 04:00:00,0.9016666666666668
2014-09-07 05:00:00,1.518333333333333
2014-09-07 06:00:00,1.4516666666666669
2014-09-07 07:00:00,1.1283333333333334
2014-09-07 08:00:00,0.9583333333333334
2014-09-07 09:00:00,1.0316666666666665
2014-09-07 10:00:00,0.89
2014-09-07 11:00:00,2.23
2014-09-07 12:00:00,2.208333333333333
2014-09-07 13:00:00,0.9683333333333332
2014-09-07 14:00:00,2.46
2014-09-07 15:00:00,1.4666666666666668
2014-09-07 16:00:00,0.8516666666666667
2014-09-07 17:00:00,0.65
2014-09-07 18:00:00,0.7233333333333333
2014-09-07 19:00:00,1.02
2014-09-07 20:00:00,0.505
2014-09-07 21:00:00,1.045
2014-09-07 22:00:00,1.2283333333333333
2014-09-07 23:00:00,1.025
2014-09-08 00:00:00,0.66
2014-09-08 01:00:00,0.5516666666666666
2014-09-08 02:00:00,0.5133333333333333
2014-09-08 03:00:00,0.7949999999999999
2014-09-08 04:00:00,1.01
2014-09-08 05:00:00,1.3066666666666666
2014-09-08 06:00:00,1.2416666666666665
2014-09-08 07:00:00,1.205
2014-09-08 08:00:00,1.3716666666666668
2014-09-08 09:00:00,0.9916666666666668
2014-09-08 10:00:00,0.8450000000000001
2014-09-08 11:00:00,1.5583333333333331
2014-09-08 12:00:00,2.1733333333333333
2014-09-08 13:00:00,1.9
2014-09-08 14:00:00,1.32
2014-09-08 15:00:00,1.625
2014-09-08 16:00:00,1.85
2014-09-08 17:00:00,0.8483333333333333
2014-09-08 18:00:00,0.8816666666666667
2014-09-08 19:00:00,0.7883333333333334
2014-09-08 20:00:00,0.4966666666666666
2014-09-08 21:00:00,0.5433333333333333
2014-09-08 22:00:00,1.0916666666666666
2014-09-08 23:00:00,1.4316666666666666
2014-09-09 00:00:00,0.7033333333333333
2014-09-09 01:00:00,0.9166666666666666
2014-09-09 02:00:00,0.8649999999999999
2014-09-09 03:00:00,0.8116666666666666
2014-09-09 04:00:00,0.735
2014-09-09 05:00:00,0.61
2014-09-09 06:00:00,0.61
2014-09-09 07:00:00,0.605
2014-09-09 08:00:00,0.7050000000000001
2014-09-09 09:00:00,1.225
2014-09-09 10:00:00,1.55
2014-09-09 11:00:00,1.2716666666666667
2014-09-09 12:00:00,2.035
2014-09-09 13:00:00,1.6616666666666668
2014-09-09 14:00:00,1.8416666666666668
2014-09-09 15:00:00,1.5883333333333332
2014-09-09 16:00:00,0.8933333333333334
2014-09-09 17:00:00,1.3033333333333337
2014-09-09 18:00:00,1.785
2014-09-09 19:00:00,1.6483333333333334
2014-09-09 20:00:00,1.255
2014-09-09 21:00:00,1.995
2014-09-09 22:00:00,1.095
2014-09-09 23:00:00,0.3366666666666666
2014-09-10 00:00:00,0.4466666666666666
2014-09-10 01:00:00,0.3983333333333334
2014-09-10 02:00:00,0.455
2014-09-10 03:00:00,0.705
2014-09-10 04:00:00,0.6766666666666666
2014-09-10 05:00:00,0.5233333333333333
2014-09-10 06:00:00,0.4583333333333333
2014-09-10 07:00:00,0.3666666666666667
2014-09-10 08:00:00,1.0066666666666666
2014-09-10 09:00:00,2.145
2014-09-10 10:00:00,1.9566666666666668
2014-09-10 11:00:00,2.31
2014-09-10 12:00:00,1.653333333333333
2014-09-10 13:00:00,1.8066666666666664
2014-09-10 14:00:00,1.4366666666666663
2014-09-10 15:00:00,1.6683333333333332
2014-09-10 16:00:00,1.018333333333333
2014-09-10 17:00:00,0.8333333333333334
2014-09-10 18:00:00,0.8266666666666667
2014-09-10 19:00:00,1.4283333333333337
2014-09-10 20:00:00,1.5316666666666665
2014-09-10 21:00:00,1.1333333333333333
2014-09-10 22:00:00,1.1283333333333332
2014-09-10 23:00:00,0.7783333333333333
2014-09-11 00:00:00,0.4233333333333333
2014-09-11 01:00:00,0.7733333333333333
2014-09-11 02:00:00,0.5283333333333333
2014-09-11 03:00:00,0.4066666666666667
2014-09-11 04:00:00,0.5283333333333333
2014-09-11 05:00:00,0.4616666666666666
2014-09-11 06:00:00,0.4216666666666667
2014-09-11 07:00:00,0.835
2014-09-11 08:00:00,1.9183333333333328
2014-09-11 09:00:00,1.765
2014-09-11 10:00:00,2.521666666666667
2014-09-11 11:00:00,3.315
2014-09-11 12:00:00,3.671666666666667
2014-09-11 13:00:00,4.2700000000000005
2014-09-11 14:00:00,5.105
2014-09-11 15:00:00,4.496666666666667
2014-09-11 16:00:00,3.671666666666667
2014-09-11 17:00:00,4.226666666666667
2014-09-11 18:00:00,3.428333333333333
2014-09-11 19:00:00,3.165
2014-09-11 20:00:00,2.9966666666666666
2014-09-11 21:00:00,2.8633333333333333
2014-09-11 22:00:00,2.995
2014-09-11 23:00:00,3.358333333333333
2014-09-12 00:00:00,3.055
2014-09-12 01:00:00,1.538333333333333
2014-09-12 02:00:00,1.6133333333333333
2014-09-12 03:00:00,1.805
2014-09-12 04:00:00,2.09
2014-09-12 05:00:00,3.063333333333333
2014-09-12 06:00:00,4.28
2014-09-12 07:00:00,4.87
2014-09-12 08:00:00,5.245
2014-09-12 09:00:00,5.046666666666667
2014-09-12 10:00:00,6.010000000000001
2014-09-12 11:00:00,6.521666666666667
2014-09-12 12:00:00,6.788333333333334
2014-09-12 13:00:00,6.484999999999999
2014-09-12 14:00:00,6.06
2014-09-12 15:00:00,4.956666666666666
2014-09-12 16:00:00,4.303333333333334
2014-09-12 17:00:00,4.088333333333334
2014-09-12 18:00:00,3.8166666666666655
2014-09-12 19:00:00,3.768333333333333
2014-09-12 20:00:00,4.253333333333333
2014-09-12 21:00:00,3.95
2014-09-12 22:00:00,4.083333333333333
2014-09-12 23:00:00,3.5866666666666664
2014-09-13 00:00:00,3.885
2014-09-13 01:00:00,2.89
2014-09-13 02:00:00,2.466666666666667
2014-09-13 03:00:00,1.6883333333333332
2014-09-13 04:00:00,1.3116666666666668
2014-09-13 05:00:00,1.653333333333333
2014-09-13 06:00:00,1.6866666666666668
2014-09-13 07:00:00,2.41
2014-09-13 08:00:00,0.9716666666666668
2014-09-13 09:00:00,0.9916666666666668
2014-09-13 10:00:00,1.265
2014-09-13 11:00:00,1.0533333333333337
2014-09-13 12:00:00,1.07
2014-09-13 13:00:00,0.87
2014-09-13 14:00:00,0.8916666666666666
2014-09-13 15:00:00,0.9433333333333334
2014-09-13 16:00:00,0.95
2014-09-13 17:00:00,1.065
2014-09-13 18:00:00,1.1483333333333332
2014-09-13 19:00:00,1.275
2014-09-13 20:00:00,1.2083333333333333
2014-09-13 21:00:00,0.9183333333333332
2014-09-13 22:00:00,0.6116666666666667
2014-09-13 23:00:00,1.1116666666666666
2014-09-14 00:00:00,0.9516666666666668
2014-09-14 01:00:00,2.245
2014-09-14 02:00:00,2.275
2014-09-14 03:00:00,2.333333333333333
2014-09-14 04:00:00,3.273333333333333
2014-09-14 05:00:00,2.775
2014-09-14 06:00:00,1.94
2014-09-14 07:00:00,2.4483333333333333
2014-09-14 08:00:00,1.8166666666666669
2014-09-14 09:00:00,1.98
2014-09-14 10:00:00,1.6383333333333334
2014-09-14 11:00:00,3.11
2014-09-14 12:00:00,2.97
2014-09-14 13:00:00,2.308333333333333
2014-09-14 14:00:00,2.48
2014-09-14 15:00:00,3.0116666666666667
2014-09-14 16:00:00,1.5616666666666668
2014-09-14 17:00:00,2.2783333333333333
2014-09-14 18:00:00,1.711666666666667
2014-09-14 19:00:00,1.3950000000000002
2014-09-14 20:00:00,1.3083333333333331
2014-09-14 21:00:00,1.8
2014-09-14 22:00:00,1.705
2014-09-14 23:00:00,1.9316666666666664
2014-09-15 00:00:00,1.778333333333333
2014-09-15 01:00:00,1.945
2014-09-15 02:00:00,1.768333333333333
2014-09-15 03:00:00,2.13
2014-09-15 04:00:00,1.4433333333333334
2014-09-15 05:00:00,1.8733333333333333
2014-09-15 06:00:00,1.768333333333333
2014-09-15 07:00:00,1.965
2014-09-15 08:00:00,2.858333333333333
2014-09-15 09:00:00,2.4133333333333336
2014-09-15 10:00:00,2.341666666666667
2014-09-15 11:00:00,1.4966666666666668
2014-09-15 12:00:00,2.2550000000000003
2014-09-15 13:00:00,2.361666666666667
2014-09-15 14:00:00,3.0033333333333334
2014-09-15 15:00:00,2.7383333333333333
2014-09-15 16:00:00,3.043333333333333
2014-09-15 17:00:00,3.785
2014-09-15 18:00:00,2.013333333333333
2014-09-15 19:00:00,1.3949999999999998
2014-09-15 20:00:00,1.55
2014-09-15 21:00:00,1.34
2014-09-15 22:00:00,0.385
2014-09-15 23:00:00,0.3666666666666667
2014-09-16 00:00:00,0.6483333333333333
2014-09-16 01:00:00,0.62
2014-09-16 02:00:00,0.36
2014-09-16 03:00:00,0.3
2014-09-16 04:00:00,0.3666666666666667
2014-09-16 05:00:00,0.895
2014-09-16 06:00:00,0.8266666666666667
2014-09-16 07:00:00,0.6383333333333333
2014-09-16 08:00:00,0.6
2014-09-16 09:00:00,0.9566666666666668
2014-09-16 10:00:00,1.1083333333333334
2014-09-16 11:00:00,1.3283333333333334
2014-09-16 12:00:00,3.4033333333333338
2014-09-16 13:00:00,4.111666666666667
2014-09-16 14:00:00,3.141666666666667
2014-09-16 15:00:00,3.828333333333333
2014-09-16 16:00:00,2.853333333333333
2014-09-16 17:00:00,3.61
2014-09-16 18:00:00,3.455
2014-09-16 19:00:00,1.5666666666666669
2014-09-16 20:00:00,1.1833333333333331
2014-09-16 21:00:00,0.8483333333333333
2014-09-16 22:00:00,0.4683333333333333
2014-09-16 23:00:00,0.4583333333333333
2014-09-17 00:00:00,0.3133333333333333
2014-09-17 01:00:00,0.2983333333333333
2014-09-17 02:00:00,0.8733333333333334
2014-09-17 03:00:00,0.6233333333333333
2014-09-17 04:00:00,0.3899999999999999
2014-09-17 05:00:00,0.5416666666666666
2014-09-17 06:00:00,0.97
2014-09-17 07:00:00,0.505
2014-09-17 08:00:00,1.055
2014-09-17 09:00:00,1.765
2014-09-17 10:00:00,2.22
2014-09-17 11:00:00,2.773333333333333
2014-09-17 12:00:00,3.2116666666666664
2014-09-17 13:00:00,2.9766666666666666
2014-09-17 14:00:00,2.526666666666667
2014-09-17 15:00:00,2.115
2014-09-17 16:00:00,2.2583333333333333
2014-09-17 17:00:00,2.0616666666666665
2014-09-17 18:00:00,0.8983333333333333
2014-09-17 19:00:00,0.6116666666666667
2014-09-17 20:00:00,0.5599999999999999
2014-09-17 21:00:00,0.9466666666666668
2014-09-17 22:00:00,0.5066666666666667
2014-09-17 23:00:00,0.4433333333333333
2014-09-18 00:00:00,0.385
2014-09-18 01:00:00,1.4166666666666667
2014-09-18 02:00:00,0.6766666666666667
2014-09-18 03:00:00,0.3983333333333334
2014-09-18 04:00:00,0.475
2014-09-18 05:00:00,0.5983333333333334
2014-09-18 06:00:00,0.8450000000000001
2014-09-18 07:00:00,0.8333333333333334
2014-09-18 08:00:00,1.245
2014-09-18 09:00:00,1.005
2014-09-18 10:00:00,1.8283333333333327
2014-09-18 11:00:00,1.9166666666666667
2014-09-18 12:00:00,1.6366666666666667
2014-09-18 13:00:00,0.8433333333333333
2014-09-18 14:00:00,0.79
2014-09-18 15:00:00,1.3266666666666669
2014-09-18 16:00:00,1.075
2014-09-18 17:00:00,0.7399999999999999
2014-09-18 18:00:00,1.0566666666666666
2014-09-18 19:00:00,0.69
2014-09-18 20:00:00,0.7133333333333334
2014-09-18 21:00:00,1.2266666666666668
2014-09-18 22:00:00,1.945
2014-09-18 23:00:00,1.1833333333333331
2014-09-19 00:00:00,1.2133333333333332
2014-09-19 01:00:00,1.0233333333333334
2014-09-19 02:00:00,1.2816666666666667
2014-09-19 03:00:00,1.2766666666666666
2014-09-19 04:00:00,1.1116666666666666
2014-09-19 05:00:00,1.163333333333333
2014-09-19 06:00:00,1.005
2014-09-19 07:00:00,0.7516666666666666
2014-09-19 08:00:00,1.2816666666666665
2014-09-19 09:00:00,1.8583333333333332
2014-09-19 10:00:00,2.66
2014-09-19 11:00:00,3.1366666666666667
2014-09-19 12:00:00,2.9566666666666666
2014-09-19 13:00:00,3.1
2014-09-19 14:00:00,1.6933333333333334
2014-09-19 15:00:00,3.023333333333333
2014-09-19 16:00:00,2.181666666666666
2014-09-19 17:00:00,1.1833333333333331
2014-09-19 18:00:00,0.7766666666666667
2014-09-19 19:00:00,0.6583333333333333
2014-09-19 20:00:00,1.275
2014-09-19 21:00:00,1.653333333333333
2014-09-19 22:00:00,0.6766666666666667
2014-09-19 23:00:00,1.0166666666666666
2014-09-20 00:00:00,0.69
2014-09-20 01:00:00,0.7416666666666667
2014-09-20 02:00:00,0.4566666666666666
2014-09-20 03:00:00,0.9366666666666666
2014-09-20 04:00:00,0.6933333333333334
2014-09-20 05:00:00,1.0166666666666666
2014-09-20 06:00:00,0.7583333333333333
2014-09-20 07:00:00,0.6983333333333333
2014-09-20 08:00:00,0.6283333333333333
2014-09-20 09:00:00,0.97
2014-09-20 10:00:00,0.9
2014-09-20 11:00:00,0.9733333333333332
2014-09-20 12:00:00,0.92
2014-09-20 13:00:00,1.23
2014-09-20 14:00:00,2.3783333333333334
2014-09-20 15:00:00,1.3983333333333334
2014-09-20 16:00:00,1.8633333333333333
2014-09-20 17:00:00,2.2966666666666664
2014-09-20 18:00:00,1.59
2014-09-20 19:00:00,0.8633333333333333
2014-09-20 20:00:00,0.8083333333333332
2014-09-20 21:00:00,1.09
2014-09-20 22:00:00,1.2266666666666666
2014-09-20 23:00:00,1.0716666666666663
2014-09-21 00:00:00,0.815
2014-09-21 01:00:00,0.785
2014-09-21 02:00:00,0.8083333333333332
2014-09-21 03:00:00,0.8250000000000001
2014-09-21 04:00:00,0.7283333333333334
2014-09-21 05:00:00,0.8766666666666666
2014-09-21 06:00:00,0.765
2014-09-21 07:00:00,0.65
2014-09-21 08:00:00,0.85
2014-09-21 09:00:00,2.02
2014-09-21 10:00:00,2.0683333333333334
2014-09-21 11:00:00,1.3550000000000002
2014-09-21 12:00:00,1.1983333333333337
2014-09-21 13:00:00,1.4783333333333335
2014-09-21 14:00:00,1.4583333333333333
2014-09-21 15:00:00,1.7566666666666666
2014-09-21 16:00:00,1.4466666666666663
2014-09-21 17:00:00,1.3549999999999998
2014-09-21 18:00:00,2.295
2014-09-21 19:00:00,2.655
2014-09-21 20:00:00,2.5966666666666667
2014-09-21 21:00:00,2.973333333333333
2014-09-21 22:00:00,3.2583333333333333
2014-09-21 23:00:00,2.985
2014-09-22 00:00:00,2.9150000000000005
2014-09-22 01:00:00,3.233333333333333
2014-09-22 02:00:00,2.4766666666666666
2014-09-22 03:00:00,2.6266666666666665
2014-09-22 04:00:00,2.29
2014-09-22 05:00:00,2.535
2014-09-22 06:00:00,2.293333333333333
2014-09-22 07:00:00,2.245
2014-09-22 08:00:00,2.15
2014-09-22 09:00:00,2.4266666666666667
2014-09-22 10:00:00,2.7099999999999995
2014-09-22 11:00:00,2.97
2014-09-22 12:00:00,2.6733333333333333
2014-09-22 13:00:00,1.846666666666667
2014-09-22 14:00:00,2.3966666666666665
2014-09-22 15:00:00,2.2266666666666666
2014-09-22 16:00:00,2.263333333333333
2014-09-22 17:00:00,2.2033333333333336
2014-09-22 18:00:00,1.9983333333333333
2014-09-22 19:00:00,1.7983333333333331
2014-09-22 20:00:00,2.13
2014-09-22 21:00:00,2.728333333333333
2014-09-22 22:00:00,2.6466666666666665
2014-09-22 23:00:00,2.75
2014-09-23 00:00:00,2.561666666666667
2014-09-23 01:00:00,2.401666666666667
2014-09-23 02:00:00,2.3866666666666667
2014-09-23 03:00:00,2.8166666666666664
2014-09-23 04:00:00,2.688333333333333
2014-09-23 05:00:00,2.0083333333333333
2014-09-23 06:00:00,2.3516666666666666
2014-09-23 07:00:00,1.211666666666667
2014-09-23 08:00:00,1.6233333333333333
2014-09-23 09:00:00,1.8683333333333327
2014-09-23 10:00:00,1.8583333333333332
2014-09-23 11:00:00,1.8733333333333333
2014-09-23 12:00:00,1.9383333333333328
2014-09-23 13:00:00,1.4966666666666668
2014-09-23 14:00:00,2.22
2014-09-23 15:00:00,1.2733333333333334
2014-09-23 16:00:00,1.5533333333333337
2014-09-23 17:00:00,1.7966666666666669
2014-09-23 18:00:00,1.8966666666666665
2014-09-23 19:00:00,1.0133333333333334
2014-09-23 20:00:00,0.6566666666666666
2014-09-23 21:00:00,0.8783333333333333
2014-09-23 22:00:00,0.9383333333333334
2014-09-23 23:00:00,1.0116666666666667
2014-09-24 00:00:00,1.336666666666667
2014-09-24 01:00:00,1.288333333333333
2014-09-24 02:00:00,1.028333333333333
2014-09-24 03:00:00,1.02
2014-09-24 04:00:00,1.29
2014-09-24 05:00:00,1.4233333333333331
2014-09-24 06:00:00,1.278333333333333
2014-09-24 07:00:00,0.9283333333333332
2014-09-24 08:00:00,0.9266666666666667
2014-09-24 09:00:00,1.415
2014-09-24 10:00:00,1.9016666666666664
2014-09-24 11:00:00,2.7816666666666663
2014-09-24 12:00:00,2.595
2014-09-24 13:00:00,1.8616666666666664
2014-09-24 14:00:00,2.361666666666667
2014-09-24 15:00:00,3.0050000000000003
2014-09-24 16:00:00,2.3766666666666665
2014-09-24 17:00:00,1.52
2014-09-24 18:00:00,1.5876041666666667
2014-09-24 19:00:00,1.6552083333333334
2014-09-24 20:00:00,1.7228125
2014-09-24 21:00:00,1.7904166666666668
2014-09-24 22:00:00,1.8580208333333328
2014-09-24 23:00:00,1.925625
2014-09-25 00:00:00,1.9932291666666664
2014-09-25 01:00:00,2.060833333333333
2014-09-25 02:00:00,2.1284375
2014-09-25 03:00:00,2.196041666666667
2014-09-25 04:00:00,2.2636458333333334
2014-09-25 05:00:00,2.33125
2014-09-25 06:00:00,2.3988541666666667
2014-09-25 07:00:00,2.466458333333333
2014-09-25 08:00:00,2.5340625
2014-09-25 09:00:00,2.6016666666666666
2014-09-25 10:00:00,2.665
2014-09-25 11:00:00,2.2966666666666664
2014-09-25 12:00:00,2.585
2014-09-25 13:00:00,2.123333333333333
2014-09-25 14:00:00,1.903333333333333
2014-09-25 15:00:00,2.263333333333333
2014-09-25 16:00:00,1.51
2014-09-25 17:00:00,1.8216666666666663
2014-09-25 18:00:00,1.57
2014-09-25 19:00:00,1.7699999999999998
2014-09-25 20:00:00,1.5633333333333337
2014-09-25 21:00:00,0.9483333333333334
2014-09-25 22:00:00,1.0366666666666666
2014-09-25 23:00:00,1.2833333333333334
2014-09-26 00:00:00,1.41
2014-09-26 01:00:00,1.4916666666666665
2014-09-26 02:00:00,0.8716666666666667
2014-09-26 03:00:00,1.1383333333333334
2014-09-26 04:00:00,1.393333333333333
2014-09-26 05:00:00,0.95
2014-09-26 06:00:00,0.5616666666666666
2014-09-26 07:00:00,0.5566666666666666
2014-09-26 08:00:00,1.0233333333333332
2014-09-26 09:00:00,1.0566666666666666
2014-09-26 10:00:00,1.09
2014-09-26 11:00:00,0.7533333333333333
2014-09-26 12:00:00,1.07
2014-09-26 13:00:00,1.535
2014-09-26 14:00:00,1.6716666666666666
2014-09-26 15:00:00,1.4166666666666667
2014-09-26 16:00:00,1.39
2014-09-26 17:00:00,0.61
2014-09-26 18:00:00,0.9583333333333334
2014-09-26 19:00:00,2.398333333333333
2014-09-26 20:00:00,1.6716666666666666
2014-09-26 21:00:00,2.056666666666666
2014-09-26 22:00:00,2.5033333333333334
2014-09-26 23:00:00,2.966666666666667
2014-09-27 00:00:00,1.575
2014-09-27 01:00:00,1.393333333333333
2014-09-27 02:00:00,1.7616666666666667
2014-09-27 03:00:00,2.2783333333333333
2014-09-27 04:00:00,2.6083333333333334
2014-09-27 05:00:00,2.36
2014-09-27 06:00:00,2.306666666666666
2014-09-27 07:00:00,0.7733333333333333
2014-09-27 08:00:00,0.6683333333333333
2014-09-27 09:00:00,0.8533333333333334
2014-09-27 10:00:00,1.12
2014-09-27 11:00:00,1.9383333333333328
2014-09-27 12:00:00,1.845
2014-09-27 13:00:00,1.15
2014-09-27 14:00:00,2.58
2014-09-27 15:00:00,1.595
2014-09-27 16:00:00,1.285
2014-09-27 17:00:00,1.0599999999999998
2014-09-27 18:00:00,0.7366666666666667
2014-09-27 19:00:00,0.47
2014-09-27 20:00:00,1.0566666666666666
2014-09-27 21:00:00,1.1683333333333332
2014-09-27 22:00:00,0.7316666666666666
2014-09-27 23:00:00,0.5433333333333333
2014-09-28 00:00:00,0.7683333333333334
2014-09-28 01:00:00,0.8633333333333333
2014-09-28 02:00:00,0.8033333333333333
2014-09-28 03:00:00,1.2533333333333334
2014-09-28 04:00:00,1.805
2014-09-28 05:00:00,2.0083333333333333
2014-09-28 06:00:00,1.711666666666667
2014-09-28 07:00:00,1.6716666666666666
2014-09-28 08:00:00,1.3716666666666668
2014-09-28 09:00:00,0.9566666666666668
2014-09-28 10:00:00,1.2733333333333334
2014-09-28 11:00:00,2.0
2014-09-28 12:00:00,2.605
2014-09-28 13:00:00,1.76
2014-09-28 14:00:00,1.393333333333333
2014-09-28 15:00:00,0.73
2014-09-28 16:00:00,0.4033333333333333
2014-09-28 17:00:00,0.44
2014-09-28 18:00:00,1.0983333333333334
2014-09-28 19:00:00,0.7050000000000001
2014-09-28 20:00:00,1.3283333333333334
2014-09-28 21:00:00,1.3983333333333334
2014-09-28 22:00:00,1.2066666666666668
2014-09-28 23:00:00,1.1583333333333334
2014-09-29 00:00:00,1.6083333333333334
2014-09-29 01:00:00,1.3549999999999998
2014-09-29 02:00:00,1.2566666666666666
2014-09-29 03:00:00,1.3183333333333334
2014-09-29 04:00:00,1.106666666666667
2014-09-29 05:00:00,1.086666666666667
2014-09-29 06:00:00,1.3950000000000002
2014-09-29 07:00:00,1.1416666666666668
2014-09-29 08:00:00,1.3
2014-09-29 09:00:00,1.5633333333333332
2014-09-29 10:00:00,1.3783333333333332
2014-09-29 11:00:00,2.603333333333333
2014-09-29 12:00:00,4.8133333333333335
2014-09-29 13:00:00,4.655
2014-09-29 14:00:00,4.791666666666667
2014-09-29 15:00:00,2.421666666666667
2014-09-29 16:00:00,2.3283333333333336
2014-09-29 17:00:00,0.6466666666666666
2014-09-29 18:00:00,1.615
2014-09-29 19:00:00,0.6933333333333334
2014-09-29 20:00:00,0.445
2014-09-29 21:00:00,0.4483333333333333
2014-09-29 22:00:00,0.775
2014-09-29 23:00:00,0.99
2014-09-30 00:00:00,0.6183333333333333
2014-09-30 01:00:00,0.3366666666666666
2014-09-30 02:00:00,0.4749999999999999
2014-09-30 03:00:00,0.535
2014-09-30 04:00:00,0.8083333333333332
2014-09-30 05:00:00,0.8450000000000001
2014-09-30 06:00:00,0.4916666666666667
2014-09-30 07:00:00,0.5183333333333333
2014-09-30 08:00:00,0.4316666666666666
2014-09-30 09:00:00,0.7549999999999999
2014-09-30 10:00:00,1.6316666666666666
2014-09-30 11:00:00,1.8116666666666668
2014-09-30 12:00:00,1.9483333333333333
2014-09-30 13:00:00,1.711666666666667
2014-09-30 14:00:00,1.6416666666666666
2014-09-30 15:00:00,0.94
2014-09-30 16:00:00,0.765
2014-09-30 17:00:00,1.2533333333333332
2014-09-30 18:00:00,0.4933333333333333
2014-09-30 19:00:00,0.945
2014-09-30 20:00:00,0.855
2014-09-30 21:00:00,0.8916666666666666
2014-09-30 22:00:00,0.4933333333333333
2014-09-30 23:00:00,0.655
2014-10-01 00:00:00,0.6433333333333333
2014-10-01 01:00:00,0.6916666666666668
2014-10-01 02:00:00,0.4033333333333333
2014-10-01 03:00:00,0.2933333333333333
2014-10-01 04:00:00,0.54
2014-10-01 05:00:00,0.4166666666666667
2014-10-01 06:00:00,0.57
2014-10-01 07:00:00,0.555
2014-10-01 08:00:00,0.575
2014-10-01 09:00:00,1.015
2014-10-01 10:00:00,1.515
2014-10-01 11:00:00,1.4983333333333333
2014-10-01 12:00:00,1.2916666666666667
2014-10-01 13:00:00,2.1183333333333336
2014-10-01 14:00:00,1.788333333333333
2014-10-01 15:00:00,0.985
2014-10-01 16:00:00,1.0783333333333334
2014-10-01 17:00:00,0.735
2014-10-01 18:00:00,0.5166666666666667
2014-10-01 19:00:00,0.475
2014-10-01 20:00:00,0.31
2014-10-01 21:00:00,1.0916666666666666
2014-10-01 22:00:00,0.9283333333333332
2014-10-01 23:00:00,0.6983333333333333
2014-10-02 00:00:00,0.5133333333333333
2014-10-02 01:00:00,0.3233333333333333
2014-10-02 02:00:00,0.445
2014-10-02 03:00:00,0.69
2014-10-02 04:00:00,0.8483333333333333
2014-10-02 05:00:00,1.02
2014-10-02 06:00:00,0.9433333333333334
2014-10-02 07:00:00,0.6833333333333332
2014-10-02 08:00:00,1.0066666666666666
2014-10-02 09:00:00,0.6766666666666666
2014-10-02 10:00:00,0.8516666666666667
2014-10-02 11:00:00,0.9766666666666668
2014-10-02 12:00:00,1.16
2014-10-02 13:00:00,1.7133333333333332
2014-10-02 14:00:00,1.5683333333333334
2014-10-02 15:00:00,2.1133333333333333
2014-10-02 16:00:00,3.485
2014-10-02 17:00:00,1.795
2014-10-02 18:00:00,0.62
2014-10-02 19:00:00,0.6766666666666667
2014-10-02 20:00:00,0.6266666666666666
2014-10-02 21:00:00,0.4533333333333333
2014-10-02 22:00:00,0.5533333333333333
2014-10-02 23:00:00,0.7233333333333333
2014-10-03 00:00:00,0.3166666666666666
2014-10-03 01:00:00,0.68
2014-10-03 02:00:00,0.4666666666666666
2014-10-03 03:00:00,0.9066666666666668
2014-10-03 04:00:00,0.8433333333333334
2014-10-03 05:00:00,1.0883333333333332
2014-10-03 06:00:00,1.6166666666666665
2014-10-03 07:00:00,1.5333333333333332
2014-10-03 08:00:00,1.5883333333333332
2014-10-03 09:00:00,0.9383333333333336
2014-10-03 10:00:00,0.8783333333333333
2014-10-03 11:00:00,0.7016666666666667
2014-10-03 12:00:00,1.2383333333333333
2014-10-03 13:00:00,2.151666666666667
2014-10-03 14:00:00,2.728333333333333
2014-10-03 15:00:00,2.7066666666666666
2014-10-03 16:00:00,2.3383333333333334
2014-10-03 17:00:00,1.8433333333333333
2014-10-03 18:00:00,1.47
2014-10-03 19:00:00,2.2383333333333333
2014-10-03 20:00:00,2.0416666666666665
2014-10-03 21:00:00,0.7683333333333332
2014-10-03 22:00:00,0.96
2014-10-03 23:00:00,0.7949999999999999
2014-10-04 00:00:00,0.31
2014-10-04 01:00:00,0.8683333333333333
2014-10-04 02:00:00,0.625
2014-10-04 03:00:00,0.655
2014-10-04 04:00:00,1.085
2014-10-04 05:00:00,0.8483333333333333
2014-10-04 06:00:00,0.69
2014-10-04 07:00:00,0.4733333333333333
2014-10-04 08:00:00,0.5033333333333333
2014-10-04 09:00:00,0.5966666666666667
2014-10-04 10:00:00,1.2266666666666666
2014-10-04 11:00:00,1.725
2014-10-04 12:00:00,1.6783333333333337
2014-10-04 13:00:00,2.2266666666666666
2014-10-04 14:00:00,2.5883333333333334
2014-10-04 15:00:00,2.705
2014-10-04 16:00:00,2.8233333333333337
2014-10-04 17:00:00,1.153333333333333
2014-10-04 18:00:00,0.7949999999999999
2014-10-04 19:00:00,1.0666666666666669
2014-10-04 20:00:00,2.36
2014-10-04 21:00:00,1.475
2014-10-04 22:00:00,2.525
2014-10-04 23:00:00,3.26
2014-10-05 00:00:00,2.3383333333333334
2014-10-05 01:00:00,1.8333333333333333
2014-10-05 02:00:00,1.0816666666666668
2014-10-05 03:00:00,0.5599999999999999
2014-10-05 04:00:00,0.4383333333333333
2014-10-05 05:00:00,0.5533333333333333
2014-10-05 06:00:00,0.4616666666666666
2014-10-05 07:00:00,0.85
2014-10-05 08:00:00,0.8083333333333332
2014-10-05 09:00:00,1.2533333333333332
2014-10-05 10:00:00,1.403333333333333
2014-10-05 11:00:00,1.7466666666666668
2014-10-05 12:00:00,1.9016666666666664
2014-10-05 13:00:00,2.708333333333333
2014-10-05 14:00:00,2.5933333333333333
2014-10-05 15:00:00,1.5983333333333334
2014-10-05 16:00:00,1.42
2014-10-05 17:00:00,0.9233333333333332
2014-10-05 18:00:00,1.0916666666666666
2014-10-05 19:00:00,1.585
2014-10-05 20:00:00,0.7416666666666667
2014-10-05 21:00:00,0.6916666666666668
2014-10-05 22:00:00,0.6666666666666666
2014-10-05 23:00:00,0.4233333333333333
2014-10-06 00:00:00,0.4116666666666666
2014-10-06 01:00:00,0.4966666666666666
2014-10-06 02:00:00,0.7283333333333334
2014-10-06 03:00:00,0.5383333333333333
2014-10-06 04:00:00,0.4066666666666667
2014-10-06 05:00:00,0.5766666666666667
2014-10-06 06:00:00,0.5433333333333333
2014-10-06 07:00:00,0.6516666666666667
2014-10-06 08:00:00,0.4633333333333333
2014-10-06 09:00:00,0.7116666666666666
2014-10-06 10:00:00,0.9383333333333334
2014-10-06 11:00:00,1.695
2014-10-06 12:00:00,3.018333333333333
2014-10-06 13:00:00,3.5383333333333336
2014-10-06 14:00:00,4.178333333333334
2014-10-06 15:00:00,3.8016666666666654
2014-10-06 16:00:00,3.1833333333333336
2014-10-06 17:00:00,2.1933333333333334
2014-10-06 18:00:00,1.9483333333333333
2014-10-06 19:00:00,1.4216666666666666
2014-10-06 20:00:00,1.805
2014-10-06 21:00:00,1.0066666666666666
2014-10-06 22:00:00,1.3583333333333334
2014-10-06 23:00:00,1.5
2014-10-07 00:00:00,1.865
2014-10-07 01:00:00,2.018333333333333
2014-10-07 02:00:00,1.78
2014-10-07 03:00:00,1.835
2014-10-07 04:00:00,1.57
2014-10-07 05:00:00,2.505
2014-10-07 06:00:00,1.9083333333333328
2014-10-07 07:00:00,1.9333333333333331
2014-10-07 08:00:00,2.2616666666666667
2014-10-07 09:00:00,4.156666666666666
2014-10-07 10:00:00,6.771666666666666
2014-10-07 11:00:00,6.753333333333334
2014-10-07 12:00:00,7.888333333333333
2014-10-07 13:00:00,6.355
2014-10-07 14:00:00,5.646666666666667
2014-10-07 15:00:00,5.6433333333333335
2014-10-07 16:00:00,4.915
2014-10-07 17:00:00,3.943333333333333
2014-10-07 18:00:00,4.426666666666667
2014-10-07 19:00:00,3.875
2014-10-07 20:00:00,4.05
2014-10-07 21:00:00,3.25
2014-10-07 22:00:00,1.9883333333333333
2014-10-07 23:00:00,2.268333333333333
2014-10-08 00:00:00,2.4066666666666667
2014-10-08 01:00:00,2.526666666666667
2014-10-08 02:00:00,0.94
2014-10-08 03:00:00,2.8166666666666664
2014-10-08 04:00:00,3.536666666666666
2014-10-08 05:00:00,2.485
2014-10-08 06:00:00,1.8383333333333327
2014-10-08 07:00:00,1.0233333333333334
2014-10-08 08:00:00,1.6
2014-10-08 09:00:00,1.975
2014-10-08 10:00:00,2.445
2014-10-08 11:00:00,2.305
2014-10-08 12:00:00,2.3583333333333334
2014-10-08 13:00:00,1.765
2014-10-08 14:00:00,2.6133333333333333
2014-10-08 15:00:00,3.62
2014-10-08 16:00:00,3.5050000000000003
2014-10-08 17:00:00,3.356666666666667
2014-10-08 18:00:00,2.858333333333333
2014-10-08 19:00:00,2.575
2014-10-08 20:00:00,3.3883333333333336
2014-10-08 21:00:00,2.4166666666666665
2014-10-08 22:00:00,1.356666666666667
2014-10-08 23:00:00,1.6516666666666666
2014-10-09 00:00:00,2.216666666666667
2014-10-09 01:00:00,2.685
2014-10-09 02:00:00,3.2633333333333336
2014-10-09 03:00:00,2.785
2014-10-09 04:00:00,3.97
2014-10-09 05:00:00,3.2916666666666665
2014-10-09 06:00:00,2.8383333333333334
2014-10-09 07:00:00,3.245
2014-10-09 08:00:00,2.475
2014-10-09 09:00:00,2.535
2014-10-09 10:00:00,3.891666666666667
2014-10-09 11:00:00,2.4
2014-10-09 12:00:00,7.956666666666666
2014-10-09 13:00:00,5.906666666666666
2014-10-09 14:00:00,3.105
2014-10-09 15:00:00,1.778333333333333
2014-10-09 16:00:00,1.715
2014-10-09 17:00:00,1.17
2014-10-09 18:00:00,1.5599999999999998
2014-10-09 19:00:00,0.4733333333333333
2014-10-09 20:00:00,0.785
2014-10-09 21:00:00,1.5333333333333332
2014-10-09 22:00:00,1.1233333333333333
2014-10-09 23:00:00,1.5599999999999998
2014-10-10 00:00:00,2.263333333333333
2014-10-10 01:00:00,1.5833333333333333
2014-10-10 02:00:00,0.915
2014-10-10 03:00:00,0.7383333333333333
2014-10-10 04:00:00,1.61
2014-10-10 05:00:00,0.525
2014-10-10 06:00:00,0.965
2014-10-10 07:00:00,0.8466666666666667
2014-10-10 08:00:00,0.4033333333333333
2014-10-10 09:00:00,0.8366666666666666
2014-10-10 10:00:00,1.34
2014-10-10 11:00:00,1.768333333333333
2014-10-10 12:00:00,1.775
2014-10-10 13:00:00,1.8633333333333333
2014-10-10 14:00:00,1.4966666666666668
2014-10-10 15:00:00,1.6449999999999998
2014-10-10 16:00:00,1.42
2014-10-10 17:00:00,0.6516666666666667
2014-10-10 18:00:00,0.7799999999999999
2014-10-10 19:00:00,0.6699999999999999
2014-10-10 20:00:00,1.245
2014-10-10 21:00:00,0.815
2014-10-10 22:00:00,0.895
2014-10-10 23:00:00,0.305
2014-10-11 00:00:00,0.4833333333333333
2014-10-11 01:00:00,0.565
2014-10-11 02:00:00,0.8466666666666667
2014-10-11 03:00:00,1.75
2014-10-11 04:00:00,0.7816666666666666
2014-10-11 05:00:00,1.3150000000000002
2014-10-11 06:00:00,2.856666666666667
2014-10-11 07:00:00,1.9066666666666665
2014-10-11 08:00:00,1.3533333333333335
2014-10-11 09:00:00,1.038333333333333
2014-10-11 10:00:00,0.8133333333333334
2014-10-11 11:00:00,0.77
2014-10-11 12:00:00,0.7583333333333333
2014-10-11 13:00:00,0.6883333333333334
2014-10-11 14:00:00,0.7866666666666666
2014-10-11 15:00:00,1.3133333333333332
2014-10-11 16:00:00,1.26
2014-10-11 17:00:00,0.9516666666666668
2014-10-11 18:00:00,0.6316666666666667
2014-10-11 19:00:00,0.7816666666666666
2014-10-11 20:00:00,1.4766666666666666
2014-10-11 21:00:00,1.8033333333333332
2014-10-11 22:00:00,2.2566666666666664
2014-10-11 23:00:00,1.9383333333333332
2014-10-12 00:00:00,1.05
2014-10-12 01:00:00,1.288333333333333
2014-10-12 02:00:00,0.9133333333333334
2014-10-12 03:00:00,0.7183333333333333
2014-10-12 04:00:00,0.6616666666666667
2014-10-12 05:00:00,0.69
2014-10-12 06:00:00,0.8433333333333334
2014-10-12 07:00:00,0.79
2014-10-12 08:00:00,0.475
2014-10-12 09:00:00,0.5616666666666666
2014-10-12 10:00:00,0.7866666666666666
2014-10-12 11:00:00,1.02
2014-10-12 12:00:00,1.24
2014-10-12 13:00:00,1.2333333333333334
2014-10-12 14:00:00,2.1283333333333334
2014-10-12 15:00:00,2.731666666666667
2014-10-12 16:00:00,2.8633333333333333
2014-10-12 17:00:00,2.5500000000000003
2014-10-12 18:00:00,2.325
2014-10-12 19:00:00,2.385
2014-10-12 20:00:00,1.9316666666666664
2014-10-12 21:00:00,1.3333333333333333
2014-10-12 22:00:00,1.725
2014-10-12 23:00:00,0.535
2014-10-13 00:00:00,1.143333333333333
2014-10-13 01:00:00,1.6716666666666666
2014-10-13 02:00:00,1.11
2014-10-13 03:00:00,0.6716666666666665
2014-10-13 04:00:00,1.0316666666666665
2014-10-13 05:00:00,0.82
2014-10-13 06:00:00,1.345
2014-10-13 07:00:00,1.96
2014-10-13 08:00:00,1.3066666666666666
2014-10-13 09:00:00,1.1283333333333332
2014-10-13 10:00:00,0.915
2014-10-13 11:00:00,1.0633333333333332
2014-10-13 12:00:00,2.188333333333333
2014-10-13 13:00:00,1.5316666666666665
2014-10-13 14:00:00,1.3616666666666666
2014-10-13 15:00:00,1.1033333333333333
2014-10-13 16:00:00,1.0016666666666667
2014-10-13 17:00:00,1.3550000000000002
2014-10-13 18:00:00,0.82
2014-10-13 19:00:00,0.9916666666666668
2014-10-13 20:00:00,1.13
2014-10-13 21:00:00,1.4566666666666668
2014-10-13 22:00:00,0.505
2014-10-13 23:00:00,0.8716666666666667
2014-10-14 00:00:00,0.7716666666666666
2014-10-14 01:00:00,0.7200000000000001
2014-10-14 02:00:00,0.6716666666666667
2014-10-14 03:00:00,0.8033333333333333
2014-10-14 04:00:00,0.5599999999999999
2014-10-14 05:00:00,0.6233333333333333
2014-10-14 06:00:00,0.66
2014-10-14 07:00:00,0.8833333333333333
2014-10-14 08:00:00,0.9483333333333333
2014-10-14 09:00:00,1.015
2014-10-14 10:00:00,2.803333333333333
2014-10-14 11:00:00,3.5683333333333334
2014-10-14 12:00:00,2.8816666666666664
2014-10-14 13:00:00,3.01
2014-10-14 14:00:00,4.114999999999999
2014-10-14 15:00:00,2.445
2014-10-14 16:00:00,2.2466666666666666
2014-10-14 17:00:00,2.3666666666666667
2014-10-14 18:00:00,1.4833333333333334
2014-10-14 19:00:00,0.625
2014-10-14 20:00:00,1.221666666666667
2014-10-14 21:00:00,0.81
2014-10-14 22:00:00,0.8916666666666666
2014-10-14 23:00:00,0.835
2014-10-15 00:00:00,0.6266666666666666
2014-10-15 01:00:00,0.8066666666666666
2014-10-15 02:00:00,1.3083333333333331
2014-10-15 03:00:00,1.225
2014-10-15 04:00:00,1.06
2014-10-15 05:00:00,0.9533333333333333
2014-10-15 06:00:00,0.7866666666666666
2014-10-15 07:00:00,0.91
2014-10-15 08:00:00,0.6466666666666666
2014-10-15 09:00:00,0.82
2014-10-15 10:00:00,0.9066666666666668
2014-10-15 11:00:00,1.39
2014-10-15 12:00:00,2.655
2014-10-15 13:00:00,1.461666666666667
2014-10-15 14:00:00,1.9383333333333328
2014-10-15 15:00:00,1.7033333333333331
2014-10-15 16:00:00,1.2433333333333334
2014-10-15 17:00:00,1.465
2014-10-15 18:00:00,1.163333333333333
2014-10-15 19:00:00,0.5983333333333333
2014-10-15 20:00:00,1.1316666666666666
2014-10-15 21:00:00,0.8166666666666668
2014-10-15 22:00:00,0.6516666666666667
2014-10-15 23:00:00,1.2383333333333333
2014-10-16 00:00:00,0.8916666666666667
2014-10-16 01:00:00,1.065
2014-10-16 02:00:00,1.018333333333333
2014-10-16 03:00:00,0.6916666666666668
2014-10-16 04:00:00,0.4566666666666667
2014-10-16 05:00:00,0.3766666666666666
2014-10-16 06:00:00,0.5116666666666666
2014-10-16 07:00:00,0.8249999999999998
2014-10-16 08:00:00,0.8433333333333334
2014-10-16 09:00:00,1.6516666666666666
2014-10-16 10:00:00,1.595
2014-10-16 11:00:00,3.0066666666666664
2014-10-16 12:00:00,4.878333333333333
2014-10-16 13:00:00,4.713333333333334
2014-10-16 14:00:00,3.358333333333333
2014-10-16 15:00:00,1.85
2014-10-16 16:00:00,1.028333333333333
2014-10-16 17:00:00,1.6849999999999998
2014-10-16 18:00:00,1.0133333333333334
2014-10-16 19:00:00,0.7033333333333333
2014-10-16 20:00:00,0.4533333333333333
2014-10-16 21:00:00,1.1883333333333332
2014-10-16 22:00:00,0.5383333333333333
2014-10-16 23:00:00,0.6716666666666667
2014-10-17 00:00:00,2.103333333333333
2014-10-17 01:00:00,1.03
2014-10-17 02:00:00,1.245
2014-10-17 03:00:00,1.0650000000000002
2014-10-17 04:00:00,0.8250000000000001
2014-10-17 05:00:00,1.24
2014-10-17 06:00:00,0.5633333333333334
2014-10-17 07:00:00,0.3716666666666666
2014-10-17 08:00:00,0.5066666666666667
2014-10-17 09:00:00,0.7466666666666666
2014-10-17 10:00:00,0.8933333333333332
2014-10-17 11:00:00,1.3066666666666666
2014-10-17 12:00:00,1.7533333333333332
2014-10-17 13:00:00,2.2883333333333336
2014-10-17 14:00:00,2.1416666666666666
2014-10-17 15:00:00,1.34
2014-10-17 16:00:00,0.8783333333333333
2014-10-17 17:00:00,0.58
2014-10-17 18:00:00,0.7333333333333334
2014-10-17 19:00:00,0.7116666666666666
2014-10-17 20:00:00,0.96
2014-10-17 21:00:00,1.215
2014-10-17 22:00:00,1.413333333333333
2014-10-17 23:00:00,1.3233333333333333
2014-10-18 00:00:00,1.03
2014-10-18 01:00:00,0.6566666666666666
2014-10-18 02:00:00,0.7733333333333333
2014-10-18 03:00:00,0.6133333333333334
2014-10-18 04:00:00,0.7516666666666666
2014-10-18 05:00:00,0.66
2014-10-18 06:00:00,1.36
2014-10-18 07:00:00,1.471666666666667
2014-10-18 08:00:00,1.6916666666666669
2014-10-18 09:00:00,1.471666666666667
2014-10-18 10:00:00,1.3483333333333334
2014-10-18 11:00:00,2.411666666666666
2014-10-18 12:00:00,3.45
2014-10-18 13:00:00,3.796666666666667
2014-10-18 14:00:00,3.276666666666667
2014-10-18 15:00:00,2.796666666666667
2014-10-18 16:00:00,2.563333333333333
2014-10-18 17:00:00,2.025
2014-10-18 18:00:00,1.721666666666667
2014-10-18 19:00:00,1.9016666666666664
2014-10-18 20:00:00,1.6616666666666668
2014-10-18 21:00:00,1.745
2014-10-18 22:00:00,1.9416666666666669
2014-10-18 23:00:00,1.9733333333333332
2014-10-19 00:00:00,2.513333333333333
2014-10-19 01:00:00,2.3000000000000003
2014-10-19 02:00:00,1.9866666666666664
2014-10-19 03:00:00,2.2466666666666666
2014-10-19 04:00:00,2.311666666666667
2014-10-19 05:00:00,2.341666666666667
2014-10-19 06:00:00,1.86
2014-10-19 07:00:00,1.8783333333333327
2014-10-19 08:00:00,1.365
2014-10-19 09:00:00,1.905
2014-10-19 10:00:00,3.501666666666667
2014-10-19 11:00:00,4.831666666666666
2014-10-19 12:00:00,3.4933333333333336
2014-10-19 13:00:00,5.908333333333334
2014-10-19 14:00:00,6.233333333333333
2014-10-19 15:00:00,7.303333333333334
2014-10-19 16:00:00,5.868333333333333
2014-10-19 17:00:00,4.968333333333333
2014-10-19 18:00:00,4.1433333333333335
2014-10-19 19:00:00,3.216666666666667
2014-10-19 20:00:00,4.381666666666667
2014-10-19 21:00:00,2.7883333333333336
2014-10-19 22:00:00,2.583333333333333
2014-10-19 23:00:00,2.1133333333333333
2014-10-20 00:00:00,2.21
2014-10-20 01:00:00,2.3266666666666667
2014-10-20 02:00:00,0.6983333333333334
2014-10-20 03:00:00,0.895
2014-10-20 04:00:00,1.9683333333333333
2014-10-20 05:00:00,3.053333333333333
2014-10-20 06:00:00,1.095
2014-10-20 07:00:00,0.64
2014-10-20 08:00:00,1.545
2014-10-20 09:00:00,1.735
2014-10-20 10:00:00,2.748333333333333
2014-10-20 11:00:00,4.26
2014-10-20 12:00:00,3.3516666666666666
2014-10-20 13:00:00,2.315
2014-10-20 14:00:00,2.306666666666666
2014-10-20 15:00:00,2.5466666666666664
2014-10-20 16:00:00,1.9
2014-10-20 17:00:00,0.9716666666666668
2014-10-20 18:00:00,0.8849999999999999
2014-10-20 19:00:00,0.8566666666666666
2014-10-20 20:00:00,1.5433333333333332
2014-10-20 21:00:00,1.87
2014-10-20 22:00:00,1.505
2014-10-20 23:00:00,0.8016666666666667
2014-10-21 00:00:00,0.8216666666666667
2014-10-21 01:00:00,0.7600000000000001
2014-10-21 02:00:00,1.1733333333333331
2014-10-21 03:00:00,1.1683333333333332
2014-10-21 04:00:00,0.995
2014-10-21 05:00:00,0.9566666666666668
2014-10-21 06:00:00,1.1833333333333331
2014-10-21 07:00:00,1.0033333333333332
2014-10-21 08:00:00,3.5083333333333333
2014-10-21 09:00:00,6.321666666666666
2014-10-21 10:00:00,4.845
2014-10-21 11:00:00,6.041666666666667
2014-10-21 12:00:00,5.968333333333334
2014-10-21 13:00:00,5.466666666666666
2014-10-21 14:00:00,5.198333333333333
2014-10-21 15:00:00,5.651666666666666
2014-10-21 16:00:00,6.09
2014-10-21 17:00:00,6.078333333333333
2014-10-21 18:00:00,4.028333333333333
2014-10-21 19:00:00,1.8066666666666664
2014-10-21 20:00:00,2.41
2014-10-21 21:00:00,1.7483333333333333
2014-10-21 22:00:00,2.8183333333333334
2014-10-21 23:00:00,4.038333333333333
2014-10-22 00:00:00,3.841666666666667
2014-10-22 01:00:00,2.3866666666666667
2014-10-22 02:00:00,3.276666666666667
2014-10-22 03:00:00,2.466666666666667
2014-10-22 04:00:00,2.875
2014-10-22 05:00:00,3.4066666666666667
2014-10-22 06:00:00,2.958333333333333
2014-10-22 07:00:00,2.61
2014-10-22 08:00:00,2.8966666666666665
2014-10-22 09:00:00,3.578333333333333
2014-10-22 10:00:00,3.858333333333333
2014-10-22 11:00:00,3.6116666666666655
2014-10-22 12:00:00,3.5316666666666667
2014-10-22 13:00:00,3.3816666666666664
2014-10-22 14:00:00,3.97
2014-10-22 15:00:00,4.355
2014-10-22 16:00:00,3.223333333333333
2014-10-22 17:00:00,3.8083333333333336
2014-10-22 18:00:00,3.598333333333333
2014-10-22 19:00:00,3.7116666666666656
2014-10-22 20:00:00,3.2116666666666664
2014-10-22 21:00:00,3.731666666666667
2014-10-22 22:00:00,3.165
2014-10-22 23:00:00,3.3216666666666668
2014-10-23 00:00:00,3.0666666666666664
2014-10-23 01:00:00,2.7
2014-10-23 02:00:00,2.7566666666666664
2014-10-23 03:00:00,2.9133333333333336
2014-10-23 04:00:00,3.023333333333333
2014-10-23 05:00:00,3.595
2014-10-23 06:00:00,3.685
2014-10-23 07:00:00,2.4766666666666666
2014-10-23 08:00:00,1.3099999999999998
2014-10-23 09:00:00,1.8833333333333333
2014-10-23 10:00:00,2.14
2014-10-23 11:00:00,1.2733333333333334
2014-10-23 12:00:00,1.0083333333333333
2014-10-23 13:00:00,0.5816666666666667
2014-10-23 14:00:00,0.8300000000000001
2014-10-23 15:00:00,0.5816666666666667
2014-10-23 16:00:00,0.52
2014-10-23 17:00:00,0.88
2014-10-23 18:00:00,1.278333333333333
2014-10-23 19:00:00,0.6383333333333333
2014-10-23 20:00:00,1.3549999999999998
2014-10-23 21:00:00,0.7949999999999999
2014-10-23 22:00:00,0.7566666666666667
2014-10-23 23:00:00,0.795
2014-10-24 00:00:00,0.4233333333333333
2014-10-24 01:00:00,0.7200000000000001
2014-10-24 02:00:00,0.8266666666666667
2014-10-24 03:00:00,0.5683333333333334
2014-10-24 04:00:00,0.4066666666666667
2014-10-24 05:00:00,0.5016666666666666
2014-10-24 06:00:00,0.375
2014-10-24 07:00:00,0.4866666666666666
2014-10-24 08:00:00,0.63
2014-10-24 09:00:00,1.4383333333333337
2014-10-24 10:00:00,1.6466666666666667
2014-10-24 11:00:00,2.69
2014-10-24 12:00:00,2.7133333333333334
2014-10-24 13:00:00,2.4683333333333333
2014-10-24 14:00:00,2.3433333333333333
2014-10-24 15:00:00,1.7633333333333334
2014-10-24 16:00:00,1.2466666666666666
2014-10-24 17:00:00,0.8933333333333334
2014-10-24 18:00:00,0.6933333333333334
2014-10-24 19:00:00,0.65
2014-10-24 20:00:00,0.84
2014-10-24 21:00:00,0.855
2014-10-24 22:00:00,0.6633333333333333
2014-10-24 23:00:00,0.9516666666666668
2014-10-25 00:00:00,1.028333333333333
2014-10-25 01:00:00,1.3533333333333333
2014-10-25 02:00:00,1.0766666666666669
2014-10-25 03:00:00,1.3316666666666668
2014-10-25 04:00:00,1.6483333333333334
2014-10-25 05:00:00,1.4983333333333333
2014-10-25 06:00:00,1.6833333333333331
2014-10-25 07:00:00,1.5933333333333335
2014-10-25 08:00:00,1.335
2014-10-25 09:00:00,1.32
2014-10-25 10:00:00,1.845
2014-10-25 11:00:00,3.0283333333333338
2014-10-25 12:00:00,2.9416666666666664
2014-10-25 13:00:00,2.4033333333333333
2014-10-25 14:00:00,2.4
2014-10-25 15:00:00,1.768333333333333
2014-10-25 16:00:00,2.51
2014-10-25 17:00:00,1.8266666666666669
2014-10-25 18:00:00,1.4983333333333333
2014-10-25 19:00:00,1.63
2014-10-25 20:00:00,1.49
2014-10-25 21:00:00,1.8116666666666663
2014-10-25 22:00:00,1.07
2014-10-25 23:00:00,1.03
2014-10-26 00:00:00,1.125
2014-10-26 01:00:00,0.5616666666666666
2014-10-26 02:00:00,1.1266666666666667
2014-10-26 03:00:00,0.7216666666666667
2014-10-26 04:00:00,0.4183333333333333
2014-10-26 05:00:00,0.8516666666666666
2014-10-26 06:00:00,1.5733333333333333
2014-10-26 07:00:00,1.025
2014-10-26 08:00:00,1.21
2014-10-26 09:00:00,1.015
2014-10-26 10:00:00,1.2133333333333334
2014-10-26 11:00:00,2.293333333333333
2014-10-26 12:00:00,2.0466666666666664
2014-10-26 13:00:00,3.1833333333333336
2014-10-26 14:00:00,2.815
2014-10-26 15:00:00,2.796666666666667
2014-10-26 16:00:00,2.5216666666666665
2014-10-26 17:00:00,1.735
2014-10-26 18:00:00,1.1916666666666669
2014-10-26 19:00:00,1.5266666666666666
2014-10-26 20:00:00,1.7766666666666666
2014-10-26 21:00:00,2.025
2014-10-26 22:00:00,1.5466666666666666
2014-10-26 23:00:00,0.9333333333333332
2014-10-27 00:00:00,0.8333333333333334
2014-10-27 01:00:00,0.9433333333333334
2014-10-27 02:00:00,1.2333333333333334
2014-10-27 03:00:00,1.3816666666666668
2014-10-27 04:00:00,2.225
2014-10-27 05:00:00,1.8
2014-10-27 06:00:00,1.7816666666666665
2014-10-27 07:00:00,1.6233333333333333
2014-10-27 08:00:00,1.9283333333333332
2014-10-27 09:00:00,2.8016666666666663
2014-10-27 10:00:00,3.325
2014-10-27 11:00:00,3.628333333333333
2014-10-27 12:00:00,3.875
2014-10-27 13:00:00,3.328333333333333
2014-10-27 14:00:00,2.973333333333333
2014-10-27 15:00:00,2.8349999999999995
2014-10-27 16:00:00,1.9283333333333332
2014-10-27 17:00:00,2.2716666666666665
2014-10-27 18:00:00,1.481666666666667
2014-10-27 19:00:00,1.7933333333333332
2014-10-27 20:00:00,2.2
2014-10-27 21:00:00,2.311666666666667
2014-10-27 22:00:00,2.0116666666666667
2014-10-27 23:00:00,1.965
2014-10-28 00:00:00,1.8333333333333333
2014-10-28 01:00:00,1.606666666666667
2014-10-28 02:00:00,1.606666666666667
2014-10-28 03:00:00,1.6933333333333334
2014-10-28 04:00:00,1.9116666666666668
2014-10-28 05:00:00,1.71
2014-10-28 06:00:00,1.26
2014-10-28 07:00:00,1.221666666666667
2014-10-28 08:00:00,1.0333333333333332
2014-10-28 09:00:00,2.5033333333333334
2014-10-28 10:00:00,3.2183333333333337
2014-10-28 11:00:00,2.831666666666667
2014-10-28 12:00:00,2.598333333333333
2014-10-28 13:00:00,2.9683333333333333
2014-10-28 14:00:00,2.6933333333333334
2014-10-28 15:00:00,2.275
2014-10-28 16:00:00,2.3866666666666667
2014-10-28 17:00:00,1.7383333333333333
2014-10-28 18:00:00,1.6666666666666667
2014-10-28 19:00:00,1.6050000000000002
2014-10-28 20:00:00,1.6683333333333332
2014-10-28 21:00:00,0.7833333333333333
2014-10-28 22:00:00,0.8216666666666667
2014-10-28 23:00:00,1.0266666666666666
2014-10-29 00:00:00,0.8799999999999999
2014-10-29 01:00:00,1.2866666666666668
2014-10-29 02:00:00,0.8766666666666666
2014-10-29 03:00:00,1.07
2014-10-29 04:00:00,1.4583333333333333
2014-10-29 05:00:00,1.225
2014-10-29 06:00:00,0.9816666666666666
2014-10-29 07:00:00,0.485
2014-10-29 08:00:00,0.3283333333333333
2014-10-29 09:00:00,0.4016666666666666
2014-10-29 10:00:00,0.58
2014-10-29 11:00:00,1.3416666666666668
2014-10-29 12:00:00,1.231666666666667
2014-10-29 13:00:00,1.775
2014-10-29 14:00:00,1.2566666666666666
2014-10-29 15:00:00,0.8383333333333334
2014-10-29 16:00:00,1.535
2014-10-29 17:00:00,0.875
2014-10-29 18:00:00,0.8333333333333334
2014-10-29 19:00:00,1.5483333333333331
2014-10-29 20:00:00,1.1966666666666663
2014-10-29 21:00:00,0.6766666666666667
2014-10-29 22:00:00,1.1
2014-10-29 23:00:00,0.8933333333333332
2014-10-30 00:00:00,1.1016666666666668
2014-10-30 01:00:00,0.985
2014-10-30 02:00:00,1.1183333333333334
2014-10-30 03:00:00,0.9433333333333334
2014-10-30 04:00:00,0.9683333333333334
2014-10-30 05:00:00,0.5366666666666666
2014-10-30 06:00:00,0.9666666666666668
2014-10-30 07:00:00,0.9633333333333332
2014-10-30 08:00:00,0.925
2014-10-30 09:00:00,0.9783333333333334
2014-10-30 10:00:00,1.055
2014-10-30 11:00:00,0.8916666666666666
2014-10-30 12:00:00,1.1
2014-10-30 13:00:00,1.0683333333333334
2014-10-30 14:00:00,0.93
2014-10-30 15:00:00,0.435
2014-10-30 16:00:00,0.6
2014-10-30 17:00:00,0.7366666666666667
2014-10-30 18:00:00,0.5266666666666667
2014-10-30 19:00:00,0.6283333333333333
2014-10-30 20:00:00,0.695
2014-10-30 21:00:00,1.0683333333333334
2014-10-30 22:00:00,0.9866666666666668
2014-10-30 23:00:00,1.1116666666666666
2014-10-31 00:00:00,1.2766666666666666
2014-10-31 01:00:00,1.5883333333333332
2014-10-31 02:00:00,1.6716666666666666
2014-10-31 03:00:00,1.5683333333333334
2014-10-31 04:00:00,1.5483333333333336
2014-10-31 05:00:00,1.725
2014-10-31 06:00:00,1.3866666666666667
2014-10-31 07:00:00,1.385
2014-10-31 08:00:00,0.9366666666666666
2014-10-31 09:00:00,1.015
2014-10-31 10:00:00,1.47
2014-10-31 11:00:00,1.3916666666666666
2014-10-31 12:00:00,2.078333333333333
2014-10-31 13:00:00,1.711666666666667
2014-10-31 14:00:00,2.265
2014-10-31 15:00:00,2.063333333333333
2014-10-31 16:00:00,2.1633333333333336
2014-10-31 17:00:00,1.8483333333333332
2014-10-31 18:00:00,1.5333333333333332
2014-10-31 19:00:00,1.935
2014-10-31 20:00:00,1.5766666666666664
2014-10-31 21:00:00,1.7183333333333335
2014-10-31 22:00:00,2.0516666666666667
2014-10-31 23:00:00,2.083333333333333
2014-11-01 00:00:00,1.643333333333333
2014-11-01 01:00:00,1.765
2014-11-01 02:00:00,2.19
2014-11-01 03:00:00,1.7566666666666666
2014-11-01 04:00:00,2.4083333333333337
2014-11-01 05:00:00,2.0966666666666667
2014-11-01 06:00:00,1.741666666666667
2014-11-01 07:00:00,1.3549999999999998
2014-11-01 08:00:00,1.9533333333333331
2014-11-01 09:00:00,1.3083333333333331
2014-11-01 10:00:00,1.1516666666666666
2014-11-01 11:00:00,1.8283333333333327
2014-11-01 12:00:00,1.775
2014-11-01 13:00:00,1.425
2014-11-01 14:00:00,1.42
2014-11-01 15:00:00,0.6983333333333333
2014-11-01 16:00:00,0.64
2014-11-01 17:00:00,1.4516666666666669
2014-11-01 18:00:00,1.4533333333333334
2014-11-01 19:00:00,1.5199999999999998
2014-11-01 20:00:00,1.3616666666666666
2014-11-01 21:00:00,0.58
2014-11-01 22:00:00,0.855
2014-11-01 23:00:00,1.49
2014-11-02 00:00:00,1.0133333333333334
2014-11-02 01:00:00,0.8983333333333333
2014-11-02 02:00:00,0.5516666666666666
2014-11-02 03:00:00,0.6566666666666666
2014-11-02 04:00:00,1.1166666666666667
2014-11-02 05:00:00,1.05
2014-11-02 06:00:00,1.0916666666666668
2014-11-02 07:00:00,1.3516666666666666
2014-11-02 08:00:00,1.4916666666666665
2014-11-02 09:00:00,1.88
2014-11-02 10:00:00,2.1766666666666667
2014-11-02 11:00:00,1.875
2014-11-02 12:00:00,1.2283333333333333
2014-11-02 13:00:00,1.8833333333333333
2014-11-02 14:00:00,4.1433333333333335
2014-11-02 15:00:00,3.235
2014-11-02 16:00:00,2.023333333333333
2014-11-02 17:00:00,1.4799999999999998
2014-11-02 18:00:00,0.7999999999999999
2014-11-02 19:00:00,0.7683333333333332
2014-11-02 20:00:00,1.505
2014-11-02 21:00:00,1.5200000000000002
2014-11-02 22:00:00,2.78
2014-11-02 23:00:00,2.401666666666667
2014-11-03 00:00:00,2.418333333333333
2014-11-03 01:00:00,2.3783333333333334
2014-11-03 02:00:00,2.728333333333333
2014-11-03 03:00:00,2.66
2014-11-03 04:00:00,2.433333333333333
2014-11-03 05:00:00,1.59
2014-11-03 06:00:00,1.235
2014-11-03 07:00:00,2.565
2014-11-03 08:00:00,2.9966666666666666
2014-11-03 09:00:00,4.696666666666666
2014-11-03 10:00:00,4.265
2014-11-03 11:00:00,3.936666666666666
2014-11-03 12:00:00,5.021666666666667
2014-11-03 13:00:00,4.781666666666666
2014-11-03 14:00:00,3.583333333333333
2014-11-03 15:00:00,3.313333333333333
2014-11-03 16:00:00,2.3283333333333336
2014-11-03 17:00:00,2.36
2014-11-03 18:00:00,2.89
2014-11-03 19:00:00,2.6016666666666666
2014-11-03 20:00:00,2.723333333333333
2014-11-03 21:00:00,2.831666666666667
2014-11-03 22:00:00,3.3000000000000003
2014-11-03 23:00:00,4.761666666666667
2014-11-04 00:00:00,3.665
2014-11-04 01:00:00,2.39
2014-11-04 02:00:00,1.59
2014-11-04 03:00:00,3.0766666666666667
2014-11-04 04:00:00,3.328333333333333
2014-11-04 05:00:00,1.8516666666666663
2014-11-04 06:00:00,1.5566666666666666
2014-11-04 07:00:00,1.1933333333333334
2014-11-04 08:00:00,1.3316666666666668
2014-11-04 09:00:00,1.9083333333333328
2014-11-04 10:00:00,1.79
2014-11-04 11:00:00,1.3283333333333334
2014-11-04 12:00:00,1.9766666666666663
2014-11-04 13:00:00,1.9533333333333331
2014-11-04 14:00:00,1.3116666666666668
2014-11-04 15:00:00,1.2033333333333334
2014-11-04 16:00:00,1.5916666666666668
2014-11-04 17:00:00,0.755
2014-11-04 18:00:00,0.5566666666666666
2014-11-04 19:00:00,0.515
2014-11-04 20:00:00,0.5166666666666667
2014-11-04 21:00:00,0.7000000000000001
2014-11-04 22:00:00,0.935
2014-11-04 23:00:00,0.8066666666666666
2014-11-05 00:00:00,0.3983333333333334
2014-11-05 01:00:00,0.4566666666666667
2014-11-05 02:00:00,0.455
2014-11-05 03:00:00,0.63
2014-11-05 04:00:00,1.1
2014-11-05 05:00:00,0.7733333333333333
2014-11-05 06:00:00,0.6716666666666665
2014-11-05 07:00:00,0.68
2014-11-05 08:00:00,0.7616666666666667
2014-11-05 09:00:00,0.7366666666666667
2014-11-05 10:00:00,0.7333333333333334
2014-11-05 11:00:00,0.955
2014-11-05 12:00:00,0.9366666666666666
2014-11-05 13:00:00,1.075
2014-11-05 14:00:00,1.3816666666666666
2014-11-05 15:00:00,1.825
2014-11-05 16:00:00,0.755
2014-11-05 17:00:00,1.0766666666666669
2014-11-05 18:00:00,1.0366666666666666
2014-11-05 19:00:00,1.54
2014-11-05 20:00:00,1.155
2014-11-05 21:00:00,1.71
2014-11-05 22:00:00,1.6133333333333333
2014-11-05 23:00:00,1.1683333333333332
2014-11-06 00:00:00,0.8233333333333333
2014-11-06 01:00:00,1.3266666666666669
2014-11-06 02:00:00,1.21
2014-11-06 03:00:00,0.5633333333333334
2014-11-06 04:00:00,0.4766666666666667
2014-11-06 05:00:00,0.4116666666666666
2014-11-06 06:00:00,0.5516666666666666
2014-11-06 07:00:00,0.585
2014-11-06 08:00:00,0.6833333333333332
2014-11-06 09:00:00,0.69
2014-11-06 10:00:00,0.5516666666666666
2014-11-06 11:00:00,0.8083333333333332
2014-11-06 12:00:00,0.99
2014-11-06 13:00:00,1.6183333333333332
2014-11-06 14:00:00,1.5266666666666666
2014-11-06 15:00:00,1.211666666666667
2014-11-06 16:00:00,1.7700000000000002
2014-11-06 17:00:00,2.74
2014-11-06 18:00:00,2.5516666666666667
2014-11-06 19:00:00,2.2983333333333333
2014-11-06 20:00:00,0.7766666666666667
2014-11-06 21:00:00,1.18
2014-11-06 22:00:00,1.125
2014-11-06 23:00:00,1.11
2014-11-07 00:00:00,1.3766666666666667
2014-11-07 01:00:00,1.3216666666666663
2014-11-07 02:00:00,1.096666666666667
2014-11-07 03:00:00,1.015
2014-11-07 04:00:00,1.3283333333333334
2014-11-07 05:00:00,1.9316666666666664
2014-11-07 06:00:00,1.795
2014-11-07 07:00:00,1.505
2014-11-07 08:00:00,1.5533333333333337
2014-11-07 09:00:00,1.405
2014-11-07 10:00:00,1.086666666666667
2014-11-07 11:00:00,2.2716666666666665
2014-11-07 12:00:00,3.42
2014-11-07 13:00:00,3.795
2014-11-07 14:00:00,2.5483333333333333
2014-11-07 15:00:00,1.815
2014-11-07 16:00:00,1.7266666666666666
2014-11-07 17:00:00,2.56
2014-11-07 18:00:00,2.9066666666666663
2014-11-07 19:00:00,3.2133333333333334
2014-11-07 20:00:00,1.4266666666666667
2014-11-07 21:00:00,1.4433333333333334
2014-11-07 22:00:00,1.2583333333333333
2014-11-07 23:00:00,2.0866666666666664
2014-11-08 00:00:00,5.285
2014-11-08 01:00:00,3.106666666666667
2014-11-08 02:00:00,0.93
2014-11-08 03:00:00,1.268333333333333
2014-11-08 04:00:00,1.913333333333333
2014-11-08 05:00:00,1.555
2014-11-08 06:00:00,1.1816666666666666
2014-11-08 07:00:00,1.0616666666666668
2014-11-08 08:00:00,1.518333333333333
2014-11-08 09:00:00,1.8516666666666663
2014-11-08 10:00:00,2.41
2014-11-08 11:00:00,3.481666666666667
2014-11-08 12:00:00,2.276666666666667
2014-11-08 13:00:00,2.6466666666666665
2014-11-08 14:00:00,3.0933333333333333
2014-11-08 15:00:00,2.1633333333333336
2014-11-08 16:00:00,1.525
2014-11-08 17:00:00,2.888333333333333
2014-11-08 18:00:00,0.6433333333333333
2014-11-08 19:00:00,1.0416666666666667
2014-11-08 20:00:00,1.096666666666667
2014-11-08 21:00:00,0.5599999999999999
2014-11-08 22:00:00,0.77
2014-11-08 23:00:00,0.7783333333333333
2014-11-09 00:00:00,0.4783333333333333
2014-11-09 01:00:00,0.5916666666666667
2014-11-09 02:00:00,0.65
2014-11-09 03:00:00,0.7716666666666666
2014-11-09 04:00:00,0.6316666666666667
2014-11-09 05:00:00,0.9016666666666668
2014-11-09 06:00:00,0.8816666666666667
2014-11-09 07:00:00,1.28
2014-11-09 08:00:00,1.5599999999999998
2014-11-09 09:00:00,1.535
2014-11-09 10:00:00,1.4683333333333335
2014-11-09 11:00:00,1.745
2014-11-09 12:00:00,2.29
2014-11-09 13:00:00,1.9216666666666664
2014-11-09 14:00:00,2.4133333333333336
2014-11-09 15:00:00,1.89
2014-11-09 16:00:00,1.88
2014-11-09 17:00:00,1.995
2014-11-09 18:00:00,1.9533333333333331
2014-11-09 19:00:00,1.94
2014-11-09 20:00:00,1.8916666666666664
2014-11-09 21:00:00,2.0783333333333336
2014-11-09 22:00:00,1.3316666666666668
2014-11-09 23:00:00,0.4483333333333333
2014-11-10 00:00:00,0.9416666666666664
2014-11-10 01:00:00,0.5750000000000001
2014-11-10 02:00:00,0.9883333333333332
2014-11-10 03:00:00,1.1566666666666667
2014-11-10 04:00:00,0.8283333333333333
2014-11-10 05:00:00,1.5466666666666666
2014-11-10 06:00:00,1.2983333333333331
2014-11-10 07:00:00,1.415
2014-11-10 08:00:00,1.4800000000000002
2014-11-10 09:00:00,0.9233333333333332
2014-11-10 10:00:00,0.9483333333333334
2014-11-10 11:00:00,1.5233333333333334
2014-11-10 12:00:00,2.208333333333333
2014-11-10 13:00:00,2.043333333333333
2014-11-10 14:00:00,1.7
2014-11-10 15:00:00,2.52
2014-11-10 16:00:00,1.725
2014-11-10 17:00:00,1.5683333333333334
2014-11-10 18:00:00,1.7266666666666666
2014-11-10 19:00:00,1.3283333333333334
2014-11-10 20:00:00,0.7316666666666668
2014-11-10 21:00:00,1.0366666666666666
2014-11-10 22:00:00,0.8816666666666667
2014-11-10 23:00:00,0.9466666666666668
2014-11-11 00:00:00,1.3083333333333331
2014-11-11 01:00:00,0.7533333333333334
2014-11-11 02:00:00,0.8649999999999999
2014-11-11 03:00:00,0.505
2014-11-11 04:00:00,0.7416666666666667
2014-11-11 05:00:00,0.6749999999999999
2014-11-11 06:00:00,1.0683333333333334
2014-11-11 07:00:00,1.04
2014-11-11 08:00:00,0.8666666666666667
2014-11-11 09:00:00,0.3683333333333333
2014-11-11 10:00:00,0.5950000000000001
2014-11-11 11:00:00,0.8883333333333333
2014-11-11 12:00:00,0.7866666666666666
2014-11-11 13:00:00,1.6116666666666666
2014-11-11 14:00:00,2.27
2014-11-11 15:00:00,2.465
2014-11-11 16:00:00,2.8083333333333336
2014-11-11 17:00:00,2.7466666666666666
2014-11-11 18:00:00,1.225
2014-11-11 19:00:00,1.085
2014-11-11 20:00:00,0.9133333333333334
2014-11-11 21:00:00,0.44
2014-11-11 22:00:00,0.9233333333333332
2014-11-11 23:00:00,0.6283333333333333
2014-11-12 00:00:00,0.4333333333333333
2014-11-12 01:00:00,0.33
2014-11-12 02:00:00,0.7416666666666667
2014-11-12 03:00:00,0.4233333333333333
2014-11-12 04:00:00,0.4566666666666666
2014-11-12 05:00:00,0.58
2014-11-12 06:00:00,0.855
2014-11-12 07:00:00,0.7683333333333332
2014-11-12 08:00:00,0.8850000000000001
2014-11-12 09:00:00,1.0933333333333335
2014-11-12 10:00:00,0.625
2014-11-12 11:00:00,0.6966666666666667
2014-11-12 12:00:00,0.7816666666666666
2014-11-12 13:00:00,1.7283333333333335
2014-11-12 14:00:00,1.9633333333333327
2014-11-12 15:00:00,0.9966666666666666
2014-11-12 16:00:00,0.9516666666666668
2014-11-12 17:00:00,0.9783333333333334
2014-11-12 18:00:00,0.8450000000000001
2014-11-12 19:00:00,0.735
2014-11-12 20:00:00,0.6516666666666667
2014-11-12 21:00:00,0.9866666666666668
2014-11-12 22:00:00,0.5333333333333333
2014-11-12 23:00:00,0.6933333333333334
2014-11-13 00:00:00,0.8099999999999999
2014-11-13 01:00:00,0.4466666666666667
2014-11-13 02:00:00,0.3016666666666667
2014-11-13 03:00:00,0.555
2014-11-13 04:00:00,0.4716666666666667
2014-11-13 05:00:00,0.5816666666666667
2014-11-13 06:00:00,0.5183333333333334
2014-11-13 07:00:00,0.4466666666666666
2014-11-13 08:00:00,0.4366666666666667
2014-11-13 09:00:00,0.6083333333333333
2014-11-13 10:00:00,0.5016666666666667
2014-11-13 11:00:00,0.6133333333333334
2014-11-13 12:00:00,0.635
2014-11-13 13:00:00,0.5116666666666666
2014-11-13 14:00:00,0.7616666666666667
2014-11-13 15:00:00,1.0
2014-11-13 16:00:00,1.095
2014-11-13 17:00:00,1.3266666666666669
2014-11-13 18:00:00,1.015
2014-11-13 19:00:00,1.3083333333333331
2014-11-13 20:00:00,0.9133333333333334
2014-11-13 21:00:00,0.4733333333333333
2014-11-13 22:00:00,0.5116666666666666
2014-11-13 23:00:00,0.68
2014-11-14 00:00:00,0.3966666666666666
2014-11-14 01:00:00,0.5433333333333333
2014-11-14 02:00:00,0.7033333333333333
2014-11-14 03:00:00,0.4283333333333334
2014-11-14 04:00:00,0.3899999999999999
2014-11-14 05:00:00,0.5
2014-11-14 06:00:00,0.2633333333333333
2014-11-14 07:00:00,0.6683333333333333
2014-11-14 08:00:00,1.038333333333333
2014-11-14 09:00:00,0.9033333333333332
2014-11-14 10:00:00,0.905
2014-11-14 11:00:00,0.98
2014-11-14 12:00:00,1.5466666666666666
2014-11-14 13:00:00,2.585
2014-11-14 14:00:00,2.481666666666667
2014-11-14 15:00:00,2.348333333333333
2014-11-14 16:00:00,1.4433333333333334
2014-11-14 17:00:00,1.1216666666666668
2014-11-14 18:00:00,1.336666666666667
2014-11-14 19:00:00,1.87
2014-11-14 20:00:00,1.9766666666666663
2014-11-14 21:00:00,2.1566666666666667
2014-11-14 22:00:00,1.8416666666666668
2014-11-14 23:00:00,0.5583333333333333
2014-11-15 00:00:00,0.5833333333333334
2014-11-15 01:00:00,0.7283333333333334
2014-11-15 02:00:00,0.6216666666666667
2014-11-15 03:00:00,0.4383333333333333
2014-11-15 04:00:00,0.3233333333333333
2014-11-15 05:00:00,0.605
2014-11-15 06:00:00,0.3916666666666666
2014-11-15 07:00:00,0.5466666666666667
2014-11-15 08:00:00,0.625
2014-11-15 09:00:00,0.71
2014-11-15 10:00:00,0.685
2014-11-15 11:00:00,0.6766666666666666
2014-11-15 12:00:00,1.15
2014-11-15 13:00:00,1.1683333333333332
2014-11-15 14:00:00,1.5133333333333334
2014-11-15 15:00:00,1.3216666666666663
2014-11-15 16:00:00,1.2666666666666666
2014-11-15 17:00:00,0.8366666666666666
2014-11-15 18:00:00,1.038333333333333
2014-11-15 19:00:00,1.1766666666666667
2014-11-15 20:00:00,1.225
2014-11-15 21:00:00,0.8366666666666666
2014-11-15 22:00:00,0.9716666666666668
2014-11-15 23:00:00,0.5083333333333333
2014-11-16 00:00:00,0.9233333333333332
2014-11-16 01:00:00,1.39
2014-11-16 02:00:00,0.42
2014-11-16 03:00:00,0.7166666666666667
2014-11-16 04:00:00,1.46
2014-11-16 05:00:00,0.9833333333333334
2014-11-16 06:00:00,0.9533333333333333
2014-11-16 07:00:00,0.585
2014-11-16 08:00:00,0.4766666666666667
2014-11-16 09:00:00,0.2933333333333333
2014-11-16 10:00:00,0.6616666666666666
2014-11-16 11:00:00,1.595
2014-11-16 12:00:00,2.7066666666666666
2014-11-16 13:00:00,6.25
2014-11-16 14:00:00,6.5616666666666665
2014-11-16 15:00:00,4.986666666666667
2014-11-16 16:00:00,3.0133333333333336
2014-11-16 17:00:00,1.9433333333333331
2014-11-16 18:00:00,1.9683333333333333
2014-11-16 19:00:00,1.3916666666666666
2014-11-16 20:00:00,1.2833333333333332
2014-11-16 21:00:00,1.8983333333333332
2014-11-16 22:00:00,1.3316666666666668
2014-11-16 23:00:00,0.965
2014-11-17 00:00:00,1.0916666666666666
2014-11-17 01:00:00,0.5416666666666666
2014-11-17 02:00:00,0.9816666666666666
2014-11-17 03:00:00,1.855
2014-11-17 04:00:00,1.225
2014-11-17 05:00:00,0.9816666666666666
2014-11-17 06:00:00,0.7066666666666667
2014-11-17 07:00:00,0.6733333333333333
2014-11-17 08:00:00,0.7583333333333333
2014-11-17 09:00:00,0.5466666666666667
2014-11-17 10:00:00,0.5233333333333333
2014-11-17 11:00:00,0.6033333333333334
2014-11-17 12:00:00,0.7533333333333333
2014-11-17 13:00:00,1.0733333333333337
2014-11-17 14:00:00,0.9566666666666668
2014-11-17 15:00:00,2.355
2014-11-17 16:00:00,1.6816666666666666
2014-11-17 17:00:00,1.855
2014-11-17 18:00:00,2.178333333333333
2014-11-17 19:00:00,1.1283333333333332
2014-11-17 20:00:00,1.2916666666666667
2014-11-17 21:00:00,0.8366666666666666
2014-11-17 22:00:00,1.3416666666666668
2014-11-17 23:00:00,2.4916666666666667
2014-11-18 00:00:00,3.0050000000000003
2014-11-18 01:00:00,3.66
2014-11-18 02:00:00,5.87
2014-11-18 03:00:00,5.598333333333334
2014-11-18 04:00:00,4.47
2014-11-18 05:00:00,4.786666666666666
2014-11-18 06:00:00,5.303333333333334
2014-11-18 07:00:00,5.295
2014-11-18 08:00:00,4.718333333333333
2014-11-18 09:00:00,5.085
2014-11-18 10:00:00,5.328333333333333
2014-11-18 11:00:00,6.068333333333334
2014-11-18 12:00:00,5.998333333333334
2014-11-18 13:00:00,5.2683333333333335
2014-11-18 14:00:00,5.6066666666666665
2014-11-18 15:00:00,4.911666666666666
2014-11-18 16:00:00,4.2716666666666665
2014-11-18 17:00:00,4.198333333333333
2014-11-18 18:00:00,4.39
2014-11-18 19:00:00,4.95
2014-11-18 20:00:00,4.085
2014-11-18 21:00:00,4.133333333333334
2014-11-18 22:00:00,4.391666666666667
2014-11-18 23:00:00,4.765
2014-11-19 00:00:00,3.75
2014-11-19 01:00:00,3.733333333333333
2014-11-19 02:00:00,3.74
2014-11-19 03:00:00,3.4133333333333336
2014-11-19 04:00:00,2.95
2014-11-19 05:00:00,1.9483333333333333
2014-11-19 06:00:00,1.163333333333333
2014-11-19 07:00:00,1.2916666666666667
2014-11-19 08:00:00,1.0733333333333333
2014-11-19 09:00:00,1.6183333333333332
2014-11-19 10:00:00,1.58
2014-11-19 11:00:00,1.2983333333333331
2014-11-19 12:00:00,0.7666666666666666
2014-11-19 13:00:00,0.975
2014-11-19 14:00:00,1.32
2014-11-19 15:00:00,0.6633333333333333
2014-11-19 16:00:00,0.82
2014-11-19 17:00:00,0.5766666666666667
2014-11-19 18:00:00,0.5016666666666667
2014-11-19 19:00:00,0.5516666666666666
2014-11-19 20:00:00,0.815
2014-11-19 21:00:00,0.8216666666666667
2014-11-19 22:00:00,0.8649999999999999
2014-11-19 23:00:00,0.8716666666666666
2014-11-20 00:00:00,0.7050000000000001
2014-11-20 01:00:00,0.7516666666666666
2014-11-20 02:00:00,0.5916666666666667
2014-11-20 03:00:00,0.4816666666666667
2014-11-20 04:00:00,1.1416666666666666
2014-11-20 05:00:00,1.365
2014-11-20 06:00:00,1.1916666666666669
2014-11-20 07:00:00,1.49
2014-11-20 08:00:00,1.315
2014-11-20 09:00:00,2.2416666666666667
2014-11-20 10:00:00,3.401666666666667
2014-11-20 11:00:00,3.4483333333333337
2014-11-20 12:00:00,2.228333333333333
2014-11-20 13:00:00,2.388333333333333
2014-11-20 14:00:00,2.685
2014-11-20 15:00:00,2.393333333333333
2014-11-20 16:00:00,1.6900000000000002
2014-11-20 17:00:00,1.88
2014-11-20 18:00:00,1.5316666666666665
2014-11-20 19:00:00,1.5083333333333335
2014-11-20 20:00:00,1.1216666666666666
2014-11-20 21:00:00,0.7416666666666667
2014-11-20 22:00:00,0.7483333333333334
2014-11-20 23:00:00,0.7066666666666667
2014-11-21 00:00:00,1.265
2014-11-21 01:00:00,1.4766666666666666
2014-11-21 02:00:00,1.6033333333333335
2014-11-21 03:00:00,1.14
2014-11-21 04:00:00,1.045
2014-11-21 05:00:00,0.9966666666666668
2014-11-21 06:00:00,0.5266666666666667
2014-11-21 07:00:00,0.7083333333333334
2014-11-21 08:00:00,0.9250000000000002
2014-11-21 09:00:00,1.6016666666666666
2014-11-21 10:00:00,1.2866666666666666
2014-11-21 11:00:00,1.54
2014-11-21 12:00:00,1.535
2014-11-21 13:00:00,1.6083333333333334
2014-11-21 14:00:00,1.278333333333333
2014-11-21 15:00:00,0.7733333333333334
2014-11-21 16:00:00,0.6783333333333333
2014-11-21 17:00:00,0.8116666666666666
2014-11-21 18:00:00,0.6766666666666667
2014-11-21 19:00:00,0.7050000000000001
2014-11-21 20:00:00,1.1733333333333331
2014-11-21 21:00:00,1.4183333333333332
2014-11-21 22:00:00,1.2633333333333334
2014-11-21 23:00:00,1.8783333333333327
2014-11-22 00:00:00,1.231666666666667
2014-11-22 01:00:00,0.9366666666666666
2014-11-22 02:00:00,0.8416666666666667
2014-11-22 03:00:00,1.1683333333333332
2014-11-22 04:00:00,1.758333333333333
2014-11-22 05:00:00,1.5
2014-11-22 06:00:00,2.39
2014-11-22 07:00:00,2.035
2014-11-22 08:00:00,1.6316666666666666
2014-11-22 09:00:00,1.6783333333333337
2014-11-22 10:00:00,2.43
2014-11-22 11:00:00,2.3366666666666664
2014-11-22 12:00:00,2.208333333333333
2014-11-22 13:00:00,1.8316666666666668
2014-11-22 14:00:00,1.55
2014-11-22 15:00:00,1.4383333333333332
2014-11-22 16:00:00,1.82
2014-11-22 17:00:00,2.228333333333333
2014-11-22 18:00:00,2.685
2014-11-22 19:00:00,2.1750000000000003
2014-11-22 20:00:00,2.313333333333333
2014-11-22 21:00:00,2.208333333333333
2014-11-22 22:00:00,2.235
2014-11-22 23:00:00,2.3466666666666667
2014-11-23 00:00:00,2.5616666666666665
2014-11-23 01:00:00,2.32
2014-11-23 02:00:00,2.285
2014-11-23 03:00:00,1.76
2014-11-23 04:00:00,1.596666666666667
2014-11-23 05:00:00,2.5016666666666665
2014-11-23 06:00:00,1.8233333333333333
2014-11-23 07:00:00,1.65
2014-11-23 08:00:00,1.1833333333333331
2014-11-23 09:00:00,0.9266666666666666
2014-11-23 10:00:00,1.0816666666666668
2014-11-23 11:00:00,2.995
2014-11-23 12:00:00,3.0966666666666662
2014-11-23 13:00:00,2.9966666666666666
2014-11-23 14:00:00,1.78
2014-11-23 15:00:00,1.22
2014-11-23 16:00:00,1.9483333333333333
2014-11-23 17:00:00,1.3783333333333332
2014-11-23 18:00:00,1.971666666666667
2014-11-23 19:00:00,2.316666666666667
2014-11-23 20:00:00,2.54
2014-11-23 21:00:00,3.236666666666667
2014-11-23 22:00:00,2.776666666666667
2014-11-23 23:00:00,3.0716666666666668
2014-11-24 00:00:00,3.535
2014-11-24 01:00:00,4.178333333333334
2014-11-24 02:00:00,3.1750000000000003
2014-11-24 03:00:00,3.2783333333333338
2014-11-24 04:00:00,3.095
2014-11-24 05:00:00,1.8233333333333333
2014-11-24 06:00:00,1.0233333333333334
2014-11-24 07:00:00,1.34
2014-11-24 08:00:00,0.92
2014-11-24 09:00:00,2.3833333333333333
2014-11-24 10:00:00,1.3733333333333333
2014-11-24 11:00:00,1.018333333333333
2014-11-24 12:00:00,0.6116666666666667
2014-11-24 13:00:00,1.335
2014-11-24 14:00:00,1.5
2014-11-24 15:00:00,1.6916666666666669
2014-11-24 16:00:00,2.091666666666667
2014-11-24 17:00:00,1.255
2014-11-24 18:00:00,0.8116666666666666
2014-11-24 19:00:00,0.7283333333333334
2014-11-24 20:00:00,0.6966666666666667
2014-11-24 21:00:00,0.7783333333333333
2014-11-24 22:00:00,0.7966666666666667
2014-11-24 23:00:00,0.6566666666666666
2014-11-25 00:00:00,0.4599999999999999
2014-11-25 01:00:00,0.985
2014-11-25 02:00:00,1.5733333333333333
2014-11-25 03:00:00,0.9566666666666668
2014-11-25 04:00:00,1.4516666666666669
2014-11-25 05:00:00,1.231666666666667
2014-11-25 06:00:00,1.5616666666666668
2014-11-25 07:00:00,2.333333333333333
2014-11-25 08:00:00,1.8766666666666667
2014-11-25 09:00:00,1.7383333333333333
2014-11-25 10:00:00,1.8166666666666669
2014-11-25 11:00:00,0.7833333333333333
2014-11-25 12:00:00,0.985
2014-11-25 13:00:00,0.5816666666666667
2014-11-25 14:00:00,0.4049999999999999
2014-11-25 15:00:00,0.375
2014-11-25 16:00:00,0.615
2014-11-25 17:00:00,0.735
2014-11-25 18:00:00,0.7116666666666666
2014-11-25 19:00:00,0.8216666666666667
2014-11-25 20:00:00,1.97
2014-11-25 21:00:00,1.4833333333333334
2014-11-25 22:00:00,1.7566666666666666
2014-11-25 23:00:00,0.8366666666666666
2014-11-26 00:00:00,0.6183333333333333
2014-11-26 01:00:00,0.6933333333333334
2014-11-26 02:00:00,0.8033333333333333
2014-11-26 03:00:00,0.65
2014-11-26 04:00:00,0.685
2014-11-26 05:00:00,0.5916666666666667
2014-11-26 06:00:00,0.8516666666666666
2014-11-26 07:00:00,0.5950000000000001
2014-11-26 08:00:00,0.94
2014-11-26 09:00:00,0.7616666666666667
2014-11-26 10:00:00,0.7566666666666667
2014-11-26 11:00:00,0.5916666666666667
2014-11-26 12:00:00,1.3116666666666668
2014-11-26 13:00:00,1.84
2014-11-26 14:00:00,1.615
2014-11-26 15:00:00,1.6866666666666663
2014-11-26 16:00:00,0.9933333333333332
2014-11-26 17:00:00,1.1816666666666666
2014-11-26 18:00:00,1.356666666666667
2014-11-26 19:00:00,1.2983333333333331
2014-11-26 20:00:00,1.3066666666666666
2014-11-26 21:00:00,0.9416666666666668
2014-11-26 22:00:00,1.0266666666666666
2014-11-26 23:00:00,0.7200000000000001
2014-11-27 00:00:00,0.3883333333333333
2014-11-27 01:00:00,0.6083333333333333
2014-11-27 02:00:00,0.9316666666666666
2014-11-27 03:00:00,1.025
2014-11-27 04:00:00,0.635
2014-11-27 05:00:00,0.58
2014-11-27 06:00:00,1.1383333333333334
2014-11-27 07:00:00,0.37
2014-11-27 08:00:00,0.265
2014-11-27 09:00:00,0.3683333333333333
2014-11-27 10:00:00,1.038333333333333
2014-11-27 11:00:00,1.711666666666667
2014-11-27 12:00:00,2.723333333333333
2014-11-27 13:00:00,2.811666666666667
2014-11-27 14:00:00,3.39
2014-11-27 15:00:00,2.525
2014-11-27 16:00:00,1.6383333333333334
2014-11-27 17:00:00,1.1566666666666667
2014-11-27 18:00:00,1.5216666666666665
2014-11-27 19:00:00,1.1900000000000002
2014-11-27 20:00:00,1.518333333333333
2014-11-27 21:00:00,2.335
2014-11-27 22:00:00,2.28
2014-11-27 23:00:00,1.7466666666666668
2014-11-28 00:00:00,1.5166666666666666
2014-11-28 01:00:00,1.8133333333333328
2014-11-28 02:00:00,1.0516666666666667
2014-11-28 03:00:00,0.895
2014-11-28 04:00:00,1.0216666666666667
2014-11-28 05:00:00,1.6450000000000002
2014-11-28 06:00:00,2.2916666666666665
2014-11-28 07:00:00,1.9483333333333333
2014-11-28 08:00:00,1.5116666666666667
2014-11-28 09:00:00,2.575
2014-11-28 10:00:00,1.8666666666666665
2014-11-28 11:00:00,2.6466666666666665
2014-11-28 12:00:00,3.233333333333333
2014-11-28 13:00:00,3.28
2014-11-28 14:00:00,2.775
2014-11-28 15:00:00,2.3516666666666666
2014-11-28 16:00:00,2.035
2014-11-28 17:00:00,2.2266666666666666
2014-11-28 18:00:00,3.1283333333333334
2014-11-28 19:00:00,2.9233333333333333
2014-11-28 20:00:00,3.2900000000000005
2014-11-28 21:00:00,3.145
2014-11-28 22:00:00,2.495
2014-11-28 23:00:00,1.965
2014-11-29 00:00:00,2.2266666666666666
2014-11-29 01:00:00,1.8283333333333331
2014-11-29 02:00:00,2.361666666666667
2014-11-29 03:00:00,2.37
2014-11-29 04:00:00,2.111666666666667
2014-11-29 05:00:00,2.7266666666666666
2014-11-29 06:00:00,3.2550000000000003
2014-11-29 07:00:00,2.9933333333333336
2014-11-29 08:00:00,2.773333333333333
2014-11-29 09:00:00,2.361666666666667
2014-11-29 10:00:00,2.005
2014-11-29 11:00:00,2.165
2014-11-29 12:00:00,2.52
2014-11-29 13:00:00,2.901666666666667
2014-11-29 14:00:00,2.703333333333333
2014-11-29 15:00:00,2.725
2014-11-29 16:00:00,2.066666666666667
2014-11-29 17:00:00,1.475
2014-11-29 18:00:00,2.841666666666667
2014-11-29 19:00:00,2.6633333333333336
2014-11-29 20:00:00,2.233333333333333
2014-11-29 21:00:00,1.923333333333333
2014-11-29 22:00:00,1.3133333333333332
2014-11-29 23:00:00,1.68
2014-11-30 00:00:00,2.0616666666666665
2014-11-30 01:00:00,1.205
2014-11-30 02:00:00,1.1933333333333334
2014-11-30 03:00:00,1.27
2014-11-30 04:00:00,0.9466666666666668
2014-11-30 05:00:00,2.58
2014-11-30 06:00:00,2.401666666666667
2014-11-30 07:00:00,1.4483333333333337
2014-11-30 08:00:00,1.3283333333333334
2014-11-30 09:00:00,1.0516666666666667
2014-11-30 10:00:00,1.2183333333333335
2014-11-30 11:00:00,1.528333333333333
2014-11-30 12:00:00,1.981666666666667
2014-11-30 13:00:00,1.34
2014-11-30 14:00:00,1.46
2014-11-30 15:00:00,2.143333333333333
2014-11-30 16:00:00,1.8866666666666667
2014-11-30 17:00:00,2.09
2014-11-30 18:00:00,2.8516666666666666
2014-11-30 19:00:00,1.745
2014-11-30 20:00:00,2.9250000000000003
2014-11-30 21:00:00,3.225
2014-11-30 22:00:00,3.53
2014-11-30 23:00:00,3.0966666666666662
2014-12-01 00:00:00,3.2383333333333333
2014-12-01 01:00:00,2.856666666666667
2014-12-01 02:00:00,3.645
2014-12-01 03:00:00,3.8333333333333335
2014-12-01 04:00:00,3.6166666666666663
2014-12-01 05:00:00,3.76
2014-12-01 06:00:00,3.785
2014-12-01 07:00:00,3.69
2014-12-01 08:00:00,4.2316666666666665
2014-12-01 09:00:00,3.3166666666666664
2014-12-01 10:00:00,4.943333333333333
2014-12-01 11:00:00,4.713333333333334
2014-12-01 12:00:00,5.763333333333333
2014-12-01 13:00:00,7.016666666666666
2014-12-01 14:00:00,4.71
2014-12-01 15:00:00,4.843333333333334
2014-12-01 16:00:00,4.881666666666667
2014-12-01 17:00:00,5.445
2014-12-01 18:00:00,4.945
2014-12-01 19:00:00,4.425
2014-12-01 20:00:00,4.668333333333333
2014-12-01 21:00:00,3.911666666666666
2014-12-01 22:00:00,3.11
2014-12-01 23:00:00,3.198333333333333
2014-12-02 00:00:00,2.8183333333333334
2014-12-02 01:00:00,2.5216666666666665
2014-12-02 02:00:00,3.8216666666666663
2014-12-02 03:00:00,3.67
2014-12-02 04:00:00,2.8666666666666667
2014-12-02 05:00:00,3.0400000000000005
2014-12-02 06:00:00,2.566666666666667
2014-12-02 07:00:00,2.873333333333333
2014-12-02 08:00:00,2.725
2014-12-02 09:00:00,2.885
2014-12-02 10:00:00,3.248333333333333
2014-12-02 11:00:00,2.9616666666666664
2014-12-02 12:00:00,2.8516666666666666
2014-12-02 13:00:00,2.786666666666666
2014-12-02 14:00:00,3.2566666666666664
2014-12-02 15:00:00,3.595
2014-12-02 16:00:00,3.25
2014-12-02 17:00:00,3.083333333333333
2014-12-02 18:00:00,3.188333333333333
2014-12-02 19:00:00,3.3183333333333334
2014-12-02 20:00:00,4.046666666666667
2014-12-02 21:00:00,3.628333333333333
2014-12-02 22:00:00,4.043333333333334
2014-12-02 23:00:00,2.983333333333333
2014-12-03 00:00:00,2.2266666666666666
2014-12-03 01:00:00,2.273333333333333
2014-12-03 02:00:00,2.08
2014-12-03 03:00:00,1.8233333333333333
2014-12-03 04:00:00,2.3016666666666667
2014-12-03 05:00:00,2.5483333333333333
2014-12-03 06:00:00,2.61
2014-12-03 07:00:00,2.43
2014-12-03 08:00:00,2.938333333333333
2014-12-03 09:00:00,3.2116666666666664
2014-12-03 10:00:00,3.1333333333333333
2014-12-03 11:00:00,3.52
2014-12-03 12:00:00,3.395
2014-12-03 13:00:00,3.798333333333333
2014-12-03 14:00:00,3.036666666666666
2014-12-03 15:00:00,3.516666666666667
2014-12-03 16:00:00,3.361666666666667
2014-12-03 17:00:00,2.985
2014-12-03 18:00:00,2.5083333333333333
2014-12-03 19:00:00,2.905
2014-12-03 20:00:00,2.92
2014-12-03 21:00:00,2.7583333333333333
2014-12-03 22:00:00,3.03
2014-12-03 23:00:00,2.748333333333333
2014-12-04 00:00:00,2.9633333333333334
2014-12-04 01:00:00,2.7216666666666662
2014-12-04 02:00:00,2.4966666666666666
2014-12-04 03:00:00,2.65
2014-12-04 04:00:00,2.11
2014-12-04 05:00:00,1.981666666666667
2014-12-04 06:00:00,2.54
2014-12-04 07:00:00,2.125
2014-12-04 08:00:00,1.5983333333333334
2014-12-04 09:00:00,1.2233333333333334
2014-12-04 10:00:00,1.0616666666666668
2014-12-04 11:00:00,1.195
2014-12-04 12:00:00,1.2583333333333333
2014-12-04 13:00:00,0.7066666666666667
2014-12-04 14:00:00,0.5966666666666667
2014-12-04 15:00:00,0.3683333333333333
2014-12-04 16:00:00,0.4233333333333333
2014-12-04 17:00:00,0.6083333333333333
2014-12-04 18:00:00,0.6333333333333333
2014-12-04 19:00:00,0.94
2014-12-04 20:00:00,0.555
2014-12-04 21:00:00,1.0233333333333332
2014-12-04 22:00:00,0.7483333333333334
2014-12-04 23:00:00,0.9266666666666667
2014-12-05 00:00:00,0.775
2014-12-05 01:00:00,0.6983333333333334
2014-12-05 02:00:00,1.12
2014-12-05 03:00:00,0.75
2014-12-05 04:00:00,0.44
2014-12-05 05:00:00,0.3316666666666666
2014-12-05 06:00:00,0.5466666666666666
2014-12-05 07:00:00,0.7283333333333334
2014-12-05 08:00:00,0.99
2014-12-05 09:00:00,0.3783333333333333
2014-12-05 10:00:00,0.5866666666666667
2014-12-05 11:00:00,0.7949999999999999
2014-12-05 12:00:00,0.745
2014-12-05 13:00:00,0.6033333333333334
2014-12-05 14:00:00,0.5599999999999999
2014-12-05 15:00:00,0.4966666666666666
2014-12-05 16:00:00,0.92
2014-12-05 17:00:00,0.6583333333333333
2014-12-05 18:00:00,0.6916666666666668
2014-12-05 19:00:00,0.5216666666666666
2014-12-05 20:00:00,0.7266666666666667
2014-12-05 21:00:00,0.7033333333333333
2014-12-05 22:00:00,0.5383333333333333
2014-12-05 23:00:00,0.52
2014-12-06 00:00:00,0.895
2014-12-06 01:00:00,1.105
2014-12-06 02:00:00,0.7200000000000001
2014-12-06 03:00:00,0.6216666666666667
2014-12-06 04:00:00,0.6116666666666667
2014-12-06 05:00:00,0.3916666666666666
2014-12-06 06:00:00,0.415
2014-12-06 07:00:00,0.4049999999999999
2014-12-06 08:00:00,0.4116666666666666
2014-12-06 09:00:00,0.43
2014-12-06 10:00:00,0.6966666666666667
2014-12-06 11:00:00,0.5733333333333334
2014-12-06 12:00:00,0.6749999999999999
2014-12-06 13:00:00,1.0
2014-12-06 14:00:00,1.1283333333333332
2014-12-06 15:00:00,0.9216666666666664
2014-12-06 16:00:00,0.785
2014-12-06 17:00:00,1.3633333333333333
2014-12-06 18:00:00,1.455
2014-12-06 19:00:00,1.0366666666666666
2014-12-06 20:00:00,0.4933333333333333
2014-12-06 21:00:00,0.4116666666666667
2014-12-06 22:00:00,0.3866666666666666
2014-12-06 23:00:00,0.345
2014-12-07 00:00:00,0.37
2014-12-07 01:00:00,0.295
2014-12-07 02:00:00,0.3583333333333333
2014-12-07 03:00:00,0.425
2014-12-07 04:00:00,0.555
2014-12-07 05:00:00,0.4666666666666666
2014-12-07 06:00:00,0.615
2014-12-07 07:00:00,0.695
2014-12-07 08:00:00,0.7516666666666666
2014-12-07 09:00:00,0.5416666666666666
2014-12-07 10:00:00,0.62
2014-12-07 11:00:00,1.0216666666666667
2014-12-07 12:00:00,1.0983333333333334
2014-12-07 13:00:00,1.0083333333333335
2014-12-07 14:00:00,2.3466666666666662
2014-12-07 15:00:00,2.3633333333333333
2014-12-07 16:00:00,2.23
2014-12-07 17:00:00,1.6900000000000002
2014-12-07 18:00:00,1.53
2014-12-07 19:00:00,2.4616666666666664
2014-12-07 20:00:00,1.278333333333333
2014-12-07 21:00:00,4.178333333333334
2014-12-07 22:00:00,4.321666666666666
2014-12-07 23:00:00,4.3533333333333335
2014-12-08 00:00:00,4.775
2014-12-08 01:00:00,4.111666666666666
2014-12-08 02:00:00,2.1566666666666667
2014-12-08 03:00:00,1.8016666666666667
2014-12-08 04:00:00,1.55
2014-12-08 05:00:00,0.8633333333333333
2014-12-08 06:00:00,1.84
2014-12-08 07:00:00,1.5016666666666667
2014-12-08 08:00:00,1.8233333333333333
2014-12-08 09:00:00,1.0233333333333332
2014-12-08 10:00:00,1.768333333333333
2014-12-08 11:00:00,3.311666666666667
2014-12-08 12:00:00,1.8683333333333332
2014-12-08 13:00:00,2.105
2014-12-08 14:00:00,2.1416666666666666
2014-12-08 15:00:00,1.8966666666666667
2014-12-08 16:00:00,1.3066666666666666
2014-12-08 17:00:00,2.29
2014-12-08 18:00:00,1.2983333333333331
2014-12-08 19:00:00,1.3616666666666666
2014-12-08 20:00:00,1.5133333333333334
2014-12-08 21:00:00,0.8883333333333333
2014-12-08 22:00:00,0.73
2014-12-08 23:00:00,0.935
2014-12-09 00:00:00,0.9583333333333334
2014-12-09 01:00:00,0.5983333333333333
2014-12-09 02:00:00,1.005
2014-12-09 03:00:00,0.5916666666666667
2014-12-09 04:00:00,0.9116666666666666
2014-12-09 05:00:00,0.6616666666666666
2014-12-09 06:00:00,0.7916666666666666
2014-12-09 07:00:00,0.8816666666666667
2014-12-09 08:00:00,0.9933333333333332
2014-12-09 09:00:00,0.7666666666666666
2014-12-09 10:00:00,1.1033333333333333
2014-12-09 11:00:00,0.905
2014-12-09 12:00:00,0.765
2014-12-09 13:00:00,0.8333333333333334
2014-12-09 14:00:00,0.8850000000000001
2014-12-09 15:00:00,0.64
2014-12-09 16:00:00,1.08
2014-12-09 17:00:00,1.235
2014-12-09 18:00:00,1.086666666666667
2014-12-09 19:00:00,0.835
2014-12-09 20:00:00,1.231666666666667
2014-12-09 21:00:00,1.2033333333333334
2014-12-09 22:00:00,1.0266666666666666
2014-12-09 23:00:00,1.935
2014-12-10 00:00:00,3.081666666666667
2014-12-10 01:00:00,2.381666666666667
2014-12-10 02:00:00,2.13
2014-12-10 03:00:00,2.03
2014-12-10 04:00:00,3.1283333333333334
2014-12-10 05:00:00,3.333333333333333
2014-12-10 06:00:00,3.3516666666666666
2014-12-10 07:00:00,5.298333333333333
2014-12-10 08:00:00,3.721666666666666
2014-12-10 09:00:00,4.965
2014-12-10 10:00:00,5.551666666666667
2014-12-10 11:00:00,6.998333333333334
2014-12-10 12:00:00,6.748333333333334
2014-12-10 13:00:00,6.945
2014-12-10 14:00:00,7.898333333333333
2014-12-10 15:00:00,6.218333333333334
2014-12-10 16:00:00,6.2250000000000005
2014-12-10 17:00:00,5.853333333333333
2014-12-10 18:00:00,6.375
2014-12-10 19:00:00,6.238333333333333
2014-12-10 20:00:00,5.506666666666667
2014-12-10 21:00:00,4.966666666666667
2014-12-10 22:00:00,3.12
2014-12-10 23:00:00,3.123333333333333
2014-12-11 00:00:00,2.8366666666666664
2014-12-11 01:00:00,3.578333333333333
2014-12-11 02:00:00,3.7883333333333336
2014-12-11 03:00:00,2.605
2014-12-11 04:00:00,2.418333333333333
2014-12-11 05:00:00,2.565
2014-12-11 06:00:00,2.685
2014-12-11 07:00:00,3.98
2014-12-11 08:00:00,4.986666666666667
2014-12-11 09:00:00,3.625
2014-12-11 10:00:00,3.95
2014-12-11 11:00:00,7.368333333333333
2014-12-11 12:00:00,6.423333333333333
2014-12-11 13:00:00,5.2700000000000005
2014-12-11 14:00:00,4.978333333333333
2014-12-11 15:00:00,5.075
2014-12-11 16:00:00,5.454999999999999
2014-12-11 17:00:00,5.359999999999999
2014-12-11 18:00:00,3.185
2014-12-11 19:00:00,2.806666666666666
2014-12-11 20:00:00,2.575
2014-12-11 21:00:00,2.3016666666666667
2014-12-11 22:00:00,1.7700000000000002
2014-12-11 23:00:00,1.4733333333333334
2014-12-12 00:00:00,2.098333333333333
2014-12-12 01:00:00,2.0016666666666665
2014-12-12 02:00:00,1.8966666666666665
2014-12-12 03:00:00,4.558333333333334
2014-12-12 04:00:00,3.88
2014-12-12 05:00:00,3.95
2014-12-12 06:00:00,3.348333333333333
2014-12-12 07:00:00,5.541666666666667
2014-12-12 08:00:00,7.0183333333333335
2014-12-12 09:00:00,7.595
2014-12-12 10:00:00,7.233333333333333
2014-12-12 11:00:00,7.866666666666667
2014-12-12 12:00:00,10.238333333333332
2014-12-12 13:00:00,10.581666666666669
2014-12-12 14:00:00,11.08
2014-12-12 15:00:00,10.488333333333332
2014-12-12 16:00:00,11.056666666666668
2014-12-12 17:00:00,11.051666666666668
2014-12-12 18:00:00,8.718333333333334
2014-12-12 19:00:00,8.985000000000001
2014-12-12 20:00:00,8.459999999999999
2014-12-12 21:00:00,9.146666666666668
2014-12-12 22:00:00,7.638333333333333
2014-12-12 23:00:00,6.825
2014-12-13 00:00:00,3.891666666666667
2014-12-13 01:00:00,2.408333333333333
2014-12-13 02:00:00,2.7783333333333338
2014-12-13 03:00:00,2.1316666666666664
2014-12-13 04:00:00,2.083333333333333
2014-12-13 05:00:00,2.066666666666667
2014-12-13 06:00:00,2.8216666666666668
2014-12-13 07:00:00,1.7916666666666667
2014-12-13 08:00:00,2.1416666666666666
2014-12-13 09:00:00,1.788333333333333
2014-12-13 10:00:00,2.08
2014-12-13 11:00:00,1.2833333333333334
2014-12-13 12:00:00,1.1516666666666666
2014-12-13 13:00:00,1.0883333333333334
2014-12-13 14:00:00,0.7200000000000001
2014-12-13 15:00:00,0.6283333333333333
2014-12-13 16:00:00,1.2083333333333333
2014-12-13 17:00:00,0.7016666666666667
2014-12-13 18:00:00,0.6633333333333333
2014-12-13 19:00:00,0.875
2014-12-13 20:00:00,0.4416666666666666
2014-12-13 21:00:00,0.7266666666666667
2014-12-13 22:00:00,0.5333333333333333
2014-12-13 23:00:00,0.8283333333333335
2014-12-14 00:00:00,0.7683333333333334
2014-12-14 01:00:00,0.6483333333333333
2014-12-14 02:00:00,0.69
2014-12-14 03:00:00,0.6433333333333333
2014-12-14 04:00:00,0.965
2014-12-14 05:00:00,0.9966666666666668
2014-12-14 06:00:00,1.0933333333333335
2014-12-14 07:00:00,1.1233333333333333
2014-12-14 08:00:00,1.028333333333333
2014-12-14 09:00:00,0.8366666666666666
2014-12-14 10:00:00,0.7933333333333333
2014-12-14 11:00:00,0.755
2014-12-14 12:00:00,0.805
2014-12-14 13:00:00,0.6616666666666667
2014-12-14 14:00:00,0.85
2014-12-14 15:00:00,0.9866666666666668
2014-12-14 16:00:00,0.9616666666666668
2014-12-14 17:00:00,0.7983333333333333
2014-12-14 18:00:00,0.8833333333333333
2014-12-14 19:00:00,1.02
2014-12-14 20:00:00,0.8533333333333334
2014-12-14 21:00:00,1.3549999999999998
2014-12-14 22:00:00,1.9416666666666664
2014-12-14 23:00:00,1.9583333333333333
2014-12-15 00:00:00,1.1716666666666666
2014-12-15 01:00:00,1.288333333333333
2014-12-15 02:00:00,1.525
2014-12-15 03:00:00,0.7399999999999999
2014-12-15 04:00:00,0.4566666666666667
2014-12-15 05:00:00,0.6483333333333333
2014-12-15 06:00:00,1.2633333333333334
2014-12-15 07:00:00,1.915
2014-12-15 08:00:00,4.6000000000000005
2014-12-15 09:00:00,4.831666666666666
2014-12-15 10:00:00,6.173333333333333
2014-12-15 11:00:00,4.076666666666667
2014-12-15 12:00:00,5.448333333333333
2014-12-15 13:00:00,4.954999999999999
2014-12-15 14:00:00,3.7566666666666655
2014-12-15 15:00:00,3.626666666666667
2014-12-15 16:00:00,3.01
2014-12-15 17:00:00,1.2383333333333333
2014-12-15 18:00:00,0.7616666666666667
2014-12-15 19:00:00,0.8483333333333333
2014-12-15 20:00:00,0.805
2014-12-15 21:00:00,1.41
2014-12-15 22:00:00,1.4
2014-12-15 23:00:00,1.145
2014-12-16 00:00:00,1.26
2014-12-16 01:00:00,1.0516666666666667
2014-12-16 02:00:00,0.7833333333333333
2014-12-16 03:00:00,0.8516666666666667
2014-12-16 04:00:00,0.6699999999999999
2014-12-16 05:00:00,0.9133333333333332
2014-12-16 06:00:00,0.7733333333333334
2014-12-16 07:00:00,1.2033333333333334
2014-12-16 08:00:00,1.2233333333333334
2014-12-16 09:00:00,1.115
2014-12-16 10:00:00,1.405
2014-12-16 11:00:00,3.178333333333333
2014-12-16 12:00:00,3.1366666666666667
2014-12-16 13:00:00,3.923333333333334
2014-12-16 14:00:00,1.4566666666666668
2014-12-16 15:00:00,0.6383333333333333
2014-12-16 16:00:00,0.6316666666666667
2014-12-16 17:00:00,1.8216666666666663
2014-12-16 18:00:00,1.5016666666666667
2014-12-16 19:00:00,0.8816666666666667
2014-12-16 20:00:00,1.6583333333333332
2014-12-16 21:00:00,1.8533333333333333
2014-12-16 22:00:00,1.7933333333333332
2014-12-16 23:00:00,2.34
2014-12-17 00:00:00,2.188333333333333
2014-12-17 01:00:00,1.6833333333333331
2014-12-17 02:00:00,1.3733333333333333
2014-12-17 03:00:00,0.515
2014-12-17 04:00:00,0.785
2014-12-17 05:00:00,1.6966666666666663
2014-12-17 06:00:00,2.6283333333333334
2014-12-17 07:00:00,2.13
2014-12-17 08:00:00,1.53
2014-12-17 09:00:00,1.721666666666667
2014-12-17 10:00:00,2.3233333333333337
2014-12-17 11:00:00,2.063333333333333
2014-12-17 12:00:00,3.626666666666667
2014-12-17 13:00:00,4.41
2014-12-17 14:00:00,3.89
2014-12-17 15:00:00,3.361666666666667
2014-12-17 16:00:00,3.8683333333333336
2014-12-17 17:00:00,5.273333333333333
2014-12-17 18:00:00,4.455
2014-12-17 19:00:00,5.891666666666667
2014-12-17 20:00:00,5.775
2014-12-17 21:00:00,6.031666666666666
2014-12-17 22:00:00,5.361666666666667
2014-12-17 23:00:00,5.506666666666667
2014-12-18 00:00:00,3.995
2014-12-18 01:00:00,3.776666666666667
2014-12-18 02:00:00,2.006666666666667
2014-12-18 03:00:00,3.591666666666667
2014-12-18 04:00:00,3.481666666666667
2014-12-18 05:00:00,3.953333333333333
2014-12-18 06:00:00,3.77
2014-12-18 07:00:00,2.5716666666666668
2014-12-18 08:00:00,2.6533333333333333
2014-12-18 09:00:00,2.305
2014-12-18 10:00:00,3.5766666666666667
2014-12-18 11:00:00,5.583333333333333
2014-12-18 12:00:00,5.948333333333333
2014-12-18 13:00:00,5.446666666666666
2014-12-18 14:00:00,4.0633333333333335
2014-12-18 15:00:00,3.891666666666667
2014-12-18 16:00:00,5.175
2014-12-18 17:00:00,5.083333333333333
2014-12-18 18:00:00,3.3000000000000003
2014-12-18 19:00:00,3.5766666666666667
2014-12-18 20:00:00,3.083333333333333
2014-12-18 21:00:00,1.885
2014-12-18 22:00:00,2.2466666666666666
2014-12-18 23:00:00,2.1166666666666667
2014-12-19 00:00:00,2.6766666666666663
2014-12-19 01:00:00,4.151666666666666
2014-12-19 02:00:00,3.811666666666667
2014-12-19 03:00:00,7.401666666666666
2014-12-19 04:00:00,5.205
2014-12-19 05:00:00,5.676666666666667
2014-12-19 06:00:00,5.593333333333334
2014-12-19 07:00:00,7.010000000000001
2014-12-19 08:00:00,6.698333333333333
2014-12-19 09:00:00,9.87
2014-12-19 10:00:00,8.468333333333334
2014-12-19 11:00:00,5.829999999999999
2014-12-19 12:00:00,7.981666666666666
2014-12-19 13:00:00,7.983333333333333
2014-12-19 14:00:00,6.826666666666667
2014-12-19 15:00:00,5.12
2014-12-19 16:00:00,3.7716666666666665
2014-12-19 17:00:00,3.936666666666667
2014-12-19 18:00:00,2.24
2014-12-19 19:00:00,1.515
2014-12-19 20:00:00,1.945
2014-12-19 21:00:00,2.025
2014-12-19 22:00:00,2.563333333333333
2014-12-19 23:00:00,2.29
2014-12-20 00:00:00,1.795
2014-12-20 01:00:00,1.82
2014-12-20 02:00:00,2.015
2014-12-20 03:00:00,2.186666666666667
2014-12-20 04:00:00,3.313333333333333
2014-12-20 05:00:00,2.5166666666666666
2014-12-20 06:00:00,2.888333333333333
2014-12-20 07:00:00,2.6950000000000003
2014-12-20 08:00:00,2.3766666666666665
2014-12-20 09:00:00,3.165
2014-12-20 10:00:00,4.9366666666666665
2014-12-20 11:00:00,4.493333333333333
2014-12-20 12:00:00,4.511666666666667
2014-12-20 13:00:00,5.203333333333333
2014-12-20 14:00:00,4.578333333333333
2014-12-20 15:00:00,3.5116666666666667
2014-12-20 16:00:00,3.9766666666666666
2014-12-20 17:00:00,2.986666666666667
2014-12-20 18:00:00,3.4483333333333337
2014-12-20 19:00:00,3.12
2014-12-20 20:00:00,3.6966666666666663
2014-12-20 21:00:00,3.208333333333333
2014-12-20 22:00:00,2.803333333333333
2014-12-20 23:00:00,3.0116666666666667
2014-12-21 00:00:00,2.825
2014-12-21 01:00:00,3.1166666666666667
2014-12-21 02:00:00,3.0583333333333336
2014-12-21 03:00:00,3.046666666666667
2014-12-21 04:00:00,2.965
2014-12-21 05:00:00,2.648333333333333
2014-12-21 06:00:00,2.94
2014-12-21 07:00:00,2.5733333333333337
2014-12-21 08:00:00,1.6966666666666663
2014-12-21 09:00:00,2.28
2014-12-21 10:00:00,2.6966666666666668
2014-12-21 11:00:00,2.5783333333333336
2014-12-21 12:00:00,3.1316666666666664
2014-12-21 13:00:00,2.46
2014-12-21 14:00:00,2.458333333333333
2014-12-21 15:00:00,2.481666666666667
2014-12-21 16:00:00,4.98
2014-12-21 17:00:00,4.048333333333333
2014-12-21 18:00:00,6.406666666666666
2014-12-21 19:00:00,6.671666666666667
2014-12-21 20:00:00,6.501666666666666
2014-12-21 21:00:00,6.723333333333333
2014-12-21 22:00:00,5.806666666666668
2014-12-21 23:00:00,6.355
2014-12-22 00:00:00,5.576666666666667
2014-12-22 01:00:00,3.73
2014-12-22 02:00:00,3.688333333333333
2014-12-22 03:00:00,4.665
2014-12-22 04:00:00,7.258333333333333
2014-12-22 05:00:00,6.013333333333333
2014-12-22 06:00:00,8.096666666666666
2014-12-22 07:00:00,7.978333333333333
2014-12-22 08:00:00,7.15
2014-12-22 09:00:00,6.998333333333334
2014-12-22 10:00:00,6.253333333333334
2014-12-22 11:00:00,6.016666666666667
2014-12-22 12:00:00,7.3
2014-12-22 13:00:00,6.868333333333333
2014-12-22 14:00:00,3.3466666666666662
2014-12-22 15:00:00,3.648333333333333
2014-12-22 16:00:00,6.928333333333334
2014-12-22 17:00:00,8.728333333333333
2014-12-22 18:00:00,6.051666666666667
2014-12-22 19:00:00,6.798333333333333
2014-12-22 20:00:00,7.386666666666667
2014-12-22 21:00:00,6.935
2014-12-22 22:00:00,8.36
2014-12-22 23:00:00,6.676666666666667
2014-12-23 00:00:00,4.635
2014-12-23 01:00:00,5.03
2014-12-23 02:00:00,4.006666666666667
2014-12-23 03:00:00,3.32
2014-12-23 04:00:00,3.94
2014-12-23 05:00:00,4.046666666666667
2014-12-23 06:00:00,4.8966666666666665
2014-12-23 07:00:00,2.8766666666666665
2014-12-23 08:00:00,3.8816666666666655
2014-12-23 09:00:00,4.023333333333333
2014-12-23 10:00:00,2.99
2014-12-23 11:00:00,2.445
2014-12-23 12:00:00,2.7116666666666664
2014-12-23 13:00:00,4.591666666666667
2014-12-23 14:00:00,3.5683333333333334
2014-12-23 15:00:00,2.78
2014-12-23 16:00:00,2.841666666666667
2014-12-23 17:00:00,2.62
2014-12-23 18:00:00,3.3816666666666664
2014-12-23 19:00:00,6.678333333333334
2014-12-23 20:00:00,7.088333333333334
2014-12-23 21:00:00,6.16
2014-12-23 22:00:00,6.278333333333333
2014-12-23 23:00:00,6.645
2014-12-24 00:00:00,5.8116666666666665
2014-12-24 01:00:00,3.51
2014-12-24 02:00:00,2.375
2014-12-24 03:00:00,3.185
2014-12-24 04:00:00,2.5
2014-12-24 05:00:00,3.735
2014-12-24 06:00:00,2.556666666666666
2014-12-24 07:00:00,3.37
2014-12-24 08:00:00,2.9416666666666664
2014-12-24 09:00:00,5.505
2014-12-24 10:00:00,7.846666666666667
2014-12-24 11:00:00,7.6
2014-12-24 12:00:00,5.7316666666666665
2014-12-24 13:00:00,7.609999999999999
2014-12-24 14:00:00,6.328333333333333
2014-12-24 15:00:00,3.965
2014-12-24 16:00:00,3.273333333333333
2014-12-24 17:00:00,3.89
2014-12-24 18:00:00,4.421666666666667
2014-12-24 19:00:00,3.6216666666666666
2014-12-24 20:00:00,4.6883333333333335
2014-12-24 21:00:00,4.206666666666667
2014-12-24 22:00:00,1.8966666666666667
2014-12-24 23:00:00,1.5366666666666664
2014-12-25 00:00:00,2.485
2014-12-25 01:00:00,2.7533333333333334
2014-12-25 02:00:00,1.893333333333333
2014-12-25 03:00:00,1.6483333333333334
2014-12-25 04:00:00,0.9333333333333332
2014-12-25 05:00:00,1.2333333333333334
2014-12-25 06:00:00,1.55
2014-12-25 07:00:00,1.295
2014-12-25 08:00:00,1.4366666666666668
2014-12-25 09:00:00,3.3966666666666665
2014-12-25 10:00:00,3.598333333333333
2014-12-25 11:00:00,3.533333333333333
2014-12-25 12:00:00,4.323333333333333
2014-12-25 13:00:00,4.258333333333334
2014-12-25 14:00:00,4.0
2014-12-25 15:00:00,4.258333333333334
2014-12-25 16:00:00,3.2133333333333334
2014-12-25 17:00:00,3.223333333333333
2014-12-25 18:00:00,3.53
2014-12-25 19:00:00,2.565
2014-12-25 20:00:00,2.825
2014-12-25 21:00:00,3.1733333333333333
2014-12-25 22:00:00,2.858333333333333
2014-12-25 23:00:00,2.0466666666666664
2014-12-26 00:00:00,1.8133333333333328
2014-12-26 01:00:00,1.1716666666666666
2014-12-26 02:00:00,1.3266666666666669
2014-12-26 03:00:00,0.9683333333333334
2014-12-26 04:00:00,1.0416666666666667
2014-12-26 05:00:00,1.09
2014-12-26 06:00:00,1.1216666666666668
2014-12-26 07:00:00,1.711666666666667
2014-12-26 08:00:00,1.4016666666666666
2014-12-26 09:00:00,0.9816666666666666
2014-12-26 10:00:00,1.465
2014-12-26 11:00:00,1.1083333333333334
2014-12-26 12:00:00,2.495
2014-12-26 13:00:00,2.055
2014-12-26 14:00:00,1.0333333333333332
2014-12-26 15:00:00,1.4433333333333334
2014-12-26 16:00:00,1.1766666666666663
2014-12-26 17:00:00,1.3
2014-12-26 18:00:00,0.6916666666666668
2014-12-26 19:00:00,1.02
2014-12-26 20:00:00,1.106666666666667
2014-12-26 21:00:00,0.8983333333333333
2014-12-26 22:00:00,1.0116666666666667
2014-12-26 23:00:00,1.3266666666666669
2014-12-27 00:00:00,1.1683333333333332
2014-12-27 01:00:00,1.4383333333333337
2014-12-27 02:00:00,1.1833333333333331
2014-12-27 03:00:00,1.1416666666666666
2014-12-27 04:00:00,1.7300000000000002
2014-12-27 05:00:00,1.7300000000000002
2014-12-27 06:00:00,1.413333333333333
2014-12-27 07:00:00,1.385
2014-12-27 08:00:00,1.9916666666666665
2014-12-27 09:00:00,1.6983333333333333
2014-12-27 10:00:00,1.8266666666666664
2014-12-27 11:00:00,2.135
2014-12-27 12:00:00,3.796666666666667
2014-12-27 13:00:00,3.0766666666666667
2014-12-27 14:00:00,2.2016666666666667
2014-12-27 15:00:00,3.125
2014-12-27 16:00:00,3.44
2014-12-27 17:00:00,3.58
2014-12-27 18:00:00,4.035
2014-12-27 19:00:00,4.285
2014-12-27 20:00:00,4.34
2014-12-27 21:00:00,4.578333333333333
2014-12-27 22:00:00,5.8116666666666665
2014-12-27 23:00:00,4.711666666666667
2014-12-28 00:00:00,5.265
2014-12-28 01:00:00,6.609999999999999
2014-12-28 02:00:00,7.626666666666666
2014-12-28 03:00:00,7.141666666666667
2014-12-28 04:00:00,6.64
2014-12-28 05:00:00,6.3933333333333335
2014-12-28 06:00:00,6.838333333333334
2014-12-28 07:00:00,6.825
2014-12-28 08:00:00,6.363333333333333
2014-12-28 09:00:00,5.633333333333333
2014-12-28 10:00:00,5.386666666666667
2014-12-28 11:00:00,4.876666666666666
2014-12-28 12:00:00,4.358333333333333
2014-12-28 13:00:00,2.956666666666667
2014-12-28 14:00:00,2.043333333333333
2014-12-28 15:00:00,1.518333333333333
2014-12-28 16:00:00,1.2483333333333333
2014-12-28 17:00:00,0.7383333333333333
2014-12-28 18:00:00,1.4566666666666668
2014-12-28 19:00:00,0.6749999999999999
2014-12-28 20:00:00,0.7383333333333333
2014-12-28 21:00:00,0.49
2014-12-28 22:00:00,0.855
2014-12-28 23:00:00,1.64
2014-12-29 00:00:00,1.5199999999999998
2014-12-29 01:00:00,2.078333333333333
2014-12-29 02:00:00,1.485
2014-12-29 03:00:00,2.7783333333333338
2014-12-29 04:00:00,3.073333333333333
2014-12-29 05:00:00,2.28
2014-12-29 06:00:00,1.906666666666667
2014-12-29 07:00:00,4.011666666666667
2014-12-29 08:00:00,3.885
2014-12-29 09:00:00,4.14
2014-12-29 10:00:00,3.878333333333333
2014-12-29 11:00:00,3.158333333333333
2014-12-29 12:00:00,1.6383333333333334
2014-12-29 13:00:00,5.255
2014-12-29 14:00:00,5.583333333333333
2014-12-29 15:00:00,5.088333333333334
2014-12-29 16:00:00,3.565
2014-12-29 17:00:00,3.1300000000000003
2014-12-29 18:00:00,1.5683333333333334
2014-12-29 19:00:00,0.895
2014-12-29 20:00:00,1.1116666666666666
2014-12-29 21:00:00,0.73
2014-12-29 22:00:00,0.955
2014-12-29 23:00:00,0.9116666666666668
2014-12-30 00:00:00,0.5266666666666667
2014-12-30 01:00:00,0.7583333333333333
2014-12-30 02:00:00,1.005
2014-12-30 03:00:00,1.305
2014-12-30 04:00:00,1.46
2014-12-30 05:00:00,1.653333333333333
2014-12-30 06:00:00,1.8533333333333333
2014-12-30 07:00:00,2.065
2014-12-30 08:00:00,2.035
2014-12-30 09:00:00,1.4799999999999998
2014-12-30 10:00:00,1.87
2014-12-30 11:00:00,1.4583333333333333
2014-12-30 12:00:00,0.985
2014-12-30 13:00:00,0.785
2014-12-30 14:00:00,0.915
2014-12-30 15:00:00,2.115
2014-12-30 16:00:00,2.898333333333333
2014-12-30 17:00:00,3.0483333333333333
2014-12-30 18:00:00,2.6283333333333334
2014-12-30 19:00:00,2.665
2014-12-30 20:00:00,2.7566666666666664
2014-12-30 21:00:00,2.873333333333333
2014-12-30 22:00:00,3.3466666666666662
2014-12-30 23:00:00,2.7783333333333338
2014-12-31 00:00:00,2.585
2014-12-31 01:00:00,2.973333333333333
2014-12-31 02:00:00,2.3183333333333334
2014-12-31 03:00:00,1.5983333333333334
2014-12-31 04:00:00,0.9016666666666668
2014-12-31 05:00:00,0.695
2014-12-31 06:00:00,0.6533333333333333
2014-12-31 07:00:00,0.6633333333333333
2014-12-31 08:00:00,0.6083333333333333
2014-12-31 09:00:00,0.6749999999999999
2014-12-31 10:00:00,1.05
2014-12-31 11:00:00,0.6733333333333333
2014-12-31 12:00:00,0.7333333333333334
2014-12-31 13:00:00,0.8533333333333334
2014-12-31 14:00:00,0.8366666666666666
2014-12-31 15:00:00,0.595
2014-12-31 16:00:00,0.725
2014-12-31 17:00:00,0.965
2014-12-31 18:00:00,0.7566666666666667
2014-12-31 19:00:00,0.6416666666666667
2014-12-31 20:00:00,0.68
2014-12-31 21:00:00,0.7200000000000001
2014-12-31 22:00:00,0.6066666666666666
2014-12-31 23:00:00,0.4116666666666666
2015-01-01 00:00:00,0.4883333333333333
2015-01-01 01:00:00,0.58
2015-01-01 02:00:00,0.6016666666666667
2015-01-01 03:00:00,0.6266666666666666
2015-01-01 04:00:00,0.285
2015-01-01 05:00:00,0.3583333333333333
2015-01-01 06:00:00,0.3983333333333332
2015-01-01 07:00:00,0.6366666666666666
2015-01-01 08:00:00,0.6416666666666667
2015-01-01 09:00:00,0.7083333333333334
2015-01-01 10:00:00,1.2766666666666666
2015-01-01 11:00:00,0.8283333333333335
2015-01-01 12:00:00,2.42
2015-01-01 13:00:00,2.516666666666667
2015-01-01 14:00:00,2.731666666666667
2015-01-01 15:00:00,2.115
2015-01-01 16:00:00,2.125
2015-01-01 17:00:00,1.7533333333333332
2015-01-01 18:00:00,2.411666666666666
2015-01-01 19:00:00,2.341666666666667
2015-01-01 20:00:00,2.6666666666666665
2015-01-01 21:00:00,1.345
2015-01-01 22:00:00,1.7166666666666666
2015-01-01 23:00:00,2.8633333333333333
2015-01-02 00:00:00,1.5200000000000002
2015-01-02 01:00:00,1.41
2015-01-02 02:00:00,2.3866666666666667
2015-01-02 03:00:00,3.1166666666666667
2015-01-02 04:00:00,2.845
2015-01-02 05:00:00,2.3383333333333334
2015-01-02 06:00:00,4.911666666666666
2015-01-02 07:00:00,7.616666666666667
2015-01-02 08:00:00,4.61
2015-01-02 09:00:00,4.655
2015-01-02 10:00:00,7.1066666666666665
2015-01-02 11:00:00,6.745
2015-01-02 12:00:00,3.5683333333333334
2015-01-02 13:00:00,3.4416666666666664
2015-01-02 14:00:00,3.898333333333333
2015-01-02 15:00:00,3.1166666666666667
2015-01-02 16:00:00,1.7916666666666667
2015-01-02 17:00:00,1.633333333333333
2015-01-02 18:00:00,2.0816666666666666
2015-01-02 19:00:00,2.828333333333333
2015-01-02 20:00:00,2.2983333333333333
2015-01-02 21:00:00,1.8766666666666667
2015-01-02 22:00:00,2.095
2015-01-02 23:00:00,2.015
2015-01-03 00:00:00,2.305
2015-01-03 01:00:00,2.533333333333333
2015-01-03 02:00:00,2.716666666666667
2015-01-03 03:00:00,2.023333333333333
2015-01-03 04:00:00,2.0716666666666668
2015-01-03 05:00:00,2.295
2015-01-03 06:00:00,1.725
2015-01-03 07:00:00,3.235
2015-01-03 08:00:00,3.2566666666666664
2015-01-03 09:00:00,4.9750000000000005
2015-01-03 10:00:00,5.913333333333334
2015-01-03 11:00:00,5.8566666666666665
2015-01-03 12:00:00,4.628333333333333
2015-01-03 13:00:00,3.5083333333333333
2015-01-03 14:00:00,2.475
2015-01-03 15:00:00,2.94
2015-01-03 16:00:00,1.4516666666666669
2015-01-03 17:00:00,1.4883333333333333
2015-01-03 18:00:00,1.2833333333333334
2015-01-03 19:00:00,0.9366666666666666
2015-01-03 20:00:00,1.265
2015-01-03 21:00:00,0.4949999999999999
2015-01-03 22:00:00,2.598333333333333
2015-01-03 23:00:00,3.1833333333333336
2015-01-04 00:00:00,2.61
2015-01-04 01:00:00,2.931666666666666
2015-01-04 02:00:00,2.5416666666666665
2015-01-04 03:00:00,2.4916666666666667
2015-01-04 04:00:00,2.7533333333333334
2015-01-04 05:00:00,2.6566666666666667
2015-01-04 06:00:00,2.6283333333333334
2015-01-04 07:00:00,2.393333333333333
2015-01-04 08:00:00,2.92
2015-01-04 09:00:00,3.3516666666666666
2015-01-04 10:00:00,2.775
2015-01-04 11:00:00,2.8433333333333333
2015-01-04 12:00:00,2.83
2015-01-04 13:00:00,2.7566666666666664
2015-01-04 14:00:00,2.0033333333333334
2015-01-04 15:00:00,1.8033333333333332
2015-01-04 16:00:00,2.773333333333333
2015-01-04 17:00:00,2.5933333333333333
2015-01-04 18:00:00,2.6
2015-01-04 19:00:00,2.1666666666666665
2015-01-04 20:00:00,2.983333333333333
2015-01-04 21:00:00,2.68
2015-01-04 22:00:00,2.646666666666667
2015-01-04 23:00:00,2.635
2015-01-05 00:00:00,1.9883333333333333
2015-01-05 01:00:00,2.398333333333333
2015-01-05 02:00:00,2.415
2015-01-05 03:00:00,2.3000000000000003
2015-01-05 04:00:00,2.1416666666666666
2015-01-05 05:00:00,1.7716666666666667
2015-01-05 06:00:00,1.7133333333333332
2015-01-05 07:00:00,1.78
2015-01-05 08:00:00,2.135
2015-01-05 09:00:00,1.7
2015-01-05 10:00:00,2.703333333333333
2015-01-05 11:00:00,2.7566666666666664
2015-01-05 12:00:00,1.85
2015-01-05 13:00:00,2.293333333333333
2015-01-05 14:00:00,1.4016666666666666
2015-01-05 15:00:00,1.6716666666666666
2015-01-05 16:00:00,1.415
2015-01-05 17:00:00,1.4483333333333333
2015-01-05 18:00:00,2.97
2015-01-05 19:00:00,2.763333333333333
2015-01-05 20:00:00,2.035
2015-01-05 21:00:00,1.7366666666666666
2015-01-05 22:00:00,0.9083333333333332
2015-01-05 23:00:00,0.8933333333333332
2015-01-06 00:00:00,1.3333333333333333
2015-01-06 01:00:00,0.8066666666666666
2015-01-06 02:00:00,0.7000000000000001
2015-01-06 03:00:00,0.9083333333333332
2015-01-06 04:00:00,1.1133333333333333
2015-01-06 05:00:00,0.79
2015-01-06 06:00:00,0.7016666666666667
2015-01-06 07:00:00,0.715
2015-01-06 08:00:00,0.5883333333333333
2015-01-06 09:00:00,0.7716666666666666
2015-01-06 10:00:00,1.6466666666666665
2015-01-06 11:00:00,3.138333333333333
2015-01-06 12:00:00,2.803333333333333
2015-01-06 13:00:00,2.1566666666666667
2015-01-06 14:00:00,2.296666666666667
2015-01-06 15:00:00,1.8266666666666669
2015-01-06 16:00:00,2.178333333333333
2015-01-06 17:00:00,2.1633333333333336
2015-01-06 18:00:00,1.735
2015-01-06 19:00:00,2.855
2015-01-06 20:00:00,2.4483333333333333
2015-01-06 21:00:00,2.5783333333333336
2015-01-06 22:00:00,1.8116666666666668
2015-01-06 23:00:00,1.3549999999999998
2015-01-07 00:00:00,1.4366666666666668
2015-01-07 01:00:00,1.7516666666666667
2015-01-07 02:00:00,1.2666666666666666
2015-01-07 03:00:00,1.3133333333333332
2015-01-07 04:00:00,1.1316666666666666
2015-01-07 05:00:00,1.0666666666666669
2015-01-07 06:00:00,0.8483333333333333
2015-01-07 07:00:00,0.985
2015-01-07 08:00:00,0.9933333333333332
2015-01-07 09:00:00,1.64
2015-01-07 10:00:00,1.7016666666666669
2015-01-07 11:00:00,1.086666666666667
2015-01-07 12:00:00,1.143333333333333
2015-01-07 13:00:00,1.163333333333333
2015-01-07 14:00:00,1.5200000000000002
2015-01-07 15:00:00,1.325
2015-01-07 16:00:00,2.0016666666666665
2015-01-07 17:00:00,2.8683333333333336
2015-01-07 18:00:00,2.8200000000000003
2015-01-07 19:00:00,2.273333333333333
2015-01-07 20:00:00,2.29
2015-01-07 21:00:00,1.535
2015-01-07 22:00:00,1.5016666666666667
2015-01-07 23:00:00,1.5200000000000002
2015-01-08 00:00:00,1.87
2015-01-08 01:00:00,3.5666666666666664
2015-01-08 02:00:00,5.333333333333333
2015-01-08 03:00:00,4.496666666666667
2015-01-08 04:00:00,2.9066666666666663
2015-01-08 05:00:00,2.183333333333333
2015-01-08 06:00:00,2.606666666666667
2015-01-08 07:00:00,2.69
2015-01-08 08:00:00,2.335
2015-01-08 09:00:00,2.3466666666666667
2015-01-08 10:00:00,2.716666666666667
2015-01-08 11:00:00,2.598333333333333
2015-01-08 12:00:00,4.403333333333333
2015-01-08 13:00:00,4.771666666666667
2015-01-08 14:00:00,6.285
2015-01-08 15:00:00,6.739999999999999
2015-01-08 16:00:00,4.385
2015-01-08 17:00:00,6.763333333333333
2015-01-08 18:00:00,6.338333333333334
2015-01-08 19:00:00,5.513333333333333
2015-01-08 20:00:00,5.675
2015-01-08 21:00:00,3.4683333333333333
2015-01-08 22:00:00,4.325
2015-01-08 23:00:00,2.7100000000000004
2015-01-09 00:00:00,2.4066666666666667
2015-01-09 01:00:00,2.6933333333333334
2015-01-09 02:00:00,2.34
2015-01-09 03:00:00,3.418333333333333
2015-01-09 04:00:00,2.91
2015-01-09 05:00:00,3.295
2015-01-09 06:00:00,5.945
2015-01-09 07:00:00,4.441666666666666
2015-01-09 08:00:00,6.54
2015-01-09 09:00:00,7.968333333333334
2015-01-09 10:00:00,5.22
2015-01-09 11:00:00,6.066666666666666
2015-01-09 12:00:00,5.346666666666667
2015-01-09 13:00:00,5.941666666666666
2015-01-09 14:00:00,3.608333333333333
2015-01-09 15:00:00,4.118333333333333
2015-01-09 16:00:00,3.648333333333333
2015-01-09 17:00:00,4.6466666666666665
2015-01-09 18:00:00,5.046666666666667
2015-01-09 19:00:00,4.275
2015-01-09 20:00:00,3.41
2015-01-09 21:00:00,2.9683333333333333
2015-01-09 22:00:00,1.79
2015-01-09 23:00:00,2.188333333333333
2015-01-10 00:00:00,2.5916666666666663
2015-01-10 01:00:00,2.431666666666666
2015-01-10 02:00:00,3.2883333333333336
2015-01-10 03:00:00,4.216666666666667
2015-01-10 04:00:00,3.356666666666667
2015-01-10 05:00:00,3.061666666666667
2015-01-10 06:00:00,2.418333333333333
2015-01-10 07:00:00,3.605
2015-01-10 08:00:00,3.203333333333333
2015-01-10 09:00:00,2.62
2015-01-10 10:00:00,3.5583333333333336
2015-01-10 11:00:00,3.911666666666666
2015-01-10 12:00:00,5.001666666666666
2015-01-10 13:00:00,5.12
2015-01-10 14:00:00,5.758333333333333
2015-01-10 15:00:00,5.086666666666667
2015-01-10 16:00:00,4.935
2015-01-10 17:00:00,5.541666666666667
2015-01-10 18:00:00,4.308333333333334
2015-01-10 19:00:00,3.231666666666667
2015-01-10 20:00:00,3.1750000000000003
2015-01-10 21:00:00,2.4683333333333333
2015-01-10 22:00:00,2.5500000000000003
2015-01-10 23:00:00,2.4566666666666666
2015-01-11 00:00:00,2.8000000000000003
2015-01-11 01:00:00,3.016666666666667
2015-01-11 02:00:00,1.3533333333333333
2015-01-11 03:00:00,1.1516666666666666
2015-01-11 04:00:00,1.3683333333333334
2015-01-11 05:00:00,1.653333333333333
2015-01-11 06:00:00,2.013333333333333
2015-01-11 07:00:00,2.9566666666666666
2015-01-11 08:00:00,3.075
2015-01-11 09:00:00,3.606666666666667
2015-01-11 10:00:00,4.398333333333333
2015-01-11 11:00:00,4.83
2015-01-11 12:00:00,3.9616666666666656
2015-01-11 13:00:00,4.653333333333333
2015-01-11 14:00:00,4.355
2015-01-11 15:00:00,3.515
2015-01-11 16:00:00,2.9450000000000003
2015-01-11 17:00:00,3.665000000000001
2015-01-11 18:00:00,4.208333333333333
2015-01-11 19:00:00,4.218333333333333
2015-01-11 20:00:00,4.008333333333333
2015-01-11 21:00:00,3.605
2015-01-11 22:00:00,4.17
2015-01-11 23:00:00,4.06
2015-01-12 00:00:00,4.153333333333333
2015-01-12 01:00:00,3.4250000000000003
2015-01-12 02:00:00,3.061666666666667
2015-01-12 03:00:00,2.8016666666666663
2015-01-12 04:00:00,2.29
2015-01-12 05:00:00,4.985
2015-01-12 06:00:00,4.88
2015-01-12 07:00:00,4.853333333333333
2015-01-12 08:00:00,6.913333333333334
2015-01-12 09:00:00,7.234999999999999
2015-01-12 10:00:00,8.035
2015-01-12 11:00:00,7.286666666666666
2015-01-12 12:00:00,8.276666666666666
2015-01-12 13:00:00,8.083333333333334
2015-01-12 14:00:00,7.631666666666667
2015-01-12 15:00:00,8.676666666666668
2015-01-12 16:00:00,8.299999999999999
2015-01-12 17:00:00,8.863333333333333
2015-01-12 18:00:00,8.955
2015-01-12 19:00:00,8.061666666666667
2015-01-12 20:00:00,7.414999999999999
2015-01-12 21:00:00,6.788333333333333
2015-01-12 22:00:00,8.645
2015-01-12 23:00:00,8.658333333333333
2015-01-13 00:00:00,8.136666666666667
2015-01-13 01:00:00,9.340000000000002
2015-01-13 02:00:00,9.12
2015-01-13 03:00:00,9.098333333333334
2015-01-13 04:00:00,8.276666666666666
2015-01-13 05:00:00,8.463333333333333
2015-01-13 06:00:00,7.203333333333333
2015-01-13 07:00:00,5.533333333333334
2015-01-13 08:00:00,4.988333333333333
2015-01-13 09:00:00,3.056666666666666
2015-01-13 10:00:00,6.826666666666667
2015-01-13 11:00:00,7.283333333333334
2015-01-13 12:00:00,5.728333333333333
2015-01-13 13:00:00,7.225
2015-01-13 14:00:00,7.13
2015-01-13 15:00:00,6.546666666666667
2015-01-13 16:00:00,7.1000000000000005
2015-01-13 17:00:00,7.533333333333334
2015-01-13 18:00:00,6.178333333333334
2015-01-13 19:00:00,6.853333333333333
2015-01-13 20:00:00,6.528333333333333
2015-01-13 21:00:00,6.114999999999999
2015-01-13 22:00:00,5.916666666666667
2015-01-13 23:00:00,4.841666666666666
2015-01-14 00:00:00,2.1533333333333333
2015-01-14 01:00:00,1.2083333333333333
2015-01-14 02:00:00,1.856666666666667
2015-01-14 03:00:00,3.35
2015-01-14 04:00:00,5.408333333333334
2015-01-14 05:00:00,5.226666666666667
2015-01-14 06:00:00,6.609999999999999
2015-01-14 07:00:00,7.544999999999999
2015-01-14 08:00:00,3.5683333333333334
2015-01-14 09:00:00,1.94
2015-01-14 10:00:00,3.7616666666666663
2015-01-14 11:00:00,3.8
2015-01-14 12:00:00,4.605
2015-01-14 13:00:00,3.971666666666666
2015-01-14 14:00:00,4.86
2015-01-14 15:00:00,5.578333333333333
2015-01-14 16:00:00,4.215
2015-01-14 17:00:00,4.0183333333333335
2015-01-14 18:00:00,5.408333333333334
2015-01-14 19:00:00,1.971666666666667
2015-01-14 20:00:00,1.34
2015-01-14 21:00:00,1.9766666666666663
2015-01-14 22:00:00,2.955
2015-01-14 23:00:00,3.698333333333333
2015-01-15 00:00:00,3.186666666666667
2015-01-15 01:00:00,1.3949999999999998
2015-01-15 02:00:00,2.7266666666666666
2015-01-15 03:00:00,2.4483333333333333
2015-01-15 04:00:00,3.185
2015-01-15 05:00:00,2.3466666666666667
2015-01-15 06:00:00,3.276666666666667
2015-01-15 07:00:00,3.615
2015-01-15 08:00:00,4.405
2015-01-15 09:00:00,5.931666666666668
2015-01-15 10:00:00,5.445
2015-01-15 11:00:00,6.476666666666667
2015-01-15 12:00:00,4.955
2015-01-15 13:00:00,5.135
2015-01-15 14:00:00,6.226666666666667
2015-01-15 15:00:00,5.898333333333333
2015-01-15 16:00:00,4.956666666666667
2015-01-15 17:00:00,4.88
2015-01-15 18:00:00,3.7483333333333335
2015-01-15 19:00:00,4.9816666666666665
2015-01-15 20:00:00,4.691666666666666
2015-01-15 21:00:00,4.516666666666667
2015-01-15 22:00:00,5.001666666666666
2015-01-15 23:00:00,3.3716666666666666
2015-01-16 00:00:00,2.335
2015-01-16 01:00:00,2.4633333333333334
2015-01-16 02:00:00,1.2083333333333333
2015-01-16 03:00:00,1.525
2015-01-16 04:00:00,3.705
2015-01-16 05:00:00,4.378333333333333
2015-01-16 06:00:00,3.643333333333333
2015-01-16 07:00:00,3.49
2015-01-16 08:00:00,2.681666666666666
2015-01-16 09:00:00,1.8783333333333327
2015-01-16 10:00:00,2.733333333333333
2015-01-16 11:00:00,3.806666666666666
2015-01-16 12:00:00,3.483333333333333
2015-01-16 13:00:00,3.126666666666667
2015-01-16 14:00:00,0.9483333333333334
2015-01-16 15:00:00,0.6716666666666667
2015-01-16 16:00:00,1.125
2015-01-16 17:00:00,1.13
2015-01-16 18:00:00,0.95
2015-01-16 19:00:00,0.5966666666666667
2015-01-16 20:00:00,0.955
2015-01-16 21:00:00,1.1316666666666666
2015-01-16 22:00:00,0.6150000000000001
2015-01-16 23:00:00,1.1966666666666663
2015-01-17 00:00:00,0.68
2015-01-17 01:00:00,1.145
2015-01-17 02:00:00,1.165
2015-01-17 03:00:00,1.3216666666666663
2015-01-17 04:00:00,1.865
2015-01-17 05:00:00,1.153333333333333
2015-01-17 06:00:00,0.7599999999999999
2015-01-17 07:00:00,0.6333333333333333
2015-01-17 08:00:00,0.5716666666666667
2015-01-17 09:00:00,0.75
2015-01-17 10:00:00,1.37
2015-01-17 11:00:00,1.6716666666666666
2015-01-17 12:00:00,1.1933333333333334
2015-01-17 13:00:00,1.2383333333333335
2015-01-17 14:00:00,1.0
2015-01-17 15:00:00,1.13
2015-01-17 16:00:00,1.0116666666666667
2015-01-17 17:00:00,0.7933333333333333
2015-01-17 18:00:00,1.36
2015-01-17 19:00:00,1.135
2015-01-17 20:00:00,1.1316666666666666
2015-01-17 21:00:00,0.8783333333333333
2015-01-17 22:00:00,0.965
2015-01-17 23:00:00,1.4683333333333335
2015-01-18 00:00:00,1.2916666666666667
2015-01-18 01:00:00,1.6466666666666667
2015-01-18 02:00:00,1.705
2015-01-18 03:00:00,1.3916666666666666
2015-01-18 04:00:00,1.0466666666666666
2015-01-18 05:00:00,0.8083333333333332
2015-01-18 06:00:00,1.015
2015-01-18 07:00:00,0.7966666666666665
2015-01-18 08:00:00,0.5316666666666666
2015-01-18 09:00:00,0.7066666666666667
2015-01-18 10:00:00,0.7116666666666666
2015-01-18 11:00:00,2.095
2015-01-18 12:00:00,3.8166666666666655
2015-01-18 13:00:00,2.97
2015-01-18 14:00:00,3.753333333333333
2015-01-18 15:00:00,3.01
2015-01-18 16:00:00,3.228333333333333
2015-01-18 17:00:00,1.3816666666666668
2015-01-18 18:00:00,1.7383333333333333
2015-01-18 19:00:00,1.11
2015-01-18 20:00:00,1.3549999999999998
2015-01-18 21:00:00,1.6733333333333336
2015-01-18 22:00:00,1.5916666666666668
2015-01-18 23:00:00,0.8983333333333333
2015-01-19 00:00:00,0.8983333333333333
2015-01-19 01:00:00,0.8683333333333333
2015-01-19 02:00:00,0.6
2015-01-19 03:00:00,0.5216666666666666
2015-01-19 04:00:00,0.4916666666666667
2015-01-19 05:00:00,0.5966666666666667
2015-01-19 06:00:00,0.5583333333333333
2015-01-19 07:00:00,0.3483333333333333
2015-01-19 08:00:00,0.4566666666666667
2015-01-19 09:00:00,0.4633333333333334
2015-01-19 10:00:00,0.5233333333333333
2015-01-19 11:00:00,0.34
2015-01-19 12:00:00,0.3833333333333333
2015-01-19 13:00:00,0.365
2015-01-19 14:00:00,0.59
2015-01-19 15:00:00,0.5983333333333333
2015-01-19 16:00:00,0.535
2015-01-19 17:00:00,0.365
2015-01-19 18:00:00,0.5366666666666666
2015-01-19 19:00:00,0.2766666666666666
2015-01-19 20:00:00,0.4716666666666667
2015-01-19 21:00:00,0.2633333333333333
2015-01-19 22:00:00,0.345
2015-01-19 23:00:00,0.4433333333333333
2015-01-20 00:00:00,1.1183333333333334
2015-01-20 01:00:00,1.7083333333333333
2015-01-20 02:00:00,1.765
2015-01-20 03:00:00,1.4333333333333331
2015-01-20 04:00:00,0.9283333333333332
2015-01-20 05:00:00,1.2016666666666669
2015-01-20 06:00:00,1.0016666666666667
2015-01-20 07:00:00,1.2416666666666667
2015-01-20 08:00:00,1.0133333333333334
2015-01-20 09:00:00,1.0316666666666665
2015-01-20 10:00:00,1.0716666666666663
2015-01-20 11:00:00,0.94
2015-01-20 12:00:00,0.58
2015-01-20 13:00:00,0.7133333333333334
2015-01-20 14:00:00,0.6316666666666667
2015-01-20 15:00:00,0.9283333333333332
2015-01-20 16:00:00,0.655
2015-01-20 17:00:00,0.6583333333333333
2015-01-20 18:00:00,0.54
2015-01-20 19:00:00,0.6883333333333334
2015-01-20 20:00:00,1.02
2015-01-20 21:00:00,1.0583333333333331
2015-01-20 22:00:00,1.6449999999999998
2015-01-20 23:00:00,0.9466666666666668
2015-01-21 00:00:00,0.4666666666666666
2015-01-21 01:00:00,0.605
2015-01-21 02:00:00,0.7066666666666667
2015-01-21 03:00:00,0.9283333333333332
2015-01-21 04:00:00,0.8233333333333333
2015-01-21 05:00:00,1.1033333333333333
2015-01-21 06:00:00,1.3416666666666668
2015-01-21 07:00:00,1.0683333333333334
2015-01-21 08:00:00,1.4416666666666669
2015-01-21 09:00:00,1.1383333333333334
2015-01-21 10:00:00,1.6983333333333333
2015-01-21 11:00:00,1.856666666666667
2015-01-21 12:00:00,1.775
2015-01-21 13:00:00,2.13
2015-01-21 14:00:00,2.9883333333333333
2015-01-21 15:00:00,2.805
2015-01-21 16:00:00,1.3666666666666665
2015-01-21 17:00:00,2.348333333333333
2015-01-21 18:00:00,3.755
2015-01-21 19:00:00,2.591666666666667
2015-01-21 20:00:00,1.5499999999999998
2015-01-21 21:00:00,1.7016666666666669
2015-01-21 22:00:00,1.27
2015-01-21 23:00:00,2.3633333333333333
2015-01-22 00:00:00,2.0683333333333334
2015-01-22 01:00:00,4.11
2015-01-22 02:00:00,2.6083333333333334
2015-01-22 03:00:00,1.9383333333333332
2015-01-22 04:00:00,1.7366666666666666
2015-01-22 05:00:00,2.536666666666666
2015-01-22 06:00:00,2.5416666666666665
2015-01-22 07:00:00,2.523333333333333
2015-01-22 08:00:00,2.708333333333333
2015-01-22 09:00:00,2.73
2015-01-22 10:00:00,3.095
2015-01-22 11:00:00,2.998333333333333
2015-01-22 12:00:00,2.765
2015-01-22 13:00:00,3.22
2015-01-22 14:00:00,3.355
2015-01-22 15:00:00,2.77
2015-01-22 16:00:00,2.736666666666667
2015-01-22 17:00:00,2.0483333333333333
2015-01-22 18:00:00,2.24
2015-01-22 19:00:00,2.515
2015-01-22 20:00:00,2.0966666666666667
2015-01-22 21:00:00,2.523333333333333
2015-01-22 22:00:00,2.1316666666666664
2015-01-22 23:00:00,1.2816666666666665
2015-01-23 00:00:00,1.288333333333333
2015-01-23 01:00:00,1.965
2015-01-23 02:00:00,1.9433333333333331
2015-01-23 03:00:00,1.8383333333333327
2015-01-23 04:00:00,2.0283333333333333
2015-01-23 05:00:00,1.7766666666666666
2015-01-23 06:00:00,1.8033333333333332
2015-01-23 07:00:00,1.3233333333333333
2015-01-23 08:00:00,1.2966666666666666
2015-01-23 09:00:00,1.8383333333333327
2015-01-23 10:00:00,2.106666666666667
2015-01-23 11:00:00,2.3000000000000003
2015-01-23 12:00:00,2.355
2015-01-23 13:00:00,2.19
2015-01-23 14:00:00,2.7583333333333333
2015-01-23 15:00:00,1.965
2015-01-23 16:00:00,1.39
2015-01-23 17:00:00,1.8033333333333332
2015-01-23 18:00:00,1.8066666666666664
2015-01-23 19:00:00,1.5133333333333334
2015-01-23 20:00:00,1.11
2015-01-23 21:00:00,0.6699999999999999
2015-01-23 22:00:00,0.6783333333333333
2015-01-23 23:00:00,0.7283333333333334
2015-01-24 00:00:00,1.42
2015-01-24 01:00:00,0.94
2015-01-24 02:00:00,1.815
2015-01-24 03:00:00,2.0383333333333336
2015-01-24 04:00:00,2.3816666666666664
2015-01-24 05:00:00,2.6133333333333333
2015-01-24 06:00:00,2.46
2015-01-24 07:00:00,2.44
2015-01-24 08:00:00,1.8133333333333328
2015-01-24 09:00:00,1.5616666666666668
2015-01-24 10:00:00,2.5483333333333333
2015-01-24 11:00:00,2.5783333333333336
2015-01-24 12:00:00,2.703333333333333
2015-01-24 13:00:00,2.54
2015-01-24 14:00:00,1.6849999999999998
2015-01-24 15:00:00,0.96
2015-01-24 16:00:00,0.6633333333333333
2015-01-24 17:00:00,1.22
2015-01-24 18:00:00,1.6450000000000002
2015-01-24 19:00:00,1.0650000000000002
2015-01-24 20:00:00,1.0
2015-01-24 21:00:00,1.035
2015-01-24 22:00:00,0.7600000000000001
2015-01-24 23:00:00,1.6583333333333332
2015-01-25 00:00:00,3.39
2015-01-25 01:00:00,3.171666666666667
2015-01-25 02:00:00,2.6966666666666668
2015-01-25 03:00:00,3.168333333333333
2015-01-25 04:00:00,2.9916666666666667
2015-01-25 05:00:00,3.2383333333333333
2015-01-25 06:00:00,3.37
2015-01-25 07:00:00,3.035
2015-01-25 08:00:00,2.955
2015-01-25 09:00:00,2.0500000000000003
2015-01-25 10:00:00,1.6983333333333333
2015-01-25 11:00:00,1.393333333333333
2015-01-25 12:00:00,1.3766666666666667
2015-01-25 13:00:00,2.0066666666666664
2015-01-25 14:00:00,1.4333333333333331
2015-01-25 15:00:00,2.2383333333333333
2015-01-25 16:00:00,2.54
2015-01-25 17:00:00,2.2716666666666665
2015-01-25 18:00:00,1.9333333333333331
2015-01-25 19:00:00,0.7416666666666667
2015-01-25 20:00:00,1.8133333333333328
2015-01-25 21:00:00,1.8583333333333327
2015-01-25 22:00:00,0.9816666666666668
2015-01-25 23:00:00,1.6233333333333333
2015-01-26 00:00:00,1.6666666666666667
2015-01-26 01:00:00,1.0033333333333332
2015-01-26 02:00:00,1.115
2015-01-26 03:00:00,0.5066666666666667
2015-01-26 04:00:00,0.64
2015-01-26 05:00:00,0.9366666666666666
2015-01-26 06:00:00,0.82
2015-01-26 07:00:00,0.9616666666666666
2015-01-26 08:00:00,0.7599999999999999
2015-01-26 09:00:00,1.1733333333333331
2015-01-26 10:00:00,1.3216666666666663
2015-01-26 11:00:00,2.506666666666667
2015-01-26 12:00:00,2.396666666666667
2015-01-26 13:00:00,2.421666666666667
2015-01-26 14:00:00,4.495
2015-01-26 15:00:00,5.013333333333333
2015-01-26 16:00:00,4.301666666666667
2015-01-26 17:00:00,3.453333333333333
2015-01-26 18:00:00,2.8316666666666666
2015-01-26 19:00:00,2.411666666666666
2015-01-26 20:00:00,4.673333333333333
2015-01-26 21:00:00,4.386666666666667
2015-01-26 22:00:00,1.4766666666666666
2015-01-26 23:00:00,1.4316666666666666
2015-01-27 00:00:00,2.7416666666666667
2015-01-27 01:00:00,2.8216666666666668
2015-01-27 02:00:00,3.015
2015-01-27 03:00:00,2.3683333333333336
2015-01-27 04:00:00,2.3633333333333333
2015-01-27 05:00:00,2.3766666666666665
2015-01-27 06:00:00,2.825
2015-01-27 07:00:00,3.0033333333333334
2015-01-27 08:00:00,2.61
2015-01-27 09:00:00,2.4683333333333333
2015-01-27 10:00:00,2.4633333333333334
2015-01-27 11:00:00,2.2716666666666665
2015-01-27 12:00:00,2.248333333333333
2015-01-27 13:00:00,2.263333333333333
2015-01-27 14:00:00,2.23
2015-01-27 15:00:00,1.4766666666666666
2015-01-27 16:00:00,2.2966666666666664
2015-01-27 17:00:00,2.2666666666666666
2015-01-27 18:00:00,2.181666666666666
2015-01-27 19:00:00,2.3666666666666667
2015-01-27 20:00:00,2.3766666666666665
2015-01-27 21:00:00,2.2183333333333333
2015-01-27 22:00:00,2.191666666666667
2015-01-27 23:00:00,2.4266666666666667
2015-01-28 00:00:00,2.0383333333333336
2015-01-28 01:00:00,1.3150000000000002
2015-01-28 02:00:00,1.4116666666666668
2015-01-28 03:00:00,1.855
2015-01-28 04:00:00,1.7233333333333334
2015-01-28 05:00:00,1.3950000000000002
2015-01-28 06:00:00,1.1933333333333334
2015-01-28 07:00:00,1.9983333333333333
2015-01-28 08:00:00,2.2216666666666667
2015-01-28 09:00:00,2.305
2015-01-28 10:00:00,5.28
2015-01-28 11:00:00,5.483333333333333
2015-01-28 12:00:00,5.238333333333333
2015-01-28 13:00:00,5.7683333333333335
2015-01-28 14:00:00,6.6066666666666665
2015-01-28 15:00:00,5.875
2015-01-28 16:00:00,7.591666666666666
2015-01-28 17:00:00,6.048333333333333
2015-01-28 18:00:00,9.856666666666667
2015-01-28 19:00:00,9.591666666666669
2015-01-28 20:00:00,8.385
2015-01-28 21:00:00,5.526666666666666
2015-01-28 22:00:00,5.786666666666666
2015-01-28 23:00:00,5.473333333333334
2015-01-29 00:00:00,2.458333333333333
2015-01-29 01:00:00,2.5816666666666666
2015-01-29 02:00:00,1.7933333333333332
2015-01-29 03:00:00,2.5866666666666664
2015-01-29 04:00:00,4.2700000000000005
2015-01-29 05:00:00,3.315
2015-01-29 06:00:00,1.51
2015-01-29 07:00:00,2.623333333333333
2015-01-29 08:00:00,2.565
2015-01-29 09:00:00,4.38
2015-01-29 10:00:00,6.748333333333334
2015-01-29 11:00:00,8.151666666666667
2015-01-29 12:00:00,7.898333333333333
2015-01-29 13:00:00,5.055
2015-01-29 14:00:00,4.141666666666667
2015-01-29 15:00:00,4.21
2015-01-29 16:00:00,4.1466666666666665
2015-01-29 17:00:00,2.54
2015-01-29 18:00:00,1.915
2015-01-29 19:00:00,2.535
2015-01-29 20:00:00,2.6750000000000003
2015-01-29 21:00:00,3.533333333333333
2015-01-29 22:00:00,3.151666666666667
2015-01-29 23:00:00,1.465
2015-01-30 00:00:00,2.0816666666666666
2015-01-30 01:00:00,2.705
2015-01-30 02:00:00,1.905
2015-01-30 03:00:00,2.15
2015-01-30 04:00:00,2.11
2015-01-30 05:00:00,1.8833333333333333
2015-01-30 06:00:00,1.58
2015-01-30 07:00:00,1.37
2015-01-30 08:00:00,1.1766666666666663
2015-01-30 09:00:00,1.885
2015-01-30 10:00:00,3.308333333333333
2015-01-30 11:00:00,2.77
2015-01-30 12:00:00,3.525
2015-01-30 13:00:00,5.255
2015-01-30 14:00:00,3.1666666666666665
2015-01-30 15:00:00,5.576666666666667
2015-01-30 16:00:00,3.863333333333333
2015-01-30 17:00:00,1.4183333333333332
2015-01-30 18:00:00,2.0966666666666667
2015-01-30 19:00:00,1.945
2015-01-30 20:00:00,1.925
2015-01-30 21:00:00,1.2916666666666667
2015-01-30 22:00:00,0.6633333333333333
2015-01-30 23:00:00,0.9916666666666668
2015-01-31 00:00:00,1.3116666666666668
2015-01-31 01:00:00,1.2033333333333334
2015-01-31 02:00:00,2.0883333333333334
2015-01-31 03:00:00,3.208333333333333
2015-01-31 04:00:00,2.28
2015-01-31 05:00:00,2.908333333333333
2015-01-31 06:00:00,2.0016666666666665
2015-01-31 07:00:00,2.31
2015-01-31 08:00:00,1.99
2015-01-31 09:00:00,3.215
2015-01-31 10:00:00,3.0216666666666665
2015-01-31 11:00:00,3.428333333333333
2015-01-31 12:00:00,2.986666666666667
2015-01-31 13:00:00,2.5016666666666665
2015-01-31 14:00:00,1.7983333333333331
2015-01-31 15:00:00,1.7483333333333333
2015-01-31 16:00:00,2.6266666666666665
2015-01-31 17:00:00,2.0933333333333333
2015-01-31 18:00:00,1.925
2015-01-31 19:00:00,1.825
2015-01-31 20:00:00,1.8883333333333332
2015-01-31 21:00:00,2.995
2015-01-31 22:00:00,3.1766666666666663
2015-01-31 23:00:00,2.405
2015-02-01 00:00:00,1.145
2015-02-01 01:00:00,0.7866666666666666
2015-02-01 02:00:00,0.7600000000000001
2015-02-01 03:00:00,0.7766666666666667
2015-02-01 04:00:00,0.8066666666666666
2015-02-01 05:00:00,0.6416666666666667
2015-02-01 06:00:00,0.905
2015-02-01 07:00:00,0.54
2015-02-01 08:00:00,0.4716666666666667
2015-02-01 09:00:00,0.6816666666666666
2015-02-01 10:00:00,0.3866666666666666
2015-02-01 11:00:00,0.6566666666666666
2015-02-01 12:00:00,0.3899999999999999
2015-02-01 13:00:00,0.5666666666666667
2015-02-01 14:00:00,0.49
2015-02-01 15:00:00,0.5116666666666667
2015-02-01 16:00:00,0.7200000000000001
2015-02-01 17:00:00,0.765
2015-02-01 18:00:00,1.6016666666666666
2015-02-01 19:00:00,1.875
2015-02-01 20:00:00,2.105
2015-02-01 21:00:00,1.528333333333333
2015-02-01 22:00:00,1.67
2015-02-01 23:00:00,1.025
2015-02-02 00:00:00,0.6933333333333334
2015-02-02 01:00:00,0.6516666666666667
2015-02-02 02:00:00,0.5883333333333334
2015-02-02 03:00:00,0.4533333333333333
2015-02-02 04:00:00,0.5399999999999999
2015-02-02 05:00:00,1.6
2015-02-02 06:00:00,1.4966666666666668
2015-02-02 07:00:00,1.7
2015-02-02 08:00:00,1.5516666666666667
2015-02-02 09:00:00,1.58
2015-02-02 10:00:00,2.6733333333333333
2015-02-02 11:00:00,2.715
2015-02-02 12:00:00,2.445
2015-02-02 13:00:00,2.5783333333333336
2015-02-02 14:00:00,2.76
2015-02-02 15:00:00,2.123333333333333
2015-02-02 16:00:00,1.4
2015-02-02 17:00:00,1.4266666666666667
2015-02-02 18:00:00,1.235
2015-02-02 19:00:00,1.4349999999999998
2015-02-02 20:00:00,1.6033333333333335
2015-02-02 21:00:00,1.9333333333333331
2015-02-02 22:00:00,1.9066666666666665
2015-02-02 23:00:00,1.7416666666666665
2015-02-03 00:00:00,0.9083333333333332
2015-02-03 01:00:00,1.5916666666666668
2015-02-03 02:00:00,1.325
2015-02-03 03:00:00,1.755
2015-02-03 04:00:00,1.6983333333333333
2015-02-03 05:00:00,1.935
2015-02-03 06:00:00,1.2616666666666667
2015-02-03 07:00:00,1.1883333333333337
2015-02-03 08:00:00,1.6966666666666663
2015-02-03 09:00:00,4.135000000000001
2015-02-03 10:00:00,4.131666666666667
2015-02-03 11:00:00,3.945
2015-02-03 12:00:00,3.0883333333333334
2015-02-03 13:00:00,2.9599999999999995
2015-02-03 14:00:00,3.6366666666666663
2015-02-03 15:00:00,2.1266666666666665
2015-02-03 16:00:00,1.866666666666667
2015-02-03 17:00:00,1.865
2015-02-03 18:00:00,1.8916666666666664
2015-02-03 19:00:00,1.836666666666667
2015-02-03 20:00:00,2.536666666666666
2015-02-03 21:00:00,2.2416666666666667
2015-02-03 22:00:00,0.83
2015-02-03 23:00:00,0.2883333333333333
2015-02-04 00:00:00,0.5599999999999999
2015-02-04 01:00:00,2.825
2015-02-04 02:00:00,2.69
2015-02-04 03:00:00,1.6216666666666668
2015-02-04 04:00:00,1.3766666666666667
2015-02-04 05:00:00,0.835
2015-02-04 06:00:00,1.5416666666666667
2015-02-04 07:00:00,0.8300000000000001
2015-02-04 08:00:00,0.685
2015-02-04 09:00:00,0.8466666666666667
2015-02-04 10:00:00,0.94
2015-02-04 11:00:00,1.0333333333333334
2015-02-04 12:00:00,1.0916666666666666
2015-02-04 13:00:00,1.0333333333333334
2015-02-04 14:00:00,1.185
2015-02-04 15:00:00,0.8666666666666667
2015-02-04 16:00:00,1.1816666666666666
2015-02-04 17:00:00,0.6699999999999999
2015-02-04 18:00:00,0.6666666666666666
2015-02-04 19:00:00,0.64
2015-02-04 20:00:00,1.856666666666667
2015-02-04 21:00:00,0.79
2015-02-04 22:00:00,1.04
2015-02-04 23:00:00,1.4349999999999998
2015-02-05 00:00:00,1.595
2015-02-05 01:00:00,1.143333333333333
2015-02-05 02:00:00,0.96
2015-02-05 03:00:00,0.7516666666666666
2015-02-05 04:00:00,0.6766666666666667
2015-02-05 05:00:00,0.6533333333333333
2015-02-05 06:00:00,0.9383333333333334
2015-02-05 07:00:00,1.6116666666666666
2015-02-05 08:00:00,2.5033333333333334
2015-02-05 09:00:00,2.936666666666667
2015-02-05 10:00:00,3.8083333333333336
2015-02-05 11:00:00,4.656666666666667
2015-02-05 12:00:00,4.316666666666666
2015-02-05 13:00:00,4.401666666666666
2015-02-05 14:00:00,4.463333333333334
2015-02-05 15:00:00,4.466666666666667
2015-02-05 16:00:00,4.273333333333333
2015-02-05 17:00:00,4.461666666666667
2015-02-05 18:00:00,4.011666666666667
2015-02-05 19:00:00,3.9133333333333336
2015-02-05 20:00:00,3.9583333333333335
2015-02-05 21:00:00,3.5049999999999994
2015-02-05 22:00:00,3.3266666666666667
2015-02-05 23:00:00,3.883333333333333
2015-02-06 00:00:00,5.2316666666666665
2015-02-06 01:00:00,4.381666666666667
2015-02-06 02:00:00,5.3933333333333335
2015-02-06 03:00:00,4.513333333333333
2015-02-06 04:00:00,4.6033333333333335
2015-02-06 05:00:00,5.141666666666667
2015-02-06 06:00:00,4.511666666666667
2015-02-06 07:00:00,4.376666666666666
2015-02-06 08:00:00,4.495
2015-02-06 09:00:00,4.945
2015-02-06 10:00:00,5.956666666666667
2015-02-06 11:00:00,4.64
2015-02-06 12:00:00,4.988333333333333
2015-02-06 13:00:00,4.411666666666666
2015-02-06 14:00:00,4.383333333333334
2015-02-06 15:00:00,5.151666666666666
2015-02-06 16:00:00,5.091666666666667
2015-02-06 17:00:00,4.528333333333333
2015-02-06 18:00:00,3.658333333333333
2015-02-06 19:00:00,4.175
2015-02-06 20:00:00,5.196666666666666
2015-02-06 21:00:00,3.9416666666666655
2015-02-06 22:00:00,3.3466666666666662
2015-02-06 23:00:00,3.385
2015-02-07 00:00:00,2.5033333333333334
2015-02-07 01:00:00,2.545
2015-02-07 02:00:00,1.6416666666666666
2015-02-07 03:00:00,0.9683333333333332
2015-02-07 04:00:00,0.9583333333333334
2015-02-07 05:00:00,0.8933333333333332
2015-02-07 06:00:00,0.9366666666666666
2015-02-07 07:00:00,1.038333333333333
2015-02-07 08:00:00,1.57
2015-02-07 09:00:00,1.07
2015-02-07 10:00:00,1.4916666666666665
2015-02-07 11:00:00,1.4433333333333334
2015-02-07 12:00:00,1.6916666666666669
2015-02-07 13:00:00,3.365
2015-02-07 14:00:00,2.036666666666666
2015-02-07 15:00:00,1.5683333333333334
2015-02-07 16:00:00,1.5566666666666666
2015-02-07 17:00:00,1.23
2015-02-07 18:00:00,1.625
2015-02-07 19:00:00,2.0716666666666668
2015-02-07 20:00:00,2.111666666666667
2015-02-07 21:00:00,2.858333333333333
2015-02-07 22:00:00,3.1916666666666664
2015-02-07 23:00:00,2.87
2015-02-08 00:00:00,2.5783333333333336
2015-02-08 01:00:00,2.733333333333333
2015-02-08 02:00:00,2.405
2015-02-08 03:00:00,1.6016666666666666
2015-02-08 04:00:00,2.7183333333333333
2015-02-08 05:00:00,1.7533333333333332
2015-02-08 06:00:00,1.5333333333333332
2015-02-08 07:00:00,1.5616666666666668
2015-02-08 08:00:00,1.9316666666666664
2015-02-08 09:00:00,1.9183333333333328
2015-02-08 10:00:00,2.036666666666666
2015-02-08 11:00:00,3.8516666666666666
2015-02-08 12:00:00,4.62
2015-02-08 13:00:00,3.963333333333333
2015-02-08 14:00:00,2.731666666666667
2015-02-08 15:00:00,2.523333333333333
2015-02-08 16:00:00,1.535
2015-02-08 17:00:00,1.39
2015-02-08 18:00:00,1.8883333333333332
2015-02-08 19:00:00,2.0516666666666667
2015-02-08 20:00:00,2.4216666666666664
2015-02-08 21:00:00,3.176666666666667
2015-02-08 22:00:00,3.421666666666667
2015-02-08 23:00:00,2.973333333333333
2015-02-09 00:00:00,2.7616666666666667
2015-02-09 01:00:00,2.536666666666666
2015-02-09 02:00:00,2.1666666666666665
2015-02-09 03:00:00,2.295
2015-02-09 04:00:00,2.7883333333333336
2015-02-09 05:00:00,3.583333333333333
2015-02-09 06:00:00,3.648333333333333
2015-02-09 07:00:00,2.928333333333333
2015-02-09 08:00:00,2.4233333333333333
2015-02-09 09:00:00,2.295
2015-02-09 10:00:00,2.4033333333333333
2015-02-09 11:00:00,2.2016666666666667
2015-02-09 12:00:00,2.94
2015-02-09 13:00:00,2.6133333333333333
2015-02-09 14:00:00,2.3283333333333336
2015-02-09 15:00:00,2.5883333333333334
2015-02-09 16:00:00,2.1466666666666665
2015-02-09 17:00:00,2.22
2015-02-09 18:00:00,2.84
2015-02-09 19:00:00,3.205
2015-02-09 20:00:00,2.723333333333333
2015-02-09 21:00:00,2.518333333333333
2015-02-09 22:00:00,2.04
2015-02-09 23:00:00,1.3416666666666668
2015-02-10 00:00:00,1.336666666666667
2015-02-10 01:00:00,1.405
2015-02-10 02:00:00,2.316666666666667
2015-02-10 03:00:00,1.9366666666666668
2015-02-10 04:00:00,1.545
2015-02-10 05:00:00,1.4433333333333334
2015-02-10 06:00:00,1.43
2015-02-10 07:00:00,1.63
2015-02-10 08:00:00,1.1566666666666665
2015-02-10 09:00:00,1.3033333333333332
2015-02-10 10:00:00,1.22
2015-02-10 11:00:00,1.1933333333333334
2015-02-10 12:00:00,1.143333333333333
2015-02-10 13:00:00,1.3
2015-02-10 14:00:00,1.4166666666666667
2015-02-10 15:00:00,1.4366666666666668
2015-02-10 16:00:00,1.29
2015-02-10 17:00:00,1.2533333333333332
2015-02-10 18:00:00,1.26
2015-02-10 19:00:00,1.3866666666666667
2015-02-10 20:00:00,1.41
2015-02-10 21:00:00,1.1583333333333332
2015-02-10 22:00:00,1.1316666666666666
2015-02-10 23:00:00,0.7683333333333334
2015-02-11 00:00:00,0.8433333333333333
2015-02-11 01:00:00,0.8333333333333334
2015-02-11 02:00:00,1.1333333333333333
2015-02-11 03:00:00,0.88
2015-02-11 04:00:00,0.5016666666666666
2015-02-11 05:00:00,0.7999999999999999
2015-02-11 06:00:00,0.7366666666666667
2015-02-11 07:00:00,1.195
2015-02-11 08:00:00,0.9433333333333334
2015-02-11 09:00:00,2.138333333333333
2015-02-11 10:00:00,2.161666666666666
2015-02-11 11:00:00,1.9833333333333332
2015-02-11 12:00:00,2.1016666666666666
2015-02-11 13:00:00,1.6833333333333331
2015-02-11 14:00:00,1.913333333333333
2015-02-11 15:00:00,2.023333333333333
2015-02-11 16:00:00,1.6366666666666667
2015-02-11 17:00:00,1.3983333333333334
2015-02-11 18:00:00,1.305
2015-02-11 19:00:00,0.8300000000000001
2015-02-11 20:00:00,1.325
2015-02-11 21:00:00,1.2483333333333333
2015-02-11 22:00:00,1.6083333333333334
2015-02-11 23:00:00,2.105
2015-02-12 00:00:00,2.0216666666666665
2015-02-12 01:00:00,1.855
2015-02-12 02:00:00,0.9433333333333334
2015-02-12 03:00:00,0.6233333333333334
2015-02-12 04:00:00,0.2433333333333333
2015-02-12 05:00:00,0.3316666666666666
2015-02-12 06:00:00,0.4533333333333333
2015-02-12 07:00:00,1.2616666666666667
2015-02-12 08:00:00,1.13
2015-02-12 09:00:00,0.6766666666666667
2015-02-12 10:00:00,0.785
2015-02-12 11:00:00,0.8333333333333334
2015-02-12 12:00:00,1.5816666666666668
2015-02-12 13:00:00,1.975
2015-02-12 14:00:00,2.635
2015-02-12 15:00:00,2.49
2015-02-12 16:00:00,1.788333333333333
2015-02-12 17:00:00,0.6233333333333334
2015-02-12 18:00:00,0.555
2015-02-12 19:00:00,1.29
2015-02-12 20:00:00,1.7266666666666666
2015-02-12 21:00:00,1.9
2015-02-12 22:00:00,2.1333333333333333
2015-02-12 23:00:00,2.0016666666666665
2015-02-13 00:00:00,1.8133333333333328
2015-02-13 01:00:00,1.8283333333333327
2015-02-13 02:00:00,1.59
2015-02-13 03:00:00,2.0166666666666666
2015-02-13 04:00:00,2.0933333333333333
2015-02-13 05:00:00,2.105
2015-02-13 06:00:00,2.3216666666666668
2015-02-13 07:00:00,1.905
2015-02-13 08:00:00,2.45
2015-02-13 09:00:00,2.65
2015-02-13 10:00:00,2.5916666666666663
2015-02-13 11:00:00,3.333333333333333
2015-02-13 12:00:00,3.4466666666666668
2015-02-13 13:00:00,2.7983333333333333
2015-02-13 14:00:00,2.645
2015-02-13 15:00:00,2.6300000000000003
2015-02-13 16:00:00,1.845
2015-02-13 17:00:00,1.7916666666666667
2015-02-13 18:00:00,2.216666666666667
2015-02-13 19:00:00,1.8783333333333327
2015-02-13 20:00:00,2.433333333333333
2015-02-13 21:00:00,1.7816666666666665
2015-02-13 22:00:00,2.2533333333333334
2015-02-13 23:00:00,2.353333333333333
2015-02-14 00:00:00,2.17
2015-02-14 01:00:00,2.355
2015-02-14 02:00:00,2.598333333333333
2015-02-14 03:00:00,2.285
2015-02-14 04:00:00,2.405
2015-02-14 05:00:00,2.083333333333333
2015-02-14 06:00:00,1.72
2015-02-14 07:00:00,2.111666666666667
2015-02-14 08:00:00,1.5433333333333332
2015-02-14 09:00:00,1.7016666666666669
2015-02-14 10:00:00,1.9866666666666664
2015-02-14 11:00:00,1.7833333333333332
2015-02-14 12:00:00,1.92
2015-02-14 13:00:00,1.2633333333333334
2015-02-14 14:00:00,1.0616666666666668
2015-02-14 15:00:00,0.995
2015-02-14 16:00:00,0.8283333333333333
2015-02-14 17:00:00,0.6583333333333333
2015-02-14 18:00:00,1.2183333333333333
2015-02-14 19:00:00,1.4916666666666665
2015-02-14 20:00:00,1.3483333333333334
2015-02-14 21:00:00,0.9166666666666666
2015-02-14 22:00:00,1.2566666666666666
2015-02-14 23:00:00,1.4116666666666668
2015-02-15 00:00:00,0.925
2015-02-15 01:00:00,1.1716666666666666
2015-02-15 02:00:00,1.3183333333333334
2015-02-15 03:00:00,0.9883333333333332
2015-02-15 04:00:00,0.5166666666666667
2015-02-15 05:00:00,0.2649999999999999
2015-02-15 06:00:00,0.3366666666666666
2015-02-15 07:00:00,0.3349999999999999
2015-02-15 08:00:00,1.0
2015-02-15 09:00:00,1.425
2015-02-15 10:00:00,2.285
2015-02-15 11:00:00,2.425
2015-02-15 12:00:00,2.381666666666667
2015-02-15 13:00:00,3.198333333333333
2015-02-15 14:00:00,3.685
2015-02-15 15:00:00,4.168333333333333
2015-02-15 16:00:00,3.078333333333333
2015-02-15 17:00:00,2.313333333333333
2015-02-15 18:00:00,1.475
2015-02-15 19:00:00,0.67
2015-02-15 20:00:00,0.7133333333333334
2015-02-15 21:00:00,0.4566666666666667
2015-02-15 22:00:00,0.5983333333333333
2015-02-15 23:00:00,1.0716666666666663
2015-02-16 00:00:00,0.4933333333333333
2015-02-16 01:00:00,0.3899999999999999
2015-02-16 02:00:00,0.5683333333333334
2015-02-16 03:00:00,0.45
2015-02-16 04:00:00,0.4083333333333334
2015-02-16 05:00:00,0.58
2015-02-16 06:00:00,0.3883333333333333
2015-02-16 07:00:00,0.3866666666666666
2015-02-16 08:00:00,0.4983333333333333
2015-02-16 09:00:00,0.8483333333333333
2015-02-16 10:00:00,0.6116666666666667
2015-02-16 11:00:00,0.9266666666666667
2015-02-16 12:00:00,2.285
2015-02-16 13:00:00,1.8383333333333327
2015-02-16 14:00:00,1.725
2015-02-16 15:00:00,1.7966666666666669
2015-02-16 16:00:00,2.195
2015-02-16 17:00:00,2.171666666666667
2015-02-16 18:00:00,1.5016666666666667
2015-02-16 19:00:00,0.9116666666666666
2015-02-16 20:00:00,1.2366666666666666
2015-02-16 21:00:00,0.535
2015-02-16 22:00:00,0.5183333333333334
2015-02-16 23:00:00,0.3799999999999999
2015-02-17 00:00:00,0.5166666666666667
2015-02-17 01:00:00,0.46
2015-02-17 02:00:00,0.7583333333333333
2015-02-17 03:00:00,0.645
2015-02-17 04:00:00,0.7383333333333333
2015-02-17 05:00:00,0.4666666666666666
2015-02-17 06:00:00,0.5499999999999999
2015-02-17 07:00:00,0.505
2015-02-17 08:00:00,0.475
2015-02-17 09:00:00,1.2616666666666667
2015-02-17 10:00:00,0.8433333333333334
2015-02-17 11:00:00,1.0566666666666666
2015-02-17 12:00:00,1.3549999999999998
2015-02-17 13:00:00,1.3066666666666666
2015-02-17 14:00:00,1.215
2015-02-17 15:00:00,1.25
2015-02-17 16:00:00,0.9833333333333334
2015-02-17 17:00:00,0.6366666666666666
2015-02-17 18:00:00,1.65
2015-02-17 19:00:00,1.15
2015-02-17 20:00:00,0.445
2015-02-17 21:00:00,0.6866666666666666
2015-02-17 22:00:00,0.5866666666666667
2015-02-17 23:00:00,0.655
2015-02-18 00:00:00,0.5166666666666667
2015-02-18 01:00:00,0.4466666666666666
2015-02-18 02:00:00,0.5533333333333333
2015-02-18 03:00:00,0.775
2015-02-18 04:00:00,0.355
2015-02-18 05:00:00,0.505
2015-02-18 06:00:00,0.5666666666666667
2015-02-18 07:00:00,1.0016666666666667
2015-02-18 08:00:00,0.6633333333333333
2015-02-18 09:00:00,0.525
2015-02-18 10:00:00,0.9316666666666666
2015-02-18 11:00:00,1.17
2015-02-18 12:00:00,0.9133333333333334
2015-02-18 13:00:00,1.0599999999999998
2015-02-18 14:00:00,1.39
2015-02-18 15:00:00,1.145
2015-02-18 16:00:00,1.0833333333333333
2015-02-18 17:00:00,0.9833333333333334
2015-02-18 18:00:00,0.8233333333333334
2015-02-18 19:00:00,1.4266666666666667
2015-02-18 20:00:00,1.1816666666666666
2015-02-18 21:00:00,1.03
2015-02-18 22:00:00,0.855
2015-02-18 23:00:00,0.5933333333333334
2015-02-19 00:00:00,1.1483333333333334
2015-02-19 01:00:00,1.0733333333333333
2015-02-19 02:00:00,0.8700000000000001
2015-02-19 03:00:00,0.6533333333333333
2015-02-19 04:00:00,0.77
2015-02-19 05:00:00,0.6983333333333334
2015-02-19 06:00:00,0.63
2015-02-19 07:00:00,1.0316666666666667
2015-02-19 08:00:00,0.7083333333333334
2015-02-19 09:00:00,0.5166666666666667
2015-02-19 10:00:00,0.9166666666666666
2015-02-19 11:00:00,1.165
2015-02-19 12:00:00,2.4233333333333333
2015-02-19 13:00:00,3.9583333333333335
2015-02-19 14:00:00,3.486666666666667
2015-02-19 15:00:00,3.6
2015-02-19 16:00:00,3.473333333333333
2015-02-19 17:00:00,4.56
2015-02-19 18:00:00,4.46
2015-02-19 19:00:00,3.9266666666666654
2015-02-19 20:00:00,2.928333333333333
2015-02-19 21:00:00,1.545
2015-02-19 22:00:00,1.1766666666666667
2015-02-19 23:00:00,1.7916666666666667
2015-02-20 00:00:00,1.9016666666666664
2015-02-20 01:00:00,1.7516666666666667
2015-02-20 02:00:00,2.6983333333333337
2015-02-20 03:00:00,2.381666666666667
2015-02-20 04:00:00,1.4116666666666668
2015-02-20 05:00:00,1.135
2015-02-20 06:00:00,1.275
2015-02-20 07:00:00,2.1733333333333333
2015-02-20 08:00:00,2.63
2015-02-20 09:00:00,2.4766666666666666
2015-02-20 10:00:00,3.7433333333333336
2015-02-20 11:00:00,3.6
2015-02-20 12:00:00,7.463333333333334
2015-02-20 13:00:00,7.201666666666665
2015-02-20 14:00:00,6.966666666666666
2015-02-20 15:00:00,4.32
2015-02-20 16:00:00,3.216666666666667
2015-02-20 17:00:00,3.0050000000000003
2015-02-20 18:00:00,3.0883333333333334
2015-02-20 19:00:00,3.775
2015-02-20 20:00:00,4.489999999999999
2015-02-20 21:00:00,2.8366666666666664
2015-02-20 22:00:00,1.12
2015-02-20 23:00:00,1.0816666666666668
2015-02-21 00:00:00,1.9366666666666663
2015-02-21 01:00:00,2.2133333333333334
2015-02-21 02:00:00,3.391666666666667
2015-02-21 03:00:00,3.435
2015-02-21 04:00:00,3.27
2015-02-21 05:00:00,3.36
2015-02-21 06:00:00,3.5716666666666668
2015-02-21 07:00:00,2.6366666666666667
2015-02-21 08:00:00,3.878333333333333
2015-02-21 09:00:00,5.103333333333333
2015-02-21 10:00:00,7.641666666666667
2015-02-21 11:00:00,5.760000000000001
2015-02-21 12:00:00,4.413333333333333
2015-02-21 13:00:00,5.94
2015-02-21 14:00:00,6.733333333333333
2015-02-21 15:00:00,2.8783333333333334
2015-02-21 16:00:00,1.51
2015-02-21 17:00:00,1.61
2015-02-21 18:00:00,0.9016666666666668
2015-02-21 19:00:00,1.185
2015-02-21 20:00:00,1.6683333333333332
2015-02-21 21:00:00,1.505
2015-02-21 22:00:00,0.9583333333333334
2015-02-21 23:00:00,0.7566666666666667
2015-02-22 00:00:00,0.58
2015-02-22 01:00:00,0.8033333333333333
2015-02-22 02:00:00,0.6433333333333334
2015-02-22 03:00:00,0.61
2015-02-22 04:00:00,0.4049999999999999
2015-02-22 05:00:00,0.3583333333333333
2015-02-22 06:00:00,0.6749999999999999
2015-02-22 07:00:00,0.6083333333333334
2015-02-22 08:00:00,0.7050000000000001
2015-02-22 09:00:00,0.855
2015-02-22 10:00:00,0.9066666666666668
2015-02-22 11:00:00,1.27
2015-02-22 12:00:00,1.2483333333333333
2015-02-22 13:00:00,1.1666666666666667
2015-02-22 14:00:00,1.3150000000000002
2015-02-22 15:00:00,0.9433333333333334
2015-02-22 16:00:00,0.8483333333333333
2015-02-22 17:00:00,1.79
2015-02-22 18:00:00,2.08
2015-02-22 19:00:00,0.8583333333333334
2015-02-22 20:00:00,0.6983333333333334
2015-02-22 21:00:00,0.8116666666666666
2015-02-22 22:00:00,0.51
2015-02-22 23:00:00,0.9216666666666664
2015-02-23 00:00:00,0.9916666666666668
2015-02-23 01:00:00,1.34
2015-02-23 02:00:00,1.6900000000000002
2015-02-23 03:00:00,1.8816666666666664
2015-02-23 04:00:00,2.565
2015-02-23 05:00:00,3.3666666666666667
2015-02-23 06:00:00,3.01
2015-02-23 07:00:00,2.8383333333333334
2015-02-23 08:00:00,4.183333333333334
2015-02-23 09:00:00,5.181666666666667
2015-02-23 10:00:00,5.206666666666667
2015-02-23 11:00:00,4.79
2015-02-23 12:00:00,5.088333333333334
2015-02-23 13:00:00,2.085
2015-02-23 14:00:00,2.8766666666666665
2015-02-23 15:00:00,2.65
2015-02-23 16:00:00,3.1966666666666668
2015-02-23 17:00:00,2.9966666666666666
2015-02-23 18:00:00,1.1466666666666667
2015-02-23 19:00:00,2.786666666666666
2015-02-23 20:00:00,1.575
2015-02-23 21:00:00,2.7116666666666664
2015-02-23 22:00:00,1.8533333333333333
2015-02-23 23:00:00,1.305
2015-02-24 00:00:00,1.018333333333333
2015-02-24 01:00:00,2.0583333333333336
2015-02-24 02:00:00,3.4450000000000003
2015-02-24 03:00:00,3.025
2015-02-24 04:00:00,3.303333333333333
2015-02-24 05:00:00,1.105
2015-02-24 06:00:00,2.2
2015-02-24 07:00:00,3.08
2015-02-24 08:00:00,1.04
2015-02-24 09:00:00,1.8066666666666664
2015-02-24 10:00:00,3.551666666666667
2015-02-24 11:00:00,5.235
2015-02-24 12:00:00,5.371666666666667
2015-02-24 13:00:00,7.591666666666666
2015-02-24 14:00:00,6.25
2015-02-24 15:00:00,5.8183333333333325
2015-02-24 16:00:00,2.1750000000000003
2015-02-24 17:00:00,2.901666666666667
2015-02-24 18:00:00,2.5683333333333334
2015-02-24 19:00:00,2.831666666666667
2015-02-24 20:00:00,1.856666666666667
2015-02-24 21:00:00,2.151666666666667
2015-02-24 22:00:00,2.905
2015-02-24 23:00:00,1.5466666666666666
2015-02-25 00:00:00,1.0616666666666668
2015-02-25 01:00:00,1.0616666666666668
2015-02-25 02:00:00,1.1783333333333337
2015-02-25 03:00:00,1.3216666666666663
2015-02-25 04:00:00,1.06
2015-02-25 05:00:00,1.025
2015-02-25 06:00:00,1.0683333333333334
2015-02-25 07:00:00,1.2816666666666665
2015-02-25 08:00:00,0.7933333333333333
2015-02-25 09:00:00,0.7999999999999999
2015-02-25 10:00:00,2.125
2015-02-25 11:00:00,3.955
2015-02-25 12:00:00,2.1533333333333333
2015-02-25 13:00:00,2.6166666666666667
2015-02-25 14:00:00,3.27
2015-02-25 15:00:00,2.901666666666667
2015-02-25 16:00:00,1.985
2015-02-25 17:00:00,1.0
2015-02-25 18:00:00,0.735
2015-02-25 19:00:00,0.9833333333333334
2015-02-25 20:00:00,1.1216666666666668
2015-02-25 21:00:00,1.1683333333333332
2015-02-25 22:00:00,1.1033333333333333
2015-02-25 23:00:00,0.8383333333333334
2015-02-26 00:00:00,1.3983333333333334
2015-02-26 01:00:00,1.06
2015-02-26 02:00:00,1.29
2015-02-26 03:00:00,0.815
2015-02-26 04:00:00,1.163333333333333
2015-02-26 05:00:00,1.055
2015-02-26 06:00:00,1.59
2015-02-26 07:00:00,1.3716666666666668
2015-02-26 08:00:00,0.715
2015-02-26 09:00:00,1.4066666666666665
2015-02-26 10:00:00,1.6483333333333334
2015-02-26 11:00:00,2.34
2015-02-26 12:00:00,3.5400000000000005
2015-02-26 13:00:00,3.736666666666667
2015-02-26 14:00:00,3.501666666666667
2015-02-26 15:00:00,3.7416666666666663
2015-02-26 16:00:00,3.4133333333333336
2015-02-26 17:00:00,2.8000000000000003
2015-02-26 18:00:00,2.115
2015-02-26 19:00:00,1.6416666666666666
2015-02-26 20:00:00,1.695
2015-02-26 21:00:00,1.2133333333333332
2015-02-26 22:00:00,0.68
2015-02-26 23:00:00,1.1666666666666667
2015-02-27 00:00:00,1.5033333333333332
2015-02-27 01:00:00,1.3216666666666663
2015-02-27 02:00:00,1.14
2015-02-27 03:00:00,1.37
2015-02-27 04:00:00,1.8133333333333328
2015-02-27 05:00:00,2.0966666666666667
2015-02-27 06:00:00,2.0816666666666666
2015-02-27 07:00:00,1.903333333333333
2015-02-27 08:00:00,1.5316666666666665
2015-02-27 09:00:00,2.295
2015-02-27 10:00:00,2.585
2015-02-27 11:00:00,2.4883333333333333
2015-02-27 12:00:00,1.93
2015-02-27 13:00:00,2.2116666666666664
2015-02-27 14:00:00,1.595
2015-02-27 15:00:00,1.795
2015-02-27 16:00:00,2.5016666666666665
2015-02-27 17:00:00,1.6316666666666666
2015-02-27 18:00:00,0.97
2015-02-27 19:00:00,0.9566666666666668
2015-02-27 20:00:00,1.0716666666666663
2015-02-27 21:00:00,1.2983333333333331
2015-02-27 22:00:00,2.2066666666666666
2015-02-27 23:00:00,2.036666666666666
2015-02-28 00:00:00,1.68
2015-02-28 01:00:00,1.9533333333333331
2015-02-28 02:00:00,1.6683333333333332
2015-02-28 03:00:00,1.7416666666666665
2015-02-28 04:00:00,1.9933333333333327
2015-02-28 05:00:00,1.6616666666666664
2015-02-28 06:00:00,1.925
2015-02-28 07:00:00,2.2583333333333333
2015-02-28 08:00:00,2.37
2015-02-28 09:00:00,1.755
2015-02-28 10:00:00,2.553333333333333
2015-02-28 11:00:00,3.0283333333333338
2015-02-28 12:00:00,3.0066666666666664
2015-02-28 13:00:00,3.1333333333333333
2015-02-28 14:00:00,3.036666666666666
2015-02-28 15:00:00,2.4166666666666665
2015-02-28 16:00:00,3.71
2015-02-28 17:00:00,1.7583333333333335
2015-02-28 18:00:00,2.248333333333333
2015-02-28 19:00:00,0.6833333333333332
2015-02-28 20:00:00,1.7400000000000002
2015-02-28 21:00:00,0.9533333333333333
2015-02-28 22:00:00,1.6716666666666669
2015-02-28 23:00:00,1.8
2015-03-01 00:00:00,2.235
2015-03-01 01:00:00,2.5166666666666666
2015-03-01 02:00:00,2.815
2015-03-01 03:00:00,2.9233333333333333
2015-03-01 04:00:00,4.94
2015-03-01 05:00:00,4.685
2015-03-01 06:00:00,4.19
2015-03-01 07:00:00,4.366666666666666
2015-03-01 08:00:00,5.566666666666666
2015-03-01 09:00:00,6.515000000000001
2015-03-01 10:00:00,4.443333333333333
2015-03-01 11:00:00,6.118333333333333
2015-03-01 12:00:00,7.23
2015-03-01 13:00:00,7.646666666666667
2015-03-01 14:00:00,7.996666666666667
2015-03-01 15:00:00,6.133333333333333
2015-03-01 16:00:00,3.96
2015-03-01 17:00:00,4.111666666666667
2015-03-01 18:00:00,4.38
2015-03-01 19:00:00,3.8216666666666663
2015-03-01 20:00:00,2.513333333333333
2015-03-01 21:00:00,3.545
2015-03-01 22:00:00,2.99
2015-03-01 23:00:00,3.3083333333333336
2015-03-02 00:00:00,1.9933333333333327
2015-03-02 01:00:00,1.895
2015-03-02 02:00:00,1.75
2015-03-02 03:00:00,1.8916666666666664
2015-03-02 04:00:00,2.158333333333333
2015-03-02 05:00:00,2.963333333333333
2015-03-02 06:00:00,2.3266666666666667
2015-03-02 07:00:00,2.431666666666666
2015-03-02 08:00:00,2.6666666666666665
2015-03-02 09:00:00,3.3183333333333334
2015-03-02 10:00:00,3.945
2015-03-02 11:00:00,4.096666666666667
2015-03-02 12:00:00,3.3016666666666663
2015-03-02 13:00:00,2.605
2015-03-02 14:00:00,2.611666666666667
2015-03-02 15:00:00,2.72
2015-03-02 16:00:00,3.478333333333333
2015-03-02 17:00:00,2.75
2015-03-02 18:00:00,2.965
2015-03-02 19:00:00,1.9266666666666667
2015-03-02 20:00:00,3.5016666666666665
2015-03-02 21:00:00,3.6183333333333336
2015-03-02 22:00:00,3.1766666666666663
2015-03-02 23:00:00,2.8883333333333336
2015-03-03 00:00:00,3.31
2015-03-03 01:00:00,2.6416666666666666
2015-03-03 02:00:00,2.4716666666666667
2015-03-03 03:00:00,2.723333333333333
2015-03-03 04:00:00,3.1
2015-03-03 05:00:00,1.425
2015-03-03 06:00:00,3.3166666666666664
2015-03-03 07:00:00,4.918333333333333
2015-03-03 08:00:00,4.865
2015-03-03 09:00:00,5.348333333333334
2015-03-03 10:00:00,4.883333333333334
2015-03-03 11:00:00,5.493333333333333
2015-03-03 12:00:00,6.18
2015-03-03 13:00:00,5.26
2015-03-03 14:00:00,6.265000000000001
2015-03-03 15:00:00,6.181666666666668
2015-03-03 16:00:00,6.071666666666666
2015-03-03 17:00:00,6.215
2015-03-03 18:00:00,4.1433333333333335
2015-03-03 19:00:00,4.266666666666667
2015-03-03 20:00:00,6.181666666666668
2015-03-03 21:00:00,5.351666666666667
2015-03-03 22:00:00,2.773333333333333
2015-03-03 23:00:00,1.731666666666667
2015-03-04 00:00:00,1.5366666666666668
2015-03-04 01:00:00,2.4
2015-03-04 02:00:00,2.4250000000000003
2015-03-04 03:00:00,2.5050000000000003
2015-03-04 04:00:00,2.5500000000000003
2015-03-04 05:00:00,1.495
2015-03-04 06:00:00,1.3383333333333332
2015-03-04 07:00:00,1.4883333333333333
2015-03-04 08:00:00,1.6566666666666665
2015-03-04 09:00:00,2.81
2015-03-04 10:00:00,4.358333333333333
2015-03-04 11:00:00,4.576666666666667
2015-03-04 12:00:00,3.0866666666666664
2015-03-04 13:00:00,3.8
2015-03-04 14:00:00,3.19
2015-03-04 15:00:00,3.0700000000000003
2015-03-04 16:00:00,2.4516666666666667
2015-03-04 17:00:00,2.255
2015-03-04 18:00:00,2.191666666666667
2015-03-04 19:00:00,1.7766666666666666
2015-03-04 20:00:00,1.4666666666666668
2015-03-04 21:00:00,1.095
2015-03-04 22:00:00,1.8616666666666664
2015-03-04 23:00:00,2.0316666666666667
2015-03-05 00:00:00,1.8833333333333333
2015-03-05 01:00:00,1.8033333333333332
2015-03-05 02:00:00,2.56
2015-03-05 03:00:00,2.748333333333333
2015-03-05 04:00:00,2.6266666666666665
2015-03-05 05:00:00,2.32
2015-03-05 06:00:00,1.8733333333333333
2015-03-05 07:00:00,2.0216666666666665
2015-03-05 08:00:00,1.5416666666666667
2015-03-05 09:00:00,1.6216666666666668
2015-03-05 10:00:00,2.0383333333333336
2015-03-05 11:00:00,2.255
2015-03-05 12:00:00,1.9583333333333333
2015-03-05 13:00:00,1.5416666666666667
2015-03-05 14:00:00,1.895
2015-03-05 15:00:00,1.71
2015-03-05 16:00:00,1.3383333333333332
2015-03-05 17:00:00,0.9883333333333332
2015-03-05 18:00:00,1.1783333333333337
2015-03-05 19:00:00,1.835
2015-03-05 20:00:00,1.985
2015-03-05 21:00:00,2.3516666666666666
2015-03-05 22:00:00,2.65
2015-03-05 23:00:00,2.185
2015-03-06 00:00:00,2.6133333333333333
2015-03-06 01:00:00,2.52
2015-03-06 02:00:00,2.3866666666666667
2015-03-06 03:00:00,1.1283333333333334
2015-03-06 04:00:00,0.395
2015-03-06 05:00:00,0.9966666666666666
2015-03-06 06:00:00,0.7833333333333333
2015-03-06 07:00:00,0.5766666666666667
2015-03-06 08:00:00,0.665
2015-03-06 09:00:00,1.285
2015-03-06 10:00:00,2.0383333333333336
2015-03-06 11:00:00,2.148333333333333
2015-03-06 12:00:00,1.5933333333333335
2015-03-06 13:00:00,1.715
2015-03-06 14:00:00,1.6883333333333332
2015-03-06 15:00:00,2.07
2015-03-06 16:00:00,1.6516666666666666
2015-03-06 17:00:00,1.3433333333333335
2015-03-06 18:00:00,1.0233333333333334
2015-03-06 19:00:00,1.5266666666666666
2015-03-06 20:00:00,1.7366666666666666
2015-03-06 21:00:00,2.0816666666666666
2015-03-06 22:00:00,1.403333333333333
2015-03-06 23:00:00,1.0683333333333334
2015-03-07 00:00:00,0.7766666666666667
2015-03-07 01:00:00,1.075
2015-03-07 02:00:00,1.0583333333333331
2015-03-07 03:00:00,0.9366666666666666
2015-03-07 04:00:00,0.7683333333333332
2015-03-07 05:00:00,1.0083333333333333
2015-03-07 06:00:00,0.8916666666666666
2015-03-07 07:00:00,0.7416666666666667
2015-03-07 08:00:00,0.7666666666666666
2015-03-07 09:00:00,1.715
2015-03-07 10:00:00,4.361666666666667
2015-03-07 11:00:00,4.968333333333334
2015-03-07 12:00:00,3.861666666666667
2015-03-07 13:00:00,3.8816666666666655
2015-03-07 14:00:00,3.893333333333333
2015-03-07 15:00:00,3.6316666666666655
2015-03-07 16:00:00,3.806666666666666
2015-03-07 17:00:00,2.53
2015-03-07 18:00:00,2.06
2015-03-07 19:00:00,2.053333333333333
2015-03-07 20:00:00,1.6049999999999998
2015-03-07 21:00:00,1.2633333333333334
2015-03-07 22:00:00,0.7666666666666666
2015-03-07 23:00:00,0.425
2015-03-08 00:00:00,0.7266666666666667
2015-03-08 01:00:00,1.2366666666666666
2015-03-08 02:00:00,1.5083333333333335
2015-03-08 03:00:00,1.245
2015-03-08 04:00:00,1.8733333333333333
2015-03-08 05:00:00,2.138333333333333
2015-03-08 06:00:00,2.486666666666667
2015-03-08 07:00:00,1.875
2015-03-08 08:00:00,1.6216666666666668
2015-03-08 09:00:00,2.605
2015-03-08 10:00:00,4.206666666666667
2015-03-08 11:00:00,3.891666666666667
2015-03-08 12:00:00,2.431666666666666
2015-03-08 13:00:00,2.473333333333333
2015-03-08 14:00:00,3.0050000000000003
2015-03-08 15:00:00,3.375
2015-03-08 16:00:00,3.341666666666667
2015-03-08 17:00:00,2.431666666666666
2015-03-08 18:00:00,3.1733333333333333
2015-03-08 19:00:00,0.97
2015-03-08 20:00:00,1.0533333333333337
2015-03-08 21:00:00,1.2416666666666667
2015-03-08 22:00:00,1.1666666666666667
2015-03-08 23:00:00,0.87
2015-03-09 00:00:00,1.295
2015-03-09 01:00:00,1.2066666666666668
2015-03-09 02:00:00,0.5516666666666666
2015-03-09 03:00:00,0.815
2015-03-09 04:00:00,0.8866666666666667
2015-03-09 05:00:00,0.4483333333333333
2015-03-09 06:00:00,0.4533333333333333
2015-03-09 07:00:00,0.3733333333333333
2015-03-09 08:00:00,0.5616666666666666
2015-03-09 09:00:00,0.71
2015-03-09 10:00:00,0.535
2015-03-09 11:00:00,0.4466666666666667
2015-03-09 12:00:00,1.5716666666666663
2015-03-09 13:00:00,1.2916666666666667
2015-03-09 14:00:00,1.0616666666666668
2015-03-09 15:00:00,1.3316666666666668
2015-03-09 16:00:00,1.5650000000000002
2015-03-09 17:00:00,2.625
2015-03-09 18:00:00,2.215
2015-03-09 19:00:00,1.155
2015-03-09 20:00:00,0.3566666666666667
2015-03-09 21:00:00,0.2816666666666667
2015-03-09 22:00:00,0.9666666666666668
2015-03-09 23:00:00,0.805
2015-03-10 00:00:00,1.1016666666666666
2015-03-10 01:00:00,0.8416666666666667
2015-03-10 02:00:00,1.22
2015-03-10 03:00:00,0.9116666666666666
2015-03-10 04:00:00,1.3316666666666668
2015-03-10 05:00:00,1.6499999999999997
2015-03-10 06:00:00,1.5116666666666667
2015-03-10 07:00:00,1.8233333333333333
2015-03-10 08:00:00,1.185
2015-03-10 09:00:00,0.8450000000000001
2015-03-10 10:00:00,0.775
2015-03-10 11:00:00,0.9166666666666666
2015-03-10 12:00:00,1.4233333333333331
2015-03-10 13:00:00,1.9016666666666664
2015-03-10 14:00:00,1.346666666666667
2015-03-10 15:00:00,0.96
2015-03-10 16:00:00,0.855
2015-03-10 17:00:00,0.9716666666666668
2015-03-10 18:00:00,1.0
2015-03-10 19:00:00,1.1866666666666668
2015-03-10 20:00:00,1.09
2015-03-10 21:00:00,1.6416666666666666
2015-03-10 22:00:00,2.635
2015-03-10 23:00:00,1.1
2015-03-11 00:00:00,0.875
2015-03-11 01:00:00,0.61
2015-03-11 02:00:00,0.9283333333333332
2015-03-11 03:00:00,1.45
2015-03-11 04:00:00,0.685
2015-03-11 05:00:00,0.8166666666666668
2015-03-11 06:00:00,0.5783333333333333
2015-03-11 07:00:00,0.54
2015-03-11 08:00:00,1.545
2015-03-11 09:00:00,1.3733333333333333
2015-03-11 10:00:00,1.705
2015-03-11 11:00:00,1.7283333333333333
2015-03-11 12:00:00,2.0716666666666668
2015-03-11 13:00:00,1.5333333333333332
2015-03-11 14:00:00,1.5016666666666667
2015-03-11 15:00:00,2.058333333333333
2015-03-11 16:00:00,1.5366666666666668
2015-03-11 17:00:00,2.265
2015-03-11 18:00:00,0.485
2015-03-11 19:00:00,1.0533333333333337
2015-03-11 20:00:00,0.9666666666666668
2015-03-11 21:00:00,1.5766666666666669
2015-03-11 22:00:00,2.2033333333333336
2015-03-11 23:00:00,2.6566666666666667
2015-03-12 00:00:00,2.04
2015-03-12 01:00:00,1.3233333333333337
2015-03-12 02:00:00,0.7916666666666666
2015-03-12 03:00:00,0.5566666666666666
2015-03-12 04:00:00,1.0316666666666665
2015-03-12 05:00:00,1.185
2015-03-12 06:00:00,0.8366666666666668
2015-03-12 07:00:00,1.61
2015-03-12 08:00:00,2.433333333333333
2015-03-12 09:00:00,3.4416666666666664
2015-03-12 10:00:00,3.125
2015-03-12 11:00:00,3.931666666666666
2015-03-12 12:00:00,2.748333333333333
2015-03-12 13:00:00,2.1300000000000003
2015-03-12 14:00:00,2.191666666666667
2015-03-12 15:00:00,1.461666666666667
2015-03-12 16:00:00,3.2266666666666666
2015-03-12 17:00:00,4.131666666666667
2015-03-12 18:00:00,4.28
2015-03-12 19:00:00,3.408333333333333
2015-03-12 20:00:00,1.9
2015-03-12 21:00:00,1.4216666666666666
2015-03-12 22:00:00,2.22
2015-03-12 23:00:00,2.45
2015-03-13 00:00:00,2.3833333333333333
2015-03-13 01:00:00,2.5733333333333333
2015-03-13 02:00:00,2.0966666666666667
2015-03-13 03:00:00,2.1533333333333333
2015-03-13 04:00:00,2.68
2015-03-13 05:00:00,3.53
2015-03-13 06:00:00,3.2183333333333333
2015-03-13 07:00:00,2.9416666666666664
2015-03-13 08:00:00,3.626666666666667
2015-03-13 09:00:00,3.5933333333333333
2015-03-13 10:00:00,3.391666666666667
2015-03-13 11:00:00,3.375
2015-03-13 12:00:00,3.0316666666666667
2015-03-13 13:00:00,3.135
2015-03-13 14:00:00,2.973333333333333
2015-03-13 15:00:00,3.0116666666666667
2015-03-13 16:00:00,2.635
2015-03-13 17:00:00,1.5733333333333333
2015-03-13 18:00:00,0.9933333333333332
2015-03-13 19:00:00,0.3983333333333334
2015-03-13 20:00:00,0.5216666666666666
2015-03-13 21:00:00,0.33
2015-03-13 22:00:00,0.4133333333333333
2015-03-13 23:00:00,0.2933333333333333
2015-03-14 00:00:00,0.3899999999999999
2015-03-14 01:00:00,0.6933333333333334
2015-03-14 02:00:00,1.4166666666666667
2015-03-14 03:00:00,1.7083333333333333
2015-03-14 04:00:00,1.1733333333333331
2015-03-14 05:00:00,0.665
2015-03-14 06:00:00,1.3916666666666666
2015-03-14 07:00:00,1.785
2015-03-14 08:00:00,1.3683333333333334
2015-03-14 09:00:00,1.85
2015-03-14 10:00:00,2.516666666666667
2015-03-14 11:00:00,2.2466666666666666
2015-03-14 12:00:00,2.93
2015-03-14 13:00:00,2.905
2015-03-14 14:00:00,3.6366666666666663
2015-03-14 15:00:00,2.53
2015-03-14 16:00:00,2.75
2015-03-14 17:00:00,2.7616666666666667
2015-03-14 18:00:00,3.62
2015-03-14 19:00:00,2.7566666666666664
2015-03-14 20:00:00,3.043333333333333
2015-03-14 21:00:00,2.1283333333333334
2015-03-14 22:00:00,2.8366666666666664
2015-03-14 23:00:00,2.5866666666666664
2015-03-15 00:00:00,2.325
2015-03-15 01:00:00,2.7416666666666667
2015-03-15 02:00:00,2.905
2015-03-15 03:00:00,2.495
2015-03-15 04:00:00,3.545
2015-03-15 05:00:00,2.736666666666667
2015-03-15 06:00:00,2.37
2015-03-15 07:00:00,2.58
2015-03-15 08:00:00,2.6916666666666664
2015-03-15 09:00:00,3.033333333333333
2015-03-15 10:00:00,3.401666666666667
2015-03-15 11:00:00,3.2516666666666665
2015-03-15 12:00:00,3.341666666666667
2015-03-15 13:00:00,4.335
2015-03-15 14:00:00,4.358333333333333
2015-03-15 15:00:00,3.7183333333333337
2015-03-15 16:00:00,3.605
2015-03-15 17:00:00,2.8633333333333333
2015-03-15 18:00:00,3.6216666666666666
2015-03-15 19:00:00,2.3283333333333336
2015-03-15 20:00:00,2.188333333333333
2015-03-15 21:00:00,3.023333333333333
2015-03-15 22:00:00,2.7533333333333334
2015-03-15 23:00:00,1.655
2015-03-16 00:00:00,0.265
2015-03-16 01:00:00,1.36
2015-03-16 02:00:00,1.1316666666666666
2015-03-16 03:00:00,0.43
2015-03-16 04:00:00,0.2366666666666666
2015-03-16 05:00:00,0.635
2015-03-16 06:00:00,0.4716666666666667
2015-03-16 07:00:00,0.4466666666666666
2015-03-16 08:00:00,0.605
2015-03-16 09:00:00,0.4683333333333333
2015-03-16 10:00:00,1.425
2015-03-16 11:00:00,3.986666666666667
2015-03-16 12:00:00,4.16
2015-03-16 13:00:00,3.325
2015-03-16 14:00:00,3.943333333333333
2015-03-16 15:00:00,3.725
2015-03-16 16:00:00,2.815
2015-03-16 17:00:00,3.075
2015-03-16 18:00:00,2.4633333333333334
2015-03-16 19:00:00,1.606666666666667
2015-03-16 20:00:00,1.9416666666666664
2015-03-16 21:00:00,1.9316666666666664
2015-03-16 22:00:00,1.2266666666666668
2015-03-16 23:00:00,1.4400000000000002
2015-03-17 00:00:00,1.0983333333333334
2015-03-17 01:00:00,1.18
2015-03-17 02:00:00,0.6683333333333333
2015-03-17 03:00:00,0.5416666666666666
2015-03-17 04:00:00,0.4516666666666666
2015-03-17 05:00:00,0.415
2015-03-17 06:00:00,0.2733333333333334
2015-03-17 07:00:00,0.4083333333333334
2015-03-17 08:00:00,0.3183333333333333
2015-03-17 09:00:00,0.4716666666666667
2015-03-17 10:00:00,0.835
2015-03-17 11:00:00,1.81
2015-03-17 12:00:00,2.1416666666666666
2015-03-17 13:00:00,2.603333333333333
2015-03-17 14:00:00,3.0
2015-03-17 15:00:00,2.6366666666666667
2015-03-17 16:00:00,2.815
2015-03-17 17:00:00,1.8433333333333333
2015-03-17 18:00:00,1.8583333333333332
2015-03-17 19:00:00,1.6333333333333335
2015-03-17 20:00:00,0.8883333333333333
2015-03-17 21:00:00,2.22
2015-03-17 22:00:00,2.438333333333333
2015-03-17 23:00:00,1.905
2015-03-18 00:00:00,1.535
2015-03-18 01:00:00,1.1849999999999998
2015-03-18 02:00:00,0.6699999999999999
2015-03-18 03:00:00,0.5616666666666666
2015-03-18 04:00:00,0.5583333333333333
2015-03-18 05:00:00,0.3033333333333333
2015-03-18 06:00:00,0.3766666666666666
2015-03-18 07:00:00,0.5733333333333334
2015-03-18 08:00:00,0.3533333333333333
2015-03-18 09:00:00,0.5366666666666666
2015-03-18 10:00:00,1.1383333333333334
2015-03-18 11:00:00,1.3966666666666665
2015-03-18 12:00:00,1.385
2015-03-18 13:00:00,1.788333333333333
2015-03-18 14:00:00,2.875
2015-03-18 15:00:00,2.6316666666666664
2015-03-18 16:00:00,3.0933333333333333
2015-03-18 17:00:00,4.248333333333333
2015-03-18 18:00:00,3.5083333333333333
2015-03-18 19:00:00,2.3833333333333333
2015-03-18 20:00:00,1.64
2015-03-18 21:00:00,1.34
2015-03-18 22:00:00,0.7466666666666666
2015-03-18 23:00:00,0.5083333333333333
2015-03-19 00:00:00,0.7633333333333333
2015-03-19 01:00:00,0.7516666666666666
2015-03-19 02:00:00,0.535
2015-03-19 03:00:00,0.5983333333333333
2015-03-19 04:00:00,0.695
2015-03-19 05:00:00,0.4233333333333333
2015-03-19 06:00:00,0.6233333333333334
2015-03-19 07:00:00,0.5216666666666666
2015-03-19 08:00:00,0.8466666666666667
2015-03-19 09:00:00,0.8116666666666666
2015-03-19 10:00:00,1.366666666666667
2015-03-19 11:00:00,1.6083333333333334
2015-03-19 12:00:00,2.111666666666667
2015-03-19 13:00:00,3.266666666666667
2015-03-19 14:00:00,3.858333333333333
2015-03-19 15:00:00,4.185
2015-03-19 16:00:00,3.978333333333333
2015-03-19 17:00:00,3.863333333333333
2015-03-19 18:00:00,2.0766666666666667
2015-03-19 19:00:00,1.7183333333333335
2015-03-19 20:00:00,0.615
2015-03-19 21:00:00,0.3533333333333333
2015-03-19 22:00:00,0.4366666666666667
2015-03-19 23:00:00,0.895
2015-03-20 00:00:00,0.6083333333333333
2015-03-20 01:00:00,0.5583333333333333
2015-03-20 02:00:00,0.5133333333333333
2015-03-20 03:00:00,0.7216666666666667
2015-03-20 04:00:00,0.765
2015-03-20 05:00:00,0.6133333333333334
2015-03-20 06:00:00,0.555
2015-03-20 07:00:00,0.615
2015-03-20 08:00:00,0.855
2015-03-20 09:00:00,0.9583333333333334
2015-03-20 10:00:00,1.085
2015-03-20 11:00:00,0.8516666666666667
2015-03-20 12:00:00,1.3383333333333336
2015-03-20 13:00:00,1.4166666666666667
2015-03-20 14:00:00,1.46
2015-03-20 15:00:00,1.45
2015-03-20 16:00:00,2.25
2015-03-20 17:00:00,1.0766666666666669
2015-03-20 18:00:00,0.945
2015-03-20 19:00:00,0.5183333333333333
2015-03-20 20:00:00,1.3516666666666666
2015-03-20 21:00:00,1.1383333333333334
2015-03-20 22:00:00,0.6083333333333333
2015-03-20 23:00:00,0.7333333333333334
2015-03-21 00:00:00,0.61
2015-03-21 01:00:00,0.545
2015-03-21 02:00:00,0.8783333333333333
2015-03-21 03:00:00,0.6783333333333333
2015-03-21 04:00:00,0.6983333333333333
2015-03-21 05:00:00,1.18
2015-03-21 06:00:00,0.7466666666666667
2015-03-21 07:00:00,0.7000000000000001
2015-03-21 08:00:00,0.6633333333333333
2015-03-21 09:00:00,0.9533333333333333
2015-03-21 10:00:00,2.195
2015-03-21 11:00:00,3.25
2015-03-21 12:00:00,2.3716666666666666
2015-03-21 13:00:00,2.59
2015-03-21 14:00:00,2.0683333333333334
2015-03-21 15:00:00,2.19
2015-03-21 16:00:00,1.6583333333333332
2015-03-21 17:00:00,1.7633333333333334
2015-03-21 18:00:00,1.25
2015-03-21 19:00:00,0.8883333333333333
2015-03-21 20:00:00,1.0483333333333331
2015-03-21 21:00:00,1.055
2015-03-21 22:00:00,0.8066666666666666
2015-03-21 23:00:00,0.8233333333333334
2015-03-22 00:00:00,1.8433333333333333
2015-03-22 01:00:00,5.923333333333333
2015-03-22 02:00:00,6.203333333333333
2015-03-22 03:00:00,6.548333333333333
2015-03-22 04:00:00,6.718333333333334
2015-03-22 05:00:00,6.646666666666666
2015-03-22 06:00:00,6.546666666666667
2015-03-22 07:00:00,5.128333333333333
2015-03-22 08:00:00,4.566666666666666
2015-03-22 09:00:00,3.6216666666666666
2015-03-22 10:00:00,3.2533333333333334
2015-03-22 11:00:00,3.23
2015-03-22 12:00:00,3.02
2015-03-22 13:00:00,3.1133333333333333
2015-03-22 14:00:00,3.0316666666666667
2015-03-22 15:00:00,3.0766666666666667
2015-03-22 16:00:00,3.083333333333333
2015-03-22 17:00:00,1.9666666666666668
2015-03-22 18:00:00,1.903333333333333
2015-03-22 19:00:00,1.4483333333333333
2015-03-22 20:00:00,0.65
2015-03-22 21:00:00,0.6616666666666666
2015-03-22 22:00:00,0.5633333333333334
2015-03-22 23:00:00,0.5
2015-03-23 00:00:00,0.365
2015-03-23 01:00:00,0.32
2015-03-23 02:00:00,0.3416666666666666
2015-03-23 03:00:00,0.47
2015-03-23 04:00:00,1.135
2015-03-23 05:00:00,0.9083333333333332
2015-03-23 06:00:00,0.5633333333333334
2015-03-23 07:00:00,0.5583333333333333
2015-03-23 08:00:00,0.8099999999999999
2015-03-23 09:00:00,0.9983333333333334
2015-03-23 10:00:00,1.0516666666666667
2015-03-23 11:00:00,1.05
2015-03-23 12:00:00,1.2933333333333332
2015-03-23 13:00:00,1.36
2015-03-23 14:00:00,0.9466666666666668
2015-03-23 15:00:00,2.325
2015-03-23 16:00:00,2.0933333333333333
2015-03-23 17:00:00,1.211666666666667
2015-03-23 18:00:00,1.13
2015-03-23 19:00:00,0.8183333333333334
2015-03-23 20:00:00,1.1766666666666667
2015-03-23 21:00:00,0.98
2015-03-23 22:00:00,0.6016666666666667
2015-03-23 23:00:00,0.63
2015-03-24 00:00:00,0.5433333333333333
2015-03-24 01:00:00,0.6316666666666667
2015-03-24 02:00:00,0.4949999999999999
2015-03-24 03:00:00,0.665
2015-03-24 04:00:00,0.7333333333333334
2015-03-24 05:00:00,0.65
2015-03-24 06:00:00,0.6383333333333333
2015-03-24 07:00:00,0.84
2015-03-24 08:00:00,0.6666666666666666
2015-03-24 09:00:00,0.9916666666666668
2015-03-24 10:00:00,0.8016666666666666
2015-03-24 11:00:00,2.441666666666667
2015-03-24 12:00:00,3.575
2015-03-24 13:00:00,2.928333333333333
2015-03-24 14:00:00,3.83
2015-03-24 15:00:00,3.013333333333333
2015-03-24 16:00:00,1.5616666666666663
2015-03-24 17:00:00,1.37
2015-03-24 18:00:00,0.7600000000000001
2015-03-24 19:00:00,0.5133333333333333
2015-03-24 20:00:00,0.7116666666666666
2015-03-24 21:00:00,0.695
2015-03-24 22:00:00,0.7016666666666667
2015-03-24 23:00:00,0.5583333333333333
2015-03-25 00:00:00,0.4083333333333334
2015-03-25 01:00:00,0.815
2015-03-25 02:00:00,0.4466666666666667
2015-03-25 03:00:00,0.51
2015-03-25 04:00:00,0.3566666666666667
2015-03-25 05:00:00,0.4433333333333333
2015-03-25 06:00:00,0.5816666666666667
2015-03-25 07:00:00,0.4383333333333333
2015-03-25 08:00:00,0.59
2015-03-25 09:00:00,0.4833333333333333
2015-03-25 10:00:00,0.7616666666666667
2015-03-25 11:00:00,1.09
2015-03-25 12:00:00,2.4683333333333333
2015-03-25 13:00:00,3.165
2015-03-25 14:00:00,2.9766666666666666
2015-03-25 15:00:00,4.165
2015-03-25 16:00:00,3.3516666666666666
2015-03-25 17:00:00,3.981666666666667
2015-03-25 18:00:00,3.36
2015-03-25 19:00:00,1.3883333333333334
2015-03-25 20:00:00,2.24
2015-03-25 21:00:00,1.3416666666666668
2015-03-25 22:00:00,0.6283333333333333
2015-03-25 23:00:00,0.915
2015-03-26 00:00:00,0.4333333333333333
2015-03-26 01:00:00,0.3933333333333333
2015-03-26 02:00:00,1.4383333333333332
2015-03-26 03:00:00,1.913333333333333
2015-03-26 04:00:00,3.02
2015-03-26 05:00:00,2.965
2015-03-26 06:00:00,2.2716666666666665
2015-03-26 07:00:00,1.7183333333333335
2015-03-26 08:00:00,1.2049999999999998
2015-03-26 09:00:00,0.9716666666666668
2015-03-26 10:00:00,1.5016666666666667
2015-03-26 11:00:00,1.9166666666666667
2015-03-26 12:00:00,1.5533333333333337
2015-03-26 13:00:00,1.05
2015-03-26 14:00:00,2.045
2015-03-26 15:00:00,1.835
2015-03-26 16:00:00,1.89
2015-03-26 17:00:00,1.6016666666666666
2015-03-26 18:00:00,1.2033333333333334
2015-03-26 19:00:00,0.925
2015-03-26 20:00:00,1.6266666666666667
2015-03-26 21:00:00,2.1716666666666664
2015-03-26 22:00:00,2.1083333333333334
2015-03-26 23:00:00,2.408333333333333
2015-03-27 00:00:00,1.495
2015-03-27 01:00:00,1.6183333333333334
2015-03-27 02:00:00,2.1866666666666665
2015-03-27 03:00:00,2.37
2015-03-27 04:00:00,2.42
2015-03-27 05:00:00,1.6733333333333331
2015-03-27 06:00:00,1.6266666666666667
2015-03-27 07:00:00,0.9366666666666666
2015-03-27 08:00:00,1.9383333333333332
2015-03-27 09:00:00,4.0200000000000005
2015-03-27 10:00:00,4.256666666666667
2015-03-27 11:00:00,4.058333333333333
2015-03-27 12:00:00,4.155
2015-03-27 13:00:00,4.571666666666666
2015-03-27 14:00:00,4.54
2015-03-27 15:00:00,4.0216666666666665
2015-03-27 16:00:00,3.698333333333333
2015-03-27 17:00:00,1.365
2015-03-27 18:00:00,1.9083333333333328
2015-03-27 19:00:00,1.2466666666666668
2015-03-27 20:00:00,1.305
2015-03-27 21:00:00,2.5016666666666665
2015-03-27 22:00:00,1.4466666666666663
2015-03-27 23:00:00,1.63
2015-03-28 00:00:00,1.445
2015-03-28 01:00:00,1.29
2015-03-28 02:00:00,1.6966666666666663
2015-03-28 03:00:00,1.336666666666667
2015-03-28 04:00:00,1.195
2015-03-28 05:00:00,1.2066666666666668
2015-03-28 06:00:00,0.8216666666666667
2015-03-28 07:00:00,0.8583333333333334
2015-03-28 08:00:00,1.725
2015-03-28 09:00:00,1.675
2015-03-28 10:00:00,1.485
2015-03-28 11:00:00,3.701666666666666
2015-03-28 12:00:00,3.645
2015-03-28 13:00:00,4.348333333333334
2015-03-28 14:00:00,3.8333333333333335
2015-03-28 15:00:00,3.875
2015-03-28 16:00:00,4.785
2015-03-28 17:00:00,4.36
2015-03-28 18:00:00,2.716666666666667
2015-03-28 19:00:00,2.125
2015-03-28 20:00:00,2.3666666666666667
2015-03-28 21:00:00,3.911666666666667
2015-03-28 22:00:00,5.288333333333333
2015-03-28 23:00:00,3.7366666666666655
2015-03-29 00:00:00,4.33
2015-03-29 01:00:00,4.241666666666666
2015-03-29 02:00:00,4.735
2015-03-29 03:00:00,4.111666666666667
2015-03-29 04:00:00,6.508333333333333
2015-03-29 05:00:00,6.28
2015-03-29 06:00:00,4.7683333333333335
2015-03-29 07:00:00,5.59
2015-03-29 08:00:00,5.053333333333334
2015-03-29 09:00:00,4.761666666666667
2015-03-29 10:00:00,4.791666666666667
2015-03-29 11:00:00,3.7283333333333335
2015-03-29 12:00:00,4.401666666666666
2015-03-29 13:00:00,3.2900000000000005
2015-03-29 14:00:00,5.260000000000001
2015-03-29 15:00:00,6.925
2015-03-29 16:00:00,6.141666666666667
2015-03-29 17:00:00,7.22
2015-03-29 18:00:00,7.133333333333333
2015-03-29 19:00:00,7.300000000000001
2015-03-29 20:00:00,7.688333333333333
2015-03-29 21:00:00,5.173333333333333
2015-03-29 22:00:00,4.191666666666666
2015-03-29 23:00:00,3.815
2015-03-30 00:00:00,3.676666666666667
2015-03-30 01:00:00,3.69
2015-03-30 02:00:00,3.296666666666667
2015-03-30 03:00:00,2.563333333333333
2015-03-30 04:00:00,2.575
2015-03-30 05:00:00,2.495
2015-03-30 06:00:00,3.3666666666666667
2015-03-30 07:00:00,4.238333333333333
2015-03-30 08:00:00,4.833333333333333
2015-03-30 09:00:00,4.428333333333334
2015-03-30 10:00:00,4.555
2015-03-30 11:00:00,3.4250000000000003
2015-03-30 12:00:00,3.8366666666666656
2015-03-30 13:00:00,4.185
2015-03-30 14:00:00,3.681666666666666
2015-03-30 15:00:00,3.0850000000000004
2015-03-30 16:00:00,3.155
2015-03-30 17:00:00,2.5033333333333334
2015-03-30 18:00:00,2.498333333333333
2015-03-30 19:00:00,1.1333333333333333
2015-03-30 20:00:00,1.5066666666666666
2015-03-30 21:00:00,1.965
2015-03-30 22:00:00,1.675
2015-03-30 23:00:00,2.1300000000000003
2015-03-31 00:00:00,2.858333333333333
2015-03-31 01:00:00,2.1566666666666667
2015-03-31 02:00:00,4.466666666666666
2015-03-31 03:00:00,4.87
2015-03-31 04:00:00,4.283333333333333
2015-03-31 05:00:00,2.8716666666666666
2015-03-31 06:00:00,3.813333333333333
2015-03-31 07:00:00,6.463333333333334
2015-03-31 08:00:00,4.59
2015-03-31 09:00:00,5.348333333333334
2015-03-31 10:00:00,3.845
2015-03-31 11:00:00,4.628333333333333
2015-03-31 12:00:00,5.908333333333334
2015-03-31 13:00:00,5.178333333333334
2015-03-31 14:00:00,4.95
2015-03-31 15:00:00,4.998333333333334
2015-03-31 16:00:00,5.465
2015-03-31 17:00:00,4.115
2015-03-31 18:00:00,3.98
2015-03-31 19:00:00,3.831666666666667
2015-03-31 20:00:00,3.8666666666666663
2015-03-31 21:00:00,3.426666666666667
2015-03-31 22:00:00,2.3266666666666667
2015-03-31 23:00:00,3.103333333333333
2015-04-01 00:00:00,3.723333333333333
2015-04-01 01:00:00,3.36
2015-04-01 02:00:00,2.6333333333333333
2015-04-01 03:00:00,3.046666666666667
2015-04-01 04:00:00,2.1966666666666668
2015-04-01 05:00:00,2.43
2015-04-01 06:00:00,3.516666666666666
2015-04-01 07:00:00,3.5316666666666663
2015-04-01 08:00:00,3.951666666666666
2015-04-01 09:00:00,4.098333333333334
2015-04-01 10:00:00,4.088333333333333
2015-04-01 11:00:00,3.581666666666667
2015-04-01 12:00:00,4.0
2015-04-01 13:00:00,4.798333333333333
2015-04-01 14:00:00,3.915
2015-04-01 15:00:00,2.09
2015-04-01 16:00:00,2.518333333333333
2015-04-01 17:00:00,2.893333333333333
2015-04-01 18:00:00,2.833333333333333
2015-04-01 19:00:00,2.958333333333333
2015-04-01 20:00:00,2.9
2015-04-01 21:00:00,2.766666666666667
2015-04-01 22:00:00,2.2666666666666666
2015-04-01 23:00:00,1.846666666666667
2015-04-02 00:00:00,2.87
2015-04-02 01:00:00,3.733333333333333
2015-04-02 02:00:00,3.981666666666667
2015-04-02 03:00:00,4.793333333333334
2015-04-02 04:00:00,6.010000000000001
2015-04-02 05:00:00,6.126666666666666
2015-04-02 06:00:00,6.055
2015-04-02 07:00:00,5.406666666666666
2015-04-02 08:00:00,2.22
2015-04-02 09:00:00,0.6316666666666667
2015-04-02 10:00:00,1.8183333333333331
2015-04-02 11:00:00,2.9616666666666664
2015-04-02 12:00:00,2.4433333333333334
2015-04-02 13:00:00,2.8816666666666664
2015-04-02 14:00:00,3.295
2015-04-02 15:00:00,3.2416666666666667
2015-04-02 16:00:00,2.481666666666667
2015-04-02 17:00:00,2.8016666666666663
2015-04-02 18:00:00,2.706666666666667
2015-04-02 19:00:00,2.651666666666667
2015-04-02 20:00:00,2.7266666666666666
2015-04-02 21:00:00,2.398333333333333
2015-04-02 22:00:00,3.03
2015-04-02 23:00:00,2.725
2015-04-03 00:00:00,2.585
2015-04-03 01:00:00,2.1983333333333333
2015-04-03 02:00:00,1.8533333333333333
2015-04-03 03:00:00,1.8233333333333333
2015-04-03 04:00:00,1.5516666666666663
2015-04-03 05:00:00,1.086666666666667
2015-04-03 06:00:00,0.9133333333333334
2015-04-03 07:00:00,0.9816666666666668
2015-04-03 08:00:00,2.5866666666666664
2015-04-03 09:00:00,2.6133333333333333
2015-04-03 10:00:00,1.6766666666666667
2015-04-03 11:00:00,2.4683333333333333
2015-04-03 12:00:00,2.5716666666666668
2015-04-03 13:00:00,2.6950000000000003
2015-04-03 14:00:00,2.35
2015-04-03 15:00:00,2.025
2015-04-03 16:00:00,2.125
2015-04-03 17:00:00,2.105
2015-04-03 18:00:00,0.8833333333333333
2015-04-03 19:00:00,0.8383333333333334
2015-04-03 20:00:00,1.1116666666666666
2015-04-03 21:00:00,1.6983333333333333
2015-04-03 22:00:00,1.23
2015-04-03 23:00:00,0.5616666666666666
2015-04-04 00:00:00,0.6966666666666667
2015-04-04 01:00:00,0.4516666666666666
2015-04-04 02:00:00,0.5233333333333333
2015-04-04 03:00:00,0.615
2015-04-04 04:00:00,0.2783333333333333
2015-04-04 05:00:00,0.5233333333333333
2015-04-04 06:00:00,0.5416666666666666
2015-04-04 07:00:00,0.7416666666666667
2015-04-04 08:00:00,0.8416666666666667
2015-04-04 09:00:00,1.2766666666666666
2015-04-04 10:00:00,2.566666666666667
2015-04-04 11:00:00,3.715
2015-04-04 12:00:00,4.216666666666667
2015-04-04 13:00:00,4.118333333333333
2015-04-04 14:00:00,3.928333333333333
2015-04-04 15:00:00,4.685
2015-04-04 16:00:00,3.1650000000000005
2015-04-04 17:00:00,3.0516666666666663
2015-04-04 18:00:00,1.0816666666666668
2015-04-04 19:00:00,4.12
2015-04-04 20:00:00,1.5516666666666663
2015-04-04 21:00:00,1.085
2015-04-04 22:00:00,0.8649999999999999
2015-04-04 23:00:00,1.5650000000000002
2015-04-05 00:00:00,1.4983333333333333
2015-04-05 01:00:00,0.5883333333333334
2015-04-05 02:00:00,0.5483333333333333
2015-04-05 03:00:00,0.5416666666666666
2015-04-05 04:00:00,0.4983333333333333
2015-04-05 05:00:00,0.385
2015-04-05 06:00:00,0.365
2015-04-05 07:00:00,0.555
2015-04-05 08:00:00,1.0733333333333333
2015-04-05 09:00:00,2.155
2015-04-05 10:00:00,2.215
2015-04-05 11:00:00,3.168333333333333
2015-04-05 12:00:00,3.001666666666667
2015-04-05 13:00:00,2.855
2015-04-05 14:00:00,3.013333333333333
2015-04-05 15:00:00,2.9466666666666668
2015-04-05 16:00:00,3.17
2015-04-05 17:00:00,0.975
2015-04-05 18:00:00,1.0916666666666666
2015-04-05 19:00:00,0.9116666666666666
2015-04-05 20:00:00,0.8033333333333333
2015-04-05 21:00:00,1.1166666666666667
2015-04-05 22:00:00,0.84
2015-04-05 23:00:00,1.0033333333333332
2015-04-06 00:00:00,0.6383333333333333
2015-04-06 01:00:00,0.7466666666666666
2015-04-06 02:00:00,0.555
2015-04-06 03:00:00,0.51
2015-04-06 04:00:00,1.26
2015-04-06 05:00:00,1.935
2015-04-06 06:00:00,1.4666666666666668
2015-04-06 07:00:00,1.7983333333333331
2015-04-06 08:00:00,3.225
2015-04-06 09:00:00,4.041666666666667
2015-04-06 10:00:00,4.345
2015-04-06 11:00:00,3.85
2015-04-06 12:00:00,4.406666666666666
2015-04-06 13:00:00,5.13
2015-04-06 14:00:00,5.256666666666667
2015-04-06 15:00:00,5.18
2015-04-06 16:00:00,5.488333333333333
2015-04-06 17:00:00,4.781666666666666
2015-04-06 18:00:00,4.208333333333333
2015-04-06 19:00:00,3.01
2015-04-06 20:00:00,2.785
2015-04-06 21:00:00,1.3316666666666668
2015-04-06 22:00:00,0.75
2015-04-06 23:00:00,0.75
2015-04-07 00:00:00,0.5466666666666667
2015-04-07 01:00:00,0.8183333333333334
2015-04-07 02:00:00,0.9266666666666667
2015-04-07 03:00:00,1.205
2015-04-07 04:00:00,0.9183333333333332
2015-04-07 05:00:00,0.7766666666666667
2015-04-07 06:00:00,0.8616666666666667
2015-04-07 07:00:00,1.1083333333333334
2015-04-07 08:00:00,1.2566666666666666
2015-04-07 09:00:00,1.5983333333333334
2015-04-07 10:00:00,2.295
2015-04-07 11:00:00,2.5500000000000003
2015-04-07 12:00:00,2.555
2015-04-07 13:00:00,2.39
2015-04-07 14:00:00,2.27
2015-04-07 15:00:00,2.521666666666667
2015-04-07 16:00:00,1.7833333333333332
2015-04-07 17:00:00,1.778333333333333
2015-04-07 18:00:00,1.0616666666666668
2015-04-07 19:00:00,1.4233333333333331
2015-04-07 20:00:00,1.555
2015-04-07 21:00:00,2.2566666666666664
2015-04-07 22:00:00,2.5216666666666665
2015-04-07 23:00:00,2.526666666666667
2015-04-08 00:00:00,1.4633333333333332
2015-04-08 01:00:00,0.9116666666666666
2015-04-08 02:00:00,0.755
2015-04-08 03:00:00,0.5566666666666666
2015-04-08 04:00:00,0.8233333333333333
2015-04-08 05:00:00,2.103333333333333
2015-04-08 06:00:00,2.44
2015-04-08 07:00:00,2.3866666666666667
2015-04-08 08:00:00,1.925
2015-04-08 09:00:00,1.7066666666666668
2015-04-08 10:00:00,1.8333333333333333
2015-04-08 11:00:00,1.945
2015-04-08 12:00:00,1.7033333333333334
2015-04-08 13:00:00,2.345
2015-04-08 14:00:00,2.08
2015-04-08 15:00:00,1.845
2015-04-08 16:00:00,2.731666666666667
2015-04-08 17:00:00,4.388333333333333
2015-04-08 18:00:00,3.9783333333333335
2015-04-08 19:00:00,3.625
2015-04-08 20:00:00,2.845
2015-04-08 21:00:00,1.7416666666666665
2015-04-08 22:00:00,1.518333333333333
2015-04-08 23:00:00,1.4583333333333333
2015-04-09 00:00:00,1.165
2015-04-09 01:00:00,1.1616666666666666
2015-04-09 02:00:00,0.9366666666666666
2015-04-09 03:00:00,0.7733333333333334
2015-04-09 04:00:00,1.0166666666666668
2015-04-09 05:00:00,1.0583333333333331
2015-04-09 06:00:00,1.1983333333333333
2015-04-09 07:00:00,2.3783333333333334
2015-04-09 08:00:00,2.795
2015-04-09 09:00:00,2.04
2015-04-09 10:00:00,1.8433333333333333
2015-04-09 11:00:00,1.9516666666666669
2015-04-09 12:00:00,2.235
2015-04-09 13:00:00,1.625
2015-04-09 14:00:00,2.3783333333333334
2015-04-09 15:00:00,3.018333333333333
2015-04-09 16:00:00,3.945
2015-04-09 17:00:00,3.4683333333333333
2015-04-09 18:00:00,2.94
2015-04-09 19:00:00,0.7866666666666666
2015-04-09 20:00:00,1.0616666666666668
2015-04-09 21:00:00,0.9466666666666668
2015-04-09 22:00:00,0.5666666666666667
2015-04-09 23:00:00,1.67
2015-04-10 00:00:00,1.086666666666667
2015-04-10 01:00:00,0.915
2015-04-10 02:00:00,0.685
2015-04-10 03:00:00,0.6633333333333333
2015-04-10 04:00:00,0.805
2015-04-10 05:00:00,0.7450000000000001
2015-04-10 06:00:00,0.785
2015-04-10 07:00:00,0.855
2015-04-10 08:00:00,1.1816666666666666
2015-04-10 09:00:00,0.9183333333333332
2015-04-10 10:00:00,1.2433333333333334
2015-04-10 11:00:00,1.8033333333333332
2015-04-10 12:00:00,2.303333333333333
2015-04-10 13:00:00,1.846666666666667
2015-04-10 14:00:00,2.0966666666666667
2015-04-10 15:00:00,1.5433333333333332
2015-04-10 16:00:00,2.5383333333333336
2015-04-10 17:00:00,2.37
2015-04-10 18:00:00,1.778333333333333
2015-04-10 19:00:00,1.1316666666666666
2015-04-10 20:00:00,0.5216666666666666
2015-04-10 21:00:00,0.4566666666666667
2015-04-10 22:00:00,1.27
2015-04-10 23:00:00,1.2033333333333334
2015-04-11 00:00:00,1.5833333333333333
2015-04-11 01:00:00,1.606666666666667
2015-04-11 02:00:00,1.37
2015-04-11 03:00:00,1.2566666666666666
2015-04-11 04:00:00,1.5266666666666666
2015-04-11 05:00:00,1.1983333333333337
2015-04-11 06:00:00,1.3583333333333334
2015-04-11 07:00:00,1.1733333333333331
2015-04-11 08:00:00,0.8733333333333334
2015-04-11 09:00:00,1.6049999999999998
2015-04-11 10:00:00,4.101666666666667
2015-04-11 11:00:00,5.8566666666666665
2015-04-11 12:00:00,6.726666666666667
2015-04-11 13:00:00,7.035
2015-04-11 14:00:00,7.579999999999999
2015-04-11 15:00:00,5.614999999999999
2015-04-11 16:00:00,5.388333333333333
2015-04-11 17:00:00,4.256666666666667
2015-04-11 18:00:00,3.5716666666666668
2015-04-11 19:00:00,3.51
2015-04-11 20:00:00,3.4516666666666667
2015-04-11 21:00:00,3.2416666666666667
2015-04-11 22:00:00,1.8783333333333327
2015-04-11 23:00:00,0.9466666666666668
2015-04-12 00:00:00,2.395
2015-04-12 01:00:00,2.1216666666666666
2015-04-12 02:00:00,1.4866666666666666
2015-04-12 03:00:00,1.278333333333333
2015-04-12 04:00:00,1.3316666666666668
2015-04-12 05:00:00,2.0516666666666667
2015-04-12 06:00:00,0.965
2015-04-12 07:00:00,0.925
2015-04-12 08:00:00,1.185
2015-04-12 09:00:00,2.19
2015-04-12 10:00:00,1.8766666666666667
2015-04-12 11:00:00,2.411666666666666
2015-04-12 12:00:00,2.4
2015-04-12 13:00:00,3.6566666666666663
2015-04-12 14:00:00,2.955
2015-04-12 15:00:00,3.248333333333333
2015-04-12 16:00:00,4.406666666666666
2015-04-12 17:00:00,4.37
2015-04-12 18:00:00,2.0500000000000003
2015-04-12 19:00:00,1.7166666666666668
2015-04-12 20:00:00,1.625
2015-04-12 21:00:00,1.4316666666666666
2015-04-12 22:00:00,2.5783333333333336
2015-04-12 23:00:00,0.8116666666666666
2015-04-13 00:00:00,2.388333333333333
2015-04-13 01:00:00,1.885
2015-04-13 02:00:00,2.0683333333333334
2015-04-13 03:00:00,1.1033333333333333
2015-04-13 04:00:00,2.1566666666666667
2015-04-13 05:00:00,1.9583333333333333
2015-04-13 06:00:00,2.03
2015-04-13 07:00:00,2.0316666666666667
2015-04-13 08:00:00,1.8633333333333333
2015-04-13 09:00:00,2.591666666666667
2015-04-13 10:00:00,2.395
2015-04-13 11:00:00,3.08
2015-04-13 12:00:00,2.4966666666666666
2015-04-13 13:00:00,2.606666666666667
2015-04-13 14:00:00,2.63
2015-04-13 15:00:00,2.123333333333333
2015-04-13 16:00:00,1.6900000000000002
2015-04-13 17:00:00,1.3583333333333334
2015-04-13 18:00:00,0.9516666666666668
2015-04-13 19:00:00,1.0516666666666667
2015-04-13 20:00:00,1.7066666666666668
2015-04-13 21:00:00,0.9433333333333334
2015-04-13 22:00:00,1.2516666666666667
2015-04-13 23:00:00,0.835
2015-04-14 00:00:00,0.9483333333333333
2015-04-14 01:00:00,0.9
2015-04-14 02:00:00,0.5
2015-04-14 03:00:00,0.8783333333333333
2015-04-14 04:00:00,0.5233333333333333
2015-04-14 05:00:00,0.6816666666666666
2015-04-14 06:00:00,0.8633333333333333
2015-04-14 07:00:00,1.2733333333333334
2015-04-14 08:00:00,1.5516666666666667
2015-04-14 09:00:00,2.64
2015-04-14 10:00:00,4.916666666666667
2015-04-14 11:00:00,4.708333333333333
2015-04-14 12:00:00,3.1933333333333334
2015-04-14 13:00:00,3.755
2015-04-14 14:00:00,3.23
2015-04-14 15:00:00,2.9250000000000003
2015-04-14 16:00:00,3.5316666666666667
2015-04-14 17:00:00,2.148333333333333
2015-04-14 18:00:00,1.7733333333333334
2015-04-14 19:00:00,2.6216666666666666
2015-04-14 20:00:00,2.795
2015-04-14 21:00:00,2.49
2015-04-14 22:00:00,1.96
2015-04-14 23:00:00,0.875
2015-04-15 00:00:00,0.91
2015-04-15 01:00:00,1.0066666666666666
2015-04-15 02:00:00,1.3
2015-04-15 03:00:00,1.24
2015-04-15 04:00:00,0.86
2015-04-15 05:00:00,0.6033333333333334
2015-04-15 06:00:00,0.9816666666666666
2015-04-15 07:00:00,1.1116666666666666
2015-04-15 08:00:00,2.103333333333333
2015-04-15 09:00:00,2.806666666666666
2015-04-15 10:00:00,4.726666666666667
2015-04-15 11:00:00,3.591666666666667
2015-04-15 12:00:00,4.105
2015-04-15 13:00:00,4.323333333333333
2015-04-15 14:00:00,3.775
2015-04-15 15:00:00,5.238333333333333
2015-04-15 16:00:00,3.7883333333333336
2015-04-15 17:00:00,3.0083333333333333
2015-04-15 18:00:00,1.6283333333333332
2015-04-15 19:00:00,1.4933333333333334
2015-04-15 20:00:00,2.2116666666666664
2015-04-15 21:00:00,1.795
2015-04-15 22:00:00,1.903333333333333
2015-04-15 23:00:00,1.1866666666666668
2015-04-16 00:00:00,0.6833333333333332
2015-04-16 01:00:00,0.7133333333333334
2015-04-16 02:00:00,0.9333333333333332
2015-04-16 03:00:00,1.0833333333333333
2015-04-16 04:00:00,0.9216666666666667
2015-04-16 05:00:00,0.925
2015-04-16 06:00:00,0.7816666666666666
2015-04-16 07:00:00,0.6616666666666666
2015-04-16 08:00:00,1.038333333333333
2015-04-16 09:00:00,1.3416666666666668
2015-04-16 10:00:00,2.785
2015-04-16 11:00:00,3.2466666666666666
2015-04-16 12:00:00,3.295
2015-04-16 13:00:00,3.856666666666667
2015-04-16 14:00:00,4.7283333333333335
2015-04-16 15:00:00,4.043333333333333
2015-04-16 16:00:00,3.943333333333333
2015-04-16 17:00:00,3.69
2015-04-16 18:00:00,2.18
2015-04-16 19:00:00,4.776666666666666
2015-04-16 20:00:00,3.5849999999999995
2015-04-16 21:00:00,2.078333333333333
2015-04-16 22:00:00,1.778333333333333
2015-04-16 23:00:00,1.29
2015-04-17 00:00:00,0.7466666666666667
2015-04-17 01:00:00,0.7600000000000001
2015-04-17 02:00:00,1.1333333333333333
2015-04-17 03:00:00,1.2466666666666666
2015-04-17 04:00:00,1.8783333333333327
2015-04-17 05:00:00,2.768333333333333
2015-04-17 06:00:00,2.181666666666666
2015-04-17 07:00:00,2.6316666666666664
2015-04-17 08:00:00,3.543333333333333
2015-04-17 09:00:00,2.7416666666666667
2015-04-17 10:00:00,3.4466666666666668
2015-04-17 11:00:00,3.723333333333333
2015-04-17 12:00:00,4.1866666666666665
2015-04-17 13:00:00,3.865
2015-04-17 14:00:00,4.1033333333333335
2015-04-17 15:00:00,4.503333333333333
2015-04-17 16:00:00,3.148333333333333
2015-04-17 17:00:00,2.7266666666666666
2015-04-17 18:00:00,1.94
2015-04-17 19:00:00,0.9883333333333332
2015-04-17 20:00:00,1.6183333333333334
2015-04-17 21:00:00,1.8616666666666664
2015-04-17 22:00:00,1.105
2015-04-17 23:00:00,1.065
2015-04-18 00:00:00,1.0983333333333334
2015-04-18 01:00:00,1.0983333333333334
2015-04-18 02:00:00,0.445
2015-04-18 03:00:00,0.7633333333333333
2015-04-18 04:00:00,0.7966666666666667
2015-04-18 05:00:00,1.725
2015-04-18 06:00:00,1.875
2015-04-18 07:00:00,1.5599999999999998
2015-04-18 08:00:00,3.225
2015-04-18 09:00:00,2.8266666666666667
2015-04-18 10:00:00,4.28
2015-04-18 11:00:00,3.2116666666666664
2015-04-18 12:00:00,2.995
2015-04-18 13:00:00,3.578333333333333
2015-04-18 14:00:00,3.098333333333333
2015-04-18 15:00:00,2.661666666666666
2015-04-18 16:00:00,2.87
2015-04-18 17:00:00,2.5966666666666667
2015-04-18 18:00:00,0.9583333333333334
2015-04-18 19:00:00,0.8933333333333332
2015-04-18 20:00:00,1.6450000000000002
2015-04-18 21:00:00,1.915
2015-04-18 22:00:00,1.2183333333333335
2015-04-18 23:00:00,0.7366666666666667
2015-04-19 00:00:00,0.9466666666666668
2015-04-19 01:00:00,0.82
2015-04-19 02:00:00,0.8183333333333334
2015-04-19 03:00:00,0.8883333333333333
2015-04-19 04:00:00,0.7333333333333334
2015-04-19 05:00:00,0.8233333333333334
2015-04-19 06:00:00,0.7383333333333333
2015-04-19 07:00:00,0.92
2015-04-19 08:00:00,0.91
2015-04-19 09:00:00,1.3083333333333331
2015-04-19 10:00:00,2.0516666666666667
2015-04-19 11:00:00,2.956666666666667
2015-04-19 12:00:00,2.815
2015-04-19 13:00:00,3.2383333333333333
2015-04-19 14:00:00,4.028333333333333
2015-04-19 15:00:00,4.401666666666666
2015-04-19 16:00:00,4.361666666666666
2015-04-19 17:00:00,3.216666666666667
2015-04-19 18:00:00,2.04
2015-04-19 19:00:00,2.225
2015-04-19 20:00:00,1.275
2015-04-19 21:00:00,0.5466666666666667
2015-04-19 22:00:00,0.6016666666666667
2015-04-19 23:00:00,1.0916666666666668
2015-04-20 00:00:00,0.645
2015-04-20 01:00:00,0.8866666666666667
2015-04-20 02:00:00,0.5966666666666667
2015-04-20 03:00:00,0.3783333333333333
2015-04-20 04:00:00,0.3783333333333333
2015-04-20 05:00:00,0.6116666666666667
2015-04-20 06:00:00,0.71
2015-04-20 07:00:00,0.9616666666666668
2015-04-20 08:00:00,1.1133333333333333
2015-04-20 09:00:00,3.8166666666666655
2015-04-20 10:00:00,3.695
2015-04-20 11:00:00,3.673333333333333
2015-04-20 12:00:00,3.2533333333333334
2015-04-20 13:00:00,2.678333333333333
2015-04-20 14:00:00,4.641666666666667
2015-04-20 15:00:00,4.203333333333333
2015-04-20 16:00:00,4.5633333333333335
2015-04-20 17:00:00,2.7433333333333336
2015-04-20 18:00:00,1.62
2015-04-20 19:00:00,1.445
2015-04-20 20:00:00,0.96
2015-04-20 21:00:00,0.9333333333333332
2015-04-20 22:00:00,1.26
2015-04-20 23:00:00,0.94
2015-04-21 00:00:00,1.2333333333333334
2015-04-21 01:00:00,0.665
2015-04-21 02:00:00,0.3799999999999999
2015-04-21 03:00:00,0.5566666666666666
2015-04-21 04:00:00,1.4016666666666666
2015-04-21 05:00:00,0.855
2015-04-21 06:00:00,0.65
2015-04-21 07:00:00,1.1266666666666667
2015-04-21 08:00:00,1.3716666666666668
2015-04-21 09:00:00,1.856666666666667
2015-04-21 10:00:00,2.11
2015-04-21 11:00:00,2.523333333333333
2015-04-21 12:00:00,2.435
2015-04-21 13:00:00,2.806666666666666
2015-04-21 14:00:00,2.901666666666667
2015-04-21 15:00:00,2.856666666666667
2015-04-21 16:00:00,2.766666666666667
2015-04-21 17:00:00,2.4250000000000003
2015-04-21 18:00:00,1.9266666666666667
2015-04-21 19:00:00,1.1033333333333333
2015-04-21 20:00:00,1.63
2015-04-21 21:00:00,1.46
2015-04-21 22:00:00,1.0716666666666663
2015-04-21 23:00:00,0.5716666666666667
2015-04-22 00:00:00,2.035
2015-04-22 01:00:00,2.5116666666666667
2015-04-22 02:00:00,1.3133333333333332
2015-04-22 03:00:00,0.8516666666666667
2015-04-22 04:00:00,1.485
2015-04-22 05:00:00,0.8883333333333333
2015-04-22 06:00:00,1.005
2015-04-22 07:00:00,1.2733333333333334
2015-04-22 08:00:00,1.5516666666666667
2015-04-22 09:00:00,1.0333333333333334
2015-04-22 10:00:00,1.3166666666666669
2015-04-22 11:00:00,1.665
2015-04-22 12:00:00,1.2366666666666666
2015-04-22 13:00:00,0.9733333333333332
2015-04-22 14:00:00,1.22
2015-04-22 15:00:00,1.6583333333333334
2015-04-22 16:00:00,1.455
2015-04-22 17:00:00,1.5816666666666668
2015-04-22 18:00:00,1.1566666666666667
2015-04-22 19:00:00,0.735
2015-04-22 20:00:00,1.0783333333333334
2015-04-22 21:00:00,0.86
2015-04-22 22:00:00,0.5950000000000001
2015-04-22 23:00:00,1.2916666666666667
2015-04-23 00:00:00,1.3866666666666667
2015-04-23 01:00:00,0.6766666666666667
2015-04-23 02:00:00,0.9716666666666668
2015-04-23 03:00:00,1.07
2015-04-23 04:00:00,1.38
2015-04-23 05:00:00,1.3166666666666669
2015-04-23 06:00:00,1.4366666666666663
2015-04-23 07:00:00,1.2766666666666666
2015-04-23 08:00:00,1.6450000000000002
2015-04-23 09:00:00,1.615
2015-04-23 10:00:00,1.2033333333333334
2015-04-23 11:00:00,1.5816666666666668
2015-04-23 12:00:00,1.7866666666666668
2015-04-23 13:00:00,1.788333333333333
2015-04-23 14:00:00,2.091666666666667
2015-04-23 15:00:00,1.98
2015-04-23 16:00:00,1.7433333333333334
2015-04-23 17:00:00,1.2966666666666666
2015-04-23 18:00:00,1.5133333333333334
2015-04-23 19:00:00,1.42
2015-04-23 20:00:00,0.5683333333333334
2015-04-23 21:00:00,1.135
2015-04-23 22:00:00,0.835
2015-04-23 23:00:00,0.96
2015-04-24 00:00:00,0.6616666666666667
2015-04-24 01:00:00,0.515
2015-04-24 02:00:00,0.7999999999999999
2015-04-24 03:00:00,0.9616666666666666
2015-04-24 04:00:00,0.6966666666666667
2015-04-24 05:00:00,1.11
2015-04-24 06:00:00,0.7316666666666666
2015-04-24 07:00:00,1.6883333333333337
2015-04-24 08:00:00,1.925
2015-04-24 09:00:00,2.29
2015-04-24 10:00:00,2.181666666666666
2015-04-24 11:00:00,4.183333333333334
2015-04-24 12:00:00,4.16
2015-04-24 13:00:00,3.806666666666666
2015-04-24 14:00:00,3.885
2015-04-24 15:00:00,4.22
2015-04-24 16:00:00,4.306666666666667
2015-04-24 17:00:00,4.368333333333333
2015-04-24 18:00:00,2.535
2015-04-24 19:00:00,2.7116666666666664
2015-04-24 20:00:00,3.28
2015-04-24 21:00:00,1.1783333333333337
2015-04-24 22:00:00,1.1416666666666666
2015-04-24 23:00:00,1.0916666666666666
2015-04-25 00:00:00,1.5616666666666668
2015-04-25 01:00:00,1.2483333333333333
2015-04-25 02:00:00,1.9316666666666664
2015-04-25 03:00:00,2.018333333333333
2015-04-25 04:00:00,1.5916666666666668
2015-04-25 05:00:00,1.11
2015-04-25 06:00:00,0.8683333333333333
2015-04-25 07:00:00,0.975
2015-04-25 08:00:00,1.5683333333333334
2015-04-25 09:00:00,2.36
2015-04-25 10:00:00,3.2916666666666665
2015-04-25 11:00:00,4.788333333333333
2015-04-25 12:00:00,3.8716666666666666
2015-04-25 13:00:00,5.5183333333333335
2015-04-25 14:00:00,4.638333333333334
2015-04-25 15:00:00,3.9066666666666654
2015-04-25 16:00:00,3.956666666666667
2015-04-25 17:00:00,5.816666666666666
2015-04-25 18:00:00,4.798333333333333
2015-04-25 19:00:00,4.781666666666667
2015-04-25 20:00:00,3.7433333333333336
2015-04-25 21:00:00,3.661666666666666
2015-04-25 22:00:00,1.4483333333333333
2015-04-25 23:00:00,1.5816666666666668
2015-04-26 00:00:00,2.043333333333333
2015-04-26 01:00:00,2.111666666666667
2015-04-26 02:00:00,2.4716666666666667
2015-04-26 03:00:00,2.27
2015-04-26 04:00:00,0.9566666666666668
2015-04-26 05:00:00,0.7066666666666667
2015-04-26 06:00:00,0.6466666666666666
2015-04-26 07:00:00,0.9816666666666668
2015-04-26 08:00:00,1.8733333333333333
2015-04-26 09:00:00,3.393333333333333
2015-04-26 10:00:00,3.843333333333333
2015-04-26 11:00:00,5.525
2015-04-26 12:00:00,4.111666666666667
2015-04-26 13:00:00,4.085
2015-04-26 14:00:00,4.206666666666667
2015-04-26 15:00:00,3.52
2015-04-26 16:00:00,2.555
2015-04-26 17:00:00,2.561666666666667
2015-04-26 18:00:00,2.036666666666666
2015-04-26 19:00:00,0.7799999999999999
2015-04-26 20:00:00,0.4883333333333333
2015-04-26 21:00:00,0.6033333333333334
2015-04-26 22:00:00,1.3150000000000002
2015-04-26 23:00:00,0.52
2015-04-27 00:00:00,1.23
2015-04-27 01:00:00,0.7066666666666667
2015-04-27 02:00:00,0.525
2015-04-27 03:00:00,0.8083333333333332
2015-04-27 04:00:00,1.005
2015-04-27 05:00:00,0.875
2015-04-27 06:00:00,0.6266666666666666
2015-04-27 07:00:00,0.8033333333333333
2015-04-27 08:00:00,1.1766666666666667
2015-04-27 09:00:00,0.5599999999999999
2015-04-27 10:00:00,1.2483333333333333
2015-04-27 11:00:00,1.653333333333333
2015-04-27 12:00:00,4.448333333333333
2015-04-27 13:00:00,5.983333333333333
2015-04-27 14:00:00,6.418333333333333
2015-04-27 15:00:00,5.5
2015-04-27 16:00:00,4.265
2015-04-27 17:00:00,4.171666666666667
2015-04-27 18:00:00,4.1883333333333335
2015-04-27 19:00:00,4.091666666666666
2015-04-27 20:00:00,3.4466666666666668
2015-04-27 21:00:00,4.453333333333333
2015-04-27 22:00:00,4.13
2015-04-27 23:00:00,3.846666666666667
2015-04-28 00:00:00,3.265
2015-04-28 01:00:00,3.231666666666667
2015-04-28 02:00:00,1.4233333333333336
2015-04-28 03:00:00,2.1933333333333334
2015-04-28 04:00:00,1.8033333333333332
2015-04-28 05:00:00,2.428333333333333
2015-04-28 06:00:00,2.01
2015-04-28 07:00:00,1.01
2015-04-28 08:00:00,1.3183333333333334
2015-04-28 09:00:00,1.49
2015-04-28 10:00:00,0.9533333333333333
2015-04-28 11:00:00,1.2066666666666668
2015-04-28 12:00:00,1.805
2015-04-28 13:00:00,1.9316666666666664
2015-04-28 14:00:00,2.345
2015-04-28 15:00:00,2.17
2015-04-28 16:00:00,2.7633333333333336
2015-04-28 17:00:00,1.9466666666666663
2015-04-28 18:00:00,0.8283333333333333
2015-04-28 19:00:00,1.865
2015-04-28 20:00:00,1.3099999999999998
2015-04-28 21:00:00,1.7466666666666668
2015-04-28 22:00:00,1.788333333333333
2015-04-28 23:00:00,2.3683333333333336
2015-04-29 00:00:00,1.2083333333333333
2015-04-29 01:00:00,1.4916666666666665
2015-04-29 02:00:00,0.9333333333333336
2015-04-29 03:00:00,0.7266666666666667
2015-04-29 04:00:00,1.0233333333333332
2015-04-29 05:00:00,0.715
2015-04-29 06:00:00,1.038333333333333
2015-04-29 07:00:00,0.975
2015-04-29 08:00:00,1.1333333333333335
2015-04-29 09:00:00,2.03
2015-04-29 10:00:00,2.083333333333333
2015-04-29 11:00:00,2.4233333333333333
2015-04-29 12:00:00,2.2966666666666664
2015-04-29 13:00:00,2.915
2015-04-29 14:00:00,2.6366666666666667
2015-04-29 15:00:00,2.7016666666666667
2015-04-29 16:00:00,2.635
2015-04-29 17:00:00,2.6216666666666666
2015-04-29 18:00:00,1.0233333333333334
2015-04-29 19:00:00,1.8616666666666664
2015-04-29 20:00:00,0.515
2015-04-29 21:00:00,1.265
2015-04-29 22:00:00,1.02
2015-04-29 23:00:00,1.07
2015-04-30 00:00:00,0.965
2015-04-30 01:00:00,1.345
2015-04-30 02:00:00,0.7816666666666666
2015-04-30 03:00:00,0.4016666666666666
2015-04-30 04:00:00,0.9333333333333332
2015-04-30 05:00:00,0.9716666666666668
2015-04-30 06:00:00,0.8683333333333333
2015-04-30 07:00:00,1.1416666666666666
2015-04-30 08:00:00,2.265
2015-04-30 09:00:00,4.826666666666666
2015-04-30 10:00:00,5.321666666666666
2015-04-30 11:00:00,4.828333333333333
2015-04-30 12:00:00,4.385
2015-04-30 13:00:00,5.486666666666667
2015-04-30 14:00:00,5.81
2015-04-30 15:00:00,4.6033333333333335
2015-04-30 16:00:00,1.9933333333333332
2015-04-30 17:00:00,0.7766666666666667
2015-04-30 18:00:00,2.803333333333333
2015-04-30 19:00:00,2.3
2015-04-30 20:00:00,0.4766666666666666
2015-04-30 21:00:00,1.2616666666666667
2015-04-30 22:00:00,1.99
2015-04-30 23:00:00,1.7066666666666668
2015-05-01 00:00:00,1.7533333333333332
2015-05-01 01:00:00,1.855
2015-05-01 02:00:00,1.6383333333333334
2015-05-01 03:00:00,1.325
2015-05-01 04:00:00,1.2266666666666668
2015-05-01 05:00:00,0.9266666666666667
2015-05-01 06:00:00,0.9
2015-05-01 07:00:00,1.1416666666666666
2015-05-01 08:00:00,1.385
2015-05-01 09:00:00,1.3333333333333333
2015-05-01 10:00:00,1.655
2015-05-01 11:00:00,1.3516666666666666
2015-05-01 12:00:00,1.7066666666666668
2015-05-01 13:00:00,2.68
2015-05-01 14:00:00,1.778333333333333
2015-05-01 15:00:00,1.5816666666666668
2015-05-01 16:00:00,2.303333333333333
2015-05-01 17:00:00,2.3016666666666663
2015-05-01 18:00:00,1.9216666666666664
2015-05-01 19:00:00,0.7716666666666666
2015-05-01 20:00:00,1.7133333333333336
2015-05-01 21:00:00,2.1166666666666667
2015-05-01 22:00:00,1.5983333333333334
2015-05-01 23:00:00,1.185
2015-05-02 00:00:00,0.8833333333333333
2015-05-02 01:00:00,0.26
2015-05-02 02:00:00,0.7200000000000001
2015-05-02 03:00:00,1.1566666666666665
2015-05-02 04:00:00,0.7583333333333333
2015-05-02 05:00:00,0.9866666666666668
2015-05-02 06:00:00,0.6
2015-05-02 07:00:00,0.9033333333333332
2015-05-02 08:00:00,1.1833333333333331
2015-05-02 09:00:00,1.7766666666666666
2015-05-02 10:00:00,1.7466666666666668
2015-05-02 11:00:00,1.2816666666666665
2015-05-02 12:00:00,1.731666666666667
2015-05-02 13:00:00,2.303333333333333
2015-05-02 14:00:00,2.61
2015-05-02 15:00:00,2.263333333333333
2015-05-02 16:00:00,1.6666666666666667
2015-05-02 17:00:00,2.105
2015-05-02 18:00:00,1.5533333333333337
2015-05-02 19:00:00,1.211666666666667
2015-05-02 20:00:00,0.5599999999999999
2015-05-02 21:00:00,0.4816666666666667
2015-05-02 22:00:00,1.0116666666666667
2015-05-02 23:00:00,0.9016666666666668
2015-05-03 00:00:00,0.36
2015-05-03 01:00:00,1.2
2015-05-03 02:00:00,0.7366666666666667
2015-05-03 03:00:00,1.075
2015-05-03 04:00:00,0.9
2015-05-03 05:00:00,0.435
2015-05-03 06:00:00,0.7833333333333333
2015-05-03 07:00:00,0.8966666666666666
2015-05-03 08:00:00,1.4316666666666666
2015-05-03 09:00:00,2.095
2015-05-03 10:00:00,4.15
2015-05-03 11:00:00,4.3566666666666665
2015-05-03 12:00:00,4.1433333333333335
2015-05-03 13:00:00,4.786666666666666
2015-05-03 14:00:00,4.721666666666667
2015-05-03 15:00:00,4.226666666666667
2015-05-03 16:00:00,3.3016666666666663
2015-05-03 17:00:00,2.1316666666666664
2015-05-03 18:00:00,2.556666666666666
2015-05-03 19:00:00,2.07
2015-05-03 20:00:00,2.015
2015-05-03 21:00:00,1.9416666666666669
2015-05-03 22:00:00,2.023333333333333
2015-05-03 23:00:00,1.28
2015-05-04 00:00:00,1.3833333333333335
2015-05-04 01:00:00,2.078333333333333
2015-05-04 02:00:00,2.6666666666666665
2015-05-04 03:00:00,1.2366666666666666
2015-05-04 04:00:00,0.8416666666666667
2015-05-04 05:00:00,0.6516666666666667
2015-05-04 06:00:00,0.9366666666666666
2015-05-04 07:00:00,1.23
2015-05-04 08:00:00,0.9983333333333334
2015-05-04 09:00:00,2.686666666666667
2015-05-04 10:00:00,4.368333333333333
2015-05-04 11:00:00,5.445
2015-05-04 12:00:00,6.805
2015-05-04 13:00:00,6.0616666666666665
2015-05-04 14:00:00,4.763333333333333
2015-05-04 15:00:00,4.013333333333333
2015-05-04 16:00:00,3.7066666666666666
2015-05-04 17:00:00,2.828333333333333
2015-05-04 18:00:00,2.4033333333333333
2015-05-04 19:00:00,1.6016666666666666
2015-05-04 20:00:00,0.7666666666666667
2015-05-04 21:00:00,0.5599999999999999
2015-05-04 22:00:00,0.5399999999999999
2015-05-04 23:00:00,0.56
2015-05-05 00:00:00,0.975
2015-05-05 01:00:00,1.295
2015-05-05 02:00:00,1.3099999999999998
2015-05-05 03:00:00,2.703333333333333
2015-05-05 04:00:00,2.725
2015-05-05 05:00:00,2.435
2015-05-05 06:00:00,1.6933333333333334
2015-05-05 07:00:00,3.0016666666666665
2015-05-05 08:00:00,2.58
2015-05-05 09:00:00,2.661666666666666
2015-05-05 10:00:00,2.7116666666666664
2015-05-05 11:00:00,4.07
2015-05-05 12:00:00,3.8866666666666663
2015-05-05 13:00:00,4.328333333333333
2015-05-05 14:00:00,7.385000000000001
2015-05-05 15:00:00,5.055
2015-05-05 16:00:00,5.359999999999999
2015-05-05 17:00:00,5.208333333333333
2015-05-05 18:00:00,3.883333333333333
2015-05-05 19:00:00,3.466666666666667
2015-05-05 20:00:00,2.175
2015-05-05 21:00:00,1.49
2015-05-05 22:00:00,0.6749999999999999
2015-05-05 23:00:00,0.7949999999999999
2015-05-06 00:00:00,0.5916666666666667
2015-05-06 01:00:00,1.005
2015-05-06 02:00:00,1.27
2015-05-06 03:00:00,0.4633333333333334
2015-05-06 04:00:00,1.1016666666666668
2015-05-06 05:00:00,1.3183333333333334
2015-05-06 06:00:00,1.1583333333333334
2015-05-06 07:00:00,0.9433333333333334
2015-05-06 08:00:00,1.8216666666666663
2015-05-06 09:00:00,3.108333333333333
2015-05-06 10:00:00,5.678333333333334
2015-05-06 11:00:00,5.989999999999999
2015-05-06 12:00:00,6.101666666666667
2015-05-06 13:00:00,4.751666666666666
2015-05-06 14:00:00,5.573333333333333
2015-05-06 15:00:00,6.416666666666667
2015-05-06 16:00:00,5.808333333333334
2015-05-06 17:00:00,6.015000000000001
2015-05-06 18:00:00,3.5083333333333333
2015-05-06 19:00:00,4.193333333333333
2015-05-06 20:00:00,3.4483333333333337
2015-05-06 21:00:00,2.275
2015-05-06 22:00:00,1.9583333333333333
2015-05-06 23:00:00,1.163333333333333
2015-05-07 00:00:00,1.7716666666666667
2015-05-07 01:00:00,1.288333333333333
2015-05-07 02:00:00,1.3216666666666663
2015-05-07 03:00:00,1.3733333333333333
2015-05-07 04:00:00,0.9383333333333334
2015-05-07 05:00:00,2.035
2015-05-07 06:00:00,0.8616666666666667
2015-05-07 07:00:00,2.7016666666666667
2015-05-07 08:00:00,4.82
2015-05-07 09:00:00,4.38
2015-05-07 10:00:00,4.415
2015-05-07 11:00:00,5.233333333333333
2015-05-07 12:00:00,3.9566666666666666
2015-05-07 13:00:00,3.0416666666666665
2015-05-07 14:00:00,3.2099999999999995
2015-05-07 15:00:00,2.1733333333333333
2015-05-07 16:00:00,1.6033333333333333
2015-05-07 17:00:00,1.3916666666666666
2015-05-07 18:00:00,1.268333333333333
2015-05-07 19:00:00,1.0566666666666666
2015-05-07 20:00:00,0.915
2015-05-07 21:00:00,0.5366666666666666
2015-05-07 22:00:00,0.555
2015-05-07 23:00:00,0.5166666666666667
2015-05-08 00:00:00,0.6933333333333334
2015-05-08 01:00:00,1.2133333333333332
2015-05-08 02:00:00,0.785
2015-05-08 03:00:00,0.6116666666666667
2015-05-08 04:00:00,0.75
2015-05-08 05:00:00,0.8483333333333333
2015-05-08 06:00:00,0.87
2015-05-08 07:00:00,0.8033333333333333
2015-05-08 08:00:00,1.19
2015-05-08 09:00:00,1.6766666666666667
2015-05-08 10:00:00,2.68
2015-05-08 11:00:00,1.961666666666667
2015-05-08 12:00:00,2.026666666666667
2015-05-08 13:00:00,2.575
2015-05-08 14:00:00,2.361666666666667
2015-05-08 15:00:00,2.181666666666666
2015-05-08 16:00:00,3.4866666666666664
2015-05-08 17:00:00,4.591666666666667
2015-05-08 18:00:00,4.275
2015-05-08 19:00:00,2.965
2015-05-08 20:00:00,1.505
2015-05-08 21:00:00,1.4933333333333334
2015-05-08 22:00:00,0.8583333333333334
2015-05-08 23:00:00,0.945
2015-05-09 00:00:00,1.49
2015-05-09 01:00:00,1.3883333333333334
2015-05-09 02:00:00,1.0983333333333334
2015-05-09 03:00:00,1.2716666666666667
2015-05-09 04:00:00,1.49
2015-05-09 05:00:00,1.4349999999999998
2015-05-09 06:00:00,1.2266666666666666
2015-05-09 07:00:00,1.175
2015-05-09 08:00:00,2.3316666666666666
2015-05-09 09:00:00,3.498333333333333
2015-05-09 10:00:00,3.74
2015-05-09 11:00:00,3.551666666666667
2015-05-09 12:00:00,4.026666666666666
2015-05-09 13:00:00,3.678333333333333
2015-05-09 14:00:00,3.325
2015-05-09 15:00:00,4.543333333333334
2015-05-09 16:00:00,1.695
2015-05-09 17:00:00,0.815
2015-05-09 18:00:00,2.505
2015-05-09 19:00:00,2.64
2015-05-09 20:00:00,3.233333333333333
2015-05-09 21:00:00,2.26
2015-05-09 22:00:00,2.056666666666666
2015-05-09 23:00:00,1.9
2015-05-10 00:00:00,1.765
2015-05-10 01:00:00,1.9266666666666667
2015-05-10 02:00:00,1.13
2015-05-10 03:00:00,0.9583333333333334
2015-05-10 04:00:00,1.615
2015-05-10 05:00:00,2.083333333333333
2015-05-10 06:00:00,2.1983333333333333
2015-05-10 07:00:00,2.811666666666667
2015-05-10 08:00:00,2.92
2015-05-10 09:00:00,3.063333333333333
2015-05-10 10:00:00,2.9066666666666663
2015-05-10 11:00:00,2.8466666666666662
2015-05-10 12:00:00,3.148333333333333
2015-05-10 13:00:00,2.898333333333333
2015-05-10 14:00:00,3.035
2015-05-10 15:00:00,2.4566666666666666
2015-05-10 16:00:00,1.97
2015-05-10 17:00:00,1.2016666666666669
2015-05-10 18:00:00,0.9583333333333334
2015-05-10 19:00:00,1.596666666666667
2015-05-10 20:00:00,1.4733333333333334
2015-05-10 21:00:00,0.62
2015-05-10 22:00:00,0.6916666666666668
2015-05-10 23:00:00,0.8466666666666667
2015-05-11 00:00:00,0.5516666666666666
2015-05-11 01:00:00,0.9533333333333333
2015-05-11 02:00:00,0.7983333333333333
2015-05-11 03:00:00,0.5950000000000001
2015-05-11 04:00:00,0.9183333333333332
2015-05-11 05:00:00,0.595
2015-05-11 06:00:00,1.115
2015-05-11 07:00:00,1.3583333333333334
2015-05-11 08:00:00,1.663333333333333
2015-05-11 09:00:00,2.2716666666666665
2015-05-11 10:00:00,3.373333333333333
2015-05-11 11:00:00,3.838333333333333
2015-05-11 12:00:00,3.4466666666666668
2015-05-11 13:00:00,3.3466666666666662
2015-05-11 14:00:00,3.15
2015-05-11 15:00:00,3.143333333333333
2015-05-11 16:00:00,3.5216666666666665
2015-05-11 17:00:00,3.4433333333333334
2015-05-11 18:00:00,2.858333333333333
2015-05-11 19:00:00,2.813333333333333
2015-05-11 20:00:00,2.4633333333333334
2015-05-11 21:00:00,1.58
2015-05-11 22:00:00,1.2
2015-05-11 23:00:00,1.2816666666666665
2015-05-12 00:00:00,1.0983333333333334
2015-05-12 01:00:00,1.635
2015-05-12 02:00:00,1.8483333333333332
2015-05-12 03:00:00,1.893333333333333
2015-05-12 04:00:00,2.1566666666666667
2015-05-12 05:00:00,2.1466666666666665
2015-05-12 06:00:00,1.57
2015-05-12 07:00:00,1.79
2015-05-12 08:00:00,2.135
2015-05-12 09:00:00,3.135
2015-05-12 10:00:00,3.723333333333333
2015-05-12 11:00:00,4.855
2015-05-12 12:00:00,6.508333333333333
2015-05-12 13:00:00,6.596666666666667
2015-05-12 14:00:00,6.146666666666667
2015-05-12 15:00:00,7.261666666666667
2015-05-12 16:00:00,6.864999999999999
2015-05-12 17:00:00,4.575
2015-05-12 18:00:00,2.796666666666667
2015-05-12 19:00:00,2.355
2015-05-12 20:00:00,1.3533333333333335
2015-05-12 21:00:00,1.2483333333333333
2015-05-12 22:00:00,1.711666666666667
2015-05-12 23:00:00,0.9383333333333334
2015-05-13 00:00:00,0.7283333333333334
2015-05-13 01:00:00,1.235
2015-05-13 02:00:00,1.695
2015-05-13 03:00:00,1.675
2015-05-13 04:00:00,2.066666666666667
2015-05-13 05:00:00,1.6166666666666665
2015-05-13 06:00:00,1.1183333333333334
2015-05-13 07:00:00,1.665
2015-05-13 08:00:00,3.306666666666666
2015-05-13 09:00:00,2.6733333333333333
2015-05-13 10:00:00,3.365
2015-05-13 11:00:00,3.45
2015-05-13 12:00:00,3.1966666666666668
2015-05-13 13:00:00,2.9450000000000003
2015-05-13 14:00:00,2.315
2015-05-13 15:00:00,1.903333333333333
2015-05-13 16:00:00,1.76
2015-05-13 17:00:00,2.2116666666666664
2015-05-13 18:00:00,2.0050000000000003
2015-05-13 19:00:00,1.3716666666666668
2015-05-13 20:00:00,1.4116666666666664
2015-05-13 21:00:00,1.775
2015-05-13 22:00:00,1.305
2015-05-13 23:00:00,1.3866666666666667
2015-05-14 00:00:00,1.45
2015-05-14 01:00:00,0.7166666666666667
2015-05-14 02:00:00,2.2383333333333333
2015-05-14 03:00:00,2.3800000000000003
2015-05-14 04:00:00,1.235
2015-05-14 05:00:00,3.145
2015-05-14 06:00:00,3.563333333333333
2015-05-14 07:00:00,2.54
2015-05-14 08:00:00,2.2516666666666665
2015-05-14 09:00:00,1.2866666666666666
2015-05-14 10:00:00,1.3866666666666667
2015-05-14 11:00:00,1.6449999999999998
2015-05-14 12:00:00,1.89
2015-05-14 13:00:00,2.3866666666666667
2015-05-14 14:00:00,2.035
2015-05-14 15:00:00,2.415
2015-05-14 16:00:00,2.285
2015-05-14 17:00:00,2.591666666666667
2015-05-14 18:00:00,2.411666666666666
2015-05-14 19:00:00,3.111666666666667
2015-05-14 20:00:00,1.5566666666666666
2015-05-14 21:00:00,2.208333333333333
2015-05-14 22:00:00,2.365
2015-05-14 23:00:00,1.4916666666666665
2015-05-15 00:00:00,0.965
2015-05-15 01:00:00,0.61
2015-05-15 02:00:00,0.3899999999999999
2015-05-15 03:00:00,0.4816666666666667
2015-05-15 04:00:00,0.5650000000000001
2015-05-15 05:00:00,0.68
2015-05-15 06:00:00,0.7233333333333333
2015-05-15 07:00:00,1.7866666666666664
2015-05-15 08:00:00,2.308333333333333
2015-05-15 09:00:00,2.845
2015-05-15 10:00:00,3.1966666666666668
2015-05-15 11:00:00,3.565
2015-05-15 12:00:00,3.303333333333333
2015-05-15 13:00:00,3.316666666666667
2015-05-15 14:00:00,4.051666666666667
2015-05-15 15:00:00,3.951666666666666
2015-05-15 16:00:00,4.023333333333333
2015-05-15 17:00:00,3.5066666666666664
2015-05-15 18:00:00,2.438333333333333
2015-05-15 19:00:00,1.5816666666666668
2015-05-15 20:00:00,1.6233333333333333
2015-05-15 21:00:00,1.086666666666667
2015-05-15 22:00:00,0.4666666666666666
2015-05-15 23:00:00,0.9466666666666668
2015-05-16 00:00:00,0.9266666666666667
2015-05-16 01:00:00,0.6133333333333334
2015-05-16 02:00:00,0.4666666666666666
2015-05-16 03:00:00,0.6316666666666667
2015-05-16 04:00:00,1.1483333333333332
2015-05-16 05:00:00,0.9633333333333334
2015-05-16 06:00:00,0.9216666666666667
2015-05-16 07:00:00,0.935
2015-05-16 08:00:00,1.3233333333333337
2015-05-16 09:00:00,1.8583333333333332
2015-05-16 10:00:00,1.8316666666666668
2015-05-16 11:00:00,3.6966666666666663
2015-05-16 12:00:00,3.0316666666666667
2015-05-16 13:00:00,2.12
2015-05-16 14:00:00,2.216666666666667
2015-05-16 15:00:00,1.985
2015-05-16 16:00:00,2.3633333333333333
2015-05-16 17:00:00,1.593333333333333
2015-05-16 18:00:00,2.6916666666666664
2015-05-16 19:00:00,2.2516666666666665
2015-05-16 20:00:00,1.6166666666666665
2015-05-16 21:00:00,0.71
2015-05-16 22:00:00,0.7333333333333333
2015-05-16 23:00:00,1.505
2015-05-17 00:00:00,1.39
2015-05-17 01:00:00,1.0883333333333334
2015-05-17 02:00:00,1.2966666666666666
2015-05-17 03:00:00,1.33
2015-05-17 04:00:00,1.58
2015-05-17 05:00:00,1.711666666666667
2015-05-17 06:00:00,1.4533333333333334
2015-05-17 07:00:00,2.2066666666666666
2015-05-17 08:00:00,2.3916666666666666
2015-05-17 09:00:00,3.053333333333333
2015-05-17 10:00:00,2.5083333333333333
2015-05-17 11:00:00,3.061666666666667
2015-05-17 12:00:00,3.018333333333333
2015-05-17 13:00:00,2.9450000000000003
2015-05-17 14:00:00,2.2133333333333334
2015-05-17 15:00:00,2.236666666666667
2015-05-17 16:00:00,1.7766666666666666
2015-05-17 17:00:00,1.2366666666666666
2015-05-17 18:00:00,0.7466666666666667
2015-05-17 19:00:00,0.9833333333333334
2015-05-17 20:00:00,1.5483333333333331
2015-05-17 21:00:00,1.4533333333333334
2015-05-17 22:00:00,1.2383333333333333
2015-05-17 23:00:00,1.4466666666666663
2015-05-18 00:00:00,1.385
2015-05-18 01:00:00,1.4366666666666668
2015-05-18 02:00:00,0.8583333333333333
2015-05-18 03:00:00,0.58
2015-05-18 04:00:00,0.5766666666666667
2015-05-18 05:00:00,0.8966666666666666
2015-05-18 06:00:00,1.15
2015-05-18 07:00:00,1.26
2015-05-18 08:00:00,1.7733333333333334
2015-05-18 09:00:00,4.623333333333333
2015-05-18 10:00:00,4.575
2015-05-18 11:00:00,5.286666666666666
2015-05-18 12:00:00,5.203333333333333
2015-05-18 13:00:00,5.045
2015-05-18 14:00:00,6.156666666666666
2015-05-18 15:00:00,5.256666666666667
2015-05-18 16:00:00,4.671666666666666
2015-05-18 17:00:00,4.221666666666667
2015-05-18 18:00:00,3.5883333333333334
2015-05-18 19:00:00,2.6166666666666667
2015-05-18 20:00:00,2.043333333333333
2015-05-18 21:00:00,2.1216666666666666
2015-05-18 22:00:00,2.8349999999999995
2015-05-18 23:00:00,2.615
2015-05-19 00:00:00,1.4566666666666668
2015-05-19 01:00:00,0.73
2015-05-19 02:00:00,0.8366666666666666
2015-05-19 03:00:00,1.0166666666666666
2015-05-19 04:00:00,0.45
2015-05-19 05:00:00,0.9966666666666668
2015-05-19 06:00:00,1.245
2015-05-19 07:00:00,1.49
2015-05-19 08:00:00,1.6900000000000002
2015-05-19 09:00:00,2.135
2015-05-19 10:00:00,4.6033333333333335
2015-05-19 11:00:00,6.291666666666667
2015-05-19 12:00:00,5.728333333333333
2015-05-19 13:00:00,4.218333333333333
2015-05-19 14:00:00,3.6116666666666655
2015-05-19 15:00:00,4.0183333333333335
2015-05-19 16:00:00,4.166666666666667
2015-05-19 17:00:00,3.9783333333333335
2015-05-19 18:00:00,2.7099999999999995
2015-05-19 19:00:00,2.495
2015-05-19 20:00:00,2.1166666666666667
2015-05-19 21:00:00,2.2533333333333334
2015-05-19 22:00:00,2.168333333333333
2015-05-19 23:00:00,2.303333333333333
2015-05-20 00:00:00,1.6583333333333332
2015-05-20 01:00:00,0.8333333333333334
2015-05-20 02:00:00,1.1033333333333333
2015-05-20 03:00:00,1.245
2015-05-20 04:00:00,1.3583333333333334
2015-05-20 05:00:00,0.88
2015-05-20 06:00:00,0.8083333333333332
2015-05-20 07:00:00,0.6233333333333334
2015-05-20 08:00:00,0.6866666666666666
2015-05-20 09:00:00,0.5483333333333333
2015-05-20 10:00:00,1.315
2015-05-20 11:00:00,1.3616666666666666
2015-05-20 12:00:00,1.29
2015-05-20 13:00:00,1.288333333333333
2015-05-20 14:00:00,1.095
2015-05-20 15:00:00,1.1733333333333331
2015-05-20 16:00:00,1.4533333333333334
2015-05-20 17:00:00,1.455
2015-05-20 18:00:00,1.9666666666666668
2015-05-20 19:00:00,1.82
2015-05-20 20:00:00,1.643333333333333
2015-05-20 21:00:00,1.3916666666666666
2015-05-20 22:00:00,0.785
2015-05-20 23:00:00,0.745
2015-05-21 00:00:00,0.8233333333333333
2015-05-21 01:00:00,1.19
2015-05-21 02:00:00,0.4783333333333333
2015-05-21 03:00:00,0.53
2015-05-21 04:00:00,0.5499999999999999
2015-05-21 05:00:00,0.5116666666666667
2015-05-21 06:00:00,0.5516666666666666
2015-05-21 07:00:00,0.85
2015-05-21 08:00:00,1.4333333333333331
2015-05-21 09:00:00,1.5416666666666667
2015-05-21 10:00:00,1.715
2015-05-21 11:00:00,1.3016666666666667
2015-05-21 12:00:00,1.6450000000000002
2015-05-21 13:00:00,2.1266666666666665
2015-05-21 14:00:00,2.155
2015-05-21 15:00:00,2.1566666666666667
2015-05-21 16:00:00,2.6933333333333334
2015-05-21 17:00:00,1.3916666666666666
2015-05-21 18:00:00,1.09
2015-05-21 19:00:00,1.0516666666666663
2015-05-21 20:00:00,1.845
2015-05-21 21:00:00,1.0266666666666666
2015-05-21 22:00:00,0.985
2015-05-21 23:00:00,0.8883333333333333
2015-05-22 00:00:00,0.7783333333333333
2015-05-22 01:00:00,0.8533333333333334
2015-05-22 02:00:00,0.9166666666666666
2015-05-22 03:00:00,0.6216666666666667
2015-05-22 04:00:00,0.5866666666666667
2015-05-22 05:00:00,0.8633333333333333
2015-05-22 06:00:00,1.0933333333333335
2015-05-22 07:00:00,1.315
2015-05-22 08:00:00,1.0266666666666666
2015-05-22 09:00:00,1.346666666666667
2015-05-22 10:00:00,2.68
2015-05-22 11:00:00,2.0966666666666667
2015-05-22 12:00:00,2.935
2015-05-22 13:00:00,2.17
2015-05-22 14:00:00,1.7016666666666669
2015-05-22 15:00:00,2.0883333333333334
2015-05-22 16:00:00,2.2966666666666664
2015-05-22 17:00:00,2.0933333333333333
2015-05-22 18:00:00,2.478333333333333
2015-05-22 19:00:00,1.7966666666666666
2015-05-22 20:00:00,0.6933333333333334
2015-05-22 21:00:00,0.4583333333333333
2015-05-22 22:00:00,0.6366666666666667
2015-05-22 23:00:00,0.6966666666666667
2015-05-23 00:00:00,0.6166666666666667
2015-05-23 01:00:00,0.4533333333333333
2015-05-23 02:00:00,0.5533333333333333
2015-05-23 03:00:00,0.49
2015-05-23 04:00:00,0.5216666666666666
2015-05-23 05:00:00,0.715
2015-05-23 06:00:00,0.8649999999999999
2015-05-23 07:00:00,0.9866666666666668
2015-05-23 08:00:00,1.025
2015-05-23 09:00:00,1.0416666666666667
2015-05-23 10:00:00,1.5166666666666666
2015-05-23 11:00:00,3.2016666666666667
2015-05-23 12:00:00,3.2983333333333333
2015-05-23 13:00:00,2.66
2015-05-23 14:00:00,3.3716666666666666
2015-05-23 15:00:00,2.7816666666666667
2015-05-23 16:00:00,3.453333333333333
2015-05-23 17:00:00,1.4866666666666666
2015-05-23 18:00:00,0.8883333333333333
2015-05-23 19:00:00,0.92
2015-05-23 20:00:00,2.796666666666667
2015-05-23 21:00:00,2.315
2015-05-23 22:00:00,2.7099999999999995
2015-05-23 23:00:00,3.483333333333334
2015-05-24 00:00:00,2.315
2015-05-24 01:00:00,1.1166666666666667
2015-05-24 02:00:00,1.538333333333333
2015-05-24 03:00:00,2.9766666666666666
2015-05-24 04:00:00,2.268333333333333
2015-05-24 05:00:00,1.9933333333333332
2015-05-24 06:00:00,1.7299999999999998
2015-05-24 07:00:00,1.78
2015-05-24 08:00:00,1.54
2015-05-24 09:00:00,1.3716666666666668
2015-05-24 10:00:00,1.4966666666666668
2015-05-24 11:00:00,1.3783333333333332
2015-05-24 12:00:00,1.595
2015-05-24 13:00:00,1.9183333333333328
2015-05-24 14:00:00,2.5716666666666668
2015-05-24 15:00:00,1.375
2015-05-24 16:00:00,1.05
2015-05-24 17:00:00,1.403333333333333
2015-05-24 18:00:00,1.555
2015-05-24 19:00:00,1.4666666666666668
2015-05-24 20:00:00,0.415
2015-05-24 21:00:00,0.8733333333333334
2015-05-24 22:00:00,1.4216666666666666
2015-05-24 23:00:00,1.2733333333333334
2015-05-25 00:00:00,1.1166666666666667
2015-05-25 01:00:00,0.9766666666666666
2015-05-25 02:00:00,1.4183333333333332
2015-05-25 03:00:00,0.9433333333333334
2015-05-25 04:00:00,1.205
2015-05-25 05:00:00,1.028333333333333
2015-05-25 06:00:00,0.9183333333333332
2015-05-25 07:00:00,0.97
2015-05-25 08:00:00,1.03
2015-05-25 09:00:00,1.356666666666667
2015-05-25 10:00:00,1.5783333333333334
2015-05-25 11:00:00,1.5833333333333333
2015-05-25 12:00:00,2.526666666666667
2015-05-25 13:00:00,2.716666666666667
2015-05-25 14:00:00,2.776666666666667
2015-05-25 15:00:00,2.4716666666666667
2015-05-25 16:00:00,2.5766666666666667
2015-05-25 17:00:00,1.5816666666666668
2015-05-25 18:00:00,0.8850000000000001
2015-05-25 19:00:00,1.2016666666666669
2015-05-25 20:00:00,1.0
2015-05-25 21:00:00,1.0933333333333335
2015-05-25 22:00:00,1.0083333333333333
2015-05-25 23:00:00,0.8333333333333334
2015-05-26 00:00:00,1.2966666666666666
2015-05-26 01:00:00,1.715
2015-05-26 02:00:00,2.0616666666666665
2015-05-26 03:00:00,1.025
2015-05-26 04:00:00,0.9183333333333332
2015-05-26 05:00:00,0.5966666666666667
2015-05-26 06:00:00,1.1983333333333333
2015-05-26 07:00:00,1.62
2015-05-26 08:00:00,1.4566666666666668
2015-05-26 09:00:00,1.5366666666666668
2015-05-26 10:00:00,1.6366666666666667
2015-05-26 11:00:00,1.8833333333333333
2015-05-26 12:00:00,2.555
2015-05-26 13:00:00,1.5433333333333332
2015-05-26 14:00:00,1.721666666666667
2015-05-26 15:00:00,1.4283333333333337
2015-05-26 16:00:00,1.4566666666666668
2015-05-26 17:00:00,1.1383333333333334
2015-05-26 18:00:00,1.09
2015-05-26 19:00:00,1.3616666666666666
2015-05-26 20:00:00,1.5433333333333332
2015-05-26 21:00:00,2.48
2015-05-26 22:00:00,2.8766666666666665
2015-05-26 23:00:00,2.248333333333333
2015-05-27 00:00:00,2.2883333333333336
2015-05-27 01:00:00,1.9483333333333333
2015-05-27 02:00:00,1.9516666666666664
2015-05-27 03:00:00,1.965
2015-05-27 04:00:00,1.5233333333333334
2015-05-27 05:00:00,1.3416666666666668
2015-05-27 06:00:00,1.3266666666666669
2015-05-27 07:00:00,1.336666666666667
2015-05-27 08:00:00,1.9466666666666663
2015-05-27 09:00:00,2.0083333333333333
2015-05-27 10:00:00,2.316666666666667
2015-05-27 11:00:00,1.9483333333333333
2015-05-27 12:00:00,2.1733333333333333
2015-05-27 13:00:00,2.543333333333333
2015-05-27 14:00:00,2.3283333333333336
2015-05-27 15:00:00,1.6516666666666666
2015-05-27 16:00:00,1.6733333333333331
2015-05-27 17:00:00,1.836666666666667
2015-05-27 18:00:00,1.4066666666666665
2015-05-27 19:00:00,1.1716666666666666
2015-05-27 20:00:00,1.1366666666666667
2015-05-27 21:00:00,1.78
2015-05-27 22:00:00,0.7716666666666666
2015-05-27 23:00:00,0.9883333333333332
2015-05-28 00:00:00,1.5650000000000002
2015-05-28 01:00:00,1.211666666666667
2015-05-28 02:00:00,1.3633333333333333
2015-05-28 03:00:00,1.3950000000000002
2015-05-28 04:00:00,1.29
2015-05-28 05:00:00,1.1266666666666667
2015-05-28 06:00:00,1.015
2015-05-28 07:00:00,1.606666666666667
2015-05-28 08:00:00,3.6566666666666663
2015-05-28 09:00:00,4.156666666666667
2015-05-28 10:00:00,4.791666666666667
2015-05-28 11:00:00,4.663333333333333
2015-05-28 12:00:00,5.101666666666667
2015-05-28 13:00:00,5.933333333333334
2015-05-28 14:00:00,6.088333333333334
2015-05-28 15:00:00,6.18
2015-05-28 16:00:00,5.711666666666666
2015-05-28 17:00:00,4.8133333333333335
2015-05-28 18:00:00,3.9783333333333335
2015-05-28 19:00:00,2.348333333333333
2015-05-28 20:00:00,2.203333333333333
2015-05-28 21:00:00,3.3683333333333336
2015-05-28 22:00:00,1.6849999999999998
2015-05-28 23:00:00,0.8383333333333334
2015-05-29 00:00:00,1.6883333333333332
2015-05-29 01:00:00,1.9183333333333328
2015-05-29 02:00:00,2.348333333333333
2015-05-29 03:00:00,1.61
2015-05-29 04:00:00,0.6366666666666666
2015-05-29 05:00:00,0.5216666666666666
2015-05-29 06:00:00,1.0983333333333334
2015-05-29 07:00:00,0.9866666666666668
2015-05-29 08:00:00,1.775
2015-05-29 09:00:00,3.796666666666667
2015-05-29 10:00:00,5.625
2015-05-29 11:00:00,6.723333333333334
2015-05-29 12:00:00,7.073333333333333
2015-05-29 13:00:00,6.281666666666666
2015-05-29 14:00:00,4.0183333333333335
2015-05-29 15:00:00,3.705
2015-05-29 16:00:00,4.243333333333333
2015-05-29 17:00:00,4.088333333333334
2015-05-29 18:00:00,4.221666666666667
2015-05-29 19:00:00,5.471666666666667
2015-05-29 20:00:00,4.273333333333333
2015-05-29 21:00:00,2.8266666666666667
2015-05-29 22:00:00,2.4766666666666666
2015-05-29 23:00:00,2.418333333333333
2015-05-30 00:00:00,2.566666666666667
2015-05-30 01:00:00,3.5500000000000003
2015-05-30 02:00:00,2.3183333333333334
2015-05-30 03:00:00,4.711666666666667
2015-05-30 04:00:00,2.308333333333333
2015-05-30 05:00:00,1.2266666666666668
2015-05-30 06:00:00,1.268333333333333
2015-05-30 07:00:00,2.2
2015-05-30 08:00:00,3.806666666666666
2015-05-30 09:00:00,3.8316666666666666
2015-05-30 10:00:00,2.68
2015-05-30 11:00:00,3.106666666666667
2015-05-30 12:00:00,4.38
2015-05-30 13:00:00,3.873333333333333
2015-05-30 14:00:00,2.3266666666666667
2015-05-30 15:00:00,2.668333333333333
2015-05-30 16:00:00,2.055
2015-05-30 17:00:00,1.856666666666667
2015-05-30 18:00:00,2.0316666666666667
2015-05-30 19:00:00,1.768333333333333
2015-05-30 20:00:00,1.745
2015-05-30 21:00:00,1.653333333333333
2015-05-30 22:00:00,1.865
2015-05-30 23:00:00,1.65
2015-05-31 00:00:00,1.163333333333333
2015-05-31 01:00:00,1.1933333333333334
2015-05-31 02:00:00,1.0366666666666668
2015-05-31 03:00:00,1.3
2015-05-31 04:00:00,1.15
2015-05-31 05:00:00,0.8700000000000001
2015-05-31 06:00:00,1.5516666666666667
2015-05-31 07:00:00,1.94
2015-05-31 08:00:00,2.2433333333333336
2015-05-31 09:00:00,4.21
2015-05-31 10:00:00,4.5183333333333335
2015-05-31 11:00:00,6.198333333333333
2015-05-31 12:00:00,6.286666666666666
2015-05-31 13:00:00,6.026666666666666
2015-05-31 14:00:00,5.838333333333334
2015-05-31 15:00:00,4.488333333333333
2015-05-31 16:00:00,5.273333333333333
2015-05-31 17:00:00,5.0633333333333335
2015-05-31 18:00:00,4.765
2015-05-31 19:00:00,2.9966666666666666
2015-05-31 20:00:00,2.1283333333333334
2015-05-31 21:00:00,1.92
2015-05-31 22:00:00,2.401666666666667
2015-05-31 23:00:00,1.2733333333333332
2015-06-01 00:00:00,1.9933333333333332
2015-06-01 01:00:00,1.745
2015-06-01 02:00:00,2.775
2015-06-01 03:00:00,3.638333333333333
2015-06-01 04:00:00,5.136666666666667
2015-06-01 05:00:00,4.193333333333333
2015-06-01 06:00:00,4.831666666666666
2015-06-01 07:00:00,4.148333333333333
2015-06-01 08:00:00,3.998333333333333
2015-06-01 09:00:00,2.725
2015-06-01 10:00:00,2.7616666666666667
2015-06-01 11:00:00,2.9599999999999995
2015-06-01 12:00:00,4.246666666666667
2015-06-01 13:00:00,2.9800000000000004
2015-06-01 14:00:00,2.5716666666666668
2015-06-01 15:00:00,1.9833333333333332
2015-06-01 16:00:00,1.2966666666666666
2015-06-01 17:00:00,1.5766666666666664
2015-06-01 18:00:00,1.2916666666666667
2015-06-01 19:00:00,0.9016666666666668
2015-06-01 20:00:00,0.7866666666666666
2015-06-01 21:00:00,0.725
2015-06-01 22:00:00,1.143333333333333
2015-06-01 23:00:00,1.4966666666666668
2015-06-02 00:00:00,0.975
2015-06-02 01:00:00,1.795
2015-06-02 02:00:00,0.9716666666666668
2015-06-02 03:00:00,1.0666666666666669
2015-06-02 04:00:00,3.061666666666667
2015-06-02 05:00:00,3.523333333333333
2015-06-02 06:00:00,3.225
2015-06-02 07:00:00,4.401666666666666
2015-06-02 08:00:00,7.033333333333334
2015-06-02 09:00:00,7.2
2015-06-02 10:00:00,8.246666666666666
2015-06-02 11:00:00,8.511666666666667
2015-06-02 12:00:00,8.588333333333333
2015-06-02 13:00:00,9.356666666666667
2015-06-02 14:00:00,8.35
2015-06-02 15:00:00,7.598333333333334
2015-06-02 16:00:00,7.541666666666667
2015-06-02 17:00:00,6.698333333333333
2015-06-02 18:00:00,5.673333333333333
2015-06-02 19:00:00,4.485
2015-06-02 20:00:00,3.401666666666667
2015-06-02 21:00:00,3.72
2015-06-02 22:00:00,2.6933333333333334
2015-06-02 23:00:00,2.2333333333333334
2015-06-03 00:00:00,1.96
2015-06-03 01:00:00,0.775
2015-06-03 02:00:00,0.8483333333333333
2015-06-03 03:00:00,2.495
2015-06-03 04:00:00,3.14
2015-06-03 05:00:00,1.3183333333333334
2015-06-03 06:00:00,1.015
2015-06-03 07:00:00,5.468333333333334
2015-06-03 08:00:00,5.665
2015-06-03 09:00:00,5.531666666666666
2015-06-03 10:00:00,4.673333333333333
2015-06-03 11:00:00,4.595
2015-06-03 12:00:00,2.9066666666666667
2015-06-03 13:00:00,3.01
2015-06-03 14:00:00,2.828333333333333
2015-06-03 15:00:00,2.68
2015-06-03 16:00:00,2.3266666666666667
2015-06-03 17:00:00,1.768333333333333
2015-06-03 18:00:00,1.89
2015-06-03 19:00:00,1.595
2015-06-03 20:00:00,1.163333333333333
2015-06-03 21:00:00,2.025
2015-06-03 22:00:00,1.5633333333333332
2015-06-03 23:00:00,0.7616666666666667
2015-06-04 00:00:00,0.86
2015-06-04 01:00:00,0.4266666666666667
2015-06-04 02:00:00,0.38
2015-06-04 03:00:00,1.2333333333333334
2015-06-04 04:00:00,0.71
2015-06-04 05:00:00,0.4266666666666667
2015-06-04 06:00:00,0.7266666666666666
2015-06-04 07:00:00,1.1716666666666666
2015-06-04 08:00:00,1.6833333333333331
2015-06-04 09:00:00,2.8866666666666667
2015-06-04 10:00:00,2.893333333333333
2015-06-04 11:00:00,3.138333333333333
2015-06-04 12:00:00,3.2566666666666664
2015-06-04 13:00:00,3.91
2015-06-04 14:00:00,3.62
2015-06-04 15:00:00,3.723333333333333
2015-06-04 16:00:00,3.695
2015-06-04 17:00:00,3.561666666666667
2015-06-04 18:00:00,3.751666666666667
2015-06-04 19:00:00,2.9483333333333337
2015-06-04 20:00:00,2.1533333333333333
2015-06-04 21:00:00,1.8066666666666664
2015-06-04 22:00:00,1.2716666666666667
2015-06-04 23:00:00,0.42
2015-06-05 00:00:00,0.3183333333333333
2015-06-05 01:00:00,1.0933333333333335
2015-06-05 02:00:00,0.37
2015-06-05 03:00:00,0.435
2015-06-05 04:00:00,0.4633333333333333
2015-06-05 05:00:00,0.3783333333333333
2015-06-05 06:00:00,0.6816666666666666
2015-06-05 07:00:00,1.4316666666666666
2015-06-05 08:00:00,1.336666666666667
2015-06-05 09:00:00,2.1283333333333334
2015-06-05 10:00:00,2.033333333333333
2015-06-05 11:00:00,2.433333333333333
2015-06-05 12:00:00,2.535
2015-06-05 13:00:00,2.3183333333333334
2015-06-05 14:00:00,2.6366666666666667
2015-06-05 15:00:00,2.143333333333333
2015-06-05 16:00:00,1.9933333333333327
2015-06-05 17:00:00,2.215
2015-06-05 18:00:00,2.273333333333333
2015-06-05 19:00:00,2.063333333333333
2015-06-05 20:00:00,1.0366666666666666
2015-06-05 21:00:00,1.1916666666666669
2015-06-05 22:00:00,0.79
2015-06-05 23:00:00,1.1
2015-06-06 00:00:00,1.2033333333333334
2015-06-06 01:00:00,0.9583333333333334
2015-06-06 02:00:00,1.5266666666666666
2015-06-06 03:00:00,1.8333333333333333
2015-06-06 04:00:00,1.7383333333333333
2015-06-06 05:00:00,1.2933333333333332
2015-06-06 06:00:00,0.93
2015-06-06 07:00:00,1.45
2015-06-06 08:00:00,1.945
2015-06-06 09:00:00,2.8183333333333334
2015-06-06 10:00:00,2.325
2015-06-06 11:00:00,2.53
2015-06-06 12:00:00,2.985
2015-06-06 13:00:00,2.1
2015-06-06 14:00:00,2.055
2015-06-06 15:00:00,1.8416666666666668
2015-06-06 16:00:00,2.7383333333333333
2015-06-06 17:00:00,2.7983333333333333
2015-06-06 18:00:00,3.148333333333333
2015-06-06 19:00:00,0.9966666666666668
2015-06-06 20:00:00,0.9833333333333332
2015-06-06 21:00:00,1.275
2015-06-06 22:00:00,1.6866666666666663
2015-06-06 23:00:00,1.5216666666666665
2015-06-07 00:00:00,1.925
2015-06-07 01:00:00,1.6083333333333334
2015-06-07 02:00:00,2.0683333333333334
2015-06-07 03:00:00,1.4316666666666666
2015-06-07 04:00:00,1.153333333333333
2015-06-07 05:00:00,2.8166666666666664
2015-06-07 06:00:00,3.405
2015-06-07 07:00:00,2.6466666666666665
2015-06-07 08:00:00,3.76
2015-06-07 09:00:00,3.703333333333333
2015-06-07 10:00:00,2.28
2015-06-07 11:00:00,2.235
2015-06-07 12:00:00,2.365
2015-06-07 13:00:00,2.595
2015-06-07 14:00:00,3.3366666666666664
2015-06-07 15:00:00,2.8183333333333334
2015-06-07 16:00:00,2.9766666666666666
2015-06-07 17:00:00,2.9066666666666667
2015-06-07 18:00:00,3.215
2015-06-07 19:00:00,3.883333333333333
2015-06-07 20:00:00,2.138333333333333
2015-06-07 21:00:00,1.35
2015-06-07 22:00:00,0.5466666666666667
2015-06-07 23:00:00,0.4416666666666666
2015-06-08 00:00:00,0.4366666666666667
2015-06-08 01:00:00,0.5333333333333333
2015-06-08 02:00:00,1.8383333333333327
2015-06-08 03:00:00,2.0116666666666667
2015-06-08 04:00:00,2.5816666666666666
2015-06-08 05:00:00,2.6266666666666665
2015-06-08 06:00:00,3.67
2015-06-08 07:00:00,5.576666666666667
2015-06-08 08:00:00,4.883333333333333
2015-06-08 09:00:00,4.153333333333333
2015-06-08 10:00:00,5.226666666666667
2015-06-08 11:00:00,4.4783333333333335
2015-06-08 12:00:00,4.796666666666667
2015-06-08 13:00:00,6.388333333333333
2015-06-08 14:00:00,4.1883333333333335
2015-06-08 15:00:00,4.425
2015-06-08 16:00:00,4.24
2015-06-08 17:00:00,3.41
2015-06-08 18:00:00,3.798333333333333
2015-06-08 19:00:00,1.32
2015-06-08 20:00:00,0.7083333333333334
2015-06-08 21:00:00,3.2
2015-06-08 22:00:00,3.66
2015-06-08 23:00:00,2.5500000000000003
2015-06-09 00:00:00,3.0583333333333336
2015-06-09 01:00:00,3.63
2015-06-09 02:00:00,3.986666666666667
2015-06-09 03:00:00,4.723333333333334
2015-06-09 04:00:00,4.755
2015-06-09 05:00:00,4.44
2015-06-09 06:00:00,4.078333333333333
2015-06-09 07:00:00,3.275
2015-06-09 08:00:00,3.8866666666666663
2015-06-09 09:00:00,3.9783333333333335
2015-06-09 10:00:00,5.185
2015-06-09 11:00:00,5.84
2015-06-09 12:00:00,4.671666666666667
2015-06-09 13:00:00,4.265
2015-06-09 14:00:00,4.278333333333333
2015-06-09 15:00:00,3.885
2015-06-09 16:00:00,3.705
2015-06-09 17:00:00,2.873333333333333
2015-06-09 18:00:00,2.9483333333333337
2015-06-09 19:00:00,2.2816666666666667
2015-06-09 20:00:00,1.945
2015-06-09 21:00:00,2.4683333333333333
2015-06-09 22:00:00,1.731666666666667
2015-06-09 23:00:00,2.01
2015-06-10 00:00:00,1.6449999999999998
2015-06-10 01:00:00,2.063333333333333
2015-06-10 02:00:00,2.7516666666666665
2015-06-10 03:00:00,2.5033333333333334
2015-06-10 04:00:00,3.2583333333333333
2015-06-10 05:00:00,2.9766666666666666
2015-06-10 06:00:00,2.905
2015-06-10 07:00:00,3.1633333333333336
2015-06-10 08:00:00,3.43
2015-06-10 09:00:00,3.545
2015-06-10 10:00:00,3.438333333333333
2015-06-10 11:00:00,4.501666666666667
2015-06-10 12:00:00,4.598333333333334
2015-06-10 13:00:00,4.7716666666666665
2015-06-10 14:00:00,3.82
2015-06-10 15:00:00,3.766666666666667
2015-06-10 16:00:00,4.205
2015-06-10 17:00:00,3.665
2015-06-10 18:00:00,3.968333333333333
2015-06-10 19:00:00,3.285
2015-06-10 20:00:00,1.5200000000000002
2015-06-10 21:00:00,1.165
2015-06-10 22:00:00,0.3583333333333333
2015-06-10 23:00:00,0.53
2015-06-11 00:00:00,0.3833333333333333
2015-06-11 01:00:00,0.5166666666666666
2015-06-11 02:00:00,1.545
2015-06-11 03:00:00,0.7600000000000001
2015-06-11 04:00:00,1.03
2015-06-11 05:00:00,0.4766666666666667
2015-06-11 06:00:00,1.038333333333333
2015-06-11 07:00:00,1.8966666666666665
2015-06-11 08:00:00,2.9150000000000005
2015-06-11 09:00:00,3.44
2015-06-11 10:00:00,3.9616666666666656
2015-06-11 11:00:00,3.533333333333333
2015-06-11 12:00:00,2.9483333333333337
2015-06-11 13:00:00,2.908333333333333
2015-06-11 14:00:00,3.0500000000000003
2015-06-11 15:00:00,2.6833333333333336
2015-06-11 16:00:00,3.465
2015-06-11 17:00:00,3.026666666666667
2015-06-11 18:00:00,2.635
2015-06-11 19:00:00,2.0216666666666665
2015-06-11 20:00:00,1.9083333333333328
2015-06-11 21:00:00,1.6683333333333332
2015-06-11 22:00:00,1.51
2015-06-11 23:00:00,1.805
2015-06-12 00:00:00,1.705
2015-06-12 01:00:00,1.42
2015-06-12 02:00:00,0.785
2015-06-12 03:00:00,0.5499999999999999
2015-06-12 04:00:00,1.1133333333333333
2015-06-12 05:00:00,1.4583333333333333
2015-06-12 06:00:00,0.8816666666666667
2015-06-12 07:00:00,1.795
2015-06-12 08:00:00,2.0016666666666665
2015-06-12 09:00:00,1.5266666666666666
2015-06-12 10:00:00,1.356666666666667
2015-06-12 11:00:00,1.955
2015-06-12 12:00:00,1.3333333333333333
2015-06-12 13:00:00,1.71
2015-06-12 14:00:00,2.4216666666666664
2015-06-12 15:00:00,3.0500000000000003
2015-06-12 16:00:00,2.68
2015-06-12 17:00:00,3.135
2015-06-12 18:00:00,3.0116666666666667
2015-06-12 19:00:00,1.5016666666666667
2015-06-12 20:00:00,0.7083333333333334
2015-06-12 21:00:00,0.6133333333333333
2015-06-12 22:00:00,0.6383333333333333
2015-06-12 23:00:00,1.1016666666666668
2015-06-13 00:00:00,0.6016666666666667
2015-06-13 01:00:00,0.9966666666666668
2015-06-13 02:00:00,0.7833333333333333
2015-06-13 03:00:00,0.6849999999999999
2015-06-13 04:00:00,0.8416666666666667
2015-06-13 05:00:00,0.6716666666666667
2015-06-13 06:00:00,0.73
2015-06-13 07:00:00,1.0116666666666667
2015-06-13 08:00:00,0.945
2015-06-13 09:00:00,1.3883333333333334
2015-06-13 10:00:00,1.468333333333333
2015-06-13 11:00:00,1.8483333333333332
2015-06-13 12:00:00,4.5616666666666665
2015-06-13 13:00:00,3.5116666666666667
2015-06-13 14:00:00,2.716666666666667
2015-06-13 15:00:00,2.856666666666667
2015-06-13 16:00:00,1.75
2015-06-13 17:00:00,1.6333333333333335
2015-06-13 18:00:00,1.935
2015-06-13 19:00:00,1.7616666666666667
2015-06-13 20:00:00,1.5566666666666666
2015-06-13 21:00:00,1.14
2015-06-13 22:00:00,2.023333333333333
2015-06-13 23:00:00,1.9433333333333331
2015-06-14 00:00:00,1.7816666666666665
2015-06-14 01:00:00,1.545
2015-06-14 02:00:00,1.43
2015-06-14 03:00:00,1.22
2015-06-14 04:00:00,0.5916666666666667
2015-06-14 05:00:00,0.5566666666666666
2015-06-14 06:00:00,1.145
2015-06-14 07:00:00,1.1383333333333334
2015-06-14 08:00:00,2.315
2015-06-14 09:00:00,2.0616666666666665
2015-06-14 10:00:00,1.8716666666666668
2015-06-14 11:00:00,2.526666666666667
2015-06-14 12:00:00,2.1966666666666668
2015-06-14 13:00:00,3.4966666666666666
2015-06-14 14:00:00,2.438333333333333
2015-06-14 15:00:00,3.06
2015-06-14 16:00:00,2.9333333333333336
2015-06-14 17:00:00,3.8716666666666666
2015-06-14 18:00:00,5.426666666666667
2015-06-14 19:00:00,5.385000000000001
2015-06-14 20:00:00,3.865
2015-06-14 21:00:00,3.65
2015-06-14 22:00:00,2.39
2015-06-14 23:00:00,1.425
2015-06-15 00:00:00,1.25
2015-06-15 01:00:00,0.7883333333333334
2015-06-15 02:00:00,1.278333333333333
2015-06-15 03:00:00,1.6150000000000002
2015-06-15 04:00:00,2.14
2015-06-15 05:00:00,3.583333333333333
2015-06-15 06:00:00,4.166666666666667
2015-06-15 07:00:00,4.928333333333334
2015-06-15 08:00:00,4.06
2015-06-15 09:00:00,3.1750000000000003
2015-06-15 10:00:00,3.745
2015-06-15 11:00:00,2.4483333333333333
2015-06-15 12:00:00,3.026666666666667
2015-06-15 13:00:00,2.316666666666667
2015-06-15 14:00:00,2.6733333333333333
2015-06-15 15:00:00,3.353333333333333
2015-06-15 16:00:00,2.958333333333333
2015-06-15 17:00:00,2.638333333333333
2015-06-15 18:00:00,1.3066666666666666
2015-06-15 19:00:00,1.1016666666666666
2015-06-15 20:00:00,0.8183333333333334
2015-06-15 21:00:00,1.778333333333333
2015-06-15 22:00:00,1.106666666666667
2015-06-15 23:00:00,0.3616666666666666
2015-06-16 00:00:00,1.89
2015-06-16 01:00:00,0.8933333333333334
2015-06-16 02:00:00,1.5783333333333334
2015-06-16 03:00:00,0.8783333333333334
2015-06-16 04:00:00,0.8616666666666667
2015-06-16 05:00:00,0.995
2015-06-16 06:00:00,1.6449999999999998
2015-06-16 07:00:00,2.435
2015-06-16 08:00:00,2.485
2015-06-16 09:00:00,2.4933333333333336
2015-06-16 10:00:00,2.236666666666667
2015-06-16 11:00:00,2.905
2015-06-16 12:00:00,3.428333333333333
2015-06-16 13:00:00,3.861666666666667
2015-06-16 14:00:00,4.555
2015-06-16 15:00:00,5.890000000000001
2015-06-16 16:00:00,5.145
2015-06-16 17:00:00,5.01
2015-06-16 18:00:00,3.806666666666666
2015-06-16 19:00:00,3.523333333333333
2015-06-16 20:00:00,2.57
2015-06-16 21:00:00,0.8766666666666666
2015-06-16 22:00:00,1.461666666666667
2015-06-16 23:00:00,0.93
2015-06-17 00:00:00,0.2716666666666666
2015-06-17 01:00:00,0.5383333333333333
2015-06-17 02:00:00,0.535
2015-06-17 03:00:00,0.3566666666666667
2015-06-17 04:00:00,0.345
2015-06-17 05:00:00,0.505
2015-06-17 06:00:00,0.5866666666666667
2015-06-17 07:00:00,1.711666666666667
2015-06-17 08:00:00,1.6816666666666666
2015-06-17 09:00:00,2.026666666666667
2015-06-17 10:00:00,2.29
2015-06-17 11:00:00,2.615
2015-06-17 12:00:00,2.668333333333333
2015-06-17 13:00:00,1.7183333333333335
2015-06-17 14:00:00,2.3116666666666665
2015-06-17 15:00:00,2.2533333333333334
2015-06-17 16:00:00,1.5583333333333331
2015-06-17 17:00:00,1.3916666666666666
2015-06-17 18:00:00,1.3966666666666667
2015-06-17 19:00:00,1.038333333333333
2015-06-17 20:00:00,1.015
2015-06-17 21:00:00,1.2066666666666668
2015-06-17 22:00:00,2.098333333333333
2015-06-17 23:00:00,1.01
2015-06-18 00:00:00,0.5683333333333334
2015-06-18 01:00:00,0.6416666666666667
2015-06-18 02:00:00,1.84
2015-06-18 03:00:00,1.915
2015-06-18 04:00:00,1.81
2015-06-18 05:00:00,2.6566666666666667
2015-06-18 06:00:00,2.405
2015-06-18 07:00:00,2.481666666666667
2015-06-18 08:00:00,1.663333333333333
2015-06-18 09:00:00,1.5116666666666667
2015-06-18 10:00:00,1.7366666666666666
2015-06-18 11:00:00,1.0233333333333332
2015-06-18 12:00:00,2.293333333333333
2015-06-18 13:00:00,3.1016666666666666
2015-06-18 14:00:00,1.775
2015-06-18 15:00:00,2.063333333333333
2015-06-18 16:00:00,1.09
2015-06-18 17:00:00,1.3416666666666668
2015-06-18 18:00:00,1.1283333333333334
2015-06-18 19:00:00,0.6933333333333334
2015-06-18 20:00:00,1.0566666666666666
2015-06-18 21:00:00,0.7483333333333334
2015-06-18 22:00:00,1.106666666666667
2015-06-18 23:00:00,1.2066666666666668
2015-06-19 00:00:00,1.415
2015-06-19 01:00:00,1.836666666666667
2015-06-19 02:00:00,2.5283333333333333
2015-06-19 03:00:00,1.231666666666667
2015-06-19 04:00:00,1.65
2015-06-19 05:00:00,1.525
2015-06-19 06:00:00,1.465
2015-06-19 07:00:00,1.8283333333333327
2015-06-19 08:00:00,2.3216666666666668
2015-06-19 09:00:00,2.2583333333333333
2015-06-19 10:00:00,2.235
2015-06-19 11:00:00,1.755
2015-06-19 12:00:00,2.103333333333333
2015-06-19 13:00:00,2.815
2015-06-19 14:00:00,1.9883333333333333
2015-06-19 15:00:00,1.1666666666666667
2015-06-19 16:00:00,0.8483333333333333
2015-06-19 17:00:00,0.9416666666666668
2015-06-19 18:00:00,1.4016666666666666
2015-06-19 19:00:00,1.76
2015-06-19 20:00:00,0.6900000000000001
2015-06-19 21:00:00,1.5583333333333331
2015-06-19 22:00:00,1.72
2015-06-19 23:00:00,2.161666666666666
2015-06-20 00:00:00,1.8833333333333333
2015-06-20 01:00:00,1.7266666666666666
2015-06-20 02:00:00,2.0283333333333333
2015-06-20 03:00:00,1.9733333333333332
2015-06-20 04:00:00,2.2966666666666664
2015-06-20 05:00:00,1.4800000000000002
2015-06-20 06:00:00,1.7166666666666668
2015-06-20 07:00:00,1.475
2015-06-20 08:00:00,1.5650000000000002
2015-06-20 09:00:00,1.8616666666666664
2015-06-20 10:00:00,1.88
2015-06-20 11:00:00,2.2716666666666665
2015-06-20 12:00:00,2.111666666666667
2015-06-20 13:00:00,2.485
2015-06-20 14:00:00,2.495
2015-06-20 15:00:00,2.671666666666667
2015-06-20 16:00:00,2.681666666666666
2015-06-20 17:00:00,2.46
2015-06-20 18:00:00,1.7383333333333333
2015-06-20 19:00:00,0.93
2015-06-20 20:00:00,1.3783333333333332
2015-06-20 21:00:00,1.715
2015-06-20 22:00:00,2.611666666666667
2015-06-20 23:00:00,2.615
2015-06-21 00:00:00,3.106666666666667
2015-06-21 01:00:00,2.7
2015-06-21 02:00:00,2.5933333333333333
2015-06-21 03:00:00,1.0566666666666666
2015-06-21 04:00:00,0.8033333333333333
2015-06-21 05:00:00,1.2333333333333334
2015-06-21 06:00:00,1.086666666666667
2015-06-21 07:00:00,1.0
2015-06-21 08:00:00,1.2366666666666666
2015-06-21 09:00:00,1.3150000000000002
2015-06-21 10:00:00,2.48
2015-06-21 11:00:00,2.295
2015-06-21 12:00:00,2.6
2015-06-21 13:00:00,3.5933333333333337
2015-06-21 14:00:00,4.1433333333333335
2015-06-21 15:00:00,3.8166666666666655
2015-06-21 16:00:00,4.223333333333334
2015-06-21 17:00:00,3.985
2015-06-21 18:00:00,3.4716666666666662
2015-06-21 19:00:00,2.7
2015-06-21 20:00:00,1.106666666666667
2015-06-21 21:00:00,1.4583333333333333
2015-06-21 22:00:00,1.5083333333333335
2015-06-21 23:00:00,1.0916666666666668
2015-06-22 00:00:00,1.7383333333333333
2015-06-22 01:00:00,1.025
2015-06-22 02:00:00,2.641666666666667
2015-06-22 03:00:00,2.4616666666666664
2015-06-22 04:00:00,1.6583333333333332
2015-06-22 05:00:00,1.8383333333333327
2015-06-22 06:00:00,1.6216666666666668
2015-06-22 07:00:00,2.1216666666666666
2015-06-22 08:00:00,4.271666666666667
2015-06-22 09:00:00,5.073333333333333
2015-06-22 10:00:00,4.101666666666667
2015-06-22 11:00:00,3.306666666666666
2015-06-22 12:00:00,3.103333333333333
2015-06-22 13:00:00,4.671666666666667
2015-06-22 14:00:00,3.848333333333333
2015-06-22 15:00:00,2.911666666666666
2015-06-22 16:00:00,1.87
2015-06-22 17:00:00,2.773333333333333
2015-06-22 18:00:00,3.111666666666667
2015-06-22 19:00:00,2.4133333333333336
2015-06-22 20:00:00,1.6
2015-06-22 21:00:00,1.2466666666666668
2015-06-22 22:00:00,0.9633333333333332
2015-06-22 23:00:00,1.0266666666666666
2015-06-23 00:00:00,0.9783333333333334
2015-06-23 01:00:00,1.1883333333333332
2015-06-23 02:00:00,1.7016666666666669
2015-06-23 03:00:00,2.025
2015-06-23 04:00:00,1.3216666666666663
2015-06-23 05:00:00,2.228333333333333
2015-06-23 06:00:00,2.151666666666667
2015-06-23 07:00:00,2.395
2015-06-23 08:00:00,2.553333333333333
2015-06-23 09:00:00,3.2516666666666665
2015-06-23 10:00:00,2.0316666666666667
2015-06-23 11:00:00,2.536666666666666
2015-06-23 12:00:00,3.276666666666667
2015-06-23 13:00:00,3.5700000000000003
2015-06-23 14:00:00,2.4466666666666668
2015-06-23 15:00:00,2.895
2015-06-23 16:00:00,3.638333333333333
2015-06-23 17:00:00,1.495
2015-06-23 18:00:00,2.686666666666667
2015-06-23 19:00:00,2.765
2015-06-23 20:00:00,1.5116666666666667
2015-06-23 21:00:00,0.8300000000000001
2015-06-23 22:00:00,1.268333333333333
2015-06-23 23:00:00,0.8783333333333333
2015-06-24 00:00:00,1.0016666666666667
2015-06-24 01:00:00,0.8166666666666668
2015-06-24 02:00:00,0.7316666666666668
2015-06-24 03:00:00,2.06
2015-06-24 04:00:00,2.09
2015-06-24 05:00:00,1.62
2015-06-24 06:00:00,1.268333333333333
2015-06-24 07:00:00,1.5633333333333337
2015-06-24 08:00:00,1.12
2015-06-24 09:00:00,1.6366666666666667
2015-06-24 10:00:00,1.8
2015-06-24 11:00:00,1.8783333333333327
2015-06-24 12:00:00,1.5716666666666663
2015-06-24 13:00:00,1.67
2015-06-24 14:00:00,1.5616666666666663
2015-06-24 15:00:00,2.335
2015-06-24 16:00:00,1.6966666666666663
2015-06-24 17:00:00,2.3516666666666666
2015-06-24 18:00:00,2.0716666666666668
2015-06-24 19:00:00,1.8266666666666669
2015-06-24 20:00:00,1.1583333333333334
2015-06-24 21:00:00,0.7799999999999999
2015-06-24 22:00:00,0.7016666666666667
2015-06-24 23:00:00,0.6699999999999999
2015-06-25 00:00:00,1.68
2015-06-25 01:00:00,1.1333333333333333
2015-06-25 02:00:00,1.0933333333333335
2015-06-25 03:00:00,0.96
2015-06-25 04:00:00,0.65
2015-06-25 05:00:00,0.7116666666666668
2015-06-25 06:00:00,0.7816666666666666
2015-06-25 07:00:00,1.3966666666666665
2015-06-25 08:00:00,1.586666666666667
2015-06-25 09:00:00,1.3816666666666666
2015-06-25 10:00:00,1.3633333333333333
2015-06-25 11:00:00,1.2083333333333333
2015-06-25 12:00:00,1.385
2015-06-25 13:00:00,1.6383333333333334
2015-06-25 14:00:00,1.8416666666666663
2015-06-25 15:00:00,1.5266666666666666
2015-06-25 16:00:00,1.913333333333333
2015-06-25 17:00:00,1.1566666666666665
2015-06-25 18:00:00,0.8133333333333334
2015-06-25 19:00:00,0.9416666666666668
2015-06-25 20:00:00,0.9216666666666667
2015-06-25 21:00:00,0.4666666666666666
2015-06-25 22:00:00,1.653333333333333
2015-06-25 23:00:00,1.4433333333333334
2015-06-26 00:00:00,0.9766666666666668
2015-06-26 01:00:00,0.9533333333333333
2015-06-26 02:00:00,0.9916666666666668
2015-06-26 03:00:00,0.9833333333333334
2015-06-26 04:00:00,0.8866666666666667
2015-06-26 05:00:00,0.8466666666666667
2015-06-26 06:00:00,0.7533333333333333
2015-06-26 07:00:00,1.2516666666666667
2015-06-26 08:00:00,1.1283333333333334
2015-06-26 09:00:00,1.2633333333333334
2015-06-26 10:00:00,1.981666666666667
2015-06-26 11:00:00,2.04
2015-06-26 12:00:00,2.2516666666666665
2015-06-26 13:00:00,2.5900000000000003
2015-06-26 14:00:00,2.605
2015-06-26 15:00:00,1.57
2015-06-26 16:00:00,1.08
2015-06-26 17:00:00,0.8016666666666666
2015-06-26 18:00:00,0.81
2015-06-26 19:00:00,0.98
2015-06-26 20:00:00,1.1383333333333334
2015-06-26 21:00:00,0.9683333333333334
2015-06-26 22:00:00,0.9966666666666668
2015-06-26 23:00:00,0.6683333333333333
2015-06-27 00:00:00,0.8649999999999999
2015-06-27 01:00:00,0.5333333333333333
2015-06-27 02:00:00,0.6933333333333334
2015-06-27 03:00:00,0.5816666666666667
2015-06-27 04:00:00,1.105
2015-06-27 05:00:00,1.0433333333333332
2015-06-27 06:00:00,1.1766666666666667
2015-06-27 07:00:00,2.023333333333333
2015-06-27 08:00:00,1.1116666666666666
2015-06-27 09:00:00,2.013333333333333
2015-06-27 10:00:00,3.758333333333333
2015-06-27 11:00:00,3.356666666666667
2015-06-27 12:00:00,0.8883333333333333
2015-06-27 13:00:00,2.0733333333333333
2015-06-27 14:00:00,0.9
2015-06-27 15:00:00,0.765
2015-06-27 16:00:00,0.88
2015-06-27 17:00:00,1.6716666666666666
2015-06-27 18:00:00,1.1
2015-06-27 19:00:00,1.015
2015-06-27 20:00:00,2.248333333333333
2015-06-27 21:00:00,1.0366666666666666
2015-06-27 22:00:00,1.6866666666666668
2015-06-27 23:00:00,1.95
2015-06-28 00:00:00,2.965
2015-06-28 01:00:00,2.8433333333333333
2015-06-28 02:00:00,3.2883333333333336
2015-06-28 03:00:00,3.3966666666666665
2015-06-28 04:00:00,3.753333333333333
2015-06-28 05:00:00,2.365
2015-06-28 06:00:00,1.1216666666666666
2015-06-28 07:00:00,1.6050000000000002
2015-06-28 08:00:00,1.7766666666666666
2015-06-28 09:00:00,2.768333333333333
2015-06-28 10:00:00,1.893333333333333
2015-06-28 11:00:00,1.68
2015-06-28 12:00:00,1.55
2015-06-28 13:00:00,1.9783333333333333
2015-06-28 14:00:00,1.5766666666666664
2015-06-28 15:00:00,1.6783333333333337
2015-06-28 16:00:00,1.7583333333333335
2015-06-28 17:00:00,1.3983333333333334
2015-06-28 18:00:00,0.6583333333333333
2015-06-28 19:00:00,0.82
2015-06-28 20:00:00,0.6183333333333333
2015-06-28 21:00:00,0.5066666666666667
2015-06-28 22:00:00,0.305
2015-06-28 23:00:00,0.3866666666666666
2015-06-29 00:00:00,0.7616666666666667
2015-06-29 01:00:00,1.3133333333333332
2015-06-29 02:00:00,0.3883333333333333
2015-06-29 03:00:00,0.5399999999999999
2015-06-29 04:00:00,0.8883333333333333
2015-06-29 05:00:00,1.1266666666666667
2015-06-29 06:00:00,0.8816666666666667
2015-06-29 07:00:00,0.835
2015-06-29 08:00:00,1.02
2015-06-29 09:00:00,1.788333333333333
2015-06-29 10:00:00,2.598333333333333
2015-06-29 11:00:00,2.11
2015-06-29 12:00:00,2.74
2015-06-29 13:00:00,2.245
2015-06-29 14:00:00,1.7183333333333335
2015-06-29 15:00:00,1.6616666666666664
2015-06-29 16:00:00,1.12
2015-06-29 17:00:00,0.985
2015-06-29 18:00:00,0.8099999999999999
2015-06-29 19:00:00,1.0983333333333334
2015-06-29 20:00:00,1.4233333333333336
2015-06-29 21:00:00,1.4366666666666668
2015-06-29 22:00:00,1.1466666666666667
2015-06-29 23:00:00,1.2266666666666668
2015-06-30 00:00:00,0.4516666666666666
2015-06-30 01:00:00,0.3366666666666666
2015-06-30 02:00:00,0.3316666666666666
2015-06-30 03:00:00,0.765
2015-06-30 04:00:00,0.42
2015-06-30 05:00:00,0.3583333333333333
2015-06-30 06:00:00,0.4833333333333333
2015-06-30 07:00:00,1.025
2015-06-30 08:00:00,1.913333333333333
2015-06-30 09:00:00,2.145
2015-06-30 10:00:00,3.115
2015-06-30 11:00:00,2.5733333333333333
2015-06-30 12:00:00,2.58
2015-06-30 13:00:00,2.495
2015-06-30 14:00:00,2.81
2015-06-30 15:00:00,2.473333333333333
2015-06-30 16:00:00,2.9
2015-06-30 17:00:00,2.688333333333333
2015-06-30 18:00:00,3.555
2015-06-30 19:00:00,2.22
2015-06-30 20:00:00,1.8633333333333333
2015-06-30 21:00:00,1.8783333333333327
2015-06-30 22:00:00,0.535
2015-06-30 23:00:00,0.4016666666666666
2015-07-01 00:00:00,0.5033333333333333
2015-07-01 01:00:00,0.2699999999999999
2015-07-01 02:00:00,0.485
2015-07-01 03:00:00,0.3233333333333333
2015-07-01 04:00:00,0.3933333333333333
2015-07-01 05:00:00,0.4033333333333333
2015-07-01 06:00:00,0.6
2015-07-01 07:00:00,0.7933333333333333
2015-07-01 08:00:00,1.0533333333333337
2015-07-01 09:00:00,1.43
2015-07-01 10:00:00,2.545
2015-07-01 11:00:00,2.3183333333333334
2015-07-01 12:00:00,3.2583333333333333
2015-07-01 13:00:00,4.191666666666666
2015-07-01 14:00:00,3.85
2015-07-01 15:00:00,3.985
2015-07-01 16:00:00,3.6116666666666655
2015-07-01 17:00:00,3.831666666666667
2015-07-01 18:00:00,3.846666666666667
2015-07-01 19:00:00,2.43
2015-07-01 20:00:00,1.4466666666666663
2015-07-01 21:00:00,1.8783333333333327
2015-07-01 22:00:00,2.0216666666666665
2015-07-01 23:00:00,1.6116666666666666
2015-07-02 00:00:00,0.4216666666666667
2015-07-02 01:00:00,0.4633333333333334
2015-07-02 02:00:00,0.3833333333333333
2015-07-02 03:00:00,0.3983333333333334
2015-07-02 04:00:00,0.485
2015-07-02 05:00:00,0.4166666666666667
2015-07-02 06:00:00,0.4633333333333334
2015-07-02 07:00:00,0.6566666666666666
2015-07-02 08:00:00,0.9616666666666666
2015-07-02 09:00:00,1.3516666666666666
2015-07-02 10:00:00,2.013333333333333
2015-07-02 11:00:00,2.16
2015-07-02 12:00:00,2.53
2015-07-02 13:00:00,2.9566666666666666
2015-07-02 14:00:00,3.803333333333333
2015-07-02 15:00:00,4.285
2015-07-02 16:00:00,4.4750000000000005
2015-07-02 17:00:00,3.801666666666667
2015-07-02 18:00:00,2.436666666666667
2015-07-02 19:00:00,2.4066666666666667
2015-07-02 20:00:00,2.146666666666667
2015-07-02 21:00:00,1.7433333333333332
2015-07-02 22:00:00,0.7200000000000001
2015-07-02 23:00:00,1.035
2015-07-03 00:00:00,1.2133333333333334
2015-07-03 01:00:00,1.6083333333333334
2015-07-03 02:00:00,1.1183333333333334
2015-07-03 03:00:00,1.5599999999999998
2015-07-03 04:00:00,1.715
2015-07-03 05:00:00,1.0883333333333334
2015-07-03 06:00:00,0.7266666666666667
2015-07-03 07:00:00,1.4666666666666668
2015-07-03 08:00:00,1.471666666666667
2015-07-03 09:00:00,1.6616666666666668
2015-07-03 10:00:00,4.111666666666667
2015-07-03 11:00:00,3.366666666666667
2015-07-03 12:00:00,2.956666666666667
2015-07-03 13:00:00,2.025
2015-07-03 14:00:00,2.146666666666667
2015-07-03 15:00:00,1.8066666666666664
2015-07-03 16:00:00,1.38
2015-07-03 17:00:00,2.6266666666666665
2015-07-03 18:00:00,1.9116666666666668
2015-07-03 19:00:00,1.6
2015-07-03 20:00:00,0.525
2015-07-03 21:00:00,0.7733333333333334
2015-07-03 22:00:00,0.4466666666666666
2015-07-03 23:00:00,0.8133333333333334
2015-07-04 00:00:00,1.235
2015-07-04 01:00:00,0.9766666666666668
2015-07-04 02:00:00,0.9483333333333333
2015-07-04 03:00:00,0.8233333333333333
2015-07-04 04:00:00,1.5466666666666666
2015-07-04 05:00:00,0.9133333333333334
2015-07-04 06:00:00,1.0
2015-07-04 07:00:00,1.505
2015-07-04 08:00:00,1.795
2015-07-04 09:00:00,2.1416666666666666
2015-07-04 10:00:00,3.5500000000000003
2015-07-04 11:00:00,3.313333333333333
2015-07-04 12:00:00,2.905
2015-07-04 13:00:00,2.63
2015-07-04 14:00:00,2.3583333333333334
2015-07-04 15:00:00,2.1333333333333333
2015-07-04 16:00:00,2.2783333333333333
2015-07-04 17:00:00,1.495
2015-07-04 18:00:00,2.063333333333333
2015-07-04 19:00:00,0.7983333333333333
2015-07-04 20:00:00,1.445
2015-07-04 21:00:00,1.3783333333333332
2015-07-04 22:00:00,4.073333333333333
2015-07-04 23:00:00,4.655
2015-07-05 00:00:00,2.536666666666666
2015-07-05 01:00:00,1.5916666666666668
2015-07-05 02:00:00,1.4983333333333333
2015-07-05 03:00:00,1.5766666666666669
2015-07-05 04:00:00,0.8333333333333334
2015-07-05 05:00:00,0.8933333333333332
2015-07-05 06:00:00,1.346666666666667
2015-07-05 07:00:00,1.231666666666667
2015-07-05 08:00:00,1.1416666666666666
2015-07-05 09:00:00,1.135
2015-07-05 10:00:00,1.5566666666666666
2015-07-05 11:00:00,2.08
2015-07-05 12:00:00,1.8033333333333332
2015-07-05 13:00:00,1.4633333333333332
2015-07-05 14:00:00,1.7866666666666664
2015-07-05 15:00:00,1.7516666666666667
2015-07-05 16:00:00,3.76
2015-07-05 17:00:00,4.108333333333333
2015-07-05 18:00:00,4.091666666666667
2015-07-05 19:00:00,4.421666666666667
2015-07-05 20:00:00,3.5933333333333333
2015-07-05 21:00:00,3.485
2015-07-05 22:00:00,2.9683333333333337
2015-07-05 23:00:00,4.443333333333333
2015-07-06 00:00:00,2.025
2015-07-06 01:00:00,1.1849999999999998
2015-07-06 02:00:00,1.75
2015-07-06 03:00:00,1.41
2015-07-06 04:00:00,2.1583333333333337
2015-07-06 05:00:00,1.4966666666666668
2015-07-06 06:00:00,1.4216666666666666
2015-07-06 07:00:00,1.9633333333333327
2015-07-06 08:00:00,1.9433333333333331
2015-07-06 09:00:00,2.143333333333333
2015-07-06 10:00:00,2.311666666666667
2015-07-06 11:00:00,2.245
2015-07-06 12:00:00,2.725
2015-07-06 13:00:00,2.245
2015-07-06 14:00:00,2.14
2015-07-06 15:00:00,1.88
2015-07-06 16:00:00,1.7633333333333334
2015-07-06 17:00:00,1.3333333333333333
2015-07-06 18:00:00,1.455
2015-07-06 19:00:00,0.4916666666666667
2015-07-06 20:00:00,1.245
2015-07-06 21:00:00,0.7733333333333333
2015-07-06 22:00:00,0.4216666666666667
2015-07-06 23:00:00,1.205
2015-07-07 00:00:00,0.8466666666666667
2015-07-07 01:00:00,1.42
2015-07-07 02:00:00,0.6666666666666666
2015-07-07 03:00:00,0.475
2015-07-07 04:00:00,0.5766666666666667
2015-07-07 05:00:00,0.86
2015-07-07 06:00:00,1.3383333333333336
2015-07-07 07:00:00,1.4166666666666667
2015-07-07 08:00:00,1.2916666666666667
2015-07-07 09:00:00,1.6716666666666669
2015-07-07 10:00:00,2.473333333333333
2015-07-07 11:00:00,3.3966666666666665
2015-07-07 12:00:00,2.766666666666667
2015-07-07 13:00:00,4.758333333333334
2015-07-07 14:00:00,4.065
2015-07-07 15:00:00,3.4933333333333336
2015-07-07 16:00:00,3.5483333333333333
2015-07-07 17:00:00,5.138333333333334
2015-07-07 18:00:00,3.48
2015-07-07 19:00:00,2.89
2015-07-07 20:00:00,2.56
2015-07-07 21:00:00,1.5599999999999998
2015-07-07 22:00:00,1.1833333333333331
2015-07-07 23:00:00,1.88
2015-07-08 00:00:00,0.87
2015-07-08 01:00:00,1.5266666666666666
2015-07-08 02:00:00,1.721666666666667
2015-07-08 03:00:00,2.1016666666666666
2015-07-08 04:00:00,1.78
2015-07-08 05:00:00,2.0383333333333336
2015-07-08 06:00:00,2.2883333333333336
2015-07-08 07:00:00,2.76
2015-07-08 08:00:00,3.41
2015-07-08 09:00:00,4.1000000000000005
2015-07-08 10:00:00,4.431666666666667
2015-07-08 11:00:00,4.741666666666666
2015-07-08 12:00:00,4.306666666666667
2015-07-08 13:00:00,5.31
2015-07-08 14:00:00,3.71
2015-07-08 15:00:00,4.808333333333334
2015-07-08 16:00:00,5.241666666666667
2015-07-08 17:00:00,3.9033333333333338
2015-07-08 18:00:00,4.081666666666666
2015-07-08 19:00:00,1.9416666666666669
2015-07-08 20:00:00,2.178333333333333
2015-07-08 21:00:00,2.1466666666666665
2015-07-08 22:00:00,1.8066666666666664
2015-07-08 23:00:00,1.8533333333333333
2015-07-09 00:00:00,1.3383333333333332
2015-07-09 01:00:00,0.9383333333333334
2015-07-09 02:00:00,0.6416666666666667
2015-07-09 03:00:00,0.7983333333333333
2015-07-09 04:00:00,2.1983333333333333
2015-07-09 05:00:00,2.415
2015-07-09 06:00:00,2.098333333333333
2015-07-09 07:00:00,2.69
2015-07-09 08:00:00,2.681666666666666
2015-07-09 09:00:00,2.5283333333333333
2015-07-09 10:00:00,3.065
2015-07-09 11:00:00,3.145
2015-07-09 12:00:00,2.53
2015-07-09 13:00:00,3.188333333333333
2015-07-09 14:00:00,3.5483333333333333
2015-07-09 15:00:00,3.22
2015-07-09 16:00:00,3.17
2015-07-09 17:00:00,3.1633333333333336
2015-07-09 18:00:00,2.643333333333333
2015-07-09 19:00:00,2.0683333333333334
2015-07-09 20:00:00,1.54
2015-07-09 21:00:00,1.62
2015-07-09 22:00:00,2.0016666666666665
2015-07-09 23:00:00,2.3833333333333333
2015-07-10 00:00:00,2.393333333333333
2015-07-10 01:00:00,2.045
2015-07-10 02:00:00,1.836666666666667
2015-07-10 03:00:00,2.2416666666666667
2015-07-10 04:00:00,1.775
2015-07-10 05:00:00,2.115
2015-07-10 06:00:00,1.6416666666666666
2015-07-10 07:00:00,2.368333333333333
2015-07-10 08:00:00,2.5166666666666666
2015-07-10 09:00:00,2.6750000000000003
2015-07-10 10:00:00,2.9966666666666666
2015-07-10 11:00:00,2.4266666666666667
2015-07-10 12:00:00,2.285
2015-07-10 13:00:00,2.376666666666667
2015-07-10 14:00:00,2.4833333333333334
2015-07-10 15:00:00,2.025
2015-07-10 16:00:00,1.7466666666666668
2015-07-10 17:00:00,1.7516666666666667
2015-07-10 18:00:00,1.285
2015-07-10 19:00:00,0.5416666666666666
2015-07-10 20:00:00,0.7283333333333334
2015-07-10 21:00:00,0.7000000000000001
2015-07-10 22:00:00,0.6133333333333334
2015-07-10 23:00:00,1.02
2015-07-11 00:00:00,0.8166666666666668
2015-07-11 01:00:00,0.7466666666666666
2015-07-11 02:00:00,0.73
2015-07-11 03:00:00,0.7000000000000001
2015-07-11 04:00:00,0.7483333333333334
2015-07-11 05:00:00,0.7166666666666667
2015-07-11 06:00:00,0.985
2015-07-11 07:00:00,1.205
2015-07-11 08:00:00,1.3183333333333334
2015-07-11 09:00:00,1.6766666666666667
2015-07-11 10:00:00,0.8666666666666667
2015-07-11 11:00:00,1.3
2015-07-11 12:00:00,1.758333333333333
2015-07-11 13:00:00,1.7733333333333334
2015-07-11 14:00:00,1.5933333333333335
2015-07-11 15:00:00,1.856666666666667
2015-07-11 16:00:00,1.755
2015-07-11 17:00:00,2.6950000000000003
2015-07-11 18:00:00,2.356666666666667
2015-07-11 19:00:00,1.971666666666667
2015-07-11 20:00:00,1.05
2015-07-11 21:00:00,0.5366666666666667
2015-07-11 22:00:00,0.4166666666666667
2015-07-11 23:00:00,0.8133333333333334
2015-07-12 00:00:00,1.4349999999999998
2015-07-12 01:00:00,0.6666666666666666
2015-07-12 02:00:00,1.143333333333333
2015-07-12 03:00:00,1.1833333333333331
2015-07-12 04:00:00,0.5383333333333333
2015-07-12 05:00:00,0.5266666666666667
2015-07-12 06:00:00,0.89
2015-07-12 07:00:00,0.9333333333333332
2015-07-12 08:00:00,1.5816666666666668
2015-07-12 09:00:00,1.8016666666666667
2015-07-12 10:00:00,2.3266666666666667
2015-07-12 11:00:00,2.8966666666666665
2015-07-12 12:00:00,2.7466666666666666
2015-07-12 13:00:00,2.056666666666666
2015-07-12 14:00:00,1.6499999999999997
2015-07-12 15:00:00,1.8716666666666668
2015-07-12 16:00:00,2.08
2015-07-12 17:00:00,1.3733333333333333
2015-07-12 18:00:00,1.3516666666666666
2015-07-12 19:00:00,1.336666666666667
2015-07-12 20:00:00,0.9516666666666668
2015-07-12 21:00:00,0.785
2015-07-12 22:00:00,0.7983333333333333
2015-07-12 23:00:00,1.1783333333333337
2015-07-13 00:00:00,1.2716666666666667
2015-07-13 01:00:00,1.275
2015-07-13 02:00:00,1.345
2015-07-13 03:00:00,1.6883333333333332
2015-07-13 04:00:00,0.8616666666666667
2015-07-13 05:00:00,0.4516666666666666
2015-07-13 06:00:00,0.96
2015-07-13 07:00:00,1.4
2015-07-13 08:00:00,2.5816666666666666
2015-07-13 09:00:00,9.098157894736842
2015-07-13 10:00:00,16.149736842105263
2015-07-13 11:00:00,23.20131578947368
2015-07-13 12:00:00,11.14578947368421
2015-07-13 13:00:00,3.575
2015-07-13 14:00:00,3.04
2015-07-13 15:00:00,1.855
2015-07-13 16:00:00,1.16
2015-07-13 17:00:00,2.3266666666666667
2015-07-13 18:00:00,2.11
2015-07-13 19:00:00,1.481666666666667
2015-07-13 20:00:00,2.1633333333333336
2015-07-13 21:00:00,1.0066666666666666
2015-07-13 22:00:00,0.54
2015-07-13 23:00:00,1.0583333333333331
2015-07-14 00:00:00,0.7066666666666667
2015-07-14 01:00:00,0.9133333333333332
2015-07-14 02:00:00,1.0883333333333334
2015-07-14 03:00:00,0.8849999999999999
2015-07-14 04:00:00,0.9366666666666666
2015-07-14 05:00:00,0.925
2015-07-14 06:00:00,1.0583333333333331
2015-07-14 07:00:00,1.1783333333333337
2015-07-14 08:00:00,2.856666666666667
2015-07-14 09:00:00,2.76
2015-07-14 10:00:00,3.203333333333333
2015-07-14 11:00:00,2.97
2015-07-14 12:00:00,3.481666666666667
2015-07-14 13:00:00,3.5666666666666664
2015-07-14 14:00:00,2.0
2015-07-14 15:00:00,1.4366666666666663
2015-07-14 16:00:00,1.5083333333333335
2015-07-14 17:00:00,1.8483333333333332
2015-07-14 18:00:00,1.836666666666667
2015-07-14 19:00:00,2.6183333333333336
2015-07-14 20:00:00,2.831666666666667
2015-07-14 21:00:00,2.648333333333333
2015-07-14 22:00:00,1.8766666666666667
2015-07-14 23:00:00,1.955
2015-07-15 00:00:00,1.6416666666666666
2015-07-15 01:00:00,2.08
2015-07-15 02:00:00,2.31
2015-07-15 03:00:00,2.6316666666666664
2015-07-15 04:00:00,1.9833333333333332
2015-07-15 05:00:00,1.7016666666666664
2015-07-15 06:00:00,1.461666666666667
2015-07-15 07:00:00,1.515
2015-07-15 08:00:00,1.125
2015-07-15 09:00:00,0.91
2015-07-15 10:00:00,1.7183333333333335
2015-07-15 11:00:00,1.8916666666666668
2015-07-15 12:00:00,1.961666666666667
2015-07-15 13:00:00,2.1083333333333334
2015-07-15 14:00:00,1.8483333333333332
2015-07-15 15:00:00,1.74
2015-07-15 16:00:00,1.9633333333333327
2015-07-15 17:00:00,1.2266666666666668
2015-07-15 18:00:00,1.5650000000000002
2015-07-15 19:00:00,1.3483333333333334
2015-07-15 20:00:00,1.0716666666666663
2015-07-15 21:00:00,0.485
2015-07-15 22:00:00,0.435
2015-07-15 23:00:00,0.9766666666666668
2015-07-16 00:00:00,1.3983333333333334
2015-07-16 01:00:00,0.96
2015-07-16 02:00:00,1.5166666666666666
2015-07-16 03:00:00,1.5666666666666669
2015-07-16 04:00:00,0.8366666666666666
2015-07-16 05:00:00,0.5783333333333334
2015-07-16 06:00:00,0.59
2015-07-16 07:00:00,0.92
2015-07-16 08:00:00,1.4866666666666666
2015-07-16 09:00:00,1.5116666666666667
2015-07-16 10:00:00,1.6116666666666666
2015-07-16 11:00:00,2.5500000000000003
2015-07-16 12:00:00,2.6333333333333333
2015-07-16 13:00:00,2.6083333333333334
2015-07-16 14:00:00,2.455
2015-07-16 15:00:00,2.098333333333333
2015-07-16 16:00:00,2.15
2015-07-16 17:00:00,1.4633333333333332
2015-07-16 18:00:00,1.3333333333333333
2015-07-16 19:00:00,0.9333333333333332
2015-07-16 20:00:00,1.935
2015-07-16 21:00:00,1.37
2015-07-16 22:00:00,0.5966666666666667
2015-07-16 23:00:00,0.7399999999999999
2015-07-17 00:00:00,0.9583333333333334
2015-07-17 01:00:00,0.8333333333333334
2015-07-17 02:00:00,1.0466666666666666
2015-07-17 03:00:00,1.17
2015-07-17 04:00:00,1.3716666666666668
2015-07-17 05:00:00,1.13
2015-07-17 06:00:00,1.4466666666666663
2015-07-17 07:00:00,1.4
2015-07-17 08:00:00,0.9116666666666666
2015-07-17 09:00:00,0.9666666666666668
2015-07-17 10:00:00,1.36
2015-07-17 11:00:00,1.2283333333333333
2015-07-17 12:00:00,3.901666666666667
2015-07-17 13:00:00,3.063333333333334
2015-07-17 14:00:00,4.953333333333333
2015-07-17 15:00:00,6.378333333333334
2015-07-17 16:00:00,3.721666666666666
2015-07-17 17:00:00,3.126666666666667
2015-07-17 18:00:00,1.8133333333333328
2015-07-17 19:00:00,1.585
2015-07-17 20:00:00,1.95
2015-07-17 21:00:00,2.1
2015-07-17 22:00:00,1.53
2015-07-17 23:00:00,1.0983333333333334
2015-07-18 00:00:00,1.58
2015-07-18 01:00:00,1.028333333333333
2015-07-18 02:00:00,1.1383333333333334
2015-07-18 03:00:00,1.215
2015-07-18 04:00:00,1.83
2015-07-18 05:00:00,1.905
2015-07-18 06:00:00,3.671666666666667
2015-07-18 07:00:00,2.9233333333333333
2015-07-18 08:00:00,2.22
2015-07-18 09:00:00,2.53
2015-07-18 10:00:00,2.6133333333333333
2015-07-18 11:00:00,1.3433333333333335
2015-07-18 12:00:00,2.4883333333333333
2015-07-18 13:00:00,3.805
2015-07-18 14:00:00,5.4366666666666665
2015-07-18 15:00:00,5.896666666666667
2015-07-18 16:00:00,4.605
2015-07-18 17:00:00,3.3349999999999995
2015-07-18 18:00:00,2.86
2015-07-18 19:00:00,3.715
2015-07-18 20:00:00,1.7666666666666666
2015-07-18 21:00:00,1.015
2015-07-18 22:00:00,0.7716666666666666
2015-07-18 23:00:00,0.6366666666666667
2015-07-19 00:00:00,1.3133333333333332
2015-07-19 01:00:00,1.265
2015-07-19 02:00:00,0.6833333333333332
2015-07-19 03:00:00,0.805
2015-07-19 04:00:00,1.2333333333333334
2015-07-19 05:00:00,1.2066666666666668
2015-07-19 06:00:00,0.8783333333333333
2015-07-19 07:00:00,0.97
2015-07-19 08:00:00,2.188333333333333
2015-07-19 09:00:00,2.085
2015-07-19 10:00:00,2.375
2015-07-19 11:00:00,6.025
2015-07-19 12:00:00,5.088333333333334
2015-07-19 13:00:00,5.253333333333333
2015-07-19 14:00:00,4.138333333333333
2015-07-19 15:00:00,4.985
2015-07-19 16:00:00,5.581666666666667
2015-07-19 17:00:00,2.361666666666667
2015-07-19 18:00:00,0.8266666666666667
2015-07-19 19:00:00,1.0216666666666667
2015-07-19 20:00:00,1.5366666666666668
2015-07-19 21:00:00,2.04
2015-07-19 22:00:00,1.315
2015-07-19 23:00:00,0.8183333333333334
2015-07-20 00:00:00,1.005
2015-07-20 01:00:00,1.49
2015-07-20 02:00:00,1.01
2015-07-20 03:00:00,1.0399999999999998
2015-07-20 04:00:00,1.163333333333333
2015-07-20 05:00:00,1.2066666666666668
2015-07-20 06:00:00,1.095
2015-07-20 07:00:00,1.5716666666666663
2015-07-20 08:00:00,2.9233333333333333
2015-07-20 09:00:00,2.665
2015-07-20 10:00:00,2.436666666666667
2015-07-20 11:00:00,3.1950000000000003
2015-07-20 12:00:00,2.6016666666666666
2015-07-20 13:00:00,2.806666666666666
2015-07-20 14:00:00,3.17
2015-07-20 15:00:00,3.6366666666666663
2015-07-20 16:00:00,2.21
2015-07-20 17:00:00,1.5483333333333336
2015-07-20 18:00:00,0.4766666666666666
2015-07-20 19:00:00,0.7216666666666667
2015-07-20 20:00:00,1.99
2015-07-20 21:00:00,1.1416666666666668
2015-07-20 22:00:00,1.175
2015-07-20 23:00:00,2.18
2015-07-21 00:00:00,1.836666666666667
2015-07-21 01:00:00,2.0783333333333336
2015-07-21 02:00:00,1.115
2015-07-21 03:00:00,1.145
2015-07-21 04:00:00,1.586666666666667
2015-07-21 05:00:00,1.3233333333333337
2015-07-21 06:00:00,1.22
2015-07-21 07:00:00,1.65
2015-07-21 08:00:00,2.9616666666666664
2015-07-21 09:00:00,2.8350000000000004
2015-07-21 10:00:00,4.001666666666666
2015-07-21 11:00:00,3.798333333333333
2015-07-21 12:00:00,4.466666666666667
2015-07-21 13:00:00,4.221666666666667
2015-07-21 14:00:00,3.995
2015-07-21 15:00:00,3.6566666666666663
2015-07-21 16:00:00,2.956666666666667
2015-07-21 17:00:00,2.5733333333333337
2015-07-21 18:00:00,1.7066666666666668
2015-07-21 19:00:00,1.255
2015-07-21 20:00:00,1.7300000000000002
2015-07-21 21:00:00,1.2166666666666666
2015-07-21 22:00:00,0.77
2015-07-21 23:00:00,0.855
2015-07-22 00:00:00,0.7783333333333333
2015-07-22 01:00:00,0.4066666666666667
2015-07-22 02:00:00,0.325
2015-07-22 03:00:00,1.29
2015-07-22 04:00:00,1.39
2015-07-22 05:00:00,0.5516666666666666
2015-07-22 06:00:00,0.9083333333333332
2015-07-22 07:00:00,0.94
2015-07-22 08:00:00,0.8433333333333334
2015-07-22 09:00:00,1.105
2015-07-22 10:00:00,1.6383333333333334
2015-07-22 11:00:00,1.6833333333333336
2015-07-22 12:00:00,1.87
2015-07-22 13:00:00,1.9316666666666664
2015-07-22 14:00:00,1.76
2015-07-22 15:00:00,2.4066666666666667
2015-07-22 16:00:00,2.495
2015-07-22 17:00:00,1.7266666666666666
2015-07-22 18:00:00,1.1916666666666669
2015-07-22 19:00:00,0.7799999999999999
2015-07-22 20:00:00,3.678333333333333
2015-07-22 21:00:00,4.116666666666666
2015-07-22 22:00:00,2.0516666666666667
2015-07-22 23:00:00,1.1233333333333333
2015-07-23 00:00:00,0.9483333333333333
2015-07-23 01:00:00,0.835
2015-07-23 02:00:00,1.0916666666666666
2015-07-23 03:00:00,0.9166666666666666
2015-07-23 04:00:00,1.1566666666666667
2015-07-23 05:00:00,1.97
2015-07-23 06:00:00,2.2433333333333336
2015-07-23 07:00:00,0.9933333333333332
2015-07-23 08:00:00,1.8516666666666663
2015-07-23 09:00:00,1.8783333333333327
2015-07-23 10:00:00,2.296666666666667
2015-07-23 11:00:00,2.225
2015-07-23 12:00:00,1.7433333333333332
2015-07-23 13:00:00,1.2183333333333333
2015-07-23 14:00:00,1.1
2015-07-23 15:00:00,0.855
2015-07-23 16:00:00,0.725
2015-07-23 17:00:00,0.645
2015-07-23 18:00:00,0.51
2015-07-23 19:00:00,0.4966666666666666
2015-07-23 20:00:00,1.0266666666666666
2015-07-23 21:00:00,1.1033333333333333
2015-07-23 22:00:00,0.8983333333333333
2015-07-23 23:00:00,1.5366666666666668
2015-07-24 00:00:00,1.7266666666666666
2015-07-24 01:00:00,1.4983333333333333
2015-07-24 02:00:00,1.2233333333333334
2015-07-24 03:00:00,0.875
2015-07-24 04:00:00,0.5
2015-07-24 05:00:00,0.9183333333333332
2015-07-24 06:00:00,1.105
2015-07-24 07:00:00,1.375
2015-07-24 08:00:00,1.7233333333333334
2015-07-24 09:00:00,2.486666666666667
2015-07-24 10:00:00,2.8466666666666662
2015-07-24 11:00:00,3.1950000000000003
2015-07-24 12:00:00,3.661666666666666
2015-07-24 13:00:00,3.455
2015-07-24 14:00:00,3.6366666666666663
2015-07-24 15:00:00,4.661666666666666
2015-07-24 16:00:00,3.9166666666666665
2015-07-24 17:00:00,3.935
2015-07-24 18:00:00,3.438333333333333
2015-07-24 19:00:00,3.105
2015-07-24 20:00:00,2.41
2015-07-24 21:00:00,2.348333333333333
2015-07-24 22:00:00,1.3083333333333331
2015-07-24 23:00:00,1.4483333333333337
2015-07-25 00:00:00,0.5416666666666666
2015-07-25 01:00:00,0.8633333333333333
2015-07-25 02:00:00,3.216666666666667
2015-07-25 03:00:00,1.4633333333333332
2015-07-25 04:00:00,1.975
2015-07-25 05:00:00,2.908333333333333
2015-07-25 06:00:00,2.3666666666666667
2015-07-25 07:00:00,2.475
2015-07-25 08:00:00,5.553333333333334
2015-07-25 09:00:00,7.151666666666666
2015-07-25 10:00:00,9.108333333333333
2015-07-25 11:00:00,10.776666666666666
2015-07-25 12:00:00,10.048333333333334
2015-07-25 13:00:00,10.02
2015-07-25 14:00:00,9.966666666666669
2015-07-25 15:00:00,7.66
2015-07-25 16:00:00,5.241666666666666
2015-07-25 17:00:00,5.34
2015-07-25 18:00:00,4.701666666666667
2015-07-25 19:00:00,5.423333333333333
2015-07-25 20:00:00,4.961666666666667
2015-07-25 21:00:00,3.8966666666666665
2015-07-25 22:00:00,3.718333333333333
2015-07-25 23:00:00,3.393333333333333
2015-07-26 00:00:00,3.3716666666666666
2015-07-26 01:00:00,3.395
2015-07-26 02:00:00,2.4516666666666667
2015-07-26 03:00:00,2.033333333333333
2015-07-26 04:00:00,1.8533333333333333
2015-07-26 05:00:00,2.3016666666666667
2015-07-26 06:00:00,2.308333333333333
2015-07-26 07:00:00,2.748333333333333
2015-07-26 08:00:00,2.3833333333333333
2015-07-26 09:00:00,3.951666666666666
2015-07-26 10:00:00,3.66
2015-07-26 11:00:00,2.685
2015-07-26 12:00:00,3.053333333333333
2015-07-26 13:00:00,1.905
2015-07-26 14:00:00,2.25
2015-07-26 15:00:00,2.075
2015-07-26 16:00:00,2.075
2015-07-26 17:00:00,2.083333333333333
2015-07-26 18:00:00,1.9466666666666663
2015-07-26 19:00:00,1.465
2015-07-26 20:00:00,0.85
2015-07-26 21:00:00,0.3983333333333334
2015-07-26 22:00:00,0.7933333333333333
2015-07-26 23:00:00,1.57
2015-07-27 00:00:00,0.9383333333333334
2015-07-27 01:00:00,0.945
2015-07-27 02:00:00,1.3
2015-07-27 03:00:00,0.7949999999999999
2015-07-27 04:00:00,0.92
2015-07-27 05:00:00,1.2283333333333333
2015-07-27 06:00:00,1.695
2015-07-27 07:00:00,4.085
2015-07-27 08:00:00,4.676666666666667
2015-07-27 09:00:00,4.01
2015-07-27 10:00:00,4.103333333333333
2015-07-27 11:00:00,3.938333333333333
2015-07-27 12:00:00,3.53
2015-07-27 13:00:00,2.928333333333333
2015-07-27 14:00:00,2.79
2015-07-27 15:00:00,2.813333333333333
2015-07-27 16:00:00,4.341666666666667
2015-07-27 17:00:00,3.33
2015-07-27 18:00:00,3.5883333333333334
2015-07-27 19:00:00,3.055
2015-07-27 20:00:00,2.708333333333333
2015-07-27 21:00:00,2.421666666666667
2015-07-27 22:00:00,3.556666666666666
2015-07-27 23:00:00,2.8716666666666666
2015-07-28 00:00:00,2.0933333333333333
2015-07-28 01:00:00,2.481666666666667
2015-07-28 02:00:00,2.78
2015-07-28 03:00:00,1.0566666666666666
2015-07-28 04:00:00,0.7683333333333334
2015-07-28 05:00:00,1.2466666666666668
2015-07-28 06:00:00,1.445
2015-07-28 07:00:00,2.99
2015-07-28 08:00:00,3.3816666666666664
2015-07-28 09:00:00,3.7516666666666665
2015-07-28 10:00:00,3.921666666666667
2015-07-28 11:00:00,3.578333333333333
2015-07-28 12:00:00,3.658333333333333
2015-07-28 13:00:00,4.223333333333334
2015-07-28 14:00:00,4.3933333333333335
2015-07-28 15:00:00,4.626666666666666
2015-07-28 16:00:00,3.7783333333333338
2015-07-28 17:00:00,3.225
2015-07-28 18:00:00,3.483333333333333
2015-07-28 19:00:00,1.54
2015-07-28 20:00:00,0.4966666666666666
2015-07-28 21:00:00,0.4783333333333333
2015-07-28 22:00:00,1.5666666666666669
2015-07-28 23:00:00,1.2233333333333334
2015-07-29 00:00:00,1.1383333333333334
2015-07-29 01:00:00,2.1
2015-07-29 02:00:00,2.265
2015-07-29 03:00:00,1.2733333333333332
2015-07-29 04:00:00,1.0133333333333334
2015-07-29 05:00:00,1.5166666666666666
2015-07-29 06:00:00,3.5416666666666665
2015-07-29 07:00:00,5.293333333333334
2015-07-29 08:00:00,6.14
2015-07-29 09:00:00,4.088333333333334
2015-07-29 10:00:00,1.9966666666666668
2015-07-29 11:00:00,3.2883333333333336
2015-07-29 12:00:00,3.556666666666666
2015-07-29 13:00:00,7.706666666666667
2015-07-29 14:00:00,7.071666666666666
2015-07-29 15:00:00,6.54
2015-07-29 16:00:00,2.8716666666666666
2015-07-29 17:00:00,1.4366666666666663
2015-07-29 18:00:00,1.2866666666666666
2015-07-29 19:00:00,1.0983333333333334
2015-07-29 20:00:00,1.55
2015-07-29 21:00:00,1.8983333333333332
2015-07-29 22:00:00,1.1316666666666666
2015-07-29 23:00:00,0.82
2015-07-30 00:00:00,0.7683333333333334
2015-07-30 01:00:00,0.7266666666666667
2015-07-30 02:00:00,0.5016666666666667
2015-07-30 03:00:00,0.99
2015-07-30 04:00:00,1.035
2015-07-30 05:00:00,1.39
2015-07-30 06:00:00,3.206666666666667
2015-07-30 07:00:00,2.6133333333333333
2015-07-30 08:00:00,3.523333333333333
2015-07-30 09:00:00,3.43
2015-07-30 10:00:00,3.0033333333333334
2015-07-30 11:00:00,2.7116666666666664
2015-07-30 12:00:00,2.306666666666666
2015-07-30 13:00:00,2.6950000000000003
2015-07-30 14:00:00,2.4966666666666666
2015-07-30 15:00:00,1.975
2015-07-30 16:00:00,1.55
2015-07-30 17:00:00,2.723333333333333
2015-07-30 18:00:00,1.8533333333333333
2015-07-30 19:00:00,1.265
2015-07-30 20:00:00,1.51
2015-07-30 21:00:00,2.2333333333333334
2015-07-30 22:00:00,1.39
2015-07-30 23:00:00,2.2133333333333334
2015-07-31 00:00:00,1.4916666666666665
2015-07-31 01:00:00,1.23
2015-07-31 02:00:00,2.42
2015-07-31 03:00:00,2.2550000000000003
2015-07-31 04:00:00,0.8283333333333335
2015-07-31 05:00:00,0.4683333333333333
2015-07-31 06:00:00,0.7133333333333334
2015-07-31 07:00:00,1.1233333333333333
2015-07-31 08:00:00,1.278333333333333
2015-07-31 09:00:00,1.856666666666667
2015-07-31 10:00:00,1.6266666666666667
2015-07-31 11:00:00,1.8633333333333333
2015-07-31 12:00:00,2.0616666666666665
2015-07-31 13:00:00,2.3000000000000003
2015-07-31 14:00:00,2.208333333333333
2015-07-31 15:00:00,2.985
2015-07-31 16:00:00,1.84
2015-07-31 17:00:00,1.3516666666666666
2015-07-31 18:00:00,1.288333333333333
2015-07-31 19:00:00,2.328333333333333
2015-07-31 20:00:00,2.236666666666667
2015-07-31 21:00:00,2.005
2015-07-31 22:00:00,1.965
2015-07-31 23:00:00,1.4316666666666666
2015-08-01 00:00:00,0.8416666666666667
2015-08-01 01:00:00,0.6699999999999999
2015-08-01 02:00:00,1.461666666666667
2015-08-01 03:00:00,1.4383333333333337
2015-08-01 04:00:00,1.2283333333333333
2015-08-01 05:00:00,1.3683333333333332
2015-08-01 06:00:00,0.6749999999999999
2015-08-01 07:00:00,0.6983333333333334
2015-08-01 08:00:00,0.9716666666666668
2015-08-01 09:00:00,1.8633333333333333
2015-08-01 10:00:00,2.6300000000000003
2015-08-01 11:00:00,2.0866666666666664
2015-08-01 12:00:00,2.145
2015-08-01 13:00:00,1.5066666666666666
2015-08-01 14:00:00,1.82
2015-08-01 15:00:00,1.305
2015-08-01 16:00:00,1.8216666666666663
2015-08-01 17:00:00,0.8583333333333334
2015-08-01 18:00:00,0.7416666666666666
2015-08-01 19:00:00,1.38
2015-08-01 20:00:00,0.7466666666666667
2015-08-01 21:00:00,1.37
2015-08-01 22:00:00,0.9283333333333332
2015-08-01 23:00:00,1.4533333333333334
2015-08-02 00:00:00,0.855
2015-08-02 01:00:00,0.8533333333333334
2015-08-02 02:00:00,0.4566666666666666
2015-08-02 03:00:00,0.6866666666666666
2015-08-02 04:00:00,1.0933333333333335
2015-08-02 05:00:00,0.91
2015-08-02 06:00:00,0.4283333333333333
2015-08-02 07:00:00,0.5816666666666667
2015-08-02 08:00:00,1.2333333333333334
2015-08-02 09:00:00,2.1933333333333334
2015-08-02 10:00:00,2.34
2015-08-02 11:00:00,2.9616666666666664
2015-08-02 12:00:00,2.436666666666667
2015-08-02 13:00:00,2.0166666666666666
2015-08-02 14:00:00,2.161666666666666
2015-08-02 15:00:00,2.668333333333333
2015-08-02 16:00:00,2.4033333333333333
2015-08-02 17:00:00,2.533333333333333
2015-08-02 18:00:00,2.37
2015-08-02 19:00:00,2.115
2015-08-02 20:00:00,2.3916666666666666
2015-08-02 21:00:00,1.4866666666666666
2015-08-02 22:00:00,0.3316666666666666
2015-08-02 23:00:00,0.3516666666666666
2015-08-03 00:00:00,0.7066666666666667
2015-08-03 01:00:00,0.765
2015-08-03 02:00:00,1.1283333333333332
2015-08-03 03:00:00,0.5950000000000001
2015-08-03 04:00:00,0.5116666666666666
2015-08-03 05:00:00,0.5750000000000001
2015-08-03 06:00:00,0.545
2015-08-03 07:00:00,0.9633333333333334
2015-08-03 08:00:00,0.9533333333333336
2015-08-03 09:00:00,1.4533333333333334
2015-08-03 10:00:00,1.9183333333333328
2015-08-03 11:00:00,1.8383333333333327
2015-08-03 12:00:00,1.6833333333333331
2015-08-03 13:00:00,2.665
2015-08-03 14:00:00,2.59
2015-08-03 15:00:00,3.1316666666666664
2015-08-03 16:00:00,2.658333333333333
2015-08-03 17:00:00,2.5016666666666665
2015-08-03 18:00:00,2.861666666666667
2015-08-03 19:00:00,1.3733333333333333
2015-08-03 20:00:00,0.975
2015-08-03 21:00:00,0.93
2015-08-03 22:00:00,0.5016666666666666
2015-08-03 23:00:00,0.9283333333333332
2015-08-04 00:00:00,1.1516666666666666
2015-08-04 01:00:00,1.0716666666666663
2015-08-04 02:00:00,0.6433333333333334
2015-08-04 03:00:00,0.5616666666666666
2015-08-04 04:00:00,0.4366666666666667
2015-08-04 05:00:00,0.7616666666666667
2015-08-04 06:00:00,1.13
2015-08-04 07:00:00,0.88
2015-08-04 08:00:00,1.5433333333333332
2015-08-04 09:00:00,2.415
2015-08-04 10:00:00,3.4683333333333333
2015-08-04 11:00:00,4.416666666666667
2015-08-04 12:00:00,3.8733333333333335
2015-08-04 13:00:00,4.461666666666667
2015-08-04 14:00:00,3.385
2015-08-04 15:00:00,3.75
2015-08-04 16:00:00,4.348333333333334
2015-08-04 17:00:00,3.578333333333333
2015-08-04 18:00:00,3.245
2015-08-04 19:00:00,1.51
2015-08-04 20:00:00,1.0633333333333332
2015-08-04 21:00:00,0.8799999999999999
2015-08-04 22:00:00,1.0033333333333332
2015-08-04 23:00:00,1.32
2015-08-05 00:00:00,1.9566666666666668
2015-08-05 01:00:00,2.161666666666666
2015-08-05 02:00:00,1.06
2015-08-05 03:00:00,1.32
2015-08-05 04:00:00,1.4583333333333333
2015-08-05 05:00:00,2.4233333333333333
2015-08-05 06:00:00,0.9816666666666668
2015-08-05 07:00:00,0.9083333333333332
2015-08-05 08:00:00,1.1266666666666667
2015-08-05 09:00:00,1.7416666666666665
2015-08-05 10:00:00,1.365
2015-08-05 11:00:00,1.61
2015-08-05 12:00:00,1.3733333333333333
2015-08-05 13:00:00,2.2333333333333334
2015-08-05 14:00:00,2.103333333333333
2015-08-05 15:00:00,2.0016666666666665
2015-08-05 16:00:00,2.9599999999999995
2015-08-05 17:00:00,3.575
2015-08-05 18:00:00,3.405
2015-08-05 19:00:00,2.8716666666666666
2015-08-05 20:00:00,2.445
2015-08-05 21:00:00,2.0483333333333333
2015-08-05 22:00:00,0.8116666666666666
2015-08-05 23:00:00,0.4016666666666666
2015-08-06 00:00:00,0.4516666666666666
2015-08-06 01:00:00,0.6016666666666667
2015-08-06 02:00:00,0.5983333333333333
2015-08-06 03:00:00,0.5566666666666666
2015-08-06 04:00:00,0.3333333333333333
2015-08-06 05:00:00,0.9866666666666668
2015-08-06 06:00:00,0.7216666666666667
2015-08-06 07:00:00,0.8633333333333333
2015-08-06 08:00:00,0.9733333333333332
2015-08-06 09:00:00,1.0433333333333332
2015-08-06 10:00:00,1.596666666666667
2015-08-06 11:00:00,2.686666666666667
2015-08-06 12:00:00,1.91
2015-08-06 13:00:00,2.148333333333333
2015-08-06 14:00:00,1.643333333333333
2015-08-06 15:00:00,1.5683333333333334
2015-08-06 16:00:00,1.5650000000000002
2015-08-06 17:00:00,2.276666666666667
2015-08-06 18:00:00,2.1266666666666665
2015-08-06 19:00:00,1.9066666666666665
2015-08-06 20:00:00,1.315
2015-08-06 21:00:00,0.67
2015-08-06 22:00:00,0.5533333333333333
2015-08-06 23:00:00,0.4583333333333333
2015-08-07 00:00:00,1.1983333333333333
2015-08-07 01:00:00,0.6316666666666667
2015-08-07 02:00:00,0.555
2015-08-07 03:00:00,0.7166666666666667
2015-08-07 04:00:00,0.4933333333333333
2015-08-07 05:00:00,0.4516666666666667
2015-08-07 06:00:00,0.48
2015-08-07 07:00:00,0.5583333333333333
2015-08-07 08:00:00,0.7600000000000001
2015-08-07 09:00:00,0.7283333333333334
2015-08-07 10:00:00,2.0766666666666667
2015-08-07 11:00:00,3.6016666666666666
2015-08-07 12:00:00,3.583333333333333
2015-08-07 13:00:00,4.76
2015-08-07 14:00:00,5.578333333333333
2015-08-07 15:00:00,5.216666666666667
2015-08-07 16:00:00,4.816666666666667
2015-08-07 17:00:00,3.7266666666666666
2015-08-07 18:00:00,3.52
2015-08-07 19:00:00,1.7866666666666664
2015-08-07 20:00:00,1.7983333333333331
2015-08-07 21:00:00,0.5433333333333333
2015-08-07 22:00:00,1.0833333333333333
2015-08-07 23:00:00,1.365
